customer_id,age,gender,city,region,signup_date
CUST100000,56,Other,Pune,South,2021-10-23
CUST100001,46,Male,Kolkata,West,2023-09-09
CUST100002,32,Female,Mumbai,East,2023-11-23
CUST100003,60,Female,Mumbai,West,2023-07-29
CUST100004,25,Male,Pune,South,2020-07-09
CUST100005,38,Female,Bangalore,North,2022-02-24
CUST100006,56,Other,Chennai,South,2021-08-07
CUST100007,36,Other,Pune,West,2022-08-16
CUST100008,40,Female,Hyderabad,South,2021-05-14
CUST100009,28,Other,Chennai,West,2021-08-02
CUST100010,28,Other,Pune,South,2022-03-26
CUST100011,41,Male,Mumbai,North,2023-12-28
CUST100012,53,Other,Chennai,West,2022-12-22
CUST100013,57,Male,Bangalore,East,2024-01-16
CUST100014,41,Female,Bangalore,East,2024-01-05
CUST100015,20,Male,Kolkata,East,2023-08-23
CUST100016,39,Female,Chennai,East,2022-02-18
CUST100017,19,Female,Kolkata,West,2022-07-31
CUST100018,41,Female,Hyderabad,West,2023-02-23
CUST100019,61,Female,Pune,North,2020-09-21
CUST100020,47,Female,Delhi,South,2020-01-07
CUST100021,55,Male,Hyderabad,West,2023-12-07
CUST100022,19,Female,Bangalore,East,2023-05-14
CUST100023,38,Other,Mumbai,West,2023-04-17
CUST100024,50,Other,Bangalore,East,2024-01-31
CUST100025,29,Female,Delhi,North,2021-11-25
CUST100026,39,Other,Mumbai,South,2022-09-18
CUST100027,61,Male,Chennai,West,2024-01-06
CUST100028,42,Male,Chennai,South,2022-07-06
CUST100029,44,Female,Hyderabad,East,2023-06-05
CUST100030,59,Female,Bangalore,East,2022-01-17
CUST100031,45,Female,Mumbai,South,2020-05-25
CUST100032,33,Other,Pune,North,2023-08-12
CUST100033,32,Other,Mumbai,South,2020-08-28
CUST100034,64,Male,Kolkata,South,2022-05-06
CUST100035,61,Other,Delhi,West,2020-10-13
CUST100036,20,Male,Hyderabad,West,2022-08-09
CUST100037,54,Other,Chennai,East,2020-01-26
CUST100038,24,Male,Bangalore,West,2021-03-27
CUST100039,38,Female,Mumbai,North,2020-04-15
CUST100040,26,Other,Chennai,North,2020-08-27
CUST100041,56,Male,Bangalore,North,2023-12-12
CUST100042,35,Other,Chennai,East,2020-11-27
CUST100043,21,Female,Bangalore,North,2022-06-30
CUST100044,42,Male,Chennai,North,2022-12-01
CUST100045,31,Other,Pune,West,2021-10-06
CUST100046,26,Other,Kolkata,East,2020-02-04
CUST100047,43,Female,Delhi,South,2022-05-25
CUST100048,19,Female,Chennai,North,2023-10-02
CUST100049,37,Male,Delhi,West,2021-01-18
CUST100050,45,Other,Chennai,South,2022-03-21
CUST100051,64,Other,Hyderabad,North,2023-08-04
CUST100052,24,Female,Mumbai,South,2022-01-17
CUST100053,61,Female,Kolkata,South,2022-08-16
CUST100054,25,Male,Hyderabad,East,2022-11-22
CUST100055,64,Other,Pune,East,2020-04-04
CUST100056,52,Other,Kolkata,North,2022-10-16
CUST100057,31,Male,Delhi,North,2020-07-23
CUST100058,34,Male,Mumbai,East,2022-04-13
CUST100059,53,Female,Bangalore,North,2020-01-30
CUST100060,57,Female,Hyderabad,North,2020-09-22
CUST100061,21,Male,Kolkata,East,2020-01-23
CUST100062,19,Male,Pune,South,2021-08-31
CUST100063,23,Other,Hyderabad,North,2020-02-08
CUST100064,59,Male,Mumbai,West,2020-06-21
CUST100065,21,Male,Mumbai,East,2022-01-29
CUST100066,46,Other,Delhi,North,2023-12-07
CUST100067,35,Male,Pune,North,2021-02-17
CUST100068,43,Female,Mumbai,East,2021-11-22
CUST100069,61,Female,Mumbai,West,2021-09-06
CUST100070,51,Other,Bangalore,West,2020-07-27
CUST100071,27,Male,Delhi,East,2020-01-22
CUST100072,53,Female,Delhi,West,2020-01-05
CUST100073,31,Female,Pune,North,2021-10-12
CUST100074,48,Female,Mumbai,West,2020-08-01
CUST100075,32,Female,Bangalore,North,2022-07-08
CUST100076,25,Male,Chennai,South,2022-06-25
CUST100077,31,Male,Kolkata,West,2023-03-08
CUST100078,40,Male,Hyderabad,South,2021-11-02
CUST100079,57,Male,Delhi,East,2021-10-28
CUST100080,38,Female,Bangalore,West,2022-03-10
CUST100081,33,Other,Pune,North,2020-11-12
CUST100082,62,Other,Bangalore,West,2022-03-03
CUST100083,35,Female,Mumbai,East,2021-07-29
CUST100084,64,Female,Kolkata,East,2023-03-25
CUST100085,41,Other,Delhi,North,2023-12-18
CUST100086,43,Other,Chennai,West,2020-03-31
CUST100087,42,Female,Mumbai,South,2022-12-01
CUST100088,62,Female,Delhi,East,2022-01-30
CUST100089,58,Male,Hyderabad,East,2023-08-11
CUST100090,46,Male,Pune,North,2022-02-08
CUST100091,32,Other,Delhi,West,2023-09-22
CUST100092,62,Female,Bangalore,South,2020-01-01
CUST100093,18,Other,Hyderabad,West,2020-04-18
CUST100094,42,Male,Kolkata,West,2022-07-16
CUST100095,24,Male,Chennai,South,2023-02-22
CUST100096,26,Other,Kolkata,North,2022-12-23
CUST100097,41,Male,Bangalore,East,2020-07-24
CUST100098,18,Female,Chennai,North,2023-12-09
CUST100099,61,Other,Chennai,North,2022-04-29
CUST100100,25,Female,Mumbai,West,2023-06-21
CUST100101,41,Female,Chennai,South,2021-08-12
CUST100102,28,Male,Delhi,East,2021-09-14
CUST100103,34,Female,Kolkata,West,2023-05-24
CUST100104,25,Other,Pune,East,2022-08-22
CUST100105,52,Female,Pune,West,2022-08-22
CUST100106,52,Female,Kolkata,South,2021-10-14
CUST100107,50,Female,Mumbai,East,2023-11-04
CUST100108,22,Female,Chennai,East,2020-03-19
CUST100109,59,Female,Bangalore,North,2021-02-18
CUST100110,56,Male,Hyderabad,West,2024-01-16
CUST100111,58,Other,Hyderabad,West,2023-03-18
CUST100112,45,Male,Delhi,West,2021-09-30
CUST100113,24,Other,Mumbai,North,2022-03-01
CUST100114,26,Other,Hyderabad,North,2022-11-27
CUST100115,25,Other,Chennai,East,2023-03-26
CUST100116,29,Other,Pune,West,2020-11-28
CUST100117,51,Other,Bangalore,West,2020-10-14
CUST100118,50,Female,Chennai,East,2023-02-09
CUST100119,40,Male,Mumbai,East,2023-01-19
CUST100120,41,Male,Bangalore,East,2022-12-08
CUST100121,54,Female,Hyderabad,South,2020-06-09
CUST100122,52,Other,Bangalore,South,2023-11-26
CUST100123,61,Male,Bangalore,East,2020-11-15
CUST100124,57,Female,Bangalore,North,2022-07-12
CUST100125,39,Female,Hyderabad,North,2020-12-29
CUST100126,44,Male,Chennai,West,2024-01-05
CUST100127,52,Male,Bangalore,South,2021-04-19
CUST100128,18,Other,Chennai,South,2022-10-19
CUST100129,52,Other,Bangalore,East,2022-02-04
CUST100130,54,Male,Bangalore,East,2021-08-24
CUST100131,64,Other,Mumbai,East,2020-11-07
CUST100132,31,Female,Chennai,East,2021-08-11
CUST100133,20,Other,Pune,East,2023-05-28
CUST100134,18,Other,Chennai,North,2020-12-08
CUST100135,22,Female,Kolkata,North,2022-06-24
CUST100136,43,Other,Hyderabad,East,2023-01-22
CUST100137,31,Female,Pune,North,2023-03-02
CUST100138,56,Other,Mumbai,East,2020-06-20
CUST100139,44,Male,Chennai,East,2021-09-17
CUST100140,26,Other,Mumbai,South,2022-10-29
CUST100141,32,Male,Pune,North,2021-11-12
CUST100142,32,Male,Mumbai,North,2023-09-06
CUST100143,43,Male,Mumbai,South,2023-01-26
CUST100144,59,Male,Delhi,North,2023-04-07
CUST100145,30,Male,Chennai,South,2020-11-06
CUST100146,49,Female,Mumbai,West,2022-07-02
CUST100147,56,Female,Delhi,North,2023-09-28
CUST100148,49,Female,Delhi,East,2021-03-05
CUST100149,21,Male,Bangalore,South,2022-05-07
CUST100150,47,Other,Bangalore,East,2020-10-11
CUST100151,54,Female,Hyderabad,East,2023-07-07
CUST100152,40,Other,Pune,North,2021-05-09
CUST100153,56,Other,Chennai,South,2020-12-20
CUST100154,62,Male,Bangalore,West,2020-08-01
CUST100155,32,Male,Pune,East,2022-03-27
CUST100156,60,Male,Chennai,East,2020-07-18
CUST100157,46,Female,Pune,West,2023-06-13
CUST100158,53,Male,Hyderabad,South,2022-05-02
CUST100159,30,Female,Hyderabad,North,2020-05-15
CUST100160,49,Female,Delhi,East,2022-08-05
CUST100161,24,Female,Delhi,North,2021-09-19
CUST100162,39,Female,Chennai,South,2022-07-05
CUST100163,45,Male,Pune,West,2023-12-16
CUST100164,19,Female,Pune,North,2023-09-26
CUST100165,59,Male,Bangalore,South,2020-12-07
CUST100166,62,Male,Bangalore,North,2021-01-22
CUST100167,23,Female,Chennai,North,2020-01-04
CUST100168,45,Male,Kolkata,East,2021-11-07
CUST100169,45,Other,Bangalore,North,2021-02-02
CUST100170,61,Male,Mumbai,East,2023-12-16
CUST100171,61,Male,Bangalore,South,2021-02-14
CUST100172,37,Female,Kolkata,South,2020-07-31
CUST100173,47,Female,Pune,East,2021-07-13
CUST100174,28,Male,Delhi,West,2021-07-11
CUST100175,45,Female,Delhi,North,2021-07-11
CUST100176,42,Other,Pune,South,2022-12-07
CUST100177,56,Other,Delhi,South,2023-04-25
CUST100178,50,Female,Bangalore,West,2021-05-16
CUST100179,18,Male,Hyderabad,South,2021-10-05
CUST100180,44,Other,Delhi,East,2021-06-14
CUST100181,30,Other,Hyderabad,West,2022-08-10
CUST100182,58,Male,Kolkata,South,2022-02-25
CUST100183,20,Female,Hyderabad,West,2021-04-19
CUST100184,56,Other,Kolkata,West,2020-02-11
CUST100185,23,Male,Bangalore,South,2021-08-26
CUST100186,25,Male,Pune,South,2023-07-08
CUST100187,44,Other,Mumbai,South,2020-02-17
CUST100188,26,Female,Bangalore,West,2021-12-28
CUST100189,54,Other,Delhi,East,2024-01-09
CUST100190,50,Male,Bangalore,East,2020-08-08
CUST100191,59,Other,Kolkata,North,2022-07-28
CUST100192,61,Female,Bangalore,South,2020-12-08
CUST100193,41,Male,Bangalore,East,2023-06-15
CUST100194,32,Female,Mumbai,North,2020-06-03
CUST100195,49,Other,Kolkata,North,2022-07-26
CUST100196,49,Other,Chennai,South,2022-04-20
CUST100197,41,Female,Chennai,North,2022-12-15
CUST100198,58,Other,Kolkata,East,2021-01-21
CUST100199,29,Female,Chennai,North,2022-06-12
CUST100200,56,Other,Delhi,North,2023-08-31
CUST100201,19,Female,Chennai,East,2020-02-07
CUST100202,20,Female,Delhi,North,2023-09-26
CUST100203,54,Male,Kolkata,North,2022-04-30
CUST100204,34,Male,Chennai,West,2021-12-29
CUST100205,19,Female,Chennai,North,2020-08-18
CUST100206,19,Other,Pune,North,2021-03-27
CUST100207,45,Other,Hyderabad,West,2023-09-27
CUST100208,40,Other,Delhi,West,2024-01-16
CUST100209,54,Female,Delhi,West,2020-09-13
CUST100210,49,Female,Bangalore,South,2021-03-09
CUST100211,50,Female,Mumbai,South,2020-07-27
CUST100212,18,Female,Chennai,East,2023-05-09
CUST100213,36,Male,Pune,North,2020-05-16
CUST100214,19,Female,Mumbai,East,2021-07-18
CUST100215,61,Other,Hyderabad,South,2022-05-05
CUST100216,43,Male,Hyderabad,North,2023-11-18
CUST100217,49,Other,Pune,North,2021-12-21
CUST100218,23,Female,Mumbai,West,2022-04-24
CUST100219,49,Male,Chennai,South,2020-02-05
CUST100220,21,Female,Hyderabad,North,2023-05-23
CUST100221,28,Male,Pune,West,2020-01-27
CUST100222,34,Other,Delhi,North,2020-01-18
CUST100223,55,Female,Bangalore,South,2021-09-21
CUST100224,41,Female,Pune,East,2023-03-06
CUST100225,22,Male,Kolkata,East,2021-08-01
CUST100226,51,Male,Hyderabad,North,2022-06-21
CUST100227,23,Female,Hyderabad,West,2022-09-01
CUST100228,39,Male,Chennai,West,2022-11-19
CUST100229,28,Female,Chennai,West,2023-01-01
CUST100230,33,Male,Kolkata,South,2020-05-02
CUST100231,50,Other,Hyderabad,East,2022-08-14
CUST100232,26,Male,Mumbai,East,2022-09-27
CUST100233,23,Other,Bangalore,North,2022-09-13
CUST100234,33,Male,Mumbai,East,2023-06-05
CUST100235,46,Male,Kolkata,West,2020-12-03
CUST100236,20,Female,Kolkata,South,2022-09-17
CUST100237,37,Male,Bangalore,West,2020-09-29
CUST100238,53,Male,Kolkata,West,2023-12-31
CUST100239,36,Other,Kolkata,East,2022-06-20
CUST100240,43,Male,Hyderabad,South,2020-02-08
CUST100241,20,Female,Pune,South,2021-11-12
CUST100242,36,Other,Hyderabad,West,2021-03-01
CUST100243,37,Female,Bangalore,North,2020-11-10
CUST100244,49,Female,Chennai,East,2021-09-05
CUST100245,24,Female,Mumbai,North,2022-01-24
CUST100246,58,Female,Chennai,West,2020-06-05
CUST100247,50,Other,Chennai,East,2022-05-21
CUST100248,57,Male,Pune,North,2022-02-15
CUST100249,56,Female,Mumbai,North,2020-09-13
CUST100250,35,Other,Chennai,North,2022-05-04
CUST100251,57,Female,Bangalore,East,2021-09-26
CUST100252,18,Male,Mumbai,North,2021-03-31
CUST100253,28,Other,Delhi,South,2020-02-16
CUST100254,45,Other,Pune,West,2023-09-17
CUST100255,42,Male,Chennai,East,2020-01-10
CUST100256,40,Other,Kolkata,South,2020-05-23
CUST100257,48,Male,Mumbai,North,2023-12-25
CUST100258,47,Other,Delhi,West,2023-03-21
CUST100259,59,Other,Kolkata,North,2021-05-01
CUST100260,52,Male,Delhi,South,2023-03-05
CUST100261,24,Male,Chennai,North,2022-11-15
CUST100262,33,Other,Kolkata,East,2022-10-27
CUST100263,43,Other,Chennai,South,2021-08-13
CUST100264,19,Male,Kolkata,East,2022-11-04
CUST100265,18,Male,Mumbai,West,2023-12-26
CUST100266,29,Other,Hyderabad,East,2022-06-17
CUST100267,22,Other,Bangalore,East,2023-11-24
CUST100268,54,Other,Hyderabad,North,2020-07-25
CUST100269,49,Male,Bangalore,North,2022-06-28
CUST100270,26,Other,Hyderabad,South,2023-05-24
CUST100271,58,Female,Delhi,West,2024-01-22
CUST100272,52,Male,Pune,South,2020-09-15
CUST100273,36,Other,Kolkata,West,2023-09-14
CUST100274,33,Male,Chennai,West,2021-03-29
CUST100275,20,Female,Pune,East,2022-03-09
CUST100276,37,Male,Mumbai,North,2021-01-09
CUST100277,41,Other,Mumbai,West,2021-04-08
CUST100278,50,Female,Mumbai,North,2020-03-15
CUST100279,41,Female,Bangalore,West,2020-08-29
CUST100280,28,Other,Chennai,North,2022-11-06
CUST100281,25,Other,Mumbai,South,2023-07-06
CUST100282,53,Other,Mumbai,North,2020-05-02
CUST100283,55,Male,Hyderabad,East,2023-08-27
CUST100284,57,Male,Delhi,West,2020-04-20
CUST100285,37,Male,Kolkata,East,2023-07-03
CUST100286,52,Other,Kolkata,West,2020-08-21
CUST100287,42,Other,Kolkata,East,2022-08-25
CUST100288,52,Male,Pune,West,2021-05-11
CUST100289,42,Female,Hyderabad,North,2022-11-29
CUST100290,46,Male,Hyderabad,West,2023-02-19
CUST100291,35,Female,Delhi,East,2024-01-13
CUST100292,63,Other,Bangalore,East,2021-12-27
CUST100293,35,Other,Pune,West,2020-04-01
CUST100294,19,Male,Delhi,West,2023-10-16
CUST100295,52,Male,Mumbai,South,2023-02-20
CUST100296,33,Other,Chennai,South,2020-12-02
CUST100297,58,Male,Pune,North,2021-05-27
CUST100298,53,Other,Pune,North,2021-08-25
CUST100299,50,Other,Mumbai,North,2021-03-03
CUST100300,21,Female,Mumbai,North,2023-12-27
CUST100301,50,Male,Chennai,North,2020-01-07
CUST100302,31,Other,Kolkata,West,2020-04-29
CUST100303,38,Male,Pune,South,2021-01-21
CUST100304,37,Female,Delhi,West,2023-10-05
CUST100305,25,Female,Bangalore,South,2021-10-02
CUST100306,24,Male,Mumbai,South,2023-01-26
CUST100307,20,Male,Mumbai,East,2022-12-02
CUST100308,34,Other,Bangalore,East,2020-07-01
CUST100309,50,Female,Delhi,South,2021-11-27
CUST100310,29,Female,Mumbai,West,2021-07-18
CUST100311,39,Female,Bangalore,South,2023-06-12
CUST100312,39,Male,Hyderabad,North,2021-03-21
CUST100313,63,Other,Mumbai,West,2020-07-18
CUST100314,47,Male,Kolkata,West,2022-08-05
CUST100315,55,Male,Kolkata,South,2021-05-27
CUST100316,55,Male,Mumbai,North,2022-09-16
CUST100317,62,Other,Hyderabad,South,2020-07-31
CUST100318,25,Male,Mumbai,North,2023-11-02
CUST100319,44,Female,Kolkata,West,2021-06-29
CUST100320,44,Female,Hyderabad,South,2021-04-30
CUST100321,51,Female,Mumbai,North,2023-10-16
CUST100322,38,Other,Hyderabad,East,2020-06-16
CUST100323,47,Male,Delhi,West,2022-06-08
CUST100324,50,Other,Delhi,West,2022-07-19
CUST100325,45,Male,Chennai,East,2023-11-28
CUST100326,64,Female,Delhi,North,2022-04-07
CUST100327,50,Male,Pune,West,2020-05-16
CUST100328,22,Male,Hyderabad,North,2023-06-10
CUST100329,36,Male,Pune,East,2020-04-24
CUST100330,21,Other,Pune,South,2023-06-29
CUST100331,52,Male,Mumbai,West,2023-08-05
CUST100332,34,Male,Mumbai,West,2022-12-08
CUST100333,61,Male,Bangalore,North,2024-01-15
CUST100334,45,Other,Hyderabad,West,2021-05-30
CUST100335,47,Other,Pune,South,2021-11-18
CUST100336,46,Other,Pune,East,2022-10-16
CUST100337,63,Male,Delhi,West,2023-07-19
CUST100338,23,Female,Kolkata,East,2023-12-25
CUST100339,52,Female,Hyderabad,North,2022-11-15
CUST100340,58,Female,Kolkata,South,2022-12-29
CUST100341,54,Male,Hyderabad,West,2020-10-19
CUST100342,41,Female,Hyderabad,East,2023-11-30
CUST100343,46,Female,Chennai,South,2023-06-11
CUST100344,63,Female,Bangalore,East,2020-08-18
CUST100345,48,Male,Kolkata,North,2023-07-10
CUST100346,52,Female,Chennai,South,2022-07-26
CUST100347,50,Female,Delhi,South,2023-02-18
CUST100348,38,Male,Bangalore,North,2024-01-26
CUST100349,49,Other,Bangalore,North,2021-06-01
CUST100350,40,Female,Pune,West,2022-11-13
CUST100351,50,Other,Hyderabad,North,2021-12-06
CUST100352,20,Female,Hyderabad,North,2021-01-11
CUST100353,35,Male,Mumbai,East,2021-03-12
CUST100354,42,Other,Hyderabad,South,2022-05-02
CUST100355,59,Other,Hyderabad,East,2022-08-27
CUST100356,48,Other,Hyderabad,North,2021-05-13
CUST100357,20,Other,Pune,West,2023-04-12
CUST100358,57,Female,Delhi,East,2021-08-22
CUST100359,63,Female,Hyderabad,East,2022-02-16
CUST100360,41,Other,Pune,South,2023-08-26
CUST100361,49,Female,Bangalore,South,2020-03-10
CUST100362,64,Other,Pune,South,2020-07-23
CUST100363,39,Other,Hyderabad,West,2020-12-06
CUST100364,40,Male,Chennai,West,2022-11-21
CUST100365,19,Other,Pune,North,2022-12-02
CUST100366,44,Female,Kolkata,North,2020-04-27
CUST100367,59,Other,Delhi,South,2022-06-07
CUST100368,19,Male,Delhi,East,2020-01-15
CUST100369,43,Female,Bangalore,South,2023-09-07
CUST100370,34,Male,Pune,North,2022-06-29
CUST100371,57,Male,Bangalore,East,2021-09-18
CUST100372,50,Other,Bangalore,North,2023-09-22
CUST100373,26,Male,Chennai,West,2021-11-20
CUST100374,60,Male,Mumbai,South,2022-02-12
CUST100375,56,Female,Bangalore,South,2023-11-05
CUST100376,46,Male,Mumbai,East,2022-07-01
CUST100377,59,Other,Mumbai,South,2020-04-29
CUST100378,43,Other,Delhi,North,2020-01-26
CUST100379,52,Other,Kolkata,North,2020-03-04
CUST100380,42,Male,Kolkata,West,2021-04-04
CUST100381,41,Female,Pune,North,2020-11-09
CUST100382,30,Other,Chennai,East,2022-03-15
CUST100383,24,Male,Chennai,North,2023-05-24
CUST100384,53,Other,Kolkata,West,2024-01-19
CUST100385,62,Other,Pune,West,2022-09-12
CUST100386,37,Female,Hyderabad,South,2022-01-05
CUST100387,18,Other,Kolkata,East,2022-06-07
CUST100388,25,Female,Pune,North,2022-09-08
CUST100389,63,Male,Pune,West,2021-08-01
CUST100390,33,Other,Pune,North,2024-02-05
CUST100391,31,Male,Pune,West,2023-10-14
CUST100392,29,Male,Delhi,South,2023-02-23
CUST100393,40,Male,Delhi,West,2022-08-29
CUST100394,32,Other,Kolkata,South,2022-05-10
CUST100395,45,Female,Pune,East,2021-12-07
CUST100396,51,Other,Bangalore,North,2023-01-15
CUST100397,19,Male,Pune,North,2023-09-28
CUST100398,49,Female,Bangalore,South,2021-01-29
CUST100399,40,Male,Delhi,East,2021-04-28
CUST100400,39,Female,Pune,South,2021-10-27
CUST100401,42,Other,Mumbai,West,2021-03-31
CUST100402,39,Female,Kolkata,South,2024-02-08
CUST100403,39,Other,Pune,East,2020-07-28
CUST100404,59,Male,Chennai,West,2021-06-08
CUST100405,23,Female,Bangalore,North,2021-11-06
CUST100406,32,Male,Hyderabad,North,2022-09-28
CUST100407,60,Female,Hyderabad,North,2022-06-14
CUST100408,54,Other,Pune,East,2022-09-30
CUST100409,50,Female,Mumbai,East,2020-11-02
CUST100410,25,Female,Bangalore,East,2023-01-04
CUST100411,61,Other,Mumbai,East,2022-11-11
CUST100412,61,Other,Hyderabad,East,2020-02-29
CUST100413,22,Other,Kolkata,West,2021-01-20
CUST100414,56,Female,Hyderabad,South,2020-02-25
CUST100415,21,Male,Kolkata,North,2020-06-16
CUST100416,23,Female,Kolkata,East,2023-12-06
CUST100417,62,Female,Delhi,North,2021-12-17
CUST100418,49,Male,Hyderabad,East,2022-05-14
CUST100419,47,Other,Hyderabad,North,2023-04-29
CUST100420,64,Female,Mumbai,South,2021-04-26
CUST100421,52,Male,Pune,North,2023-12-10
CUST100422,57,Other,Chennai,North,2020-12-05
CUST100423,33,Other,Chennai,East,2022-03-06
CUST100424,30,Female,Kolkata,West,2022-06-10
CUST100425,59,Other,Chennai,West,2022-02-14
CUST100426,47,Other,Bangalore,North,2023-07-06
CUST100427,36,Male,Mumbai,West,2023-10-05
CUST100428,34,Male,Mumbai,South,2021-08-23
CUST100429,36,Other,Mumbai,South,2021-03-12
CUST100430,45,Male,Bangalore,West,2023-05-30
CUST100431,43,Other,Pune,West,2023-12-07
CUST100432,54,Female,Delhi,South,2023-10-05
CUST100433,43,Male,Bangalore,West,2022-12-18
CUST100434,40,Other,Mumbai,West,2020-05-31
CUST100435,26,Other,Mumbai,East,2022-07-22
CUST100436,29,Male,Hyderabad,East,2021-06-23
CUST100437,18,Male,Mumbai,West,2020-08-12
CUST100438,18,Female,Pune,West,2023-09-03
CUST100439,64,Other,Chennai,East,2021-07-16
CUST100440,51,Female,Delhi,East,2023-07-26
CUST100441,49,Female,Bangalore,West,2021-07-11
CUST100442,42,Female,Mumbai,East,2024-02-06
CUST100443,57,Male,Hyderabad,South,2021-09-09
CUST100444,62,Female,Hyderabad,North,2020-01-24
CUST100445,18,Male,Kolkata,South,2021-01-02
CUST100446,33,Male,Delhi,East,2022-09-25
CUST100447,56,Female,Hyderabad,South,2020-11-30
CUST100448,22,Female,Kolkata,North,2023-12-27
CUST100449,39,Other,Delhi,East,2020-01-03
CUST100450,46,Female,Mumbai,South,2022-10-04
CUST100451,20,Other,Delhi,South,2023-07-05
CUST100452,29,Female,Delhi,North,2020-09-19
CUST100453,43,Female,Mumbai,East,2020-04-30
CUST100454,33,Female,Pune,West,2020-01-21
CUST100455,54,Female,Hyderabad,East,2022-06-23
CUST100456,39,Other,Kolkata,North,2020-05-19
CUST100457,46,Other,Pune,North,2023-08-05
CUST100458,31,Female,Kolkata,North,2020-07-24
CUST100459,45,Female,Chennai,North,2020-02-12
CUST100460,22,Other,Hyderabad,West,2022-04-29
CUST100461,64,Male,Kolkata,East,2023-02-15
CUST100462,47,Male,Kolkata,East,2022-10-25
CUST100463,63,Male,Delhi,South,2020-07-25
CUST100464,22,Other,Chennai,West,2021-09-26
CUST100465,29,Other,Mumbai,West,2020-12-10
CUST100466,33,Male,Mumbai,South,2023-03-11
CUST100467,43,Male,Bangalore,South,2021-01-06
CUST100468,43,Female,Chennai,East,2023-06-09
CUST100469,38,Other,Delhi,East,2023-04-02
CUST100470,56,Other,Bangalore,East,2021-06-30
CUST100471,53,Male,Bangalore,West,2023-10-19
CUST100472,50,Male,Mumbai,West,2022-09-10
CUST100473,47,Other,Kolkata,South,2020-11-30
CUST100474,54,Female,Delhi,North,2020-01-11
CUST100475,40,Male,Chennai,North,2023-12-02
CUST100476,27,Other,Bangalore,North,2020-03-15
CUST100477,22,Other,Delhi,North,2023-08-16
CUST100478,53,Female,Mumbai,North,2022-08-04
CUST100479,51,Female,Bangalore,East,2022-07-01
CUST100480,48,Male,Bangalore,South,2023-11-05
CUST100481,27,Male,Pune,North,2021-12-10
CUST100482,36,Male,Mumbai,North,2022-05-02
CUST100483,49,Other,Pune,North,2022-02-14
CUST100484,18,Male,Mumbai,East,2022-06-04
CUST100485,22,Other,Mumbai,North,2022-01-05
CUST100486,62,Male,Pune,South,2021-09-25
CUST100487,21,Female,Hyderabad,East,2022-11-17
CUST100488,33,Female,Delhi,East,2024-01-26
CUST100489,41,Other,Delhi,West,2021-01-30
CUST100490,33,Female,Hyderabad,West,2021-11-13
CUST100491,19,Other,Delhi,East,2023-10-31
CUST100492,45,Other,Kolkata,North,2021-02-24
CUST100493,49,Female,Bangalore,North,2020-12-29
CUST100494,44,Other,Delhi,North,2023-05-24
CUST100495,37,Female,Kolkata,North,2023-01-29
CUST100496,41,Male,Bangalore,West,2020-04-02
CUST100497,29,Male,Delhi,South,2020-09-22
CUST100498,52,Female,Mumbai,East,2020-07-24
CUST100499,50,Female,Hyderabad,North,2023-01-08
CUST100500,50,Female,Chennai,West,2020-02-06
CUST100501,60,Female,Delhi,South,2022-10-31
CUST100502,54,Male,Chennai,East,2023-01-18
CUST100503,29,Other,Delhi,East,2022-01-13
CUST100504,20,Other,Mumbai,East,2020-01-19
CUST100505,18,Male,Hyderabad,North,2021-01-08
CUST100506,50,Other,Hyderabad,East,2020-04-03
CUST100507,57,Male,Chennai,North,2020-02-01
CUST100508,27,Other,Kolkata,South,2020-05-19
CUST100509,60,Female,Mumbai,West,2022-08-30
CUST100510,61,Female,Chennai,West,2022-11-10
CUST100511,46,Female,Chennai,West,2023-03-18
CUST100512,30,Male,Pune,East,2023-05-29
CUST100513,29,Male,Pune,West,2022-01-02
CUST100514,48,Other,Mumbai,South,2022-01-23
CUST100515,63,Other,Mumbai,North,2023-05-27
CUST100516,19,Other,Mumbai,West,2020-02-27
CUST100517,52,Male,Bangalore,North,2023-12-19
CUST100518,40,Other,Kolkata,North,2023-07-22
CUST100519,34,Female,Delhi,West,2020-05-19
CUST100520,43,Other,Pune,West,2022-11-12
CUST100521,25,Female,Hyderabad,West,2022-06-19
CUST100522,46,Male,Hyderabad,East,2021-01-12
CUST100523,43,Female,Chennai,West,2022-07-10
CUST100524,27,Female,Pune,East,2021-01-07
CUST100525,43,Female,Delhi,South,2022-12-22
CUST100526,51,Male,Mumbai,North,2022-02-16
CUST100527,58,Male,Hyderabad,South,2023-09-27
CUST100528,24,Male,Pune,West,2020-06-15
CUST100529,21,Male,Kolkata,North,2023-03-20
CUST100530,62,Other,Kolkata,West,2021-06-06
CUST100531,28,Male,Bangalore,West,2021-08-06
CUST100532,46,Female,Pune,North,2021-05-15
CUST100533,53,Male,Mumbai,South,2022-06-14
CUST100534,42,Other,Chennai,West,2022-09-25
CUST100535,38,Other,Bangalore,North,2021-07-13
CUST100536,53,Other,Mumbai,South,2023-10-03
CUST100537,27,Female,Bangalore,East,2023-07-19
CUST100538,54,Male,Pune,South,2023-12-24
CUST100539,26,Male,Delhi,South,2022-10-08
CUST100540,41,Male,Hyderabad,North,2020-08-20
CUST100541,52,Female,Pune,South,2021-07-13
CUST100542,52,Female,Mumbai,East,2023-05-16
CUST100543,53,Other,Chennai,East,2024-01-16
CUST100544,35,Other,Chennai,West,2022-07-09
CUST100545,56,Male,Mumbai,East,2022-05-10
CUST100546,49,Female,Bangalore,West,2023-05-27
CUST100547,41,Female,Kolkata,East,2022-05-21
CUST100548,40,Male,Mumbai,South,2020-03-21
CUST100549,49,Male,Hyderabad,West,2021-09-05
CUST100550,54,Other,Pune,East,2021-12-03
CUST100551,29,Other,Chennai,South,2021-06-24
CUST100552,30,Other,Delhi,South,2022-02-03
CUST100553,40,Male,Chennai,West,2023-06-28
CUST100554,42,Male,Kolkata,North,2022-01-07
CUST100555,52,Other,Chennai,South,2021-08-28
CUST100556,58,Other,Kolkata,South,2023-12-09
CUST100557,47,Female,Hyderabad,North,2023-01-14
CUST100558,34,Female,Mumbai,West,2021-09-13
CUST100559,37,Other,Chennai,East,2023-05-25
CUST100560,42,Other,Bangalore,East,2022-10-18
CUST100561,39,Female,Pune,South,2020-07-14
CUST100562,30,Other,Bangalore,North,2022-09-21
CUST100563,36,Female,Pune,South,2023-08-13
CUST100564,53,Female,Chennai,West,2022-08-03
CUST100565,29,Female,Hyderabad,South,2020-02-13
CUST100566,58,Male,Chennai,East,2021-01-27
CUST100567,36,Male,Pune,North,2024-01-06
CUST100568,29,Other,Hyderabad,West,2023-01-18
CUST100569,26,Female,Delhi,South,2020-06-03
CUST100570,24,Male,Hyderabad,East,2022-09-04
CUST100571,45,Other,Chennai,South,2020-02-28
CUST100572,31,Other,Delhi,East,2020-04-19
CUST100573,48,Other,Delhi,North,2021-04-23
CUST100574,36,Other,Pune,West,2021-09-09
CUST100575,64,Other,Delhi,South,2022-02-22
CUST100576,33,Female,Delhi,West,2022-12-08
CUST100577,22,Other,Mumbai,North,2023-11-01
CUST100578,52,Female,Hyderabad,East,2022-11-21
CUST100579,29,Male,Bangalore,North,2021-08-23
CUST100580,42,Other,Delhi,North,2022-07-28
CUST100581,38,Male,Bangalore,West,2022-09-18
CUST100582,53,Female,Delhi,North,2021-06-14
CUST100583,40,Female,Bangalore,South,2022-10-23
CUST100584,33,Male,Chennai,East,2021-01-12
CUST100585,56,Other,Chennai,North,2021-07-25
CUST100586,62,Other,Bangalore,South,2023-06-19
CUST100587,59,Male,Hyderabad,East,2021-08-09
CUST100588,56,Male,Delhi,West,2020-12-22
CUST100589,31,Male,Mumbai,East,2021-11-15
CUST100590,48,Other,Hyderabad,West,2023-05-05
CUST100591,22,Other,Bangalore,East,2022-05-07
CUST100592,52,Other,Hyderabad,North,2023-12-13
CUST100593,40,Male,Kolkata,West,2021-10-20
CUST100594,46,Other,Mumbai,West,2023-07-20
CUST100595,60,Female,Kolkata,West,2020-02-04
CUST100596,28,Male,Bangalore,North,2022-10-03
CUST100597,35,Other,Delhi,North,2021-04-05
CUST100598,64,Male,Hyderabad,East,2021-12-18
CUST100599,29,Female,Hyderabad,East,2023-06-30
CUST100600,26,Female,Kolkata,North,2021-05-26
CUST100601,27,Male,Hyderabad,North,2022-12-07
CUST100602,61,Male,Bangalore,West,2023-04-23
CUST100603,34,Female,Mumbai,East,2021-05-05
CUST100604,55,Male,Delhi,East,2020-09-29
CUST100605,24,Female,Kolkata,West,2022-10-09
CUST100606,63,Female,Hyderabad,West,2021-06-10
CUST100607,30,Other,Bangalore,West,2023-02-25
CUST100608,57,Male,Delhi,South,2020-07-28
CUST100609,59,Male,Delhi,South,2021-09-15
CUST100610,26,Other,Chennai,North,2023-03-11
CUST100611,44,Female,Delhi,East,2020-06-21
CUST100612,19,Male,Bangalore,West,2021-03-22
CUST100613,22,Other,Mumbai,West,2023-02-16
CUST100614,46,Other,Pune,East,2020-01-11
CUST100615,54,Male,Chennai,South,2022-01-30
CUST100616,55,Other,Bangalore,East,2023-08-20
CUST100617,36,Female,Bangalore,North,2023-03-23
CUST100618,25,Other,Bangalore,South,2020-11-18
CUST100619,62,Female,Kolkata,East,2022-09-03
CUST100620,18,Female,Hyderabad,East,2021-03-20
CUST100621,39,Male,Kolkata,North,2020-12-07
CUST100622,34,Other,Mumbai,East,2020-08-08
CUST100623,24,Female,Bangalore,South,2020-04-19
CUST100624,42,Female,Hyderabad,West,2021-02-13
CUST100625,62,Other,Kolkata,West,2023-12-12
CUST100626,21,Female,Kolkata,West,2021-05-19
CUST100627,53,Other,Kolkata,South,2020-02-09
CUST100628,23,Male,Mumbai,East,2024-01-22
CUST100629,48,Female,Mumbai,East,2020-09-19
CUST100630,36,Female,Bangalore,East,2023-02-15
CUST100631,61,Other,Chennai,East,2024-01-13
CUST100632,56,Other,Bangalore,West,2023-12-08
CUST100633,44,Other,Kolkata,South,2021-12-08
CUST100634,27,Other,Pune,North,2022-04-02
CUST100635,43,Female,Hyderabad,South,2021-04-05
CUST100636,36,Male,Kolkata,East,2023-02-15
CUST100637,56,Male,Delhi,East,2020-08-04
CUST100638,20,Male,Pune,South,2020-03-17
CUST100639,62,Male,Pune,South,2023-12-15
CUST100640,30,Other,Hyderabad,West,2022-06-10
CUST100641,45,Female,Bangalore,East,2023-04-10
CUST100642,37,Female,Kolkata,South,2021-01-24
CUST100643,45,Female,Kolkata,East,2022-11-15
CUST100644,25,Other,Chennai,South,2023-02-25
CUST100645,58,Female,Delhi,East,2021-01-08
CUST100646,56,Other,Bangalore,South,2021-10-15
CUST100647,18,Female,Mumbai,East,2022-06-22
CUST100648,20,Male,Bangalore,North,2022-11-13
CUST100649,30,Other,Pune,West,2024-02-02
CUST100650,45,Female,Bangalore,North,2022-01-13
CUST100651,42,Male,Chennai,West,2021-02-26
CUST100652,50,Male,Bangalore,West,2023-04-15
CUST100653,55,Male,Chennai,South,2022-05-02
CUST100654,23,Other,Pune,North,2022-04-10
CUST100655,61,Other,Chennai,West,2023-07-13
CUST100656,62,Female,Hyderabad,East,2022-08-30
CUST100657,49,Male,Hyderabad,South,2021-09-20
CUST100658,62,Female,Kolkata,South,2021-07-23
CUST100659,64,Female,Mumbai,East,2023-07-17
CUST100660,38,Male,Pune,East,2023-09-14
CUST100661,33,Female,Chennai,West,2024-01-18
CUST100662,38,Other,Delhi,East,2023-08-11
CUST100663,28,Female,Pune,South,2020-05-01
CUST100664,54,Male,Delhi,East,2020-06-07
CUST100665,53,Other,Mumbai,North,2023-04-16
CUST100666,52,Other,Chennai,South,2023-09-13
CUST100667,36,Female,Pune,East,2020-11-02
CUST100668,37,Female,Pune,South,2023-01-17
CUST100669,35,Other,Mumbai,West,2022-01-20
CUST100670,64,Female,Kolkata,North,2022-11-27
CUST100671,58,Male,Delhi,West,2021-08-13
CUST100672,31,Female,Pune,North,2020-12-11
CUST100673,32,Female,Bangalore,East,2023-06-29
CUST100674,48,Other,Delhi,South,2020-05-28
CUST100675,18,Female,Chennai,East,2022-11-05
CUST100676,20,Female,Mumbai,West,2023-10-22
CUST100677,33,Female,Delhi,South,2022-04-14
CUST100678,40,Male,Bangalore,East,2022-02-19
CUST100679,28,Female,Hyderabad,East,2020-04-27
CUST100680,29,Male,Bangalore,South,2021-12-04
CUST100681,27,Male,Mumbai,South,2020-11-12
CUST100682,49,Male,Mumbai,West,2020-10-14
CUST100683,33,Male,Hyderabad,North,2022-06-26
CUST100684,25,Other,Delhi,North,2023-10-06
CUST100685,55,Male,Chennai,South,2020-10-23
CUST100686,29,Female,Kolkata,North,2023-05-02
CUST100687,41,Male,Bangalore,West,2023-11-16
CUST100688,45,Female,Mumbai,North,2021-03-18
CUST100689,25,Male,Kolkata,South,2023-07-28
CUST100690,45,Other,Kolkata,West,2022-06-19
CUST100691,53,Male,Kolkata,South,2020-10-27
CUST100692,43,Male,Chennai,West,2022-06-16
CUST100693,25,Other,Mumbai,West,2021-03-01
CUST100694,45,Male,Bangalore,South,2020-09-06
CUST100695,45,Female,Mumbai,East,2021-11-16
CUST100696,54,Male,Delhi,South,2022-01-21
CUST100697,58,Male,Bangalore,West,2022-09-24
CUST100698,53,Male,Mumbai,South,2021-02-09
CUST100699,44,Other,Bangalore,South,2022-03-11
CUST100700,34,Male,Delhi,West,2020-08-31
CUST100701,26,Male,Pune,North,2021-01-01
CUST100702,50,Female,Bangalore,West,2020-04-29
CUST100703,37,Male,Pune,South,2022-04-29
CUST100704,30,Male,Kolkata,West,2024-01-03
CUST100705,45,Male,Hyderabad,West,2021-03-08
CUST100706,46,Male,Chennai,North,2020-07-01
CUST100707,30,Female,Delhi,East,2024-01-24
CUST100708,63,Female,Bangalore,South,2022-01-28
CUST100709,52,Other,Delhi,South,2023-02-15
CUST100710,23,Male,Kolkata,North,2020-01-31
CUST100711,35,Other,Pune,West,2022-09-03
CUST100712,22,Other,Chennai,East,2023-03-18
CUST100713,64,Male,Delhi,South,2021-06-11
CUST100714,42,Female,Pune,East,2023-07-20
CUST100715,19,Female,Kolkata,East,2022-05-13
CUST100716,27,Male,Kolkata,West,2023-11-09
CUST100717,47,Male,Kolkata,West,2020-04-11
CUST100718,62,Female,Hyderabad,West,2022-12-31
CUST100719,22,Male,Pune,South,2021-09-14
CUST100720,50,Male,Bangalore,East,2022-03-15
CUST100721,18,Male,Mumbai,East,2021-02-11
CUST100722,35,Female,Delhi,South,2023-10-02
CUST100723,49,Other,Hyderabad,North,2023-10-22
CUST100724,64,Other,Mumbai,West,2022-04-09
CUST100725,28,Male,Kolkata,South,2022-02-27
CUST100726,38,Female,Mumbai,West,2021-09-09
CUST100727,43,Male,Pune,East,2021-07-02
CUST100728,42,Female,Kolkata,South,2020-10-17
CUST100729,39,Male,Hyderabad,North,2021-02-25
CUST100730,44,Female,Kolkata,West,2020-06-29
CUST100731,30,Female,Chennai,East,2021-10-16
CUST100732,50,Other,Chennai,East,2020-04-23
CUST100733,51,Male,Hyderabad,North,2023-06-15
CUST100734,58,Other,Pune,North,2023-01-22
CUST100735,52,Other,Pune,West,2020-09-16
CUST100736,18,Female,Mumbai,East,2023-02-04
CUST100737,38,Male,Hyderabad,North,2020-08-31
CUST100738,23,Female,Delhi,South,2021-02-26
CUST100739,45,Female,Hyderabad,North,2020-11-30
CUST100740,34,Female,Mumbai,South,2022-11-12
CUST100741,22,Male,Pune,East,2020-09-27
CUST100742,48,Male,Delhi,West,2023-03-09
CUST100743,22,Female,Hyderabad,East,2024-01-29
CUST100744,55,Male,Mumbai,East,2021-03-29
CUST100745,20,Female,Bangalore,East,2023-11-08
CUST100746,40,Male,Bangalore,East,2021-08-16
CUST100747,54,Male,Delhi,West,2023-11-01
CUST100748,54,Other,Chennai,North,2022-10-06
CUST100749,27,Female,Delhi,West,2024-01-01
CUST100750,27,Other,Mumbai,West,2022-05-05
CUST100751,36,Other,Kolkata,West,2023-12-16
CUST100752,34,Female,Bangalore,West,2023-03-25
CUST100753,38,Female,Kolkata,North,2023-09-20
CUST100754,31,Male,Bangalore,East,2020-05-11
CUST100755,26,Female,Mumbai,North,2022-02-06
CUST100756,63,Other,Bangalore,North,2021-05-15
CUST100757,18,Other,Delhi,East,2023-03-09
CUST100758,62,Female,Kolkata,North,2020-05-14
CUST100759,30,Other,Pune,West,2022-02-05
CUST100760,21,Male,Kolkata,West,2022-03-22
CUST100761,18,Other,Mumbai,East,2023-12-01
CUST100762,57,Male,Pune,East,2022-02-08
CUST100763,49,Other,Kolkata,East,2020-04-03
CUST100764,51,Male,Hyderabad,West,2023-06-18
CUST100765,45,Male,Mumbai,East,2020-06-13
CUST100766,48,Female,Hyderabad,North,2020-11-20
CUST100767,25,Male,Chennai,North,2023-05-26
CUST100768,56,Female,Delhi,South,2022-07-28
CUST100769,43,Other,Bangalore,South,2021-09-11
CUST100770,51,Other,Hyderabad,East,2020-08-18
CUST100771,20,Other,Bangalore,South,2021-08-04
CUST100772,29,Male,Bangalore,West,2022-01-02
CUST100773,18,Other,Chennai,West,2023-04-17
CUST100774,61,Other,Delhi,North,2023-01-08
CUST100775,22,Female,Kolkata,North,2023-10-09
CUST100776,47,Female,Hyderabad,South,2021-11-01
CUST100777,47,Other,Kolkata,South,2023-03-30
CUST100778,34,Other,Delhi,West,2023-12-21
CUST100779,64,Male,Pune,North,2021-02-06
CUST100780,40,Male,Delhi,South,2022-11-21
CUST100781,32,Other,Bangalore,West,2020-04-30
CUST100782,54,Female,Kolkata,North,2021-12-27
CUST100783,38,Other,Delhi,West,2021-01-19
CUST100784,31,Male,Kolkata,West,2023-12-19
CUST100785,19,Female,Delhi,North,2021-04-20
CUST100786,28,Female,Mumbai,West,2021-07-13
CUST100787,56,Male,Hyderabad,South,2023-04-05
CUST100788,55,Other,Bangalore,West,2021-01-23
CUST100789,51,Other,Delhi,South,2023-09-18
CUST100790,55,Other,Chennai,East,2022-02-28
CUST100791,51,Male,Delhi,East,2022-01-22
CUST100792,35,Female,Mumbai,East,2024-02-03
CUST100793,47,Male,Chennai,West,2021-12-04
CUST100794,32,Other,Chennai,East,2020-02-22
CUST100795,44,Male,Delhi,East,2021-07-20
CUST100796,51,Female,Mumbai,West,2022-03-31
CUST100797,55,Male,Chennai,North,2022-11-10
CUST100798,50,Other,Hyderabad,West,2022-11-08
CUST100799,41,Female,Bangalore,South,2022-05-11
CUST100800,32,Male,Pune,West,2024-01-19
CUST100801,47,Male,Bangalore,North,2020-11-17
CUST100802,59,Female,Kolkata,East,2022-04-06
CUST100803,34,Female,Kolkata,West,2021-03-08
CUST100804,22,Other,Mumbai,East,2022-12-18
CUST100805,46,Female,Chennai,South,2023-03-20
CUST100806,21,Other,Bangalore,North,2024-01-03
CUST100807,27,Male,Bangalore,East,2020-02-27
CUST100808,34,Other,Pune,East,2022-10-14
CUST100809,27,Male,Mumbai,East,2022-01-20
CUST100810,34,Female,Hyderabad,East,2023-08-09
CUST100811,37,Male,Chennai,West,2020-06-30
CUST100812,41,Female,Mumbai,North,2021-08-29
CUST100813,22,Male,Delhi,North,2023-01-06
CUST100814,51,Male,Bangalore,East,2022-08-18
CUST100815,23,Male,Mumbai,North,2020-04-14
CUST100816,19,Male,Mumbai,East,2023-07-08
CUST100817,30,Other,Pune,South,2021-08-29
CUST100818,60,Male,Hyderabad,South,2023-05-31
CUST100819,60,Other,Delhi,South,2022-09-16
CUST100820,28,Female,Kolkata,North,2021-04-28
CUST100821,64,Female,Bangalore,East,2020-05-08
CUST100822,40,Other,Pune,West,2020-11-14
CUST100823,33,Female,Hyderabad,West,2021-12-07
CUST100824,48,Female,Hyderabad,South,2021-05-23
CUST100825,28,Male,Mumbai,South,2020-01-20
CUST100826,33,Male,Bangalore,North,2022-01-21
CUST100827,25,Male,Kolkata,West,2020-08-22
CUST100828,21,Other,Hyderabad,North,2021-08-28
CUST100829,57,Other,Mumbai,South,2021-07-07
CUST100830,21,Female,Hyderabad,East,2023-10-05
CUST100831,42,Male,Delhi,East,2021-03-28
CUST100832,20,Other,Hyderabad,East,2021-08-08
CUST100833,49,Other,Bangalore,South,2022-09-10
CUST100834,20,Male,Hyderabad,North,2021-02-26
CUST100835,44,Other,Hyderabad,East,2023-04-28
CUST100836,46,Male,Pune,West,2023-02-22
CUST100837,49,Female,Delhi,West,2020-01-06
CUST100838,36,Female,Kolkata,South,2021-04-02
CUST100839,38,Female,Kolkata,West,2021-07-07
CUST100840,22,Male,Bangalore,West,2021-06-05
CUST100841,35,Other,Kolkata,South,2023-01-17
CUST100842,45,Female,Chennai,North,2022-04-25
CUST100843,59,Female,Pune,East,2023-02-08
CUST100844,39,Female,Bangalore,South,2021-07-04
CUST100845,38,Other,Hyderabad,West,2023-11-21
CUST100846,23,Other,Chennai,East,2020-01-11
CUST100847,18,Male,Kolkata,East,2021-05-11
CUST100848,22,Female,Hyderabad,East,2022-11-05
CUST100849,58,Other,Bangalore,South,2022-11-22
CUST100850,29,Male,Chennai,East,2022-01-14
CUST100851,43,Female,Kolkata,North,2021-05-03
CUST100852,63,Other,Mumbai,West,2023-04-26
CUST100853,51,Other,Mumbai,South,2022-01-05
CUST100854,31,Male,Delhi,South,2021-04-02
CUST100855,43,Female,Mumbai,East,2022-12-10
CUST100856,62,Female,Chennai,West,2023-07-18
CUST100857,44,Other,Pune,East,2021-04-08
CUST100858,26,Female,Mumbai,East,2020-02-12
CUST100859,43,Male,Bangalore,South,2021-06-22
CUST100860,64,Other,Bangalore,North,2021-07-21
CUST100861,39,Other,Bangalore,West,2020-04-30
CUST100862,64,Male,Mumbai,West,2021-09-16
CUST100863,47,Other,Hyderabad,West,2020-11-11
CUST100864,60,Female,Mumbai,West,2022-10-18
CUST100865,34,Female,Delhi,North,2023-02-12
CUST100866,43,Other,Pune,South,2021-09-12
CUST100867,53,Male,Hyderabad,North,2021-03-29
CUST100868,18,Male,Pune,East,2021-11-17
CUST100869,25,Female,Hyderabad,South,2021-09-15
CUST100870,52,Male,Hyderabad,North,2021-09-03
CUST100871,32,Other,Kolkata,West,2022-08-16
CUST100872,64,Other,Delhi,West,2021-10-08
CUST100873,39,Female,Chennai,South,2022-02-01
CUST100874,31,Female,Bangalore,North,2023-09-22
CUST100875,43,Female,Mumbai,South,2020-08-27
CUST100876,45,Male,Kolkata,West,2022-01-03
CUST100877,40,Other,Kolkata,North,2023-11-10
CUST100878,31,Other,Hyderabad,West,2023-03-14
CUST100879,41,Other,Mumbai,South,2021-01-11
CUST100880,19,Female,Delhi,South,2020-01-04
CUST100881,62,Other,Kolkata,South,2022-03-04
CUST100882,43,Male,Pune,South,2022-04-25
CUST100883,31,Male,Delhi,South,2023-09-13
CUST100884,24,Other,Mumbai,East,2020-07-15
CUST100885,20,Female,Hyderabad,South,2021-01-23
CUST100886,64,Other,Delhi,South,2020-09-17
CUST100887,40,Male,Hyderabad,West,2021-08-25
CUST100888,63,Male,Pune,South,2020-04-03
CUST100889,60,Male,Bangalore,North,2023-07-04
CUST100890,64,Other,Hyderabad,South,2020-05-15
CUST100891,62,Male,Hyderabad,East,2021-06-08
CUST100892,35,Female,Mumbai,South,2021-05-12
CUST100893,55,Other,Pune,West,2023-04-16
CUST100894,52,Other,Mumbai,North,2020-04-21
CUST100895,32,Male,Pune,North,2023-07-11
CUST100896,42,Male,Pune,South,2023-12-08
CUST100897,54,Female,Kolkata,South,2021-01-03
CUST100898,45,Other,Kolkata,South,2022-07-24
CUST100899,27,Male,Kolkata,South,2023-11-02
CUST100900,56,Female,Bangalore,West,2022-02-06
CUST100901,34,Male,Bangalore,West,2021-08-08
CUST100902,56,Other,Pune,North,2023-11-07
CUST100903,39,Male,Chennai,South,2021-11-03
CUST100904,43,Other,Mumbai,West,2021-05-25
CUST100905,61,Male,Kolkata,West,2021-12-13
CUST100906,42,Other,Mumbai,North,2022-03-30
CUST100907,34,Female,Hyderabad,North,2021-01-11
CUST100908,30,Other,Pune,East,2021-06-28
CUST100909,37,Female,Delhi,West,2020-03-13
CUST100910,42,Other,Pune,North,2022-08-31
CUST100911,21,Female,Bangalore,West,2021-05-18
CUST100912,27,Male,Chennai,West,2023-10-07
CUST100913,20,Other,Delhi,South,2022-03-15
CUST100914,58,Male,Mumbai,South,2021-12-10
CUST100915,62,Female,Bangalore,South,2020-11-20
CUST100916,35,Other,Kolkata,South,2021-01-22
CUST100917,64,Other,Delhi,West,2022-04-07
CUST100918,53,Male,Bangalore,East,2020-08-27
CUST100919,64,Other,Mumbai,East,2022-09-02
CUST100920,39,Other,Pune,East,2023-01-02
CUST100921,51,Male,Mumbai,West,2020-01-31
CUST100922,64,Other,Delhi,East,2021-04-23
CUST100923,25,Male,Delhi,West,2022-11-03
CUST100924,57,Male,Pune,North,2021-12-17
CUST100925,61,Male,Delhi,East,2023-09-01
CUST100926,36,Male,Chennai,West,2020-03-08
CUST100927,59,Male,Kolkata,North,2022-10-02
CUST100928,58,Female,Bangalore,South,2021-06-21
CUST100929,54,Female,Pune,North,2020-10-17
CUST100930,23,Male,Mumbai,North,2022-09-01
CUST100931,43,Female,Mumbai,East,2020-01-24
CUST100932,51,Female,Kolkata,South,2021-02-18
CUST100933,62,Other,Delhi,South,2022-04-30
CUST100934,23,Male,Delhi,East,2022-08-19
CUST100935,54,Female,Mumbai,North,2021-11-11
CUST100936,50,Other,Kolkata,West,2022-11-25
CUST100937,39,Other,Mumbai,East,2020-04-10
CUST100938,38,Male,Delhi,North,2021-06-29
CUST100939,23,Male,Pune,West,2020-02-08
CUST100940,23,Other,Bangalore,East,2020-07-29
CUST100941,21,Male,Delhi,East,2022-01-11
CUST100942,47,Male,Pune,South,2021-08-14
CUST100943,28,Other,Bangalore,South,2022-01-19
CUST100944,47,Other,Hyderabad,South,2020-06-20
CUST100945,48,Male,Chennai,West,2022-04-17
CUST100946,41,Female,Kolkata,East,2021-03-17
CUST100947,26,Male,Pune,South,2022-12-18
CUST100948,20,Female,Chennai,South,2023-12-04
CUST100949,48,Other,Delhi,East,2021-06-17
CUST100950,57,Female,Hyderabad,West,2020-12-30
CUST100951,54,Other,Kolkata,South,2021-01-01
CUST100952,53,Male,Pune,North,2023-09-29
CUST100953,41,Male,Hyderabad,West,2020-10-22
CUST100954,48,Other,Delhi,South,2023-09-26
CUST100955,23,Other,Kolkata,North,2021-08-28
CUST100956,19,Other,Kolkata,South,2022-01-25
CUST100957,37,Male,Delhi,West,2021-06-06
CUST100958,45,Male,Delhi,East,2020-09-21
CUST100959,28,Female,Hyderabad,East,2022-11-27
CUST100960,21,Other,Hyderabad,West,2023-02-28
CUST100961,32,Female,Pune,South,2021-01-16
CUST100962,23,Male,Kolkata,West,2023-06-02
CUST100963,47,Female,Pune,North,2023-03-12
CUST100964,55,Female,Hyderabad,South,2021-03-06
CUST100965,19,Male,Kolkata,West,2021-01-23
CUST100966,32,Male,Pune,East,2020-02-23
CUST100967,28,Other,Delhi,West,2020-01-24
CUST100968,25,Female,Delhi,South,2021-01-29
CUST100969,43,Male,Mumbai,West,2021-09-24
CUST100970,62,Male,Hyderabad,East,2020-04-28
CUST100971,61,Female,Pune,North,2022-09-09
CUST100972,22,Male,Mumbai,West,2023-04-23
CUST100973,23,Other,Mumbai,West,2020-07-10
CUST100974,43,Other,Chennai,North,2021-05-01
CUST100975,21,Female,Kolkata,West,2021-09-24
CUST100976,36,Other,Bangalore,East,2021-12-21
CUST100977,37,Male,Chennai,North,2021-01-18
CUST100978,50,Male,Hyderabad,East,2022-03-22
CUST100979,37,Male,Kolkata,East,2020-12-11
CUST100980,29,Male,Bangalore,East,2021-04-17
CUST100981,64,Female,Mumbai,South,2021-11-06
CUST100982,18,Other,Bangalore,North,2020-01-03
CUST100983,43,Other,Delhi,South,2022-12-09
CUST100984,31,Male,Hyderabad,South,2022-07-13
CUST100985,55,Female,Delhi,West,2022-05-25
CUST100986,54,Male,Pune,North,2022-09-10
CUST100987,28,Male,Kolkata,West,2023-05-19
CUST100988,53,Female,Chennai,South,2022-08-30
CUST100989,30,Female,Hyderabad,West,2023-07-30
CUST100990,60,Male,Mumbai,East,2021-01-13
CUST100991,20,Other,Hyderabad,South,2023-09-11
CUST100992,50,Male,Kolkata,East,2023-08-14
CUST100993,23,Other,Mumbai,North,2020-05-17
CUST100994,27,Other,Delhi,West,2020-05-04
CUST100995,22,Female,Hyderabad,South,2022-07-22
CUST100996,40,Female,Chennai,North,2023-11-16
CUST100997,27,Male,Chennai,East,2023-11-26
CUST100998,61,Other,Delhi,West,2021-04-24
CUST100999,19,Other,Bangalore,West,2023-11-25
CUST101000,30,Male,Chennai,South,2021-07-23
CUST101001,57,Male,Bangalore,West,2023-10-17
CUST101002,19,Male,Mumbai,West,2020-03-06
CUST101003,37,Female,Chennai,East,2023-12-22
CUST101004,18,Male,Pune,East,2022-05-01
CUST101005,54,Male,Delhi,East,2021-03-07
CUST101006,26,Other,Hyderabad,North,2023-02-02
CUST101007,34,Male,Bangalore,North,2023-01-17
CUST101008,26,Other,Pune,West,2021-08-23
CUST101009,28,Other,Mumbai,North,2022-05-05
CUST101010,32,Female,Mumbai,South,2020-01-06
CUST101011,41,Male,Chennai,East,2020-06-06
CUST101012,55,Male,Chennai,North,2023-11-03
CUST101013,52,Other,Pune,West,2020-11-25
CUST101014,47,Female,Kolkata,East,2023-01-31
CUST101015,48,Female,Kolkata,North,2020-08-10
CUST101016,22,Male,Chennai,East,2021-02-05
CUST101017,61,Other,Kolkata,North,2021-06-28
CUST101018,31,Male,Delhi,West,2021-05-23
CUST101019,28,Male,Pune,North,2020-07-02
CUST101020,26,Male,Delhi,North,2022-07-03
CUST101021,51,Male,Kolkata,North,2023-01-15
CUST101022,29,Other,Chennai,East,2021-08-03
CUST101023,52,Female,Delhi,North,2023-11-04
CUST101024,52,Male,Mumbai,North,2021-06-21
CUST101025,18,Male,Hyderabad,North,2023-12-07
CUST101026,57,Male,Chennai,East,2021-06-01
CUST101027,39,Male,Pune,West,2022-02-06
CUST101028,46,Female,Bangalore,West,2020-10-21
CUST101029,25,Female,Bangalore,West,2022-10-11
CUST101030,28,Female,Chennai,North,2020-09-16
CUST101031,58,Female,Kolkata,East,2023-11-08
CUST101032,54,Male,Delhi,West,2022-04-05
CUST101033,31,Other,Delhi,West,2023-08-20
CUST101034,47,Female,Chennai,West,2020-11-11
CUST101035,52,Female,Mumbai,South,2022-01-15
CUST101036,38,Male,Pune,East,2021-12-19
CUST101037,54,Male,Kolkata,South,2023-01-05
CUST101038,22,Male,Mumbai,North,2021-11-10
CUST101039,36,Male,Chennai,West,2022-05-03
CUST101040,31,Other,Chennai,North,2023-11-03
CUST101041,43,Other,Mumbai,East,2021-04-05
CUST101042,21,Female,Bangalore,North,2022-12-15
CUST101043,42,Other,Chennai,North,2022-03-17
CUST101044,62,Female,Pune,West,2023-01-09
CUST101045,59,Female,Hyderabad,East,2023-04-14
CUST101046,42,Other,Kolkata,North,2022-03-03
CUST101047,35,Female,Mumbai,South,2022-07-18
CUST101048,57,Male,Bangalore,West,2023-11-07
CUST101049,25,Female,Mumbai,South,2020-05-28
CUST101050,56,Male,Bangalore,West,2022-02-06
CUST101051,57,Other,Bangalore,North,2023-07-28
CUST101052,31,Other,Pune,West,2020-12-10
CUST101053,49,Female,Kolkata,North,2023-12-03
CUST101054,55,Male,Chennai,South,2022-08-31
CUST101055,50,Female,Bangalore,North,2022-07-10
CUST101056,40,Other,Chennai,West,2020-01-30
CUST101057,32,Female,Kolkata,West,2021-12-30
CUST101058,50,Female,Chennai,West,2023-12-16
CUST101059,42,Male,Pune,South,2022-09-08
CUST101060,34,Other,Pune,East,2020-08-18
CUST101061,50,Female,Delhi,South,2023-10-14
CUST101062,64,Male,Pune,North,2023-03-31
CUST101063,19,Female,Bangalore,North,2021-12-29
CUST101064,31,Male,Kolkata,South,2023-06-05
CUST101065,57,Male,Pune,South,2023-05-29
CUST101066,57,Female,Mumbai,North,2022-01-15
CUST101067,56,Other,Kolkata,North,2023-01-01
CUST101068,23,Other,Bangalore,North,2021-02-02
CUST101069,23,Male,Kolkata,East,2020-04-04
CUST101070,20,Other,Pune,East,2021-04-19
CUST101071,24,Male,Mumbai,South,2023-01-23
CUST101072,25,Other,Delhi,South,2022-02-13
CUST101073,59,Female,Bangalore,East,2023-02-21
CUST101074,32,Other,Hyderabad,West,2022-03-10
CUST101075,64,Male,Bangalore,East,2022-08-01
CUST101076,46,Male,Kolkata,South,2022-10-19
CUST101077,50,Other,Hyderabad,East,2021-09-12
CUST101078,47,Female,Hyderabad,West,2022-05-09
CUST101079,56,Male,Chennai,South,2022-08-21
CUST101080,44,Male,Hyderabad,North,2022-12-07
CUST101081,53,Male,Chennai,South,2022-03-23
CUST101082,46,Male,Hyderabad,East,2020-04-04
CUST101083,55,Male,Mumbai,East,2020-02-02
CUST101084,50,Female,Delhi,West,2023-02-15
CUST101085,54,Other,Delhi,East,2023-06-28
CUST101086,44,Female,Hyderabad,West,2023-08-19
CUST101087,50,Female,Kolkata,South,2020-05-01
CUST101088,21,Male,Kolkata,East,2020-08-05
CUST101089,39,Female,Chennai,South,2022-12-12
CUST101090,19,Male,Pune,North,2023-02-23
CUST101091,27,Female,Delhi,North,2023-03-28
CUST101092,22,Male,Pune,West,2022-03-05
CUST101093,27,Male,Delhi,East,2020-06-24
CUST101094,50,Female,Pune,South,2020-10-18
CUST101095,55,Female,Pune,South,2023-03-28
CUST101096,30,Other,Delhi,East,2021-05-05
CUST101097,48,Other,Mumbai,South,2022-01-30
CUST101098,64,Other,Mumbai,East,2023-10-12
CUST101099,53,Female,Kolkata,East,2021-09-25
CUST101100,62,Female,Pune,North,2023-06-14
CUST101101,41,Male,Pune,East,2023-12-22
CUST101102,32,Other,Pune,South,2020-05-04
CUST101103,46,Male,Pune,East,2023-08-31
CUST101104,25,Male,Pune,North,2023-07-26
CUST101105,22,Male,Chennai,North,2021-08-26
CUST101106,46,Male,Bangalore,West,2022-07-26
CUST101107,64,Other,Pune,South,2023-02-02
CUST101108,21,Male,Chennai,East,2022-12-01
CUST101109,29,Female,Mumbai,South,2023-11-21
CUST101110,62,Female,Pune,South,2024-01-23
CUST101111,19,Female,Mumbai,East,2021-05-05
CUST101112,44,Other,Kolkata,North,2021-07-18
CUST101113,48,Male,Bangalore,South,2020-06-16
CUST101114,53,Other,Delhi,West,2022-01-28
CUST101115,53,Male,Bangalore,South,2023-04-12
CUST101116,43,Other,Pune,North,2023-10-27
CUST101117,60,Other,Pune,West,2023-03-19
CUST101118,44,Male,Bangalore,West,2020-09-05
CUST101119,22,Other,Bangalore,West,2020-06-28
CUST101120,37,Male,Kolkata,West,2023-02-17
CUST101121,28,Female,Hyderabad,East,2020-01-28
CUST101122,27,Female,Mumbai,East,2020-04-26
CUST101123,57,Female,Delhi,East,2021-12-03
CUST101124,55,Other,Hyderabad,West,2021-10-18
CUST101125,23,Female,Bangalore,North,2022-04-11
CUST101126,25,Male,Delhi,South,2020-09-18
CUST101127,40,Female,Bangalore,West,2021-09-17
CUST101128,64,Female,Mumbai,North,2022-02-23
CUST101129,43,Other,Delhi,South,2022-11-27
CUST101130,63,Male,Hyderabad,West,2020-07-15
CUST101131,60,Other,Chennai,South,2023-12-31
CUST101132,29,Other,Mumbai,East,2021-11-14
CUST101133,43,Male,Hyderabad,East,2022-05-23
CUST101134,30,Other,Delhi,East,2023-12-04
CUST101135,57,Male,Bangalore,North,2020-11-28
CUST101136,35,Female,Hyderabad,East,2024-01-28
CUST101137,42,Male,Bangalore,North,2021-12-20
CUST101138,50,Male,Mumbai,East,2023-03-27
CUST101139,64,Male,Mumbai,East,2023-03-29
CUST101140,57,Other,Hyderabad,East,2023-09-19
CUST101141,60,Male,Bangalore,North,2023-10-31
CUST101142,29,Male,Delhi,South,2020-03-19
CUST101143,61,Male,Hyderabad,North,2020-07-15
CUST101144,53,Female,Chennai,West,2023-02-17
CUST101145,21,Male,Kolkata,West,2020-08-13
CUST101146,22,Other,Mumbai,North,2021-08-17
CUST101147,54,Male,Bangalore,North,2023-12-04
CUST101148,25,Male,Delhi,South,2022-07-01
CUST101149,59,Female,Mumbai,North,2022-01-04
CUST101150,45,Male,Delhi,East,2023-09-24
CUST101151,48,Other,Mumbai,South,2022-07-07
CUST101152,26,Male,Bangalore,North,2021-06-20
CUST101153,46,Other,Delhi,North,2020-08-07
CUST101154,31,Female,Bangalore,West,2020-10-19
CUST101155,57,Male,Delhi,South,2023-05-12
CUST101156,58,Female,Mumbai,West,2020-07-20
CUST101157,39,Male,Kolkata,North,2020-02-01
CUST101158,28,Other,Kolkata,South,2023-01-17
CUST101159,40,Female,Hyderabad,East,2023-05-10
CUST101160,18,Male,Chennai,North,2023-08-09
CUST101161,63,Other,Chennai,North,2021-12-16
CUST101162,54,Female,Hyderabad,West,2022-01-22
CUST101163,38,Male,Hyderabad,East,2022-10-13
CUST101164,43,Female,Pune,North,2020-04-24
CUST101165,63,Male,Bangalore,West,2021-12-22
CUST101166,53,Other,Delhi,West,2023-05-30
CUST101167,40,Other,Chennai,North,2020-06-30
CUST101168,18,Female,Mumbai,South,2022-02-09
CUST101169,57,Female,Hyderabad,North,2021-04-13
CUST101170,32,Male,Kolkata,East,2021-03-01
CUST101171,38,Other,Delhi,North,2022-04-13
CUST101172,64,Male,Pune,South,2022-12-19
CUST101173,26,Other,Kolkata,West,2021-04-29
CUST101174,26,Female,Hyderabad,East,2020-01-11
CUST101175,27,Male,Delhi,East,2023-11-09
CUST101176,43,Male,Hyderabad,East,2023-12-04
CUST101177,58,Other,Chennai,East,2020-02-11
CUST101178,52,Other,Chennai,South,2020-05-02
CUST101179,42,Other,Bangalore,South,2021-12-01
CUST101180,43,Female,Pune,South,2020-09-08
CUST101181,28,Male,Delhi,South,2022-08-30
CUST101182,55,Other,Pune,West,2021-08-26
CUST101183,19,Female,Mumbai,North,2020-07-31
CUST101184,24,Other,Pune,South,2020-09-24
CUST101185,35,Male,Hyderabad,North,2022-10-02
CUST101186,44,Other,Hyderabad,East,2021-12-07
CUST101187,51,Male,Chennai,West,2021-06-23
CUST101188,44,Female,Bangalore,West,2021-12-06
CUST101189,34,Female,Hyderabad,North,2022-10-07
CUST101190,60,Other,Chennai,North,2021-09-10
CUST101191,61,Male,Kolkata,North,2023-03-04
CUST101192,41,Male,Chennai,West,2021-05-12
CUST101193,42,Male,Delhi,South,2022-10-17
CUST101194,24,Other,Bangalore,West,2022-02-20
CUST101195,23,Male,Hyderabad,South,2020-05-05
CUST101196,41,Male,Delhi,East,2023-10-14
CUST101197,50,Male,Mumbai,South,2022-04-20
CUST101198,46,Male,Mumbai,North,2022-09-09
CUST101199,60,Other,Chennai,South,2023-09-03
CUST101200,39,Other,Bangalore,South,2020-01-12
CUST101201,43,Male,Pune,West,2023-08-10
CUST101202,45,Male,Bangalore,North,2024-01-03
CUST101203,38,Female,Bangalore,East,2021-05-30
CUST101204,24,Female,Bangalore,South,2023-11-15
CUST101205,34,Male,Chennai,East,2020-11-11
CUST101206,37,Male,Delhi,North,2022-10-28
CUST101207,58,Female,Chennai,South,2023-02-21
CUST101208,37,Female,Pune,West,2023-10-27
CUST101209,39,Male,Delhi,East,2020-11-09
CUST101210,45,Other,Pune,West,2023-04-23
CUST101211,57,Other,Kolkata,East,2021-06-30
CUST101212,24,Male,Kolkata,North,2020-02-08
CUST101213,18,Male,Hyderabad,South,2023-01-12
CUST101214,49,Female,Hyderabad,East,2022-11-10
CUST101215,30,Female,Delhi,West,2020-09-09
CUST101216,47,Other,Chennai,East,2020-10-29
CUST101217,40,Male,Pune,East,2022-09-05
CUST101218,36,Female,Pune,East,2020-09-14
CUST101219,49,Other,Hyderabad,East,2022-09-26
CUST101220,47,Other,Hyderabad,East,2021-06-25
CUST101221,46,Other,Mumbai,East,2021-10-01
CUST101222,62,Female,Pune,West,2021-07-05
CUST101223,46,Female,Chennai,East,2021-04-05
CUST101224,47,Male,Mumbai,East,2020-08-11
CUST101225,33,Male,Chennai,East,2020-04-01
CUST101226,57,Other,Bangalore,South,2020-10-06
CUST101227,36,Other,Pune,North,2023-04-08
CUST101228,35,Female,Bangalore,North,2020-09-04
CUST101229,18,Female,Kolkata,North,2023-10-16
CUST101230,31,Male,Kolkata,West,2023-10-04
CUST101231,64,Male,Delhi,West,2022-05-15
CUST101232,19,Male,Pune,West,2023-12-29
CUST101233,45,Female,Hyderabad,East,2023-11-30
CUST101234,47,Other,Mumbai,North,2020-03-18
CUST101235,55,Male,Bangalore,East,2021-04-02
CUST101236,21,Male,Chennai,South,2021-08-08
CUST101237,18,Female,Pune,North,2023-11-16
CUST101238,25,Male,Delhi,South,2022-11-03
CUST101239,46,Other,Chennai,South,2020-02-14
CUST101240,56,Female,Bangalore,East,2020-02-07
CUST101241,20,Male,Pune,North,2021-02-19
CUST101242,49,Male,Hyderabad,South,2020-09-01
CUST101243,27,Female,Bangalore,North,2022-12-21
CUST101244,27,Female,Pune,South,2021-05-07
CUST101245,36,Male,Pune,South,2020-11-18
CUST101246,63,Other,Bangalore,East,2023-06-29
CUST101247,51,Female,Bangalore,North,2021-04-12
CUST101248,50,Other,Chennai,East,2022-12-20
CUST101249,40,Male,Delhi,East,2023-02-16
CUST101250,45,Other,Bangalore,East,2020-03-27
CUST101251,49,Male,Kolkata,East,2020-03-20
CUST101252,24,Male,Delhi,East,2020-08-15
CUST101253,46,Male,Kolkata,South,2021-04-27
CUST101254,25,Male,Chennai,North,2021-09-14
CUST101255,18,Other,Bangalore,North,2023-08-26
CUST101256,20,Male,Delhi,East,2022-08-05
CUST101257,41,Male,Hyderabad,North,2021-04-29
CUST101258,40,Other,Bangalore,South,2022-04-19
CUST101259,25,Female,Pune,East,2020-01-25
CUST101260,64,Other,Bangalore,West,2023-05-10
CUST101261,54,Other,Hyderabad,West,2023-06-02
CUST101262,20,Other,Delhi,South,2022-02-17
CUST101263,50,Male,Bangalore,South,2022-07-19
CUST101264,45,Male,Bangalore,West,2022-03-05
CUST101265,64,Male,Mumbai,East,2022-01-22
CUST101266,25,Female,Mumbai,South,2023-04-21
CUST101267,51,Male,Delhi,West,2023-01-05
CUST101268,52,Female,Delhi,East,2021-03-01
CUST101269,49,Male,Pune,South,2022-12-26
CUST101270,41,Other,Pune,North,2021-10-21
CUST101271,31,Male,Bangalore,North,2021-11-15
CUST101272,49,Female,Kolkata,North,2021-06-30
CUST101273,63,Female,Delhi,East,2023-01-05
CUST101274,60,Male,Hyderabad,South,2022-07-04
CUST101275,33,Other,Bangalore,West,2020-02-24
CUST101276,21,Male,Kolkata,South,2024-02-05
CUST101277,54,Male,Mumbai,North,2023-06-24
CUST101278,38,Male,Pune,North,2024-01-02
CUST101279,31,Other,Hyderabad,East,2020-11-09
CUST101280,48,Female,Delhi,West,2023-09-05
CUST101281,35,Other,Bangalore,East,2020-08-07
CUST101282,24,Female,Mumbai,West,2023-10-26
CUST101283,27,Female,Chennai,South,2023-05-24
CUST101284,24,Female,Mumbai,East,2020-02-18
CUST101285,50,Other,Bangalore,East,2021-04-07
CUST101286,40,Male,Pune,East,2020-04-27
CUST101287,38,Male,Kolkata,North,2020-03-22
CUST101288,36,Male,Hyderabad,North,2023-07-10
CUST101289,36,Male,Hyderabad,West,2021-05-10
CUST101290,53,Male,Chennai,South,2021-09-25
CUST101291,46,Other,Hyderabad,East,2022-04-16
CUST101292,35,Other,Chennai,North,2021-08-24
CUST101293,19,Other,Pune,East,2022-02-08
CUST101294,18,Other,Chennai,West,2021-11-03
CUST101295,64,Other,Delhi,West,2020-06-24
CUST101296,22,Other,Bangalore,South,2022-03-15
CUST101297,37,Other,Hyderabad,West,2023-01-17
CUST101298,28,Male,Chennai,East,2021-09-30
CUST101299,59,Female,Mumbai,South,2023-10-14
CUST101300,19,Other,Kolkata,South,2023-08-02
CUST101301,20,Female,Bangalore,North,2020-10-23
CUST101302,40,Other,Pune,East,2023-07-07
CUST101303,29,Other,Hyderabad,West,2021-04-19
CUST101304,37,Male,Mumbai,North,2021-06-19
CUST101305,22,Female,Delhi,East,2022-11-26
CUST101306,54,Male,Chennai,East,2023-04-19
CUST101307,55,Male,Mumbai,South,2020-01-25
CUST101308,47,Female,Bangalore,South,2020-12-14
CUST101309,26,Male,Hyderabad,East,2021-09-28
CUST101310,51,Other,Mumbai,North,2020-08-14
CUST101311,61,Other,Delhi,South,2023-10-03
CUST101312,52,Other,Kolkata,South,2020-02-07
CUST101313,39,Other,Chennai,East,2023-11-07
CUST101314,61,Other,Bangalore,East,2021-07-23
CUST101315,41,Male,Hyderabad,South,2020-08-23
CUST101316,34,Male,Chennai,North,2023-04-19
CUST101317,27,Other,Chennai,South,2020-04-23
CUST101318,47,Other,Pune,East,2020-11-01
CUST101319,63,Male,Chennai,South,2020-05-11
CUST101320,40,Female,Mumbai,East,2020-12-13
CUST101321,49,Male,Mumbai,South,2023-04-18
CUST101322,34,Male,Kolkata,East,2021-02-18
CUST101323,34,Male,Delhi,East,2022-09-09
CUST101324,31,Male,Hyderabad,North,2022-01-01
CUST101325,26,Male,Hyderabad,East,2021-10-15
CUST101326,57,Female,Bangalore,South,2021-01-19
CUST101327,19,Other,Mumbai,East,2021-05-26
CUST101328,62,Other,Chennai,West,2022-12-02
CUST101329,42,Female,Delhi,South,2023-02-15
CUST101330,56,Other,Bangalore,North,2020-03-01
CUST101331,26,Other,Hyderabad,South,2021-07-06
CUST101332,39,Other,Bangalore,North,2020-07-06
CUST101333,60,Female,Bangalore,West,2021-03-28
CUST101334,63,Female,Hyderabad,North,2022-04-26
CUST101335,21,Other,Bangalore,East,2020-07-05
CUST101336,43,Other,Kolkata,West,2022-07-26
CUST101337,46,Other,Bangalore,West,2024-01-27
CUST101338,62,Male,Delhi,North,2020-06-12
CUST101339,51,Male,Mumbai,South,2023-12-18
CUST101340,40,Male,Delhi,North,2020-04-11
CUST101341,54,Female,Chennai,North,2023-07-14
CUST101342,28,Other,Pune,West,2023-03-22
CUST101343,23,Female,Kolkata,East,2023-12-23
CUST101344,35,Female,Kolkata,South,2021-11-21
CUST101345,38,Female,Chennai,North,2023-12-21
CUST101346,59,Other,Hyderabad,East,2021-07-31
CUST101347,53,Male,Delhi,East,2021-09-02
CUST101348,58,Other,Delhi,South,2021-06-19
CUST101349,55,Other,Chennai,East,2023-09-18
CUST101350,51,Female,Hyderabad,North,2022-01-30
CUST101351,34,Female,Pune,West,2022-06-14
CUST101352,54,Female,Bangalore,East,2024-01-03
CUST101353,42,Male,Hyderabad,West,2022-08-28
CUST101354,55,Male,Bangalore,South,2020-05-03
CUST101355,29,Male,Mumbai,South,2023-08-18
CUST101356,40,Other,Delhi,East,2021-10-29
CUST101357,59,Female,Delhi,West,2020-12-14
CUST101358,39,Other,Chennai,North,2020-09-05
CUST101359,38,Male,Chennai,West,2023-07-18
CUST101360,44,Female,Bangalore,East,2023-12-23
CUST101361,48,Male,Hyderabad,West,2021-12-07
CUST101362,23,Female,Delhi,West,2021-12-13
CUST101363,44,Female,Delhi,South,2022-10-03
CUST101364,57,Other,Kolkata,East,2020-09-03
CUST101365,51,Other,Mumbai,West,2021-04-25
CUST101366,29,Male,Mumbai,East,2020-04-07
CUST101367,62,Other,Bangalore,North,2020-11-24
CUST101368,24,Other,Pune,East,2023-12-19
CUST101369,27,Other,Hyderabad,North,2023-12-18
CUST101370,62,Female,Delhi,East,2022-10-25
CUST101371,34,Other,Kolkata,East,2021-04-03
CUST101372,43,Male,Hyderabad,West,2022-03-06
CUST101373,38,Female,Delhi,West,2021-08-15
CUST101374,45,Female,Chennai,North,2021-05-12
CUST101375,63,Other,Hyderabad,North,2020-03-27
CUST101376,19,Female,Bangalore,South,2021-02-05
CUST101377,60,Male,Hyderabad,West,2023-08-09
CUST101378,18,Male,Pune,North,2023-07-28
CUST101379,53,Female,Hyderabad,West,2020-07-15
CUST101380,43,Other,Hyderabad,East,2022-02-02
CUST101381,46,Other,Hyderabad,South,2023-01-11
CUST101382,38,Female,Mumbai,West,2020-01-27
CUST101383,28,Male,Delhi,West,2020-05-14
CUST101384,57,Female,Pune,West,2023-01-18
CUST101385,28,Other,Bangalore,West,2020-07-24
CUST101386,53,Other,Mumbai,North,2022-11-16
CUST101387,56,Female,Delhi,North,2023-11-02
CUST101388,57,Male,Kolkata,South,2023-12-09
CUST101389,52,Female,Bangalore,East,2023-06-04
CUST101390,51,Male,Delhi,East,2021-08-25
CUST101391,64,Male,Mumbai,South,2022-12-27
CUST101392,41,Female,Mumbai,East,2020-12-27
CUST101393,39,Female,Kolkata,North,2023-07-07
CUST101394,22,Male,Bangalore,West,2021-10-19
CUST101395,50,Male,Bangalore,East,2022-12-22
CUST101396,53,Male,Pune,West,2022-08-29
CUST101397,64,Male,Delhi,West,2022-09-06
CUST101398,37,Other,Pune,North,2022-07-29
CUST101399,36,Female,Mumbai,West,2022-06-26
CUST101400,52,Male,Mumbai,East,2023-11-16
CUST101401,60,Female,Hyderabad,North,2020-09-02
CUST101402,34,Male,Kolkata,South,2020-10-04
CUST101403,62,Female,Kolkata,North,2020-12-12
CUST101404,60,Female,Bangalore,East,2021-01-06
CUST101405,51,Male,Pune,North,2022-03-19
CUST101406,26,Male,Mumbai,East,2022-04-28
CUST101407,43,Female,Hyderabad,East,2020-05-02
CUST101408,19,Female,Delhi,North,2022-12-16
CUST101409,26,Female,Hyderabad,East,2020-06-08
CUST101410,26,Other,Chennai,South,2023-02-24
CUST101411,57,Male,Delhi,East,2022-01-06
CUST101412,34,Other,Kolkata,South,2023-08-27
CUST101413,18,Other,Delhi,South,2021-06-01
CUST101414,42,Male,Mumbai,East,2022-07-23
CUST101415,60,Male,Pune,West,2023-07-12
CUST101416,57,Other,Hyderabad,South,2022-01-15
CUST101417,59,Male,Bangalore,South,2020-10-14
CUST101418,42,Female,Pune,North,2021-02-23
CUST101419,56,Female,Chennai,South,2020-05-19
CUST101420,52,Other,Bangalore,South,2021-12-07
CUST101421,20,Other,Chennai,South,2021-11-28
CUST101422,54,Male,Chennai,South,2022-09-13
CUST101423,61,Male,Mumbai,West,2021-04-19
CUST101424,61,Other,Mumbai,South,2021-01-23
CUST101425,47,Other,Kolkata,East,2021-05-25
CUST101426,55,Female,Kolkata,West,2021-06-21
CUST101427,51,Female,Chennai,South,2020-07-31
CUST101428,29,Male,Pune,East,2022-06-15
CUST101429,36,Female,Kolkata,East,2023-07-12
CUST101430,54,Male,Mumbai,West,2023-09-28
CUST101431,61,Male,Kolkata,West,2022-11-27
CUST101432,34,Male,Chennai,East,2020-08-20
CUST101433,27,Female,Hyderabad,West,2020-09-16
CUST101434,64,Other,Bangalore,West,2020-11-03
CUST101435,29,Other,Pune,North,2021-02-06
CUST101436,33,Female,Pune,West,2022-09-23
CUST101437,41,Other,Delhi,North,2023-07-08
CUST101438,36,Male,Kolkata,West,2024-02-08
CUST101439,25,Other,Pune,West,2022-01-19
CUST101440,48,Female,Hyderabad,East,2023-02-03
CUST101441,38,Other,Hyderabad,North,2023-06-24
CUST101442,34,Male,Mumbai,West,2020-10-30
CUST101443,40,Male,Bangalore,South,2020-12-08
CUST101444,54,Female,Mumbai,West,2024-01-10
CUST101445,33,Female,Kolkata,East,2022-11-27
CUST101446,23,Female,Chennai,East,2022-05-04
CUST101447,25,Male,Hyderabad,East,2022-12-05
CUST101448,42,Other,Hyderabad,North,2023-05-28
CUST101449,35,Other,Delhi,North,2020-09-12
CUST101450,42,Female,Delhi,North,2020-05-16
CUST101451,29,Other,Hyderabad,South,2023-06-08
CUST101452,32,Other,Bangalore,North,2022-03-28
CUST101453,43,Female,Pune,East,2022-08-30
CUST101454,58,Female,Pune,North,2020-02-07
CUST101455,62,Male,Hyderabad,North,2023-03-24
CUST101456,43,Male,Pune,West,2020-04-14
CUST101457,64,Male,Delhi,North,2020-09-11
CUST101458,49,Male,Chennai,West,2023-11-28
CUST101459,27,Other,Pune,North,2021-05-02
CUST101460,33,Other,Mumbai,West,2021-04-02
CUST101461,24,Male,Hyderabad,East,2021-06-11
CUST101462,34,Male,Pune,North,2021-08-13
CUST101463,40,Female,Chennai,East,2021-06-08
CUST101464,43,Other,Hyderabad,North,2021-01-04
CUST101465,38,Other,Bangalore,South,2020-04-11
CUST101466,39,Male,Bangalore,South,2022-07-04
CUST101467,24,Other,Delhi,East,2021-10-25
CUST101468,31,Female,Chennai,East,2021-11-20
CUST101469,32,Female,Mumbai,South,2021-08-21
CUST101470,24,Other,Chennai,South,2021-08-22
CUST101471,26,Male,Mumbai,West,2021-06-24
CUST101472,25,Other,Mumbai,North,2021-01-23
CUST101473,40,Female,Chennai,South,2020-12-28
CUST101474,46,Male,Hyderabad,East,2022-07-19
CUST101475,35,Other,Kolkata,East,2021-09-03
CUST101476,48,Male,Chennai,South,2023-02-12
CUST101477,47,Male,Hyderabad,East,2021-12-22
CUST101478,56,Female,Mumbai,North,2020-12-08
CUST101479,52,Male,Hyderabad,West,2023-01-02
CUST101480,35,Other,Hyderabad,North,2020-05-14
CUST101481,59,Male,Pune,West,2022-07-28
CUST101482,56,Male,Bangalore,West,2022-09-04
CUST101483,34,Other,Bangalore,South,2021-01-14
CUST101484,31,Female,Delhi,East,2023-02-22
CUST101485,48,Female,Bangalore,West,2020-02-07
CUST101486,41,Other,Kolkata,South,2022-02-19
CUST101487,52,Other,Mumbai,East,2020-11-05
CUST101488,61,Female,Chennai,East,2020-04-15
CUST101489,62,Male,Chennai,West,2021-07-09
CUST101490,51,Other,Kolkata,East,2023-06-02
CUST101491,20,Male,Bangalore,North,2023-06-19
CUST101492,54,Other,Mumbai,East,2021-01-31
CUST101493,60,Female,Bangalore,North,2020-06-01
CUST101494,57,Male,Hyderabad,East,2021-06-19
CUST101495,43,Male,Delhi,West,2022-09-22
CUST101496,40,Other,Bangalore,West,2022-08-23
CUST101497,61,Male,Delhi,South,2023-11-26
CUST101498,56,Other,Chennai,North,2023-03-15
CUST101499,32,Female,Mumbai,North,2023-04-29
CUST101500,21,Male,Pune,West,2022-06-11
CUST101501,46,Other,Hyderabad,West,2021-08-05
CUST101502,39,Male,Delhi,West,2020-07-19
CUST101503,42,Other,Bangalore,North,2020-01-12
CUST101504,30,Other,Hyderabad,South,2022-12-11
CUST101505,35,Other,Bangalore,North,2022-02-06
CUST101506,50,Female,Hyderabad,West,2023-08-18
CUST101507,33,Male,Chennai,South,2023-08-16
CUST101508,62,Female,Kolkata,East,2022-07-08
CUST101509,59,Other,Hyderabad,East,2021-06-04
CUST101510,61,Other,Pune,West,2023-03-09
CUST101511,19,Female,Kolkata,South,2020-04-09
CUST101512,52,Female,Bangalore,West,2023-03-06
CUST101513,59,Male,Kolkata,North,2022-05-20
CUST101514,51,Other,Hyderabad,North,2020-12-31
CUST101515,47,Female,Pune,South,2021-10-18
CUST101516,30,Other,Pune,West,2020-06-09
CUST101517,30,Other,Mumbai,West,2022-01-30
CUST101518,35,Male,Kolkata,East,2020-06-23
CUST101519,49,Male,Mumbai,South,2023-01-16
CUST101520,49,Male,Bangalore,West,2023-11-23
CUST101521,52,Female,Bangalore,North,2021-06-28
CUST101522,56,Other,Bangalore,West,2021-04-21
CUST101523,63,Female,Chennai,West,2020-10-09
CUST101524,46,Female,Kolkata,North,2022-08-14
CUST101525,46,Male,Delhi,North,2021-03-27
CUST101526,61,Other,Pune,West,2020-03-22
CUST101527,33,Other,Delhi,North,2023-05-21
CUST101528,61,Male,Bangalore,East,2022-03-26
CUST101529,64,Other,Hyderabad,East,2021-06-03
CUST101530,27,Male,Hyderabad,East,2020-05-13
CUST101531,47,Female,Kolkata,North,2021-03-22
CUST101532,42,Female,Hyderabad,North,2020-04-27
CUST101533,56,Male,Mumbai,North,2023-06-20
CUST101534,37,Female,Delhi,South,2022-01-18
CUST101535,22,Female,Hyderabad,North,2023-03-19
CUST101536,18,Male,Bangalore,East,2021-10-07
CUST101537,47,Female,Delhi,East,2021-01-13
CUST101538,20,Other,Delhi,East,2021-08-30
CUST101539,62,Female,Pune,South,2022-08-23
CUST101540,31,Male,Delhi,West,2021-06-08
CUST101541,47,Other,Bangalore,East,2023-02-14
CUST101542,21,Other,Pune,South,2021-07-29
CUST101543,35,Female,Bangalore,West,2022-07-25
CUST101544,54,Other,Chennai,South,2021-10-23
CUST101545,42,Male,Hyderabad,South,2023-09-02
CUST101546,18,Other,Chennai,West,2022-05-25
CUST101547,63,Female,Hyderabad,North,2020-01-12
CUST101548,32,Female,Chennai,North,2023-01-18
CUST101549,26,Other,Delhi,East,2021-01-22
CUST101550,32,Male,Kolkata,West,2020-03-23
CUST101551,41,Male,Bangalore,East,2022-09-02
CUST101552,21,Female,Chennai,South,2021-01-30
CUST101553,29,Female,Kolkata,North,2021-06-28
CUST101554,54,Male,Chennai,East,2021-10-22
CUST101555,54,Other,Hyderabad,East,2021-10-01
CUST101556,60,Other,Chennai,North,2020-04-09
CUST101557,23,Other,Kolkata,South,2021-04-01
CUST101558,56,Other,Chennai,East,2022-05-23
CUST101559,63,Male,Delhi,East,2020-11-23
CUST101560,41,Female,Delhi,West,2021-12-24
CUST101561,28,Female,Pune,West,2020-03-14
CUST101562,30,Other,Delhi,North,2023-01-24
CUST101563,51,Male,Mumbai,North,2020-04-01
CUST101564,42,Male,Pune,South,2020-11-25
CUST101565,24,Other,Chennai,South,2020-06-23
CUST101566,21,Other,Mumbai,East,2020-11-10
CUST101567,25,Other,Bangalore,West,2021-05-11
CUST101568,37,Female,Kolkata,South,2023-07-16
CUST101569,46,Other,Bangalore,East,2021-03-03
CUST101570,62,Female,Mumbai,East,2020-02-04
CUST101571,63,Male,Delhi,North,2020-04-28
CUST101572,27,Male,Hyderabad,West,2023-10-26
CUST101573,60,Female,Chennai,East,2022-07-13
CUST101574,51,Female,Pune,North,2024-01-14
CUST101575,43,Female,Hyderabad,East,2023-08-25
CUST101576,58,Female,Hyderabad,West,2023-10-12
CUST101577,20,Other,Chennai,East,2023-10-31
CUST101578,23,Male,Delhi,East,2022-04-07
CUST101579,22,Other,Chennai,South,2023-02-02
CUST101580,22,Female,Kolkata,South,2021-01-24
CUST101581,64,Other,Hyderabad,North,2020-06-24
CUST101582,40,Other,Kolkata,East,2020-04-15
CUST101583,26,Male,Kolkata,North,2021-08-14
CUST101584,52,Other,Bangalore,West,2023-04-01
CUST101585,37,Male,Delhi,North,2022-07-02
CUST101586,59,Female,Kolkata,East,2023-07-14
CUST101587,52,Other,Mumbai,South,2023-07-26
CUST101588,35,Female,Kolkata,South,2023-08-19
CUST101589,34,Male,Pune,North,2022-08-12
CUST101590,41,Female,Bangalore,South,2022-08-10
CUST101591,20,Female,Mumbai,East,2022-05-10
CUST101592,49,Male,Hyderabad,East,2020-05-06
CUST101593,52,Female,Delhi,West,2023-06-23
CUST101594,55,Female,Delhi,South,2022-04-03
CUST101595,30,Female,Pune,South,2020-08-21
CUST101596,64,Other,Hyderabad,West,2021-10-28
CUST101597,42,Female,Kolkata,North,2022-07-19
CUST101598,26,Male,Mumbai,West,2024-01-02
CUST101599,21,Other,Pune,South,2020-05-16
CUST101600,31,Other,Mumbai,North,2021-07-09
CUST101601,54,Male,Kolkata,East,2022-01-28
CUST101602,51,Female,Hyderabad,East,2023-03-18
CUST101603,28,Other,Kolkata,West,2020-02-25
CUST101604,58,Other,Chennai,East,2020-12-21
CUST101605,20,Other,Chennai,South,2023-07-04
CUST101606,45,Female,Kolkata,West,2022-07-11
CUST101607,46,Other,Bangalore,South,2022-03-23
CUST101608,26,Male,Pune,South,2022-12-22
CUST101609,20,Female,Chennai,North,2022-12-22
CUST101610,42,Male,Kolkata,North,2022-03-16
CUST101611,51,Male,Mumbai,North,2022-11-18
CUST101612,29,Other,Pune,East,2021-08-22
CUST101613,59,Other,Hyderabad,North,2021-07-21
CUST101614,26,Other,Chennai,South,2023-08-16
CUST101615,32,Male,Hyderabad,West,2021-12-05
CUST101616,57,Female,Bangalore,West,2021-09-03
CUST101617,42,Other,Pune,South,2023-05-23
CUST101618,22,Other,Pune,East,2020-05-20
CUST101619,28,Male,Delhi,West,2021-07-14
CUST101620,51,Female,Mumbai,South,2021-05-13
CUST101621,41,Male,Bangalore,South,2021-09-18
CUST101622,32,Other,Bangalore,South,2021-05-16
CUST101623,55,Male,Hyderabad,West,2022-01-10
CUST101624,25,Other,Bangalore,West,2022-02-02
CUST101625,22,Female,Mumbai,North,2023-04-29
CUST101626,43,Male,Bangalore,North,2021-11-05
CUST101627,35,Other,Delhi,South,2020-02-18
CUST101628,23,Other,Chennai,South,2023-10-18
CUST101629,54,Other,Mumbai,South,2021-09-18
CUST101630,30,Other,Bangalore,South,2021-11-10
CUST101631,45,Male,Kolkata,West,2020-10-03
CUST101632,22,Other,Chennai,North,2020-02-16
CUST101633,30,Male,Hyderabad,East,2022-07-14
CUST101634,34,Other,Pune,South,2020-08-03
CUST101635,57,Male,Mumbai,North,2020-08-17
CUST101636,62,Male,Kolkata,South,2020-11-18
CUST101637,49,Other,Pune,West,2023-12-15
CUST101638,46,Other,Kolkata,East,2020-08-12
CUST101639,20,Other,Bangalore,North,2023-08-03
CUST101640,57,Other,Mumbai,North,2020-02-15
CUST101641,51,Female,Hyderabad,East,2022-11-03
CUST101642,57,Other,Bangalore,West,2021-09-24
CUST101643,44,Other,Pune,East,2021-01-09
CUST101644,30,Other,Hyderabad,North,2021-12-03
CUST101645,62,Male,Delhi,East,2022-09-13
CUST101646,50,Other,Kolkata,West,2020-11-28
CUST101647,23,Male,Delhi,West,2020-06-14
CUST101648,41,Male,Pune,South,2021-05-21
CUST101649,36,Male,Bangalore,East,2020-04-26
CUST101650,33,Male,Hyderabad,East,2022-07-31
CUST101651,57,Female,Hyderabad,North,2021-09-27
CUST101652,45,Other,Hyderabad,West,2024-01-02
CUST101653,50,Male,Chennai,East,2023-08-20
CUST101654,58,Other,Kolkata,North,2021-04-01
CUST101655,30,Male,Chennai,South,2022-05-18
CUST101656,60,Female,Mumbai,East,2023-07-18
CUST101657,62,Male,Kolkata,East,2020-08-03
CUST101658,42,Other,Delhi,North,2020-04-22
CUST101659,59,Other,Chennai,North,2022-11-05
CUST101660,53,Female,Pune,West,2020-08-03
CUST101661,44,Other,Mumbai,West,2021-03-02
CUST101662,55,Other,Kolkata,West,2023-03-04
CUST101663,24,Male,Hyderabad,East,2022-12-02
CUST101664,22,Other,Pune,North,2022-02-02
CUST101665,60,Male,Mumbai,West,2020-10-10
CUST101666,62,Female,Delhi,East,2022-04-13
CUST101667,48,Other,Hyderabad,West,2023-01-26
CUST101668,40,Male,Pune,South,2022-12-19
CUST101669,59,Other,Kolkata,East,2020-08-17
CUST101670,27,Male,Mumbai,West,2021-01-19
CUST101671,49,Female,Bangalore,West,2020-06-07
CUST101672,60,Male,Kolkata,South,2022-04-03
CUST101673,47,Other,Kolkata,South,2021-04-15
CUST101674,56,Male,Hyderabad,West,2020-07-26
CUST101675,48,Other,Kolkata,West,2020-06-22
CUST101676,35,Female,Hyderabad,North,2023-01-09
CUST101677,53,Male,Kolkata,West,2022-11-07
CUST101678,19,Other,Bangalore,West,2022-10-13
CUST101679,31,Other,Pune,North,2021-12-08
CUST101680,30,Other,Pune,North,2023-08-07
CUST101681,46,Male,Pune,West,2023-10-15
CUST101682,29,Male,Delhi,North,2023-07-26
CUST101683,56,Male,Bangalore,East,2022-09-01
CUST101684,19,Female,Bangalore,South,2021-01-31
CUST101685,49,Other,Mumbai,East,2022-08-31
CUST101686,30,Other,Chennai,South,2022-02-04
CUST101687,63,Female,Pune,South,2023-03-11
CUST101688,44,Female,Chennai,West,2021-11-07
CUST101689,58,Male,Mumbai,South,2021-05-31
CUST101690,34,Male,Bangalore,East,2023-06-28
CUST101691,57,Male,Mumbai,West,2021-10-23
CUST101692,48,Male,Kolkata,North,2023-06-14
CUST101693,51,Male,Mumbai,East,2023-03-01
CUST101694,41,Male,Mumbai,West,2020-11-01
CUST101695,62,Female,Hyderabad,South,2020-12-23
CUST101696,52,Female,Kolkata,East,2023-08-01
CUST101697,23,Female,Hyderabad,South,2023-08-09
CUST101698,36,Other,Chennai,West,2023-04-01
CUST101699,47,Other,Kolkata,West,2021-02-22
CUST101700,24,Male,Delhi,North,2024-01-31
CUST101701,27,Female,Mumbai,North,2021-10-03
CUST101702,58,Other,Mumbai,East,2021-05-21
CUST101703,49,Other,Hyderabad,North,2023-10-17
CUST101704,51,Female,Chennai,South,2020-11-07
CUST101705,45,Other,Hyderabad,South,2021-12-04
CUST101706,32,Other,Bangalore,North,2020-09-01
CUST101707,47,Female,Kolkata,North,2021-04-21
CUST101708,54,Other,Bangalore,North,2021-09-06
CUST101709,46,Female,Delhi,East,2021-03-11
CUST101710,39,Other,Kolkata,East,2020-09-06
CUST101711,21,Female,Delhi,South,2022-11-11
CUST101712,37,Other,Delhi,East,2021-04-21
CUST101713,49,Other,Delhi,East,2021-05-25
CUST101714,53,Female,Pune,West,2023-09-21
CUST101715,21,Other,Kolkata,South,2022-02-12
CUST101716,44,Female,Kolkata,South,2023-09-27
CUST101717,34,Female,Pune,North,2023-09-23
CUST101718,29,Other,Chennai,West,2022-07-12
CUST101719,39,Male,Pune,North,2022-12-01
CUST101720,34,Other,Mumbai,East,2020-03-14
CUST101721,27,Male,Bangalore,South,2022-03-19
CUST101722,18,Male,Bangalore,East,2022-04-10
CUST101723,39,Other,Delhi,East,2022-11-11
CUST101724,43,Male,Kolkata,West,2020-08-07
CUST101725,35,Female,Kolkata,West,2020-03-19
CUST101726,31,Female,Delhi,South,2020-08-22
CUST101727,64,Male,Mumbai,South,2020-06-05
CUST101728,46,Female,Bangalore,West,2020-11-22
CUST101729,29,Other,Pune,West,2023-02-11
CUST101730,53,Female,Chennai,West,2021-10-03
CUST101731,52,Male,Hyderabad,West,2021-09-12
CUST101732,29,Other,Mumbai,South,2022-09-11
CUST101733,24,Female,Kolkata,South,2023-07-22
CUST101734,46,Other,Hyderabad,East,2023-11-05
CUST101735,28,Male,Delhi,East,2022-11-09
CUST101736,50,Female,Bangalore,East,2023-05-17
CUST101737,23,Other,Hyderabad,South,2021-08-28
CUST101738,64,Other,Delhi,North,2022-05-13
CUST101739,32,Female,Kolkata,East,2022-01-18
CUST101740,49,Other,Delhi,North,2023-03-29
CUST101741,28,Other,Pune,North,2022-07-03
CUST101742,40,Male,Hyderabad,North,2022-06-17
CUST101743,43,Male,Hyderabad,West,2022-09-24
CUST101744,51,Male,Bangalore,South,2022-05-09
CUST101745,63,Male,Delhi,South,2021-07-26
CUST101746,51,Male,Bangalore,East,2020-02-07
CUST101747,46,Male,Hyderabad,East,2020-04-27
CUST101748,21,Female,Delhi,South,2021-01-24
CUST101749,34,Male,Delhi,West,2021-11-10
CUST101750,52,Other,Bangalore,South,2021-01-11
CUST101751,30,Female,Pune,North,2022-04-28
CUST101752,58,Other,Delhi,South,2021-01-10
CUST101753,56,Male,Pune,West,2021-08-17
CUST101754,32,Male,Mumbai,South,2022-01-16
CUST101755,46,Other,Chennai,South,2022-12-01
CUST101756,46,Other,Mumbai,South,2024-02-02
CUST101757,28,Other,Chennai,North,2021-04-02
CUST101758,49,Female,Mumbai,East,2023-02-27
CUST101759,19,Male,Chennai,West,2022-11-17
CUST101760,64,Other,Delhi,North,2022-01-10
CUST101761,31,Male,Bangalore,South,2021-09-20
CUST101762,37,Other,Bangalore,South,2020-11-21
CUST101763,39,Male,Kolkata,East,2021-09-10
CUST101764,28,Female,Chennai,East,2020-11-20
CUST101765,44,Male,Kolkata,East,2023-03-29
CUST101766,20,Other,Pune,North,2021-05-30
CUST101767,34,Male,Pune,West,2022-01-15
CUST101768,61,Female,Kolkata,East,2023-07-01
CUST101769,45,Female,Chennai,South,2020-09-04
CUST101770,46,Male,Bangalore,West,2023-10-08
CUST101771,38,Other,Chennai,South,2021-02-01
CUST101772,64,Female,Pune,South,2021-08-04
CUST101773,33,Female,Delhi,West,2020-07-21
CUST101774,54,Male,Kolkata,North,2023-08-18
CUST101775,37,Female,Kolkata,West,2023-03-17
CUST101776,23,Female,Pune,East,2020-08-08
CUST101777,36,Other,Chennai,West,2022-05-16
CUST101778,22,Other,Kolkata,East,2020-09-19
CUST101779,20,Other,Bangalore,East,2020-10-22
CUST101780,18,Male,Kolkata,West,2023-08-31
CUST101781,55,Female,Chennai,West,2022-10-16
CUST101782,32,Male,Pune,East,2020-10-18
CUST101783,51,Female,Bangalore,South,2021-11-14
CUST101784,52,Female,Bangalore,West,2022-05-25
CUST101785,42,Female,Kolkata,North,2022-11-20
CUST101786,41,Other,Chennai,East,2022-12-03
CUST101787,29,Male,Kolkata,South,2021-07-08
CUST101788,35,Male,Hyderabad,West,2023-03-03
CUST101789,32,Female,Delhi,West,2020-12-14
CUST101790,61,Male,Pune,South,2020-08-06
CUST101791,33,Other,Hyderabad,North,2022-10-19
CUST101792,44,Male,Delhi,East,2021-03-25
CUST101793,25,Female,Bangalore,West,2021-05-18
CUST101794,63,Other,Kolkata,North,2020-03-26
CUST101795,42,Other,Delhi,East,2023-06-28
CUST101796,34,Female,Mumbai,North,2023-07-12
CUST101797,46,Male,Delhi,East,2021-06-06
CUST101798,25,Female,Kolkata,East,2023-01-08
CUST101799,32,Male,Kolkata,North,2021-04-05
CUST101800,44,Male,Pune,East,2022-10-10
CUST101801,63,Other,Delhi,West,2021-09-21
CUST101802,24,Female,Kolkata,West,2020-09-08
CUST101803,20,Other,Kolkata,North,2020-01-18
CUST101804,46,Female,Hyderabad,North,2023-07-03
CUST101805,61,Female,Pune,East,2023-06-22
CUST101806,41,Other,Hyderabad,East,2023-03-22
CUST101807,20,Female,Pune,North,2021-05-14
CUST101808,37,Female,Pune,South,2021-04-02
CUST101809,63,Male,Hyderabad,North,2020-04-24
CUST101810,32,Female,Pune,South,2022-01-22
CUST101811,42,Female,Mumbai,South,2022-02-07
CUST101812,47,Other,Bangalore,North,2021-03-22
CUST101813,31,Other,Kolkata,North,2020-12-18
CUST101814,24,Female,Chennai,North,2021-09-16
CUST101815,34,Male,Pune,South,2021-06-24
CUST101816,61,Male,Bangalore,West,2020-11-17
CUST101817,37,Other,Pune,West,2024-01-22
CUST101818,53,Female,Bangalore,North,2020-08-13
CUST101819,26,Female,Chennai,North,2020-12-26
CUST101820,55,Male,Delhi,East,2022-04-13
CUST101821,39,Male,Mumbai,East,2020-04-21
CUST101822,19,Male,Kolkata,East,2020-07-30
CUST101823,41,Other,Delhi,North,2023-06-10
CUST101824,25,Female,Hyderabad,West,2022-08-05
CUST101825,28,Other,Chennai,West,2020-06-07
CUST101826,30,Female,Mumbai,North,2021-07-25
CUST101827,34,Other,Mumbai,North,2023-09-09
CUST101828,25,Female,Mumbai,South,2023-01-21
CUST101829,38,Male,Chennai,South,2023-06-25
CUST101830,35,Male,Pune,West,2021-10-31
CUST101831,47,Male,Pune,East,2023-03-10
CUST101832,35,Other,Hyderabad,West,2022-06-29
CUST101833,63,Male,Pune,South,2022-10-19
CUST101834,64,Female,Delhi,West,2021-02-07
CUST101835,48,Other,Kolkata,South,2021-02-07
CUST101836,55,Female,Mumbai,South,2021-08-23
CUST101837,49,Other,Hyderabad,East,2023-12-08
CUST101838,28,Female,Hyderabad,East,2024-01-03
CUST101839,62,Female,Mumbai,South,2023-06-10
CUST101840,42,Other,Delhi,North,2020-07-11
CUST101841,50,Other,Pune,East,2023-01-27
CUST101842,55,Male,Mumbai,South,2023-02-10
CUST101843,58,Male,Mumbai,North,2023-07-28
CUST101844,25,Female,Chennai,North,2022-09-26
CUST101845,28,Female,Bangalore,West,2021-06-06
CUST101846,39,Female,Hyderabad,West,2020-12-15
CUST101847,41,Other,Delhi,East,2020-11-11
CUST101848,58,Other,Delhi,North,2022-07-31
CUST101849,34,Male,Pune,East,2022-07-01
CUST101850,29,Female,Delhi,South,2021-10-13
CUST101851,63,Male,Pune,East,2021-09-26
CUST101852,49,Other,Chennai,North,2022-10-07
CUST101853,32,Other,Chennai,West,2023-12-30
CUST101854,33,Other,Kolkata,East,2021-08-15
CUST101855,39,Male,Pune,West,2021-03-19
CUST101856,45,Other,Hyderabad,East,2021-09-12
CUST101857,37,Female,Chennai,South,2023-05-16
CUST101858,50,Male,Pune,North,2022-01-25
CUST101859,27,Other,Hyderabad,East,2023-07-23
CUST101860,57,Male,Hyderabad,South,2021-05-11
CUST101861,49,Male,Delhi,South,2022-02-11
CUST101862,50,Other,Kolkata,South,2023-08-13
CUST101863,19,Other,Bangalore,West,2021-01-08
CUST101864,50,Male,Mumbai,West,2020-07-02
CUST101865,50,Male,Mumbai,South,2020-02-01
CUST101866,58,Other,Kolkata,South,2020-10-09
CUST101867,30,Female,Pune,East,2022-04-15
CUST101868,47,Male,Pune,East,2022-05-22
CUST101869,50,Male,Pune,North,2023-12-26
CUST101870,30,Female,Bangalore,East,2021-11-16
CUST101871,43,Other,Hyderabad,North,2021-04-06
CUST101872,39,Other,Mumbai,North,2022-05-20
CUST101873,56,Female,Kolkata,North,2022-09-10
CUST101874,19,Other,Pune,West,2021-01-02
CUST101875,55,Other,Chennai,East,2021-10-19
CUST101876,56,Male,Delhi,South,2023-06-29
CUST101877,43,Male,Bangalore,North,2020-06-14
CUST101878,63,Male,Pune,South,2022-09-26
CUST101879,32,Female,Mumbai,North,2021-08-24
CUST101880,51,Other,Delhi,East,2023-10-26
CUST101881,59,Other,Kolkata,North,2023-01-31
CUST101882,61,Male,Pune,East,2021-08-16
CUST101883,57,Male,Mumbai,South,2020-05-05
CUST101884,28,Female,Delhi,East,2020-02-07
CUST101885,20,Other,Chennai,South,2020-12-13
CUST101886,23,Female,Bangalore,East,2023-05-21
CUST101887,26,Other,Kolkata,North,2023-09-04
CUST101888,23,Female,Mumbai,North,2022-01-06
CUST101889,26,Male,Hyderabad,East,2022-01-03
CUST101890,56,Female,Chennai,South,2021-03-01
CUST101891,48,Female,Bangalore,South,2023-06-24
CUST101892,49,Male,Bangalore,South,2021-10-09
CUST101893,58,Other,Hyderabad,East,2020-10-12
CUST101894,29,Other,Chennai,East,2023-06-08
CUST101895,25,Male,Mumbai,East,2020-11-15
CUST101896,25,Female,Bangalore,East,2021-05-26
CUST101897,45,Female,Kolkata,South,2020-08-12
CUST101898,37,Female,Delhi,South,2021-05-20
CUST101899,64,Other,Kolkata,West,2023-02-04
CUST101900,24,Female,Pune,East,2022-01-11
CUST101901,28,Other,Bangalore,West,2023-09-16
CUST101902,37,Female,Delhi,East,2022-10-25
CUST101903,33,Male,Chennai,West,2021-04-12
CUST101904,21,Male,Delhi,South,2022-07-26
CUST101905,23,Other,Delhi,South,2022-02-03
CUST101906,39,Other,Hyderabad,West,2020-06-11
CUST101907,43,Male,Delhi,North,2021-10-14
CUST101908,20,Male,Bangalore,East,2022-06-19
CUST101909,58,Female,Hyderabad,West,2022-03-18
CUST101910,59,Male,Hyderabad,West,2020-03-22
CUST101911,31,Other,Pune,North,2021-04-25
CUST101912,28,Male,Pune,South,2021-05-30
CUST101913,35,Other,Hyderabad,West,2020-07-05
CUST101914,29,Other,Hyderabad,South,2020-05-25
CUST101915,40,Female,Mumbai,East,2022-10-02
CUST101916,29,Female,Pune,North,2020-05-31
CUST101917,30,Female,Bangalore,South,2023-10-18
CUST101918,42,Female,Mumbai,West,2020-04-02
CUST101919,62,Male,Chennai,North,2022-11-20
CUST101920,36,Female,Chennai,North,2021-06-23
CUST101921,63,Male,Chennai,North,2021-10-10
CUST101922,53,Female,Chennai,North,2021-08-24
CUST101923,62,Female,Chennai,North,2020-02-18
CUST101924,25,Other,Kolkata,East,2023-07-05
CUST101925,46,Male,Hyderabad,East,2021-06-24
CUST101926,49,Other,Bangalore,North,2023-12-04
CUST101927,61,Female,Mumbai,West,2020-06-04
CUST101928,35,Male,Chennai,West,2022-02-13
CUST101929,23,Female,Kolkata,East,2021-06-29
CUST101930,35,Other,Pune,South,2024-01-03
CUST101931,36,Male,Kolkata,North,2023-06-14
CUST101932,39,Other,Kolkata,West,2021-10-11
CUST101933,54,Female,Bangalore,East,2023-10-23
CUST101934,49,Female,Chennai,East,2022-09-27
CUST101935,58,Female,Kolkata,South,2022-12-16
CUST101936,20,Male,Hyderabad,South,2020-06-23
CUST101937,45,Other,Kolkata,West,2023-05-22
CUST101938,27,Other,Chennai,South,2020-01-27
CUST101939,52,Female,Bangalore,South,2023-02-16
CUST101940,46,Other,Kolkata,North,2020-05-26
CUST101941,32,Male,Mumbai,East,2022-05-17
CUST101942,50,Female,Delhi,East,2020-09-21
CUST101943,24,Female,Pune,South,2023-11-27
CUST101944,29,Female,Delhi,East,2020-09-14
CUST101945,47,Male,Delhi,East,2023-04-27
CUST101946,38,Female,Bangalore,West,2022-04-06
CUST101947,48,Female,Kolkata,East,2022-01-12
CUST101948,41,Female,Delhi,South,2021-12-10
CUST101949,37,Female,Delhi,West,2023-06-16
CUST101950,54,Other,Pune,East,2023-09-12
CUST101951,21,Female,Chennai,East,2022-12-29
CUST101952,45,Male,Hyderabad,West,2022-11-14
CUST101953,61,Female,Hyderabad,West,2023-03-25
CUST101954,37,Female,Kolkata,East,2020-08-06
CUST101955,41,Other,Kolkata,North,2021-07-14
CUST101956,49,Female,Pune,North,2023-11-03
CUST101957,58,Other,Chennai,East,2022-06-10
CUST101958,53,Male,Kolkata,East,2023-05-02
CUST101959,51,Other,Hyderabad,West,2022-11-29
CUST101960,53,Female,Hyderabad,West,2021-08-19
CUST101961,19,Male,Mumbai,East,2020-12-08
CUST101962,32,Female,Pune,East,2021-05-17
CUST101963,51,Other,Bangalore,East,2021-03-25
CUST101964,53,Male,Chennai,East,2020-12-01
CUST101965,23,Male,Pune,North,2020-01-04
CUST101966,56,Other,Delhi,West,2022-01-28
CUST101967,59,Other,Kolkata,South,2021-05-31
CUST101968,29,Male,Mumbai,East,2023-06-03
CUST101969,20,Male,Hyderabad,East,2023-03-19
CUST101970,62,Other,Mumbai,East,2020-08-25
CUST101971,35,Female,Bangalore,South,2020-04-12
CUST101972,57,Male,Pune,West,2023-04-13
CUST101973,38,Other,Mumbai,West,2022-10-06
CUST101974,32,Female,Pune,East,2024-01-24
CUST101975,50,Male,Kolkata,East,2022-11-23
CUST101976,52,Male,Kolkata,West,2021-06-01
CUST101977,43,Other,Hyderabad,South,2021-03-15
CUST101978,25,Female,Mumbai,East,2023-08-01
CUST101979,53,Male,Kolkata,South,2020-08-12
CUST101980,47,Female,Pune,South,2021-07-18
CUST101981,40,Female,Hyderabad,West,2023-07-04
CUST101982,59,Male,Kolkata,East,2022-12-18
CUST101983,61,Female,Hyderabad,North,2020-09-02
CUST101984,31,Male,Delhi,West,2023-05-22
CUST101985,31,Female,Pune,West,2022-07-16
CUST101986,19,Male,Hyderabad,North,2022-08-10
CUST101987,54,Other,Chennai,East,2022-03-29
CUST101988,22,Male,Kolkata,South,2020-08-03
CUST101989,55,Male,Kolkata,South,2023-11-27
CUST101990,62,Male,Pune,South,2020-10-09
CUST101991,58,Female,Bangalore,East,2021-07-26
CUST101992,64,Other,Chennai,West,2023-05-23
CUST101993,31,Female,Hyderabad,West,2021-01-16
CUST101994,56,Female,Chennai,West,2022-12-04
CUST101995,42,Male,Hyderabad,West,2020-06-20
CUST101996,37,Female,Chennai,West,2023-05-29
CUST101997,19,Male,Mumbai,North,2023-11-09
CUST101998,56,Other,Delhi,South,2023-01-23
CUST101999,23,Female,Delhi,South,2020-02-13
CUST102000,34,Female,Bangalore,East,2020-08-15
CUST102001,42,Female,Chennai,North,2021-07-27
CUST102002,45,Male,Chennai,West,2020-11-12
CUST102003,19,Male,Kolkata,West,2021-12-31
CUST102004,52,Female,Hyderabad,West,2023-09-20
CUST102005,54,Female,Pune,North,2021-08-23
CUST102006,22,Other,Mumbai,East,2021-09-15
CUST102007,18,Other,Mumbai,North,2021-04-11
CUST102008,57,Other,Bangalore,East,2020-10-23
CUST102009,29,Other,Delhi,South,2021-06-28
CUST102010,53,Other,Chennai,East,2021-05-03
CUST102011,62,Male,Pune,South,2022-10-16
CUST102012,40,Other,Bangalore,East,2020-08-02
CUST102013,64,Other,Hyderabad,South,2022-10-22
CUST102014,48,Female,Mumbai,South,2021-10-22
CUST102015,28,Male,Mumbai,West,2021-10-15
CUST102016,27,Other,Mumbai,East,2022-03-12
CUST102017,20,Other,Chennai,West,2023-05-15
CUST102018,31,Other,Chennai,South,2020-12-06
CUST102019,33,Female,Chennai,West,2021-12-04
CUST102020,27,Female,Kolkata,North,2021-02-10
CUST102021,46,Female,Delhi,West,2022-05-02
CUST102022,27,Other,Hyderabad,East,2020-11-01
CUST102023,29,Female,Mumbai,West,2024-02-01
CUST102024,47,Other,Mumbai,North,2022-05-23
CUST102025,58,Male,Kolkata,West,2021-05-09
CUST102026,18,Other,Mumbai,South,2023-07-08
CUST102027,22,Female,Hyderabad,South,2021-07-31
CUST102028,37,Male,Mumbai,South,2023-10-19
CUST102029,25,Other,Chennai,East,2021-06-24
CUST102030,60,Male,Chennai,West,2022-02-06
CUST102031,29,Male,Delhi,South,2022-06-14
CUST102032,18,Male,Hyderabad,West,2021-03-30
CUST102033,37,Other,Hyderabad,North,2023-03-13
CUST102034,45,Female,Mumbai,North,2023-04-30
CUST102035,60,Other,Bangalore,East,2023-10-08
CUST102036,54,Female,Mumbai,West,2020-10-25
CUST102037,64,Other,Mumbai,North,2024-01-23
CUST102038,54,Other,Delhi,East,2021-03-02
CUST102039,29,Other,Bangalore,East,2021-12-16
CUST102040,54,Female,Mumbai,South,2022-01-26
CUST102041,61,Other,Pune,North,2020-01-31
CUST102042,45,Male,Pune,West,2020-11-27
CUST102043,64,Other,Hyderabad,North,2023-12-05
CUST102044,32,Male,Hyderabad,North,2020-02-21
CUST102045,23,Female,Bangalore,West,2023-11-08
CUST102046,61,Female,Pune,West,2020-08-30
CUST102047,37,Other,Chennai,South,2022-02-13
CUST102048,31,Other,Chennai,East,2021-11-16
CUST102049,19,Other,Bangalore,West,2023-12-11
CUST102050,26,Male,Mumbai,West,2024-02-07
CUST102051,54,Female,Hyderabad,North,2023-11-16
CUST102052,37,Male,Bangalore,West,2023-11-13
CUST102053,43,Male,Pune,West,2021-07-26
CUST102054,46,Other,Bangalore,North,2022-05-21
CUST102055,18,Other,Pune,North,2021-11-30
CUST102056,52,Male,Hyderabad,North,2024-02-01
CUST102057,23,Male,Chennai,South,2023-12-02
CUST102058,54,Other,Bangalore,East,2021-06-02
CUST102059,22,Other,Hyderabad,West,2023-04-27
CUST102060,50,Male,Hyderabad,North,2021-08-17
CUST102061,31,Other,Kolkata,North,2023-10-06
CUST102062,29,Other,Pune,East,2020-10-09
CUST102063,59,Male,Kolkata,South,2023-03-26
CUST102064,37,Male,Chennai,West,2021-08-21
CUST102065,41,Female,Hyderabad,South,2020-05-27
CUST102066,60,Male,Hyderabad,South,2020-03-10
CUST102067,51,Other,Mumbai,South,2023-10-25
CUST102068,42,Male,Pune,North,2020-08-21
CUST102069,46,Male,Mumbai,East,2021-11-09
CUST102070,56,Male,Chennai,East,2021-09-27
CUST102071,48,Female,Mumbai,East,2021-04-11
CUST102072,64,Female,Hyderabad,South,2021-07-10
CUST102073,60,Other,Pune,West,2022-06-12
CUST102074,40,Female,Delhi,South,2022-04-15
CUST102075,61,Male,Pune,East,2023-08-03
CUST102076,55,Female,Pune,North,2021-09-09
CUST102077,37,Male,Kolkata,South,2023-08-10
CUST102078,40,Female,Delhi,North,2020-05-13
CUST102079,62,Female,Delhi,East,2020-01-08
CUST102080,33,Female,Delhi,South,2020-01-28
CUST102081,59,Male,Pune,North,2022-02-21
CUST102082,25,Female,Chennai,South,2023-08-26
CUST102083,38,Male,Delhi,East,2021-06-24
CUST102084,18,Male,Bangalore,West,2021-09-18
CUST102085,25,Other,Mumbai,East,2022-11-23
CUST102086,46,Female,Chennai,West,2020-01-07
CUST102087,49,Other,Bangalore,West,2020-02-09
CUST102088,55,Other,Pune,East,2023-09-15
CUST102089,22,Male,Pune,North,2022-06-27
CUST102090,64,Female,Bangalore,South,2020-03-02
CUST102091,39,Male,Kolkata,South,2023-01-14
CUST102092,64,Male,Kolkata,South,2023-02-13
CUST102093,51,Female,Bangalore,West,2023-08-13
CUST102094,18,Male,Kolkata,West,2021-01-13
CUST102095,43,Female,Mumbai,East,2020-11-17
CUST102096,60,Female,Mumbai,North,2022-01-02
CUST102097,27,Male,Pune,East,2023-11-19
CUST102098,47,Male,Kolkata,East,2023-10-12
CUST102099,35,Other,Delhi,North,2022-04-18
CUST102100,34,Male,Bangalore,West,2021-02-22
CUST102101,43,Female,Mumbai,East,2023-09-21
CUST102102,25,Other,Hyderabad,East,2020-01-20
CUST102103,64,Female,Kolkata,West,2021-02-15
CUST102104,57,Other,Hyderabad,South,2021-07-02
CUST102105,29,Male,Kolkata,North,2023-07-06
CUST102106,44,Male,Mumbai,North,2021-08-27
CUST102107,25,Male,Mumbai,South,2020-12-22
CUST102108,42,Female,Delhi,North,2020-07-19
CUST102109,63,Other,Kolkata,South,2023-12-05
CUST102110,21,Female,Kolkata,East,2023-08-04
CUST102111,50,Other,Chennai,North,2022-12-07
CUST102112,18,Male,Pune,North,2022-02-03
CUST102113,36,Female,Delhi,East,2023-10-25
CUST102114,48,Male,Mumbai,West,2020-08-18
CUST102115,33,Female,Hyderabad,West,2023-01-23
CUST102116,31,Male,Mumbai,East,2020-10-29
CUST102117,22,Female,Bangalore,North,2023-05-26
CUST102118,58,Female,Pune,North,2021-01-21
CUST102119,43,Other,Mumbai,North,2021-12-15
CUST102120,45,Male,Kolkata,South,2022-07-13
CUST102121,19,Other,Mumbai,West,2023-01-19
CUST102122,23,Other,Kolkata,North,2020-02-27
CUST102123,26,Male,Kolkata,West,2021-03-09
CUST102124,50,Female,Delhi,West,2021-06-05
CUST102125,58,Other,Mumbai,North,2022-02-06
CUST102126,42,Male,Delhi,East,2022-04-08
CUST102127,30,Female,Hyderabad,East,2021-04-27
CUST102128,26,Other,Hyderabad,West,2021-01-01
CUST102129,30,Other,Pune,South,2022-06-07
CUST102130,48,Other,Kolkata,West,2023-12-01
CUST102131,58,Female,Hyderabad,West,2023-09-16
CUST102132,28,Other,Pune,East,2023-06-12
CUST102133,21,Female,Mumbai,North,2022-06-01
CUST102134,51,Other,Pune,North,2021-02-14
CUST102135,55,Male,Pune,South,2020-07-01
CUST102136,63,Other,Mumbai,East,2023-08-03
CUST102137,21,Male,Delhi,East,2023-02-20
CUST102138,55,Male,Delhi,West,2020-06-06
CUST102139,36,Male,Kolkata,East,2023-09-08
CUST102140,23,Female,Kolkata,West,2020-01-13
CUST102141,51,Male,Mumbai,South,2021-07-19
CUST102142,35,Other,Mumbai,East,2022-05-21
CUST102143,30,Female,Chennai,East,2021-07-08
CUST102144,58,Male,Chennai,West,2021-11-08
CUST102145,40,Female,Bangalore,East,2022-05-12
CUST102146,36,Female,Hyderabad,North,2021-09-09
CUST102147,62,Female,Kolkata,South,2020-07-22
CUST102148,28,Other,Pune,North,2022-08-14
CUST102149,18,Male,Hyderabad,West,2020-10-28
CUST102150,41,Female,Bangalore,West,2022-12-02
CUST102151,24,Female,Hyderabad,West,2022-03-05
CUST102152,42,Female,Bangalore,South,2021-08-19
CUST102153,38,Male,Delhi,East,2021-12-29
CUST102154,32,Female,Pune,North,2021-05-20
CUST102155,18,Female,Delhi,East,2021-09-30
CUST102156,29,Other,Chennai,West,2020-07-09
CUST102157,24,Male,Bangalore,East,2022-06-17
CUST102158,32,Other,Hyderabad,South,2020-02-29
CUST102159,38,Male,Chennai,West,2024-01-29
CUST102160,36,Male,Pune,East,2023-11-03
CUST102161,46,Male,Pune,North,2023-12-23
CUST102162,42,Other,Kolkata,West,2020-03-02
CUST102163,50,Other,Mumbai,West,2020-10-28
CUST102164,49,Other,Delhi,South,2021-09-29
CUST102165,52,Other,Kolkata,South,2022-09-25
CUST102166,61,Female,Hyderabad,North,2020-06-20
CUST102167,55,Female,Kolkata,East,2020-03-03
CUST102168,43,Female,Hyderabad,East,2022-02-10
CUST102169,28,Male,Delhi,West,2020-01-16
CUST102170,52,Female,Delhi,West,2021-11-21
CUST102171,25,Male,Pune,East,2022-04-21
CUST102172,63,Other,Pune,East,2023-01-29
CUST102173,31,Male,Bangalore,East,2023-04-14
CUST102174,27,Male,Chennai,West,2023-05-01
CUST102175,19,Female,Pune,South,2022-06-17
CUST102176,63,Other,Kolkata,South,2023-07-20
CUST102177,26,Other,Bangalore,North,2024-01-30
CUST102178,20,Female,Hyderabad,East,2022-07-21
CUST102179,38,Other,Bangalore,East,2020-06-23
CUST102180,43,Other,Kolkata,East,2023-06-11
CUST102181,25,Other,Pune,North,2023-05-24
CUST102182,19,Female,Hyderabad,East,2021-02-20
CUST102183,23,Other,Kolkata,South,2021-03-26
CUST102184,45,Male,Mumbai,East,2022-04-15
CUST102185,46,Male,Pune,North,2020-10-06
CUST102186,43,Other,Chennai,West,2020-08-31
CUST102187,42,Female,Hyderabad,West,2021-11-05
CUST102188,29,Female,Kolkata,South,2020-05-25
CUST102189,22,Female,Pune,South,2022-12-26
CUST102190,51,Other,Delhi,South,2020-04-12
CUST102191,54,Other,Mumbai,West,2020-11-05
CUST102192,32,Male,Hyderabad,East,2020-04-26
CUST102193,61,Female,Hyderabad,North,2024-02-04
CUST102194,53,Male,Chennai,North,2022-02-01
CUST102195,32,Male,Pune,East,2023-09-06
CUST102196,60,Female,Delhi,West,2023-12-29
CUST102197,40,Other,Pune,West,2023-10-25
CUST102198,23,Other,Delhi,North,2022-01-07
CUST102199,63,Male,Chennai,South,2020-07-05
CUST102200,61,Male,Mumbai,South,2022-02-23
CUST102201,60,Male,Hyderabad,North,2024-02-01
CUST102202,62,Male,Delhi,North,2021-12-07
CUST102203,38,Female,Bangalore,East,2022-05-25
CUST102204,40,Male,Chennai,East,2022-03-06
CUST102205,60,Male,Chennai,East,2021-04-17
CUST102206,33,Other,Kolkata,East,2021-07-09
CUST102207,64,Other,Mumbai,East,2024-01-17
CUST102208,32,Other,Bangalore,East,2024-01-09
CUST102209,42,Female,Bangalore,South,2021-11-12
CUST102210,53,Female,Kolkata,North,2020-04-03
CUST102211,28,Other,Delhi,West,2022-01-05
CUST102212,32,Other,Delhi,East,2022-02-28
CUST102213,21,Male,Bangalore,South,2020-02-07
CUST102214,38,Male,Mumbai,North,2022-02-20
CUST102215,30,Female,Delhi,North,2021-04-26
CUST102216,39,Female,Chennai,North,2020-04-20
CUST102217,36,Male,Pune,East,2021-02-13
CUST102218,51,Other,Kolkata,East,2023-04-06
CUST102219,31,Male,Mumbai,West,2021-01-31
CUST102220,21,Female,Delhi,East,2023-02-24
CUST102221,63,Female,Pune,North,2020-02-11
CUST102222,44,Male,Bangalore,North,2020-02-10
CUST102223,46,Male,Kolkata,South,2021-02-02
CUST102224,64,Male,Delhi,South,2020-06-30
CUST102225,45,Female,Bangalore,West,2023-04-19
CUST102226,52,Other,Delhi,South,2022-01-13
CUST102227,25,Male,Kolkata,West,2021-12-18
CUST102228,33,Female,Chennai,South,2021-04-08
CUST102229,59,Female,Hyderabad,North,2022-12-09
CUST102230,53,Female,Chennai,East,2023-12-02
CUST102231,47,Male,Hyderabad,East,2023-11-25
CUST102232,35,Male,Pune,West,2023-03-15
CUST102233,19,Other,Bangalore,East,2020-10-24
CUST102234,30,Female,Hyderabad,East,2020-05-24
CUST102235,21,Male,Chennai,South,2020-01-16
CUST102236,43,Female,Kolkata,North,2023-01-13
CUST102237,42,Female,Bangalore,East,2023-05-24
CUST102238,47,Other,Delhi,North,2022-12-11
CUST102239,28,Male,Hyderabad,South,2020-04-16
CUST102240,24,Male,Hyderabad,South,2020-08-06
CUST102241,48,Female,Mumbai,East,2022-07-23
CUST102242,61,Female,Hyderabad,East,2020-12-02
CUST102243,27,Other,Hyderabad,South,2022-07-09
CUST102244,56,Other,Delhi,South,2021-01-05
CUST102245,30,Other,Kolkata,West,2022-09-24
CUST102246,48,Other,Pune,West,2022-03-20
CUST102247,24,Other,Bangalore,North,2020-09-10
CUST102248,59,Other,Delhi,South,2023-11-29
CUST102249,59,Female,Bangalore,North,2021-08-02
CUST102250,53,Other,Chennai,South,2021-09-27
CUST102251,37,Female,Mumbai,North,2022-11-19
CUST102252,21,Female,Kolkata,West,2020-07-03
CUST102253,24,Male,Delhi,South,2023-08-05
CUST102254,18,Female,Mumbai,South,2023-10-14
CUST102255,61,Female,Hyderabad,North,2021-04-18
CUST102256,62,Other,Kolkata,North,2022-09-11
CUST102257,59,Female,Kolkata,East,2023-11-24
CUST102258,64,Other,Pune,East,2022-09-10
CUST102259,30,Other,Chennai,West,2023-03-02
CUST102260,39,Other,Pune,South,2021-05-16
CUST102261,38,Male,Pune,South,2022-05-23
CUST102262,39,Other,Bangalore,North,2023-01-05
CUST102263,45,Female,Bangalore,West,2020-12-15
CUST102264,26,Other,Hyderabad,South,2020-02-29
CUST102265,43,Other,Mumbai,West,2024-01-18
CUST102266,26,Other,Chennai,East,2022-05-28
CUST102267,32,Male,Kolkata,North,2021-04-09
CUST102268,27,Female,Hyderabad,South,2020-11-06
CUST102269,41,Male,Chennai,North,2023-01-19
CUST102270,59,Female,Chennai,East,2022-07-19
CUST102271,25,Male,Mumbai,West,2022-08-22
CUST102272,41,Female,Bangalore,West,2023-08-14
CUST102273,33,Male,Chennai,East,2023-09-10
CUST102274,43,Other,Chennai,East,2020-10-06
CUST102275,44,Male,Chennai,South,2021-12-11
CUST102276,54,Male,Delhi,South,2022-08-24
CUST102277,21,Other,Chennai,South,2023-02-15
CUST102278,41,Other,Chennai,South,2021-11-25
CUST102279,36,Female,Kolkata,South,2022-06-28
CUST102280,53,Female,Pune,West,2021-07-20
CUST102281,56,Female,Delhi,South,2020-09-27
CUST102282,27,Male,Chennai,East,2023-01-29
CUST102283,42,Female,Pune,East,2023-11-12
CUST102284,35,Male,Chennai,South,2023-08-02
CUST102285,36,Male,Mumbai,East,2022-09-06
CUST102286,53,Female,Mumbai,North,2022-12-12
CUST102287,27,Female,Pune,West,2022-04-20
CUST102288,50,Male,Delhi,West,2022-09-30
CUST102289,22,Other,Kolkata,South,2020-08-27
CUST102290,64,Other,Delhi,North,2023-05-22
CUST102291,52,Male,Delhi,South,2020-12-26
CUST102292,61,Female,Mumbai,South,2023-10-19
CUST102293,51,Male,Mumbai,East,2022-01-03
CUST102294,50,Male,Kolkata,West,2022-05-01
CUST102295,38,Female,Hyderabad,North,2022-05-09
CUST102296,34,Other,Hyderabad,East,2021-12-01
CUST102297,39,Male,Hyderabad,West,2023-09-12
CUST102298,54,Other,Chennai,West,2022-04-15
CUST102299,32,Other,Kolkata,South,2024-02-08
CUST102300,52,Female,Chennai,North,2022-04-02
CUST102301,45,Male,Pune,South,2020-04-06
CUST102302,24,Male,Pune,East,2020-11-22
CUST102303,49,Other,Bangalore,South,2020-03-13
CUST102304,28,Other,Hyderabad,South,2022-09-20
CUST102305,27,Female,Mumbai,West,2023-07-03
CUST102306,26,Other,Bangalore,West,2023-04-08
CUST102307,31,Female,Bangalore,East,2022-09-20
CUST102308,30,Male,Mumbai,West,2020-11-28
CUST102309,42,Female,Bangalore,West,2023-03-26
CUST102310,19,Other,Hyderabad,West,2023-12-13
CUST102311,52,Male,Delhi,South,2021-04-02
CUST102312,24,Female,Chennai,North,2022-01-03
CUST102313,38,Male,Hyderabad,East,2022-05-25
CUST102314,35,Female,Kolkata,South,2022-05-07
CUST102315,20,Other,Mumbai,East,2020-04-08
CUST102316,59,Other,Delhi,South,2022-01-01
CUST102317,56,Male,Pune,East,2022-07-13
CUST102318,58,Male,Kolkata,West,2020-08-31
CUST102319,28,Male,Kolkata,East,2024-01-04
CUST102320,56,Female,Kolkata,North,2023-05-02
CUST102321,41,Other,Bangalore,East,2023-10-30
CUST102322,63,Male,Bangalore,North,2021-10-23
CUST102323,36,Male,Bangalore,East,2022-10-02
CUST102324,21,Male,Hyderabad,West,2021-01-01
CUST102325,43,Female,Bangalore,East,2023-03-24
CUST102326,55,Male,Delhi,South,2021-05-13
CUST102327,59,Male,Bangalore,West,2024-01-21
CUST102328,49,Female,Mumbai,West,2020-04-22
CUST102329,56,Female,Kolkata,South,2022-08-02
CUST102330,62,Male,Delhi,West,2022-11-13
CUST102331,63,Male,Pune,West,2020-10-09
CUST102332,53,Female,Bangalore,South,2023-08-08
CUST102333,57,Other,Pune,West,2023-10-18
CUST102334,54,Female,Kolkata,West,2021-02-04
CUST102335,50,Other,Delhi,West,2021-07-21
CUST102336,53,Male,Kolkata,West,2023-07-13
CUST102337,20,Male,Pune,East,2022-12-13
CUST102338,26,Other,Hyderabad,West,2021-12-14
CUST102339,25,Female,Delhi,West,2021-02-25
CUST102340,50,Male,Chennai,West,2022-04-28
CUST102341,23,Other,Hyderabad,East,2024-02-06
CUST102342,58,Female,Delhi,North,2023-06-20
CUST102343,56,Other,Bangalore,West,2023-10-09
CUST102344,21,Female,Pune,North,2023-11-12
CUST102345,30,Female,Kolkata,North,2023-04-16
CUST102346,19,Female,Kolkata,South,2021-04-19
CUST102347,22,Female,Kolkata,South,2021-02-08
CUST102348,61,Other,Mumbai,North,2020-02-05
CUST102349,44,Other,Mumbai,East,2020-12-23
CUST102350,49,Other,Bangalore,West,2021-07-11
CUST102351,38,Other,Chennai,West,2023-09-12
CUST102352,25,Other,Mumbai,West,2022-12-03
CUST102353,55,Female,Delhi,South,2020-11-15
CUST102354,25,Male,Hyderabad,South,2022-01-07
CUST102355,20,Male,Pune,West,2021-10-19
CUST102356,61,Other,Bangalore,North,2021-04-16
CUST102357,20,Other,Hyderabad,South,2023-07-16
CUST102358,39,Male,Chennai,West,2021-06-08
CUST102359,23,Female,Hyderabad,North,2020-01-25
CUST102360,19,Other,Delhi,West,2021-10-01
CUST102361,40,Female,Kolkata,South,2023-03-26
CUST102362,61,Male,Mumbai,East,2022-05-25
CUST102363,19,Male,Delhi,East,2023-04-23
CUST102364,55,Other,Chennai,South,2020-06-22
CUST102365,34,Female,Bangalore,North,2023-11-18
CUST102366,52,Other,Hyderabad,West,2020-07-04
CUST102367,51,Male,Delhi,South,2023-07-28
CUST102368,40,Female,Bangalore,North,2022-09-27
CUST102369,47,Other,Kolkata,West,2023-08-11
CUST102370,25,Other,Chennai,West,2021-06-11
CUST102371,39,Other,Chennai,South,2023-04-26
CUST102372,61,Male,Hyderabad,West,2023-12-06
CUST102373,53,Other,Mumbai,East,2022-08-29
CUST102374,22,Female,Pune,East,2021-11-14
CUST102375,30,Other,Chennai,West,2020-07-04
CUST102376,46,Male,Delhi,South,2021-07-28
CUST102377,48,Other,Delhi,West,2023-08-17
CUST102378,64,Male,Delhi,South,2020-11-04
CUST102379,33,Male,Kolkata,South,2023-04-27
CUST102380,59,Female,Chennai,East,2023-12-05
CUST102381,47,Female,Chennai,East,2021-06-21
CUST102382,33,Other,Delhi,North,2023-11-11
CUST102383,29,Male,Hyderabad,South,2022-05-07
CUST102384,34,Male,Mumbai,West,2020-07-11
CUST102385,33,Female,Hyderabad,South,2023-04-01
CUST102386,29,Female,Mumbai,East,2020-02-22
CUST102387,25,Other,Chennai,South,2021-04-19
CUST102388,37,Male,Hyderabad,North,2020-06-22
CUST102389,20,Female,Chennai,West,2023-05-04
CUST102390,33,Other,Bangalore,South,2023-05-19
CUST102391,47,Male,Chennai,West,2021-11-30
CUST102392,62,Male,Hyderabad,West,2021-01-24
CUST102393,40,Female,Delhi,East,2023-08-24
CUST102394,45,Other,Pune,South,2021-04-01
CUST102395,57,Female,Kolkata,West,2023-09-16
CUST102396,22,Other,Chennai,East,2023-09-14
CUST102397,37,Male,Chennai,North,2022-11-18
CUST102398,57,Other,Delhi,North,2020-05-01
CUST102399,61,Other,Bangalore,South,2024-01-21
CUST102400,18,Other,Pune,West,2021-02-21
CUST102401,47,Other,Chennai,South,2020-06-07
CUST102402,38,Other,Mumbai,West,2021-08-20
CUST102403,37,Female,Mumbai,East,2021-05-30
CUST102404,23,Other,Mumbai,North,2022-10-22
CUST102405,39,Other,Kolkata,North,2023-08-18
CUST102406,35,Male,Kolkata,North,2023-01-07
CUST102407,25,Other,Pune,North,2021-10-20
CUST102408,56,Male,Chennai,South,2021-11-08
CUST102409,49,Female,Chennai,West,2020-11-10
CUST102410,50,Female,Chennai,South,2020-11-23
CUST102411,33,Other,Kolkata,East,2020-10-02
CUST102412,29,Female,Pune,North,2021-12-16
CUST102413,55,Other,Chennai,West,2021-03-27
CUST102414,51,Female,Delhi,South,2021-04-30
CUST102415,31,Other,Bangalore,West,2023-02-04
CUST102416,53,Other,Hyderabad,South,2021-07-20
CUST102417,50,Male,Mumbai,West,2020-09-02
CUST102418,40,Male,Mumbai,West,2022-07-23
CUST102419,62,Male,Delhi,North,2022-06-07
CUST102420,19,Male,Chennai,South,2020-06-12
CUST102421,58,Other,Pune,East,2021-06-10
CUST102422,38,Female,Pune,West,2020-01-01
CUST102423,19,Other,Kolkata,East,2022-05-12
CUST102424,44,Male,Chennai,North,2020-05-16
CUST102425,26,Male,Pune,East,2020-05-30
CUST102426,18,Female,Chennai,West,2023-04-18
CUST102427,28,Male,Mumbai,West,2022-09-30
CUST102428,20,Other,Hyderabad,West,2022-11-07
CUST102429,40,Other,Hyderabad,South,2023-06-02
CUST102430,43,Other,Hyderabad,East,2023-02-02
CUST102431,21,Other,Mumbai,South,2022-09-25
CUST102432,35,Other,Kolkata,West,2021-11-28
CUST102433,23,Female,Hyderabad,West,2022-12-24
CUST102434,52,Other,Mumbai,North,2020-11-28
CUST102435,39,Male,Chennai,North,2021-01-06
CUST102436,60,Male,Hyderabad,West,2023-05-15
CUST102437,32,Male,Delhi,South,2023-06-06
CUST102438,39,Male,Kolkata,South,2021-08-03
CUST102439,54,Female,Delhi,West,2023-03-11
CUST102440,59,Male,Chennai,East,2021-11-16
CUST102441,29,Female,Kolkata,South,2021-12-09
CUST102442,64,Male,Delhi,West,2023-09-16
CUST102443,59,Female,Kolkata,North,2022-07-16
CUST102444,55,Female,Chennai,West,2022-01-09
CUST102445,35,Female,Pune,South,2020-09-27
CUST102446,62,Male,Hyderabad,West,2021-12-11
CUST102447,52,Female,Kolkata,East,2020-11-20
CUST102448,47,Other,Hyderabad,East,2022-09-16
CUST102449,41,Other,Hyderabad,South,2022-03-08
CUST102450,59,Male,Pune,West,2022-07-08
CUST102451,47,Other,Chennai,East,2021-06-30
CUST102452,31,Other,Kolkata,East,2022-12-28
CUST102453,23,Other,Kolkata,North,2022-06-26
CUST102454,20,Male,Pune,South,2020-07-30
CUST102455,33,Male,Mumbai,North,2023-11-06
CUST102456,24,Other,Pune,North,2023-12-14
CUST102457,31,Male,Pune,East,2021-08-19
CUST102458,26,Female,Pune,West,2020-02-17
CUST102459,32,Other,Chennai,North,2020-08-18
CUST102460,38,Male,Bangalore,South,2021-08-01
CUST102461,52,Male,Pune,South,2022-08-07
CUST102462,19,Other,Kolkata,West,2023-01-17
CUST102463,44,Male,Delhi,South,2022-07-20
CUST102464,19,Other,Mumbai,North,2020-02-21
CUST102465,52,Male,Pune,West,2021-02-25
CUST102466,35,Female,Pune,South,2021-09-02
CUST102467,31,Other,Mumbai,South,2021-03-21
CUST102468,37,Female,Pune,North,2022-08-18
CUST102469,35,Other,Kolkata,North,2020-05-10
CUST102470,27,Male,Bangalore,North,2021-08-22
CUST102471,42,Female,Pune,North,2021-01-08
CUST102472,19,Male,Mumbai,West,2021-07-04
CUST102473,42,Other,Pune,West,2021-06-13
CUST102474,50,Other,Chennai,West,2023-02-02
CUST102475,53,Other,Kolkata,East,2021-01-21
CUST102476,48,Other,Kolkata,North,2020-12-01
CUST102477,31,Other,Bangalore,North,2022-01-05
CUST102478,18,Female,Chennai,West,2023-02-14
CUST102479,63,Other,Chennai,South,2022-10-21
CUST102480,33,Male,Bangalore,South,2022-06-14
CUST102481,63,Female,Hyderabad,North,2021-06-21
CUST102482,20,Male,Hyderabad,North,2023-12-30
CUST102483,52,Other,Delhi,West,2021-05-10
CUST102484,58,Male,Hyderabad,North,2022-11-01
CUST102485,23,Female,Pune,South,2023-08-10
CUST102486,42,Female,Chennai,South,2021-05-22
CUST102487,30,Female,Delhi,North,2021-11-11
CUST102488,51,Male,Delhi,West,2021-07-18
CUST102489,25,Female,Kolkata,West,2022-02-19
CUST102490,38,Male,Pune,South,2022-01-29
CUST102491,51,Other,Kolkata,West,2020-05-07
CUST102492,21,Other,Mumbai,South,2023-01-04
CUST102493,42,Male,Hyderabad,North,2023-07-16
CUST102494,32,Female,Kolkata,South,2020-05-25
CUST102495,21,Male,Chennai,North,2023-11-27
CUST102496,62,Male,Chennai,West,2021-05-13
CUST102497,29,Male,Pune,East,2022-08-23
CUST102498,49,Other,Delhi,East,2021-07-13
CUST102499,49,Male,Chennai,East,2023-05-07
CUST102500,45,Other,Hyderabad,South,2022-07-12
CUST102501,30,Male,Kolkata,East,2021-02-06
CUST102502,48,Other,Hyderabad,South,2022-09-02
CUST102503,31,Male,Kolkata,West,2023-05-17
CUST102504,37,Male,Pune,North,2020-12-07
CUST102505,35,Female,Hyderabad,East,2022-12-07
CUST102506,46,Female,Kolkata,South,2021-06-24
CUST102507,23,Male,Hyderabad,West,2023-04-14
CUST102508,49,Male,Bangalore,West,2021-05-25
CUST102509,46,Male,Pune,East,2020-01-19
CUST102510,60,Male,Pune,West,2021-05-09
CUST102511,19,Female,Chennai,West,2020-12-20
CUST102512,40,Other,Pune,West,2021-07-12
CUST102513,36,Male,Mumbai,South,2020-12-10
CUST102514,48,Female,Chennai,West,2022-12-19
CUST102515,22,Male,Chennai,West,2021-11-18
CUST102516,36,Male,Hyderabad,West,2020-08-16
CUST102517,51,Other,Bangalore,West,2020-05-26
CUST102518,27,Male,Chennai,West,2023-08-14
CUST102519,42,Male,Delhi,South,2023-09-18
CUST102520,19,Other,Kolkata,West,2020-11-27
CUST102521,28,Other,Kolkata,West,2021-03-08
CUST102522,48,Other,Pune,North,2021-02-02
CUST102523,32,Other,Hyderabad,West,2022-04-15
CUST102524,26,Female,Bangalore,West,2023-09-20
CUST102525,40,Female,Kolkata,South,2023-05-17
CUST102526,36,Female,Delhi,West,2023-12-05
CUST102527,26,Male,Bangalore,South,2021-08-09
CUST102528,52,Other,Mumbai,East,2021-08-21
CUST102529,38,Other,Kolkata,West,2023-07-18
CUST102530,26,Female,Chennai,North,2023-04-18
CUST102531,45,Male,Delhi,South,2023-12-09
CUST102532,63,Male,Hyderabad,East,2022-01-26
CUST102533,24,Male,Hyderabad,North,2020-12-11
CUST102534,33,Female,Delhi,South,2024-01-01
CUST102535,33,Male,Kolkata,East,2022-11-02
CUST102536,50,Male,Pune,North,2023-11-28
CUST102537,21,Male,Mumbai,West,2022-01-07
CUST102538,21,Other,Chennai,North,2021-01-14
CUST102539,56,Female,Mumbai,North,2021-02-24
CUST102540,57,Other,Mumbai,North,2023-04-18
CUST102541,34,Other,Kolkata,South,2022-10-07
CUST102542,54,Female,Chennai,West,2023-07-30
CUST102543,56,Other,Kolkata,West,2021-02-21
CUST102544,46,Male,Kolkata,South,2020-12-21
CUST102545,53,Male,Pune,North,2020-01-16
CUST102546,55,Male,Delhi,West,2020-11-10
CUST102547,56,Male,Hyderabad,North,2021-06-16
CUST102548,54,Female,Pune,West,2022-11-05
CUST102549,52,Other,Hyderabad,South,2024-01-28
CUST102550,24,Other,Pune,East,2024-01-26
CUST102551,44,Male,Kolkata,North,2021-06-28
CUST102552,45,Male,Pune,West,2021-11-24
CUST102553,39,Other,Hyderabad,West,2020-03-09
CUST102554,31,Female,Pune,West,2021-02-14
CUST102555,24,Other,Bangalore,South,2022-12-11
CUST102556,54,Male,Chennai,South,2022-12-24
CUST102557,39,Male,Delhi,East,2022-03-22
CUST102558,22,Female,Hyderabad,South,2022-07-07
CUST102559,19,Other,Chennai,North,2022-04-26
CUST102560,44,Female,Delhi,South,2022-01-09
CUST102561,38,Female,Bangalore,West,2024-01-30
CUST102562,55,Male,Kolkata,North,2023-07-19
CUST102563,32,Other,Hyderabad,South,2021-03-14
CUST102564,38,Male,Delhi,North,2021-06-13
CUST102565,27,Other,Delhi,North,2021-12-30
CUST102566,40,Male,Delhi,South,2020-09-29
CUST102567,56,Male,Bangalore,North,2021-04-03
CUST102568,22,Other,Chennai,West,2022-03-30
CUST102569,18,Other,Bangalore,West,2023-04-11
CUST102570,30,Male,Delhi,South,2021-07-21
CUST102571,38,Other,Pune,South,2022-05-10
CUST102572,43,Male,Delhi,West,2021-05-11
CUST102573,62,Other,Pune,South,2022-03-05
CUST102574,38,Male,Kolkata,West,2022-03-15
CUST102575,35,Male,Bangalore,North,2022-12-31
CUST102576,54,Male,Pune,South,2022-07-22
CUST102577,62,Female,Bangalore,East,2022-09-18
CUST102578,49,Other,Mumbai,West,2022-04-19
CUST102579,53,Male,Chennai,West,2023-04-10
CUST102580,34,Female,Mumbai,North,2021-09-26
CUST102581,52,Male,Pune,East,2021-08-25
CUST102582,28,Female,Mumbai,East,2022-01-05
CUST102583,38,Male,Hyderabad,East,2023-08-08
CUST102584,43,Male,Chennai,West,2023-06-29
CUST102585,21,Female,Pune,West,2023-12-03
CUST102586,51,Female,Kolkata,East,2022-09-17
CUST102587,35,Other,Kolkata,South,2021-01-01
CUST102588,57,Other,Chennai,East,2020-09-12
CUST102589,52,Female,Chennai,North,2021-03-15
CUST102590,58,Other,Pune,East,2023-09-20
CUST102591,46,Female,Bangalore,East,2021-03-10
CUST102592,46,Other,Hyderabad,East,2021-11-20
CUST102593,55,Male,Pune,South,2024-01-24
CUST102594,59,Other,Bangalore,East,2020-11-03
CUST102595,38,Male,Bangalore,East,2023-01-23
CUST102596,59,Male,Bangalore,West,2021-02-12
CUST102597,30,Other,Pune,East,2022-04-05
CUST102598,58,Female,Delhi,North,2023-04-06
CUST102599,34,Male,Delhi,West,2020-03-27
CUST102600,26,Male,Kolkata,South,2020-01-03
CUST102601,58,Other,Delhi,West,2021-01-06
CUST102602,18,Female,Delhi,South,2021-10-03
CUST102603,19,Female,Bangalore,South,2022-11-12
CUST102604,46,Other,Bangalore,North,2020-04-07
CUST102605,50,Female,Chennai,East,2021-10-31
CUST102606,27,Other,Bangalore,North,2020-11-16
CUST102607,57,Other,Pune,West,2021-06-17
CUST102608,38,Other,Chennai,South,2022-03-30
CUST102609,45,Male,Hyderabad,West,2021-01-01
CUST102610,28,Male,Chennai,South,2023-04-22
CUST102611,51,Male,Delhi,West,2021-02-20
CUST102612,25,Other,Bangalore,South,2021-12-29
CUST102613,39,Male,Delhi,North,2023-05-22
CUST102614,25,Male,Bangalore,South,2022-04-27
CUST102615,32,Male,Delhi,East,2021-10-31
CUST102616,34,Other,Hyderabad,North,2023-05-18
CUST102617,40,Other,Delhi,East,2020-05-12
CUST102618,41,Other,Delhi,West,2020-02-22
CUST102619,62,Male,Pune,West,2022-01-10
CUST102620,36,Female,Hyderabad,South,2021-11-25
CUST102621,22,Male,Kolkata,South,2020-01-23
CUST102622,49,Male,Hyderabad,West,2023-02-03
CUST102623,61,Other,Delhi,North,2021-04-04
CUST102624,18,Other,Mumbai,East,2021-10-11
CUST102625,40,Male,Mumbai,West,2021-04-26
CUST102626,54,Male,Mumbai,North,2020-04-29
CUST102627,25,Female,Pune,East,2021-11-03
CUST102628,30,Female,Chennai,South,2020-07-26
CUST102629,25,Other,Delhi,North,2020-11-13
CUST102630,40,Female,Hyderabad,North,2020-12-03
CUST102631,60,Female,Mumbai,West,2020-06-03
CUST102632,18,Other,Pune,East,2022-05-17
CUST102633,62,Female,Chennai,West,2023-03-24
CUST102634,41,Male,Mumbai,South,2021-01-28
CUST102635,52,Female,Bangalore,South,2021-05-19
CUST102636,41,Other,Kolkata,East,2022-08-28
CUST102637,34,Male,Delhi,East,2020-11-08
CUST102638,22,Female,Kolkata,East,2023-07-06
CUST102639,37,Male,Kolkata,West,2023-03-26
CUST102640,38,Male,Bangalore,East,2020-01-14
CUST102641,57,Female,Bangalore,East,2020-03-17
CUST102642,48,Female,Bangalore,West,2023-09-24
CUST102643,63,Other,Chennai,South,2021-02-12
CUST102644,53,Other,Mumbai,South,2021-01-28
CUST102645,28,Male,Hyderabad,North,2020-08-07
CUST102646,32,Other,Delhi,South,2022-01-13
CUST102647,36,Male,Bangalore,East,2021-03-08
CUST102648,24,Male,Pune,South,2022-03-16
CUST102649,45,Other,Delhi,West,2024-01-18
CUST102650,60,Other,Hyderabad,South,2023-03-09
CUST102651,22,Other,Delhi,South,2022-09-14
CUST102652,22,Female,Delhi,North,2021-10-15
CUST102653,47,Male,Bangalore,North,2022-03-27
CUST102654,49,Male,Bangalore,East,2022-01-24
CUST102655,25,Male,Mumbai,West,2021-11-06
CUST102656,27,Other,Hyderabad,East,2022-04-11
CUST102657,55,Other,Bangalore,West,2023-01-24
CUST102658,64,Other,Bangalore,West,2020-01-28
CUST102659,49,Other,Delhi,North,2022-09-14
CUST102660,45,Other,Mumbai,South,2023-06-07
CUST102661,34,Female,Kolkata,South,2021-02-19
CUST102662,48,Other,Bangalore,North,2024-01-19
CUST102663,25,Male,Pune,East,2020-01-25
CUST102664,57,Other,Bangalore,South,2023-11-28
CUST102665,42,Male,Kolkata,East,2021-11-03
CUST102666,26,Other,Delhi,South,2021-06-25
CUST102667,19,Other,Hyderabad,East,2020-06-13
CUST102668,32,Male,Mumbai,West,2020-07-26
CUST102669,20,Male,Delhi,West,2022-08-06
CUST102670,53,Male,Hyderabad,South,2022-09-11
CUST102671,21,Male,Chennai,East,2021-09-05
CUST102672,31,Female,Bangalore,East,2021-01-07
CUST102673,58,Male,Hyderabad,West,2021-09-09
CUST102674,58,Other,Pune,East,2020-03-09
CUST102675,42,Other,Hyderabad,North,2023-10-08
CUST102676,27,Female,Chennai,East,2020-04-10
CUST102677,38,Male,Bangalore,West,2020-01-01
CUST102678,53,Other,Chennai,North,2020-12-16
CUST102679,29,Female,Kolkata,North,2020-01-07
CUST102680,44,Other,Bangalore,East,2020-11-13
CUST102681,57,Female,Pune,West,2021-09-14
CUST102682,19,Female,Bangalore,West,2021-05-23
CUST102683,30,Male,Chennai,West,2020-07-04
CUST102684,49,Female,Mumbai,North,2021-12-28
CUST102685,48,Other,Chennai,West,2021-04-06
CUST102686,33,Other,Bangalore,North,2020-12-08
CUST102687,49,Male,Bangalore,North,2021-09-26
CUST102688,49,Male,Hyderabad,South,2021-12-13
CUST102689,51,Female,Mumbai,East,2022-10-28
CUST102690,28,Male,Delhi,West,2021-07-29
CUST102691,27,Other,Mumbai,North,2020-05-15
CUST102692,32,Other,Delhi,East,2021-01-17
CUST102693,34,Male,Pune,North,2020-07-04
CUST102694,57,Male,Bangalore,East,2021-09-30
CUST102695,35,Male,Hyderabad,North,2022-07-16
CUST102696,26,Female,Kolkata,West,2023-10-27
CUST102697,42,Female,Kolkata,South,2022-08-21
CUST102698,57,Other,Chennai,South,2021-07-14
CUST102699,31,Female,Mumbai,South,2023-04-04
CUST102700,42,Female,Mumbai,North,2022-06-16
CUST102701,39,Female,Kolkata,East,2021-09-30
CUST102702,47,Female,Delhi,West,2020-11-16
CUST102703,37,Other,Mumbai,West,2023-03-26
CUST102704,38,Male,Delhi,North,2022-05-07
CUST102705,61,Other,Delhi,South,2022-09-24
CUST102706,49,Female,Delhi,North,2020-10-11
CUST102707,63,Male,Delhi,East,2022-11-17
CUST102708,38,Male,Hyderabad,South,2020-12-16
CUST102709,52,Male,Chennai,North,2020-03-23
CUST102710,49,Other,Chennai,East,2021-10-27
CUST102711,47,Male,Hyderabad,South,2023-10-25
CUST102712,56,Other,Kolkata,West,2021-06-24
CUST102713,29,Other,Chennai,East,2023-11-19
CUST102714,58,Female,Pune,West,2021-04-24
CUST102715,64,Female,Hyderabad,East,2020-07-31
CUST102716,35,Male,Mumbai,South,2022-07-18
CUST102717,38,Male,Pune,North,2020-12-25
CUST102718,30,Female,Hyderabad,North,2020-08-01
CUST102719,38,Other,Chennai,North,2020-10-30
CUST102720,25,Other,Mumbai,North,2023-03-24
CUST102721,63,Female,Mumbai,East,2023-11-04
CUST102722,57,Other,Delhi,North,2020-07-18
CUST102723,63,Female,Kolkata,North,2020-08-25
CUST102724,24,Female,Delhi,East,2021-11-01
CUST102725,40,Male,Hyderabad,East,2023-04-05
CUST102726,61,Male,Delhi,South,2023-06-03
CUST102727,49,Female,Pune,East,2022-05-28
CUST102728,28,Male,Chennai,West,2020-09-07
CUST102729,39,Female,Pune,South,2023-07-27
CUST102730,39,Other,Chennai,South,2021-04-20
CUST102731,60,Other,Pune,North,2021-05-12
CUST102732,42,Other,Mumbai,North,2022-09-04
CUST102733,39,Other,Chennai,West,2022-09-23
CUST102734,45,Female,Chennai,North,2021-12-01
CUST102735,46,Other,Pune,East,2023-12-05
CUST102736,30,Other,Bangalore,East,2022-02-22
CUST102737,35,Other,Mumbai,North,2021-03-04
CUST102738,19,Other,Hyderabad,North,2021-06-22
CUST102739,46,Female,Mumbai,East,2022-06-19
CUST102740,38,Other,Hyderabad,South,2024-01-06
CUST102741,32,Male,Bangalore,West,2022-08-25
CUST102742,44,Male,Pune,West,2020-07-28
CUST102743,48,Male,Pune,South,2021-05-05
CUST102744,32,Male,Mumbai,West,2021-04-15
CUST102745,40,Male,Pune,North,2021-07-21
CUST102746,41,Male,Kolkata,North,2021-10-25
CUST102747,61,Female,Kolkata,North,2024-01-26
CUST102748,30,Male,Hyderabad,West,2021-07-03
CUST102749,39,Other,Bangalore,South,2020-07-16
CUST102750,60,Male,Chennai,North,2021-06-04
CUST102751,54,Female,Kolkata,South,2023-09-10
CUST102752,50,Male,Hyderabad,East,2021-11-18
CUST102753,20,Other,Pune,East,2021-04-11
CUST102754,36,Other,Bangalore,East,2021-08-18
CUST102755,40,Female,Hyderabad,West,2020-05-18
CUST102756,46,Female,Hyderabad,West,2022-10-11
CUST102757,47,Female,Kolkata,North,2020-08-29
CUST102758,56,Female,Delhi,East,2020-11-11
CUST102759,61,Male,Bangalore,South,2021-10-28
CUST102760,64,Male,Mumbai,West,2022-01-02
CUST102761,42,Other,Hyderabad,South,2020-05-14
CUST102762,54,Female,Kolkata,South,2023-04-26
CUST102763,64,Female,Mumbai,North,2021-08-01
CUST102764,25,Male,Bangalore,North,2022-12-28
CUST102765,59,Female,Kolkata,South,2021-03-14
CUST102766,33,Other,Mumbai,South,2020-03-17
CUST102767,25,Other,Chennai,South,2021-02-03
CUST102768,18,Female,Hyderabad,South,2021-01-08
CUST102769,61,Other,Chennai,East,2022-11-01
CUST102770,22,Other,Delhi,South,2022-01-27
CUST102771,20,Male,Pune,West,2022-01-18
CUST102772,18,Other,Bangalore,North,2022-02-02
CUST102773,21,Female,Pune,West,2021-02-20
CUST102774,57,Female,Pune,North,2020-07-25
CUST102775,52,Other,Mumbai,North,2020-12-06
CUST102776,49,Female,Delhi,North,2021-12-21
CUST102777,59,Male,Bangalore,West,2020-11-06
CUST102778,51,Other,Chennai,North,2023-08-24
CUST102779,60,Other,Pune,South,2023-08-09
CUST102780,42,Other,Mumbai,South,2021-09-16
CUST102781,27,Female,Pune,East,2023-10-31
CUST102782,38,Female,Kolkata,East,2023-09-25
CUST102783,63,Other,Chennai,East,2020-03-23
CUST102784,56,Female,Pune,South,2024-01-15
CUST102785,44,Female,Kolkata,West,2022-10-23
CUST102786,44,Other,Kolkata,East,2024-01-19
CUST102787,19,Other,Mumbai,South,2022-05-22
CUST102788,58,Female,Mumbai,North,2020-08-23
CUST102789,30,Other,Kolkata,West,2021-01-23
CUST102790,26,Other,Delhi,West,2021-01-27
CUST102791,53,Other,Pune,South,2022-01-16
CUST102792,39,Other,Kolkata,South,2020-01-30
CUST102793,59,Female,Kolkata,North,2022-09-08
CUST102794,43,Other,Mumbai,North,2023-03-17
CUST102795,29,Male,Pune,North,2021-08-27
CUST102796,34,Other,Bangalore,West,2020-10-09
CUST102797,31,Male,Chennai,West,2020-08-25
CUST102798,31,Other,Mumbai,East,2021-12-31
CUST102799,51,Male,Pune,East,2023-09-04
CUST102800,37,Male,Pune,East,2023-09-22
CUST102801,28,Other,Hyderabad,West,2020-01-31
CUST102802,33,Other,Delhi,North,2022-09-04
CUST102803,48,Other,Chennai,East,2022-07-03
CUST102804,23,Male,Mumbai,North,2020-07-25
CUST102805,36,Female,Mumbai,North,2022-06-21
CUST102806,54,Female,Bangalore,North,2023-06-06
CUST102807,21,Other,Hyderabad,East,2021-08-05
CUST102808,64,Female,Hyderabad,East,2023-09-27
CUST102809,21,Female,Delhi,North,2021-04-04
CUST102810,37,Other,Hyderabad,East,2020-05-15
CUST102811,27,Male,Delhi,South,2022-09-04
CUST102812,41,Other,Pune,East,2020-10-10
CUST102813,52,Female,Pune,North,2022-04-29
CUST102814,43,Male,Mumbai,North,2020-12-16
CUST102815,54,Female,Bangalore,West,2020-01-17
CUST102816,55,Male,Mumbai,West,2023-05-23
CUST102817,38,Female,Hyderabad,North,2023-11-19
CUST102818,57,Other,Kolkata,South,2023-11-23
CUST102819,56,Female,Pune,West,2021-02-17
CUST102820,38,Female,Kolkata,North,2023-06-21
CUST102821,27,Male,Hyderabad,West,2023-01-23
CUST102822,55,Female,Bangalore,West,2020-01-06
CUST102823,63,Other,Mumbai,North,2022-02-18
CUST102824,21,Other,Pune,East,2020-03-27
CUST102825,62,Other,Bangalore,South,2020-07-07
CUST102826,37,Male,Mumbai,East,2021-02-23
CUST102827,34,Male,Mumbai,North,2022-12-26
CUST102828,24,Female,Kolkata,North,2020-09-04
CUST102829,21,Female,Chennai,South,2022-05-09
CUST102830,46,Female,Hyderabad,North,2020-07-25
CUST102831,31,Male,Delhi,West,2023-05-13
CUST102832,20,Male,Pune,South,2023-09-04
CUST102833,41,Female,Delhi,East,2023-01-11
CUST102834,54,Male,Bangalore,South,2021-02-27
CUST102835,33,Male,Delhi,East,2023-01-10
CUST102836,21,Other,Kolkata,North,2021-07-02
CUST102837,41,Other,Chennai,East,2021-05-01
CUST102838,51,Female,Pune,East,2020-05-12
CUST102839,47,Female,Hyderabad,East,2020-04-24
CUST102840,35,Other,Mumbai,South,2021-01-11
CUST102841,36,Male,Mumbai,West,2022-09-03
CUST102842,48,Female,Hyderabad,East,2020-07-29
CUST102843,36,Female,Kolkata,South,2020-05-11
CUST102844,63,Female,Pune,South,2023-10-29
CUST102845,36,Male,Delhi,West,2020-06-02
CUST102846,39,Other,Hyderabad,South,2022-07-08
CUST102847,41,Female,Mumbai,North,2023-12-17
CUST102848,62,Other,Delhi,North,2022-08-09
CUST102849,29,Other,Kolkata,North,2022-03-16
CUST102850,47,Male,Mumbai,West,2023-10-21
CUST102851,55,Male,Bangalore,South,2020-05-26
CUST102852,48,Male,Chennai,North,2023-02-24
CUST102853,53,Male,Delhi,East,2023-08-24
CUST102854,36,Male,Hyderabad,South,2021-12-15
CUST102855,62,Male,Pune,North,2023-02-15
CUST102856,53,Female,Delhi,South,2020-08-18
CUST102857,47,Other,Delhi,North,2021-03-26
CUST102858,50,Male,Delhi,East,2023-03-14
CUST102859,35,Female,Hyderabad,South,2022-06-25
CUST102860,45,Other,Kolkata,North,2022-12-08
CUST102861,64,Male,Kolkata,North,2020-04-16
CUST102862,28,Male,Pune,East,2020-04-02
CUST102863,62,Female,Kolkata,East,2022-04-08
CUST102864,50,Other,Hyderabad,North,2020-05-19
CUST102865,34,Male,Pune,North,2023-08-30
CUST102866,23,Other,Pune,West,2020-01-11
CUST102867,21,Female,Kolkata,West,2021-03-23
CUST102868,37,Male,Mumbai,South,2022-07-15
CUST102869,64,Other,Kolkata,South,2021-01-29
CUST102870,44,Female,Mumbai,West,2021-01-12
CUST102871,32,Female,Bangalore,North,2020-12-26
CUST102872,23,Male,Kolkata,East,2021-11-13
CUST102873,64,Other,Bangalore,South,2022-10-13
CUST102874,31,Male,Kolkata,North,2021-10-03
CUST102875,28,Male,Bangalore,East,2021-07-26
CUST102876,56,Other,Chennai,East,2022-09-23
CUST102877,26,Other,Bangalore,North,2022-07-11
CUST102878,43,Other,Mumbai,North,2021-01-30
CUST102879,33,Female,Delhi,South,2020-07-04
CUST102880,22,Female,Pune,West,2023-05-29
CUST102881,27,Other,Bangalore,North,2023-08-16
CUST102882,20,Female,Delhi,West,2023-04-13
CUST102883,30,Male,Hyderabad,South,2021-01-05
CUST102884,60,Other,Chennai,West,2023-05-12
CUST102885,47,Male,Chennai,West,2021-08-30
CUST102886,62,Other,Hyderabad,East,2020-10-08
CUST102887,23,Male,Hyderabad,South,2023-12-10
CUST102888,34,Other,Hyderabad,North,2022-11-22
CUST102889,62,Male,Mumbai,West,2020-03-22
CUST102890,36,Other,Hyderabad,South,2020-05-27
CUST102891,59,Other,Mumbai,East,2022-08-22
CUST102892,52,Female,Bangalore,East,2022-09-18
CUST102893,63,Male,Kolkata,West,2022-08-05
CUST102894,43,Female,Hyderabad,West,2021-05-09
CUST102895,22,Male,Hyderabad,North,2023-04-08
CUST102896,46,Female,Chennai,South,2021-12-23
CUST102897,54,Other,Delhi,North,2021-12-03
CUST102898,37,Female,Kolkata,North,2022-10-27
CUST102899,38,Female,Chennai,East,2023-11-04
CUST102900,27,Other,Bangalore,South,2022-04-05
CUST102901,22,Female,Hyderabad,North,2021-03-09
CUST102902,53,Other,Chennai,East,2022-11-23
CUST102903,23,Male,Mumbai,West,2021-07-16
CUST102904,43,Female,Delhi,North,2020-05-17
CUST102905,21,Other,Delhi,West,2021-01-01
CUST102906,56,Other,Mumbai,South,2020-04-15
CUST102907,56,Female,Hyderabad,North,2022-03-04
CUST102908,52,Male,Hyderabad,West,2022-11-21
CUST102909,18,Female,Kolkata,West,2021-09-27
CUST102910,41,Other,Mumbai,South,2022-09-13
CUST102911,53,Male,Hyderabad,East,2022-08-15
CUST102912,23,Female,Delhi,East,2023-04-06
CUST102913,58,Other,Hyderabad,North,2022-05-04
CUST102914,63,Female,Bangalore,West,2020-03-18
CUST102915,61,Male,Hyderabad,East,2020-07-27
CUST102916,48,Male,Kolkata,North,2023-12-05
CUST102917,37,Male,Pune,West,2020-01-08
CUST102918,41,Male,Chennai,North,2022-01-06
CUST102919,42,Male,Pune,South,2020-08-14
CUST102920,53,Female,Bangalore,North,2020-06-23
CUST102921,38,Male,Pune,South,2020-03-21
CUST102922,47,Male,Hyderabad,West,2022-12-16
CUST102923,41,Other,Kolkata,West,2023-03-04
CUST102924,61,Male,Delhi,West,2020-08-25
CUST102925,59,Other,Delhi,North,2024-02-04
CUST102926,47,Other,Bangalore,West,2023-05-25
CUST102927,39,Other,Pune,West,2022-11-15
CUST102928,45,Female,Kolkata,South,2020-07-05
CUST102929,24,Female,Chennai,West,2021-09-21
CUST102930,52,Other,Hyderabad,West,2023-02-13
CUST102931,45,Female,Pune,West,2022-10-10
CUST102932,31,Male,Pune,East,2022-03-25
CUST102933,27,Female,Chennai,West,2021-09-05
CUST102934,33,Male,Mumbai,North,2022-06-10
CUST102935,33,Male,Hyderabad,South,2023-04-01
CUST102936,48,Female,Bangalore,West,2023-12-08
CUST102937,59,Female,Hyderabad,North,2020-06-26
CUST102938,42,Other,Kolkata,South,2022-09-11
CUST102939,30,Female,Bangalore,South,2020-10-06
CUST102940,23,Female,Chennai,North,2022-03-08
CUST102941,61,Female,Kolkata,North,2023-05-20
CUST102942,26,Male,Delhi,East,2022-12-13
CUST102943,62,Male,Delhi,East,2020-03-07
CUST102944,53,Male,Hyderabad,West,2021-06-27
CUST102945,60,Other,Kolkata,East,2021-06-03
CUST102946,37,Other,Bangalore,North,2021-05-13
CUST102947,35,Other,Bangalore,East,2022-08-03
CUST102948,60,Male,Delhi,South,2023-12-25
CUST102949,38,Female,Delhi,North,2021-12-27
CUST102950,21,Other,Chennai,West,2022-12-05
CUST102951,50,Other,Kolkata,South,2022-11-24
CUST102952,44,Male,Bangalore,South,2020-07-07
CUST102953,24,Other,Chennai,South,2023-01-17
CUST102954,23,Female,Bangalore,North,2023-09-20
CUST102955,32,Male,Delhi,North,2022-08-04
CUST102956,35,Male,Kolkata,West,2020-05-15
CUST102957,49,Female,Mumbai,East,2021-06-29
CUST102958,28,Female,Kolkata,East,2022-03-03
CUST102959,37,Female,Pune,East,2023-02-10
CUST102960,41,Other,Mumbai,East,2023-04-10
CUST102961,32,Female,Hyderabad,South,2023-09-24
CUST102962,24,Male,Hyderabad,North,2021-07-08
CUST102963,38,Female,Chennai,East,2022-06-12
CUST102964,59,Male,Mumbai,South,2022-08-03
CUST102965,43,Male,Mumbai,North,2021-06-08
CUST102966,61,Other,Chennai,North,2020-06-22
CUST102967,31,Female,Kolkata,North,2021-09-28
CUST102968,54,Other,Chennai,South,2023-09-17
CUST102969,38,Female,Pune,East,2020-07-25
CUST102970,35,Female,Delhi,North,2023-09-28
CUST102971,22,Female,Hyderabad,South,2022-08-06
CUST102972,20,Female,Delhi,North,2020-04-13
CUST102973,40,Female,Hyderabad,West,2022-11-29
CUST102974,43,Male,Mumbai,West,2022-11-12
CUST102975,54,Male,Chennai,South,2023-06-29
CUST102976,41,Female,Chennai,East,2020-10-16
CUST102977,36,Male,Chennai,East,2023-05-10
CUST102978,42,Other,Pune,North,2023-03-24
CUST102979,38,Other,Pune,East,2021-07-20
CUST102980,29,Other,Kolkata,East,2023-02-03
CUST102981,58,Female,Bangalore,West,2023-07-07
CUST102982,50,Female,Hyderabad,South,2022-08-21
CUST102983,21,Male,Bangalore,West,2023-05-08
CUST102984,59,Male,Bangalore,South,2022-04-17
CUST102985,24,Male,Hyderabad,North,2023-05-25
CUST102986,39,Other,Kolkata,West,2021-02-14
CUST102987,50,Other,Chennai,South,2022-05-31
CUST102988,34,Other,Bangalore,East,2023-02-14
CUST102989,41,Other,Chennai,South,2022-06-04
CUST102990,51,Male,Mumbai,East,2021-02-27
CUST102991,45,Female,Bangalore,North,2023-05-20
CUST102992,60,Female,Mumbai,East,2020-06-03
CUST102993,58,Other,Kolkata,South,2023-07-10
CUST102994,56,Female,Delhi,West,2020-05-30
CUST102995,39,Female,Pune,South,2020-07-30
CUST102996,34,Female,Hyderabad,West,2023-04-30
CUST102997,51,Other,Kolkata,South,2022-05-30
CUST102998,23,Male,Kolkata,South,2022-01-24
CUST102999,63,Male,Kolkata,North,2023-01-26
CUST103000,23,Female,Bangalore,East,2021-06-24
CUST103001,51,Male,Mumbai,South,2021-12-01
CUST103002,18,Male,Pune,West,2020-06-20
CUST103003,27,Other,Bangalore,East,2021-01-05
CUST103004,38,Other,Delhi,North,2023-03-24
CUST103005,22,Female,Hyderabad,East,2023-03-09
CUST103006,19,Female,Hyderabad,South,2022-07-01
CUST103007,39,Female,Pune,West,2022-03-12
CUST103008,19,Other,Hyderabad,West,2020-09-12
CUST103009,27,Male,Hyderabad,East,2022-09-16
CUST103010,51,Other,Kolkata,West,2021-11-06
CUST103011,33,Other,Chennai,South,2022-05-13
CUST103012,56,Male,Delhi,West,2021-02-19
CUST103013,39,Male,Mumbai,West,2020-11-24
CUST103014,29,Female,Delhi,West,2023-11-02
CUST103015,41,Male,Bangalore,South,2022-07-06
CUST103016,64,Male,Hyderabad,North,2023-07-13
CUST103017,57,Male,Chennai,West,2023-03-08
CUST103018,55,Male,Bangalore,North,2022-08-19
CUST103019,27,Female,Pune,East,2022-04-03
CUST103020,52,Female,Kolkata,East,2020-09-05
CUST103021,49,Male,Hyderabad,South,2022-01-14
CUST103022,24,Male,Kolkata,South,2020-11-03
CUST103023,38,Female,Delhi,South,2021-07-26
CUST103024,37,Female,Kolkata,South,2023-05-27
CUST103025,43,Male,Kolkata,North,2022-03-08
CUST103026,21,Other,Pune,South,2022-09-27
CUST103027,63,Female,Mumbai,North,2022-01-30
CUST103028,39,Female,Mumbai,West,2020-10-19
CUST103029,32,Female,Bangalore,West,2021-02-13
CUST103030,57,Male,Hyderabad,East,2020-07-16
CUST103031,38,Male,Bangalore,East,2020-03-20
CUST103032,32,Female,Mumbai,North,2023-11-09
CUST103033,39,Male,Delhi,South,2020-05-16
CUST103034,45,Male,Mumbai,East,2020-07-31
CUST103035,31,Female,Bangalore,North,2021-09-10
CUST103036,44,Male,Chennai,East,2022-08-17
CUST103037,58,Other,Hyderabad,South,2023-05-15
CUST103038,57,Male,Kolkata,North,2023-03-02
CUST103039,45,Male,Pune,East,2020-06-14
CUST103040,43,Female,Chennai,South,2021-03-05
CUST103041,19,Female,Chennai,North,2023-04-18
CUST103042,42,Other,Kolkata,North,2020-04-30
CUST103043,20,Male,Mumbai,North,2023-04-12
CUST103044,25,Other,Hyderabad,West,2020-11-26
CUST103045,61,Other,Delhi,North,2022-12-27
CUST103046,50,Female,Chennai,East,2023-03-07
CUST103047,59,Male,Delhi,North,2023-08-24
CUST103048,52,Female,Pune,North,2023-09-15
CUST103049,23,Other,Pune,North,2023-06-15
CUST103050,56,Other,Pune,North,2023-01-04
CUST103051,40,Female,Bangalore,North,2023-03-20
CUST103052,42,Female,Chennai,West,2021-09-11
CUST103053,60,Female,Pune,South,2023-09-01
CUST103054,36,Female,Bangalore,West,2020-02-06
CUST103055,22,Female,Pune,East,2022-08-21
CUST103056,28,Other,Mumbai,South,2022-04-24
CUST103057,29,Female,Chennai,East,2023-02-23
CUST103058,27,Male,Bangalore,North,2022-03-07
CUST103059,25,Other,Pune,East,2020-10-12
CUST103060,41,Other,Hyderabad,West,2023-06-17
CUST103061,45,Male,Bangalore,West,2022-06-05
CUST103062,58,Male,Pune,North,2020-08-07
CUST103063,53,Other,Mumbai,North,2022-10-27
CUST103064,54,Female,Delhi,South,2020-08-03
CUST103065,38,Other,Pune,West,2021-11-11
CUST103066,25,Other,Delhi,West,2020-10-19
CUST103067,26,Male,Chennai,South,2020-02-12
CUST103068,64,Other,Mumbai,West,2023-08-23
CUST103069,32,Female,Hyderabad,South,2023-01-21
CUST103070,63,Male,Chennai,West,2023-07-16
CUST103071,57,Other,Hyderabad,East,2021-11-23
CUST103072,35,Other,Delhi,East,2023-05-23
CUST103073,59,Female,Mumbai,South,2022-08-16
CUST103074,37,Other,Kolkata,South,2020-04-23
CUST103075,23,Other,Mumbai,North,2023-04-23
CUST103076,29,Other,Mumbai,West,2022-07-09
CUST103077,19,Other,Hyderabad,East,2023-02-22
CUST103078,24,Female,Kolkata,North,2023-02-02
CUST103079,33,Other,Bangalore,West,2020-08-24
CUST103080,20,Other,Bangalore,East,2021-10-14
CUST103081,62,Other,Bangalore,West,2020-06-06
CUST103082,20,Male,Delhi,South,2024-02-06
CUST103083,44,Female,Mumbai,East,2022-06-26
CUST103084,60,Male,Pune,East,2022-08-18
CUST103085,57,Male,Kolkata,North,2023-07-21
CUST103086,55,Female,Pune,West,2022-05-02
CUST103087,50,Male,Delhi,South,2023-02-14
CUST103088,45,Male,Kolkata,South,2022-06-04
CUST103089,18,Male,Pune,West,2020-02-29
CUST103090,25,Female,Hyderabad,West,2021-02-04
CUST103091,54,Other,Delhi,South,2022-04-07
CUST103092,49,Female,Delhi,West,2023-04-18
CUST103093,60,Female,Delhi,North,2023-06-09
CUST103094,54,Female,Kolkata,West,2021-04-20
CUST103095,21,Male,Pune,North,2021-10-16
CUST103096,47,Other,Pune,North,2022-04-24
CUST103097,23,Female,Chennai,West,2022-07-12
CUST103098,63,Female,Delhi,East,2023-06-22
CUST103099,36,Other,Bangalore,East,2021-09-29
CUST103100,49,Other,Mumbai,North,2021-10-10
CUST103101,26,Other,Hyderabad,West,2020-07-31
CUST103102,29,Male,Hyderabad,North,2024-01-22
CUST103103,28,Other,Chennai,West,2022-09-16
CUST103104,63,Male,Chennai,West,2022-03-14
CUST103105,33,Female,Kolkata,South,2020-05-07
CUST103106,18,Male,Chennai,East,2022-08-09
CUST103107,62,Other,Pune,East,2020-08-04
CUST103108,38,Male,Kolkata,South,2021-12-11
CUST103109,47,Other,Kolkata,South,2020-01-20
CUST103110,30,Male,Hyderabad,South,2022-12-19
CUST103111,51,Female,Hyderabad,North,2021-11-05
CUST103112,21,Male,Bangalore,North,2021-12-14
CUST103113,45,Female,Delhi,North,2022-01-08
CUST103114,55,Other,Chennai,North,2023-02-26
CUST103115,48,Female,Delhi,North,2021-07-10
CUST103116,44,Other,Delhi,East,2020-07-15
CUST103117,22,Other,Delhi,East,2022-07-24
CUST103118,42,Female,Kolkata,West,2021-11-08
CUST103119,20,Female,Delhi,East,2021-05-18
CUST103120,50,Male,Chennai,South,2023-06-24
CUST103121,21,Male,Kolkata,East,2022-01-07
CUST103122,42,Female,Chennai,South,2022-03-02
CUST103123,37,Female,Kolkata,East,2023-07-07
CUST103124,51,Female,Mumbai,North,2023-10-02
CUST103125,43,Female,Mumbai,East,2020-07-15
CUST103126,22,Other,Mumbai,West,2023-02-04
CUST103127,52,Female,Mumbai,North,2022-02-19
CUST103128,45,Female,Kolkata,North,2022-01-13
CUST103129,46,Female,Delhi,West,2023-03-29
CUST103130,26,Female,Bangalore,East,2021-02-25
CUST103131,55,Other,Hyderabad,East,2023-05-15
CUST103132,23,Male,Pune,West,2023-08-29
CUST103133,36,Male,Bangalore,North,2021-03-07
CUST103134,61,Male,Mumbai,West,2022-07-14
CUST103135,28,Male,Delhi,South,2020-08-22
CUST103136,19,Male,Chennai,South,2020-11-22
CUST103137,64,Other,Delhi,East,2022-07-22
CUST103138,61,Male,Chennai,North,2021-04-23
CUST103139,61,Other,Bangalore,South,2021-03-03
CUST103140,26,Other,Delhi,West,2021-10-27
CUST103141,38,Male,Delhi,East,2023-01-28
CUST103142,41,Male,Pune,East,2023-06-15
CUST103143,51,Male,Bangalore,North,2023-02-04
CUST103144,39,Female,Delhi,South,2022-05-07
CUST103145,20,Other,Chennai,East,2023-10-19
CUST103146,29,Male,Hyderabad,West,2021-10-03
CUST103147,45,Female,Delhi,South,2022-03-21
CUST103148,47,Other,Chennai,East,2022-12-02
CUST103149,43,Female,Mumbai,East,2021-07-28
CUST103150,38,Female,Delhi,South,2023-01-01
CUST103151,45,Male,Chennai,South,2022-10-15
CUST103152,43,Other,Hyderabad,North,2023-08-20
CUST103153,50,Female,Bangalore,West,2022-10-25
CUST103154,38,Other,Mumbai,North,2022-03-13
CUST103155,52,Male,Delhi,North,2023-10-04
CUST103156,51,Other,Pune,West,2021-02-03
CUST103157,58,Female,Chennai,West,2021-08-17
CUST103158,64,Female,Hyderabad,North,2023-12-27
CUST103159,35,Other,Pune,South,2023-02-04
CUST103160,28,Female,Delhi,West,2020-04-26
CUST103161,40,Female,Chennai,North,2021-01-17
CUST103162,39,Female,Delhi,South,2022-05-08
CUST103163,34,Male,Mumbai,East,2020-03-22
CUST103164,22,Male,Hyderabad,South,2022-04-11
CUST103165,61,Female,Hyderabad,North,2022-05-22
CUST103166,28,Other,Mumbai,West,2021-10-14
CUST103167,47,Male,Delhi,South,2022-01-03
CUST103168,32,Other,Delhi,South,2023-12-04
CUST103169,44,Female,Kolkata,South,2020-03-10
CUST103170,52,Female,Delhi,West,2021-01-21
CUST103171,50,Other,Hyderabad,West,2021-06-07
CUST103172,37,Male,Delhi,South,2020-10-23
CUST103173,33,Other,Pune,South,2021-09-08
CUST103174,51,Other,Pune,North,2021-12-19
CUST103175,19,Female,Mumbai,West,2022-12-24
CUST103176,52,Male,Pune,South,2020-06-26
CUST103177,57,Other,Delhi,West,2022-10-28
CUST103178,45,Male,Bangalore,West,2023-03-28
CUST103179,64,Female,Delhi,West,2020-01-11
CUST103180,56,Male,Hyderabad,North,2022-02-23
CUST103181,23,Female,Kolkata,East,2021-02-14
CUST103182,26,Male,Chennai,West,2022-06-10
CUST103183,37,Other,Hyderabad,West,2021-08-29
CUST103184,18,Female,Mumbai,South,2020-06-03
CUST103185,25,Other,Pune,West,2023-05-14
CUST103186,40,Female,Bangalore,East,2023-02-12
CUST103187,20,Male,Hyderabad,West,2023-11-03
CUST103188,21,Male,Chennai,North,2021-08-21
CUST103189,42,Female,Bangalore,South,2022-04-03
CUST103190,64,Female,Mumbai,East,2020-12-15
CUST103191,55,Female,Pune,North,2023-01-26
CUST103192,32,Male,Kolkata,East,2022-07-31
CUST103193,38,Female,Hyderabad,South,2020-01-19
CUST103194,52,Female,Hyderabad,West,2020-11-08
CUST103195,63,Other,Hyderabad,South,2022-07-15
CUST103196,31,Female,Mumbai,South,2021-06-11
CUST103197,53,Other,Bangalore,West,2021-07-10
CUST103198,29,Other,Bangalore,North,2021-03-20
CUST103199,34,Other,Mumbai,East,2020-08-18
CUST103200,56,Male,Hyderabad,North,2021-09-16
CUST103201,26,Other,Delhi,West,2022-10-07
CUST103202,52,Female,Mumbai,East,2022-06-07
CUST103203,30,Male,Pune,West,2020-12-24
CUST103204,32,Male,Pune,North,2023-11-07
CUST103205,35,Male,Kolkata,South,2020-02-13
CUST103206,50,Male,Mumbai,East,2023-10-20
CUST103207,23,Male,Chennai,West,2022-05-26
CUST103208,44,Male,Pune,East,2023-02-08
CUST103209,40,Male,Pune,East,2020-08-10
CUST103210,44,Other,Pune,North,2023-11-10
CUST103211,51,Female,Delhi,South,2022-06-20
CUST103212,63,Female,Chennai,East,2023-07-12
CUST103213,55,Other,Hyderabad,North,2020-09-27
CUST103214,31,Other,Hyderabad,East,2020-07-30
CUST103215,53,Male,Mumbai,South,2023-08-30
CUST103216,25,Male,Delhi,East,2023-11-11
CUST103217,52,Other,Pune,South,2020-09-03
CUST103218,36,Male,Hyderabad,North,2022-08-05
CUST103219,47,Female,Chennai,North,2022-03-31
CUST103220,31,Female,Hyderabad,South,2023-10-05
CUST103221,37,Male,Chennai,South,2020-03-12
CUST103222,42,Male,Delhi,North,2023-08-12
CUST103223,57,Male,Hyderabad,South,2023-05-21
CUST103224,41,Female,Pune,South,2020-10-21
CUST103225,31,Male,Delhi,West,2020-06-19
CUST103226,43,Other,Bangalore,East,2020-09-02
CUST103227,55,Male,Pune,North,2023-03-10
CUST103228,40,Other,Delhi,North,2021-09-08
CUST103229,39,Male,Mumbai,West,2020-08-27
CUST103230,36,Male,Hyderabad,South,2020-11-06
CUST103231,63,Female,Pune,South,2023-12-10
CUST103232,20,Other,Kolkata,South,2021-02-01
CUST103233,59,Other,Pune,North,2022-07-11
CUST103234,36,Other,Bangalore,West,2022-03-02
CUST103235,26,Female,Delhi,East,2020-01-22
CUST103236,45,Other,Kolkata,West,2023-01-06
CUST103237,37,Female,Bangalore,North,2022-03-23
CUST103238,62,Male,Mumbai,East,2022-06-22
CUST103239,24,Male,Pune,South,2024-02-07
CUST103240,31,Other,Hyderabad,West,2022-04-11
CUST103241,26,Male,Kolkata,West,2023-10-08
CUST103242,36,Male,Hyderabad,North,2023-10-26
CUST103243,64,Other,Delhi,West,2022-11-10
CUST103244,31,Male,Delhi,East,2021-05-21
CUST103245,55,Other,Mumbai,West,2020-06-08
CUST103246,53,Other,Bangalore,North,2022-01-13
CUST103247,57,Male,Kolkata,West,2023-10-16
CUST103248,34,Male,Mumbai,East,2022-03-23
CUST103249,47,Male,Bangalore,East,2023-08-13
CUST103250,26,Male,Chennai,North,2023-10-07
CUST103251,50,Male,Chennai,South,2020-06-28
CUST103252,42,Female,Bangalore,North,2024-02-04
CUST103253,31,Male,Delhi,South,2023-11-19
CUST103254,28,Female,Delhi,East,2020-07-31
CUST103255,52,Other,Chennai,West,2021-06-13
CUST103256,58,Male,Delhi,West,2023-11-19
CUST103257,31,Male,Hyderabad,East,2020-01-27
CUST103258,47,Male,Delhi,North,2022-07-27
CUST103259,58,Other,Bangalore,West,2022-05-19
CUST103260,21,Female,Pune,North,2024-01-12
CUST103261,21,Female,Bangalore,West,2021-03-13
CUST103262,45,Male,Delhi,South,2020-10-11
CUST103263,25,Male,Bangalore,West,2021-10-22
CUST103264,19,Male,Kolkata,South,2021-10-10
CUST103265,58,Male,Chennai,West,2020-07-07
CUST103266,63,Other,Pune,West,2023-05-07
CUST103267,39,Male,Kolkata,West,2023-01-30
CUST103268,58,Other,Kolkata,West,2021-04-23
CUST103269,33,Male,Delhi,West,2021-08-25
CUST103270,46,Female,Delhi,North,2022-10-11
CUST103271,47,Female,Kolkata,South,2023-06-01
CUST103272,29,Male,Kolkata,South,2021-05-31
CUST103273,52,Male,Mumbai,West,2024-01-04
CUST103274,28,Other,Mumbai,North,2022-07-04
CUST103275,63,Male,Hyderabad,North,2020-08-17
CUST103276,38,Male,Chennai,East,2022-05-18
CUST103277,38,Male,Kolkata,East,2023-02-11
CUST103278,22,Female,Bangalore,North,2023-04-22
CUST103279,37,Other,Pune,East,2022-01-28
CUST103280,54,Female,Mumbai,South,2020-02-03
CUST103281,20,Other,Delhi,North,2020-10-22
CUST103282,61,Female,Kolkata,East,2021-03-28
CUST103283,50,Male,Bangalore,North,2023-11-30
CUST103284,26,Female,Pune,East,2023-02-24
CUST103285,26,Female,Bangalore,North,2020-05-21
CUST103286,21,Other,Hyderabad,West,2021-10-09
CUST103287,52,Other,Bangalore,South,2020-05-07
CUST103288,34,Female,Delhi,East,2022-04-14
CUST103289,51,Other,Mumbai,West,2022-07-13
CUST103290,41,Other,Bangalore,North,2021-12-30
CUST103291,49,Other,Pune,West,2023-10-05
CUST103292,18,Other,Mumbai,South,2021-04-07
CUST103293,25,Other,Hyderabad,East,2023-06-21
CUST103294,62,Female,Hyderabad,East,2021-07-17
CUST103295,40,Other,Chennai,North,2023-04-24
CUST103296,64,Male,Delhi,South,2023-06-10
CUST103297,57,Female,Mumbai,West,2021-05-28
CUST103298,29,Female,Hyderabad,North,2020-01-01
CUST103299,29,Female,Hyderabad,East,2023-06-16
CUST103300,63,Other,Mumbai,West,2022-12-14
CUST103301,64,Male,Bangalore,North,2023-12-12
CUST103302,32,Other,Pune,West,2024-01-11
CUST103303,58,Female,Bangalore,West,2020-12-03
CUST103304,36,Female,Pune,North,2022-06-26
CUST103305,43,Female,Hyderabad,West,2022-03-28
CUST103306,46,Female,Hyderabad,West,2023-07-24
CUST103307,39,Other,Delhi,South,2022-10-30
CUST103308,57,Male,Mumbai,South,2023-09-26
CUST103309,38,Male,Kolkata,East,2023-02-01
CUST103310,55,Female,Hyderabad,South,2020-12-10
CUST103311,37,Male,Pune,North,2023-10-25
CUST103312,46,Female,Pune,West,2022-09-03
CUST103313,21,Female,Bangalore,East,2022-06-01
CUST103314,24,Male,Bangalore,South,2020-07-16
CUST103315,45,Female,Hyderabad,West,2022-11-03
CUST103316,45,Male,Hyderabad,North,2022-05-21
CUST103317,21,Female,Chennai,West,2023-09-23
CUST103318,39,Male,Pune,North,2021-06-25
CUST103319,29,Female,Delhi,West,2021-04-01
CUST103320,62,Male,Mumbai,East,2022-01-19
CUST103321,20,Female,Mumbai,East,2023-12-30
CUST103322,39,Female,Mumbai,South,2020-12-31
CUST103323,61,Female,Pune,South,2021-02-04
CUST103324,19,Male,Bangalore,West,2021-07-27
CUST103325,41,Other,Delhi,West,2021-04-26
CUST103326,51,Female,Mumbai,South,2020-04-19
CUST103327,44,Female,Pune,South,2022-10-15
CUST103328,58,Male,Kolkata,West,2021-02-09
CUST103329,18,Female,Hyderabad,West,2020-11-04
CUST103330,25,Female,Chennai,West,2020-06-08
CUST103331,40,Female,Chennai,East,2022-04-23
CUST103332,55,Female,Mumbai,North,2020-02-24
CUST103333,23,Other,Bangalore,North,2022-01-30
CUST103334,39,Other,Chennai,South,2020-09-12
CUST103335,42,Female,Chennai,East,2021-06-17
CUST103336,35,Female,Chennai,West,2021-02-25
CUST103337,34,Female,Chennai,West,2022-08-03
CUST103338,29,Other,Mumbai,South,2022-08-19
CUST103339,23,Other,Pune,South,2022-03-23
CUST103340,43,Male,Delhi,East,2022-06-05
CUST103341,44,Male,Delhi,North,2020-09-20
CUST103342,25,Female,Bangalore,North,2022-01-17
CUST103343,36,Female,Pune,West,2022-04-12
CUST103344,59,Other,Hyderabad,South,2020-08-20
CUST103345,18,Female,Kolkata,East,2021-11-10
CUST103346,46,Female,Delhi,West,2020-08-20
CUST103347,62,Other,Kolkata,North,2022-12-04
CUST103348,52,Other,Delhi,North,2021-07-11
CUST103349,57,Other,Delhi,East,2022-07-01
CUST103350,31,Other,Bangalore,West,2021-11-11
CUST103351,52,Male,Chennai,East,2023-12-30
CUST103352,62,Other,Bangalore,West,2020-11-30
CUST103353,37,Other,Delhi,North,2021-02-07
CUST103354,30,Female,Pune,South,2023-04-02
CUST103355,55,Female,Chennai,South,2020-09-12
CUST103356,63,Female,Pune,North,2022-12-25
CUST103357,25,Male,Pune,South,2022-10-16
CUST103358,60,Other,Pune,South,2022-07-29
CUST103359,37,Other,Chennai,West,2022-02-10
CUST103360,50,Male,Pune,East,2022-08-03
CUST103361,43,Other,Chennai,West,2023-01-16
CUST103362,56,Female,Kolkata,East,2023-06-17
CUST103363,38,Male,Hyderabad,East,2020-11-06
CUST103364,59,Other,Delhi,South,2021-11-12
CUST103365,60,Male,Mumbai,East,2023-07-05
CUST103366,58,Male,Pune,East,2023-12-28
CUST103367,26,Other,Bangalore,North,2020-05-08
CUST103368,41,Female,Kolkata,East,2022-02-19
CUST103369,54,Other,Bangalore,North,2020-11-21
CUST103370,58,Other,Mumbai,West,2022-02-28
CUST103371,34,Female,Chennai,South,2020-01-17
CUST103372,41,Other,Mumbai,East,2021-11-29
CUST103373,38,Other,Bangalore,North,2022-10-05
CUST103374,56,Other,Mumbai,West,2020-12-07
CUST103375,58,Male,Delhi,West,2022-09-29
CUST103376,56,Male,Mumbai,West,2022-04-17
CUST103377,30,Male,Pune,North,2021-09-19
CUST103378,28,Other,Delhi,North,2022-02-09
CUST103379,63,Female,Pune,South,2022-05-27
CUST103380,36,Male,Hyderabad,East,2023-06-26
CUST103381,28,Female,Hyderabad,West,2021-12-10
CUST103382,30,Other,Mumbai,South,2022-04-28
CUST103383,63,Male,Delhi,North,2022-01-08
CUST103384,62,Other,Delhi,South,2020-06-25
CUST103385,18,Female,Hyderabad,West,2022-08-03
CUST103386,57,Male,Mumbai,West,2020-12-22
CUST103387,61,Male,Kolkata,South,2021-05-09
CUST103388,36,Male,Chennai,West,2020-02-04
CUST103389,29,Male,Chennai,North,2023-12-01
CUST103390,25,Female,Chennai,West,2022-03-28
CUST103391,25,Male,Delhi,East,2020-01-10
CUST103392,62,Other,Hyderabad,East,2022-09-12
CUST103393,29,Male,Chennai,West,2021-06-14
CUST103394,50,Female,Hyderabad,South,2020-04-04
CUST103395,62,Male,Delhi,West,2021-07-29
CUST103396,43,Female,Hyderabad,East,2021-03-25
CUST103397,56,Female,Kolkata,North,2023-05-28
CUST103398,45,Other,Mumbai,East,2022-10-14
CUST103399,22,Male,Hyderabad,West,2020-04-05
CUST103400,25,Male,Hyderabad,West,2022-05-14
CUST103401,42,Male,Mumbai,South,2023-11-05
CUST103402,44,Other,Delhi,West,2021-10-30
CUST103403,63,Other,Delhi,West,2020-07-25
CUST103404,40,Female,Hyderabad,North,2022-04-29
CUST103405,47,Female,Kolkata,North,2020-09-02
CUST103406,62,Female,Chennai,North,2022-06-02
CUST103407,64,Other,Kolkata,South,2020-03-23
CUST103408,40,Other,Mumbai,South,2020-11-12
CUST103409,64,Other,Mumbai,East,2021-10-06
CUST103410,37,Female,Pune,South,2023-02-02
CUST103411,35,Other,Chennai,North,2021-01-04
CUST103412,35,Female,Hyderabad,South,2022-01-18
CUST103413,19,Female,Mumbai,West,2021-09-21
CUST103414,21,Male,Pune,South,2020-06-28
CUST103415,47,Male,Delhi,West,2021-08-24
CUST103416,50,Male,Mumbai,East,2021-08-22
CUST103417,53,Female,Bangalore,West,2023-01-11
CUST103418,35,Male,Chennai,North,2022-04-20
CUST103419,54,Male,Pune,East,2020-12-13
CUST103420,36,Male,Chennai,East,2023-07-19
CUST103421,64,Other,Chennai,East,2020-11-26
CUST103422,45,Female,Bangalore,North,2021-09-01
CUST103423,57,Male,Kolkata,West,2022-01-13
CUST103424,37,Other,Delhi,East,2021-07-22
CUST103425,50,Other,Chennai,North,2021-01-23
CUST103426,29,Other,Mumbai,East,2022-08-28
CUST103427,32,Male,Delhi,East,2022-01-16
CUST103428,58,Other,Mumbai,North,2020-05-16
CUST103429,56,Female,Delhi,South,2023-10-16
CUST103430,19,Other,Hyderabad,East,2020-10-08
CUST103431,46,Other,Delhi,South,2023-05-10
CUST103432,58,Other,Pune,East,2022-10-15
CUST103433,27,Other,Mumbai,South,2022-01-13
CUST103434,19,Female,Mumbai,West,2021-06-14
CUST103435,28,Male,Hyderabad,South,2020-01-16
CUST103436,30,Female,Delhi,South,2022-10-01
CUST103437,27,Female,Chennai,South,2021-07-21
CUST103438,31,Male,Mumbai,South,2023-02-11
CUST103439,35,Other,Hyderabad,West,2022-12-27
CUST103440,26,Male,Bangalore,North,2020-01-30
CUST103441,56,Male,Bangalore,South,2021-10-25
CUST103442,45,Female,Delhi,North,2022-09-25
CUST103443,20,Male,Kolkata,East,2022-05-24
CUST103444,37,Other,Delhi,North,2020-01-22
CUST103445,23,Female,Hyderabad,South,2023-12-25
CUST103446,44,Other,Delhi,North,2022-11-19
CUST103447,19,Female,Chennai,West,2022-08-13
CUST103448,46,Other,Chennai,West,2021-10-21
CUST103449,55,Male,Pune,South,2023-12-04
CUST103450,20,Male,Hyderabad,North,2022-12-08
CUST103451,33,Male,Kolkata,East,2020-11-20
CUST103452,47,Other,Hyderabad,West,2023-08-14
CUST103453,57,Female,Hyderabad,South,2020-06-29
CUST103454,19,Female,Kolkata,West,2020-05-01
CUST103455,34,Female,Hyderabad,South,2020-05-03
CUST103456,58,Male,Kolkata,North,2024-01-16
CUST103457,29,Other,Kolkata,North,2020-09-22
CUST103458,52,Female,Kolkata,North,2020-01-28
CUST103459,60,Other,Hyderabad,North,2023-07-06
CUST103460,18,Female,Hyderabad,North,2020-03-17
CUST103461,62,Male,Delhi,South,2021-03-07
CUST103462,32,Other,Hyderabad,West,2022-05-28
CUST103463,43,Female,Delhi,East,2022-06-12
CUST103464,54,Female,Pune,West,2022-11-24
CUST103465,38,Female,Bangalore,North,2021-03-11
CUST103466,48,Female,Bangalore,West,2023-02-11
CUST103467,42,Male,Pune,West,2022-12-21
CUST103468,40,Female,Pune,South,2020-02-21
CUST103469,41,Female,Mumbai,East,2020-04-25
CUST103470,55,Male,Delhi,East,2020-02-16
CUST103471,45,Female,Kolkata,North,2021-03-13
CUST103472,38,Other,Mumbai,South,2023-12-06
CUST103473,60,Other,Chennai,South,2020-04-10
CUST103474,35,Female,Delhi,South,2023-07-26
CUST103475,53,Male,Hyderabad,South,2020-04-16
CUST103476,52,Male,Pune,South,2022-09-09
CUST103477,62,Male,Bangalore,East,2022-11-24
CUST103478,26,Female,Delhi,East,2022-09-27
CUST103479,55,Female,Pune,West,2020-12-24
CUST103480,47,Other,Delhi,East,2022-06-05
CUST103481,61,Male,Hyderabad,South,2022-03-10
CUST103482,51,Female,Delhi,West,2022-10-22
CUST103483,49,Female,Hyderabad,East,2023-07-19
CUST103484,20,Female,Delhi,West,2023-03-13
CUST103485,20,Male,Chennai,East,2021-03-10
CUST103486,45,Male,Bangalore,North,2024-01-14
CUST103487,61,Other,Delhi,East,2021-08-26
CUST103488,32,Male,Pune,West,2021-07-19
CUST103489,58,Female,Chennai,North,2022-07-04
CUST103490,40,Other,Mumbai,South,2020-08-15
CUST103491,57,Male,Delhi,West,2021-06-28
CUST103492,28,Male,Hyderabad,South,2023-05-22
CUST103493,49,Male,Chennai,South,2021-10-09
CUST103494,53,Male,Kolkata,West,2020-09-04
CUST103495,50,Female,Mumbai,South,2023-12-02
CUST103496,41,Male,Bangalore,West,2022-12-12
CUST103497,56,Female,Delhi,West,2020-11-09
CUST103498,51,Female,Delhi,East,2023-10-29
CUST103499,45,Female,Chennai,North,2020-02-06
CUST103500,54,Other,Bangalore,South,2021-12-24
CUST103501,24,Female,Kolkata,South,2022-09-06
CUST103502,21,Male,Mumbai,North,2020-03-24
CUST103503,54,Other,Pune,North,2022-06-18
CUST103504,18,Male,Bangalore,North,2023-01-22
CUST103505,18,Female,Delhi,North,2023-12-09
CUST103506,64,Male,Chennai,North,2023-09-27
CUST103507,37,Other,Kolkata,East,2021-12-19
CUST103508,36,Other,Chennai,West,2021-07-03
CUST103509,46,Male,Mumbai,North,2023-12-15
CUST103510,27,Male,Hyderabad,East,2023-10-03
CUST103511,35,Male,Hyderabad,North,2021-12-15
CUST103512,45,Other,Bangalore,North,2021-08-09
CUST103513,52,Female,Chennai,South,2023-02-25
CUST103514,60,Male,Pune,South,2020-05-31
CUST103515,64,Female,Pune,South,2022-11-27
CUST103516,48,Other,Hyderabad,South,2023-12-21
CUST103517,44,Male,Hyderabad,West,2023-02-02
CUST103518,28,Male,Chennai,West,2020-06-13
CUST103519,55,Other,Delhi,South,2022-07-26
CUST103520,22,Male,Chennai,South,2020-07-30
CUST103521,25,Female,Kolkata,North,2021-06-09
CUST103522,51,Other,Bangalore,North,2022-01-11
CUST103523,29,Other,Mumbai,South,2020-05-11
CUST103524,55,Male,Pune,South,2023-03-21
CUST103525,18,Other,Chennai,South,2020-04-05
CUST103526,48,Male,Kolkata,North,2022-10-09
CUST103527,21,Male,Hyderabad,South,2021-06-05
CUST103528,62,Other,Pune,South,2021-01-08
CUST103529,22,Male,Pune,West,2022-11-05
CUST103530,47,Female,Mumbai,West,2021-08-30
CUST103531,41,Female,Pune,North,2020-01-18
CUST103532,20,Male,Kolkata,West,2023-12-03
CUST103533,28,Female,Pune,North,2022-10-27
CUST103534,62,Male,Pune,East,2023-06-22
CUST103535,21,Female,Chennai,South,2022-09-04
CUST103536,43,Other,Chennai,North,2022-05-28
CUST103537,44,Male,Hyderabad,West,2021-08-16
CUST103538,63,Male,Bangalore,East,2021-10-04
CUST103539,60,Male,Delhi,West,2020-05-08
CUST103540,44,Male,Kolkata,North,2022-03-11
CUST103541,59,Male,Delhi,East,2021-03-30
CUST103542,23,Male,Delhi,West,2022-05-25
CUST103543,32,Other,Pune,East,2021-07-24
CUST103544,47,Other,Hyderabad,South,2022-12-31
CUST103545,59,Female,Mumbai,South,2022-10-10
CUST103546,54,Male,Mumbai,East,2023-03-29
CUST103547,54,Female,Pune,West,2023-01-15
CUST103548,59,Female,Hyderabad,West,2021-02-04
CUST103549,54,Other,Kolkata,West,2021-04-06
CUST103550,52,Female,Delhi,South,2020-03-29
CUST103551,40,Other,Bangalore,North,2022-04-02
CUST103552,23,Female,Hyderabad,North,2020-01-06
CUST103553,21,Male,Delhi,East,2022-08-02
CUST103554,35,Female,Mumbai,West,2020-03-24
CUST103555,26,Other,Delhi,East,2023-06-27
CUST103556,46,Other,Chennai,North,2023-12-10
CUST103557,30,Other,Chennai,North,2022-12-31
CUST103558,64,Female,Bangalore,West,2021-09-12
CUST103559,34,Female,Kolkata,East,2023-02-09
CUST103560,62,Other,Delhi,West,2020-06-20
CUST103561,49,Male,Chennai,North,2021-11-29
CUST103562,39,Male,Kolkata,North,2020-09-29
CUST103563,21,Female,Hyderabad,West,2021-06-13
CUST103564,22,Female,Hyderabad,East,2020-11-14
CUST103565,54,Other,Chennai,South,2023-01-10
CUST103566,58,Female,Kolkata,West,2023-01-03
CUST103567,30,Female,Kolkata,North,2021-03-04
CUST103568,51,Other,Chennai,South,2024-01-23
CUST103569,62,Other,Pune,West,2022-04-26
CUST103570,39,Female,Mumbai,South,2023-10-01
CUST103571,40,Male,Kolkata,West,2020-09-05
CUST103572,20,Female,Hyderabad,North,2021-01-21
CUST103573,59,Male,Pune,West,2020-12-28
CUST103574,51,Male,Delhi,South,2023-08-12
CUST103575,49,Male,Pune,East,2020-03-08
CUST103576,62,Other,Chennai,North,2021-03-13
CUST103577,38,Other,Pune,North,2022-10-12
CUST103578,63,Other,Mumbai,South,2023-03-02
CUST103579,61,Female,Chennai,West,2023-08-11
CUST103580,38,Other,Bangalore,West,2020-10-22
CUST103581,61,Other,Delhi,West,2021-10-08
CUST103582,28,Female,Hyderabad,North,2020-02-02
CUST103583,56,Female,Bangalore,North,2023-10-29
CUST103584,21,Male,Pune,South,2020-02-01
CUST103585,18,Female,Kolkata,West,2021-07-08
CUST103586,45,Female,Pune,West,2020-10-31
CUST103587,41,Other,Hyderabad,South,2022-03-03
CUST103588,52,Male,Hyderabad,North,2023-02-05
CUST103589,30,Male,Kolkata,North,2020-04-05
CUST103590,64,Female,Bangalore,East,2022-12-25
CUST103591,51,Other,Bangalore,East,2021-06-04
CUST103592,28,Other,Kolkata,West,2020-08-17
CUST103593,53,Other,Mumbai,North,2022-01-02
CUST103594,34,Other,Delhi,West,2020-12-23
CUST103595,52,Female,Chennai,North,2021-02-05
CUST103596,35,Other,Bangalore,East,2022-02-28
CUST103597,57,Male,Delhi,South,2020-04-08
CUST103598,39,Male,Chennai,North,2020-09-27
CUST103599,41,Female,Pune,East,2020-12-27
CUST103600,36,Other,Chennai,East,2023-04-02
CUST103601,54,Other,Bangalore,North,2021-06-11
CUST103602,56,Other,Mumbai,West,2023-04-07
CUST103603,38,Other,Mumbai,North,2022-11-10
CUST103604,25,Female,Delhi,East,2021-06-23
CUST103605,45,Other,Pune,North,2021-08-17
CUST103606,22,Female,Delhi,South,2022-04-12
CUST103607,34,Other,Kolkata,West,2021-01-31
CUST103608,54,Other,Mumbai,North,2022-11-25
CUST103609,53,Male,Delhi,East,2021-05-09
CUST103610,36,Female,Kolkata,East,2020-11-09
CUST103611,44,Male,Pune,West,2021-05-04
CUST103612,51,Female,Hyderabad,North,2023-07-23
CUST103613,28,Other,Chennai,East,2020-08-20
CUST103614,62,Other,Delhi,West,2023-12-30
CUST103615,64,Female,Kolkata,South,2022-10-26
CUST103616,29,Male,Mumbai,West,2021-10-25
CUST103617,38,Female,Chennai,North,2020-08-31
CUST103618,28,Female,Delhi,North,2020-08-28
CUST103619,56,Other,Mumbai,East,2021-07-11
CUST103620,45,Male,Hyderabad,South,2023-07-20
CUST103621,22,Female,Chennai,North,2020-03-15
CUST103622,34,Male,Bangalore,East,2020-10-09
CUST103623,37,Male,Mumbai,West,2020-03-27
CUST103624,58,Female,Bangalore,West,2022-05-30
CUST103625,63,Male,Pune,North,2022-07-18
CUST103626,29,Other,Delhi,South,2023-03-18
CUST103627,23,Other,Hyderabad,East,2023-03-19
CUST103628,34,Other,Kolkata,North,2020-06-08
CUST103629,36,Other,Delhi,East,2021-03-21
CUST103630,43,Male,Mumbai,West,2020-03-22
CUST103631,61,Other,Bangalore,East,2022-10-27
CUST103632,61,Female,Bangalore,West,2020-06-30
CUST103633,49,Other,Chennai,South,2022-05-19
CUST103634,23,Female,Delhi,South,2022-08-23
CUST103635,53,Female,Delhi,West,2021-04-22
CUST103636,55,Other,Mumbai,North,2020-07-01
CUST103637,28,Other,Bangalore,West,2023-08-30
CUST103638,50,Male,Mumbai,East,2020-06-22
CUST103639,41,Female,Mumbai,East,2020-01-14
CUST103640,40,Other,Pune,East,2023-08-16
CUST103641,32,Male,Bangalore,North,2020-03-13
CUST103642,44,Other,Mumbai,South,2021-05-28
CUST103643,28,Other,Bangalore,South,2021-08-24
CUST103644,34,Other,Mumbai,East,2020-12-08
CUST103645,31,Female,Kolkata,North,2023-11-20
CUST103646,44,Other,Mumbai,East,2020-11-28
CUST103647,35,Male,Mumbai,South,2020-12-20
CUST103648,45,Other,Hyderabad,West,2022-04-26
CUST103649,64,Other,Kolkata,East,2020-06-11
CUST103650,64,Male,Delhi,East,2020-04-25
CUST103651,21,Male,Bangalore,East,2023-11-27
CUST103652,24,Female,Hyderabad,South,2023-01-07
CUST103653,62,Female,Chennai,North,2024-01-10
CUST103654,52,Female,Kolkata,West,2022-10-28
CUST103655,26,Female,Hyderabad,West,2022-11-12
CUST103656,25,Male,Delhi,West,2022-03-01
CUST103657,62,Other,Mumbai,East,2021-06-26
CUST103658,34,Other,Pune,South,2021-02-17
CUST103659,34,Other,Delhi,West,2021-11-12
CUST103660,50,Female,Kolkata,East,2021-10-03
CUST103661,49,Male,Pune,North,2023-12-03
CUST103662,25,Male,Mumbai,East,2021-10-30
CUST103663,36,Male,Delhi,West,2020-01-22
CUST103664,55,Other,Chennai,West,2023-11-27
CUST103665,20,Female,Bangalore,North,2022-08-26
CUST103666,22,Male,Bangalore,South,2023-03-26
CUST103667,30,Female,Kolkata,North,2020-11-25
CUST103668,64,Male,Hyderabad,North,2022-11-11
CUST103669,63,Female,Mumbai,West,2024-02-04
CUST103670,48,Male,Mumbai,West,2023-07-11
CUST103671,33,Female,Bangalore,South,2023-08-19
CUST103672,49,Male,Delhi,West,2022-06-20
CUST103673,39,Male,Mumbai,North,2021-12-24
CUST103674,46,Female,Chennai,North,2024-01-28
CUST103675,39,Female,Chennai,South,2023-04-02
CUST103676,60,Other,Mumbai,West,2023-03-05
CUST103677,20,Female,Mumbai,West,2020-09-08
CUST103678,27,Male,Bangalore,North,2020-07-23
CUST103679,59,Male,Kolkata,North,2023-08-18
CUST103680,38,Female,Bangalore,West,2023-06-19
CUST103681,33,Other,Kolkata,East,2022-04-11
CUST103682,29,Female,Chennai,North,2022-03-01
CUST103683,19,Male,Kolkata,North,2022-12-20
CUST103684,58,Male,Bangalore,North,2021-04-09
CUST103685,41,Other,Mumbai,South,2023-08-18
CUST103686,52,Female,Kolkata,West,2024-02-04
CUST103687,47,Male,Bangalore,West,2021-01-28
CUST103688,47,Male,Chennai,West,2022-10-17
CUST103689,64,Male,Pune,North,2021-10-21
CUST103690,52,Female,Kolkata,West,2022-06-30
CUST103691,36,Female,Chennai,West,2023-07-06
CUST103692,25,Other,Chennai,West,2021-06-13
CUST103693,43,Male,Delhi,South,2023-04-25
CUST103694,57,Male,Pune,South,2023-05-20
CUST103695,24,Other,Kolkata,North,2022-11-24
CUST103696,47,Male,Bangalore,West,2023-03-16
CUST103697,24,Other,Kolkata,North,2023-07-29
CUST103698,20,Other,Kolkata,North,2023-06-26
CUST103699,18,Male,Pune,North,2020-02-26
CUST103700,53,Female,Hyderabad,North,2023-08-21
CUST103701,42,Female,Chennai,North,2021-06-05
CUST103702,54,Female,Chennai,North,2020-12-26
CUST103703,18,Female,Chennai,South,2023-06-14
CUST103704,32,Male,Chennai,East,2020-08-21
CUST103705,54,Other,Pune,South,2020-08-10
CUST103706,30,Other,Bangalore,North,2020-11-22
CUST103707,57,Male,Mumbai,East,2023-01-26
CUST103708,25,Female,Delhi,East,2023-06-03
CUST103709,22,Other,Hyderabad,West,2022-04-15
CUST103710,26,Male,Hyderabad,North,2021-05-03
CUST103711,18,Male,Chennai,North,2021-04-22
CUST103712,53,Female,Chennai,South,2022-09-11
CUST103713,52,Male,Delhi,East,2023-09-19
CUST103714,19,Other,Chennai,East,2022-03-02
CUST103715,57,Other,Mumbai,North,2021-05-26
CUST103716,40,Male,Hyderabad,West,2022-10-09
CUST103717,26,Other,Kolkata,North,2021-01-16
CUST103718,51,Male,Delhi,East,2023-12-17
CUST103719,63,Other,Hyderabad,West,2023-10-03
CUST103720,31,Female,Bangalore,West,2023-03-22
CUST103721,21,Other,Hyderabad,East,2021-03-27
CUST103722,47,Female,Delhi,North,2023-08-06
CUST103723,48,Female,Mumbai,North,2023-02-16
CUST103724,55,Male,Pune,North,2020-08-01
CUST103725,28,Female,Bangalore,South,2021-07-18
CUST103726,52,Other,Kolkata,South,2022-01-01
CUST103727,25,Other,Chennai,West,2021-03-14
CUST103728,20,Female,Delhi,North,2022-01-24
CUST103729,31,Male,Bangalore,South,2021-09-20
CUST103730,30,Female,Delhi,West,2022-06-21
CUST103731,62,Other,Kolkata,East,2024-01-10
CUST103732,49,Other,Delhi,East,2022-12-01
CUST103733,51,Female,Hyderabad,North,2021-01-29
CUST103734,62,Female,Hyderabad,East,2020-09-03
CUST103735,36,Female,Bangalore,East,2022-06-23
CUST103736,55,Other,Mumbai,East,2023-08-07
CUST103737,33,Other,Pune,West,2020-09-04
CUST103738,19,Other,Bangalore,East,2021-08-21
CUST103739,57,Male,Delhi,East,2022-05-14
CUST103740,34,Other,Kolkata,West,2024-01-12
CUST103741,51,Other,Hyderabad,South,2020-03-24
CUST103742,59,Male,Chennai,West,2022-02-11
CUST103743,33,Male,Chennai,South,2023-05-29
CUST103744,55,Male,Kolkata,West,2020-02-20
CUST103745,19,Male,Delhi,North,2021-07-03
CUST103746,19,Male,Pune,East,2022-02-09
CUST103747,43,Male,Kolkata,South,2022-09-07
CUST103748,30,Female,Delhi,West,2023-04-25
CUST103749,64,Female,Bangalore,South,2023-05-31
CUST103750,48,Female,Pune,South,2021-04-09
CUST103751,51,Female,Mumbai,East,2021-02-22
CUST103752,56,Other,Delhi,South,2020-03-27
CUST103753,20,Male,Chennai,West,2020-09-15
CUST103754,25,Other,Chennai,North,2023-04-19
CUST103755,40,Male,Hyderabad,North,2020-11-06
CUST103756,31,Male,Pune,East,2020-06-21
CUST103757,44,Other,Mumbai,West,2023-09-07
CUST103758,46,Female,Delhi,West,2023-09-25
CUST103759,56,Other,Mumbai,North,2023-06-22
CUST103760,56,Other,Hyderabad,West,2022-07-28
CUST103761,18,Male,Bangalore,South,2021-05-19
CUST103762,34,Male,Mumbai,East,2020-11-24
CUST103763,58,Male,Bangalore,North,2020-07-14
CUST103764,47,Female,Chennai,East,2020-03-02
CUST103765,30,Other,Bangalore,South,2022-11-14
CUST103766,38,Other,Delhi,North,2021-07-15
CUST103767,36,Female,Pune,West,2023-11-02
CUST103768,36,Other,Pune,West,2022-06-15
CUST103769,42,Other,Delhi,South,2023-08-11
CUST103770,39,Male,Delhi,North,2022-12-11
CUST103771,48,Female,Delhi,East,2022-04-23
CUST103772,34,Male,Kolkata,North,2020-02-09
CUST103773,40,Female,Hyderabad,West,2021-12-28
CUST103774,49,Male,Bangalore,North,2021-04-01
CUST103775,27,Other,Delhi,North,2022-05-27
CUST103776,27,Female,Pune,West,2022-02-26
CUST103777,53,Female,Mumbai,West,2020-01-02
CUST103778,25,Male,Mumbai,East,2024-02-01
CUST103779,37,Female,Kolkata,North,2023-02-03
CUST103780,49,Other,Bangalore,West,2020-08-03
CUST103781,31,Other,Bangalore,South,2022-02-15
CUST103782,45,Other,Hyderabad,West,2021-11-09
CUST103783,63,Male,Bangalore,East,2021-02-17
CUST103784,41,Female,Pune,East,2020-07-28
CUST103785,32,Male,Pune,South,2022-12-17
CUST103786,39,Other,Hyderabad,East,2020-02-12
CUST103787,47,Female,Kolkata,North,2020-05-17
CUST103788,21,Other,Bangalore,East,2021-09-29
CUST103789,30,Female,Bangalore,South,2021-04-13
CUST103790,40,Female,Delhi,East,2021-12-26
CUST103791,25,Male,Bangalore,South,2023-11-13
CUST103792,35,Female,Pune,East,2023-05-06
CUST103793,29,Other,Delhi,West,2020-07-20
CUST103794,48,Female,Delhi,South,2020-07-10
CUST103795,31,Other,Bangalore,East,2020-04-16
CUST103796,51,Male,Mumbai,North,2020-11-22
CUST103797,35,Other,Chennai,South,2022-01-19
CUST103798,51,Female,Pune,South,2021-10-05
CUST103799,28,Other,Mumbai,East,2020-12-22
CUST103800,58,Other,Bangalore,West,2021-08-17
CUST103801,29,Female,Bangalore,West,2021-05-15
CUST103802,32,Other,Mumbai,East,2023-07-31
CUST103803,48,Female,Bangalore,East,2021-04-12
CUST103804,46,Male,Pune,North,2021-05-22
CUST103805,43,Other,Hyderabad,East,2020-04-15
CUST103806,35,Male,Delhi,South,2023-08-10
CUST103807,49,Other,Kolkata,East,2022-12-25
CUST103808,39,Other,Bangalore,North,2020-07-13
CUST103809,55,Male,Bangalore,East,2023-04-26
CUST103810,34,Other,Mumbai,East,2020-02-16
CUST103811,40,Other,Delhi,South,2023-10-17
CUST103812,41,Male,Mumbai,West,2022-10-05
CUST103813,25,Other,Hyderabad,East,2021-06-20
CUST103814,58,Female,Pune,North,2022-04-26
CUST103815,23,Other,Mumbai,East,2021-12-09
CUST103816,22,Other,Bangalore,East,2023-06-23
CUST103817,61,Other,Delhi,South,2022-03-18
CUST103818,46,Male,Pune,West,2021-09-03
CUST103819,45,Female,Bangalore,West,2023-04-16
CUST103820,28,Female,Pune,West,2020-04-24
CUST103821,18,Other,Bangalore,East,2021-11-10
CUST103822,60,Male,Bangalore,South,2021-09-22
CUST103823,36,Male,Bangalore,South,2023-04-03
CUST103824,26,Female,Kolkata,East,2020-08-06
CUST103825,44,Male,Chennai,South,2020-07-15
CUST103826,51,Other,Delhi,West,2021-02-04
CUST103827,61,Other,Hyderabad,South,2022-01-18
CUST103828,21,Male,Kolkata,East,2021-11-11
CUST103829,53,Other,Chennai,East,2020-03-16
CUST103830,35,Female,Pune,North,2023-12-20
CUST103831,32,Other,Chennai,North,2020-10-13
CUST103832,30,Male,Chennai,South,2023-08-15
CUST103833,36,Female,Kolkata,South,2022-05-10
CUST103834,23,Other,Delhi,East,2022-01-11
CUST103835,29,Female,Mumbai,North,2020-10-20
CUST103836,54,Male,Chennai,North,2022-03-19
CUST103837,34,Other,Mumbai,West,2022-06-04
CUST103838,40,Other,Mumbai,West,2024-01-10
CUST103839,43,Female,Bangalore,East,2021-02-17
CUST103840,46,Other,Mumbai,East,2021-03-06
CUST103841,50,Other,Pune,East,2023-06-07
CUST103842,44,Other,Pune,East,2023-01-24
CUST103843,42,Other,Bangalore,North,2024-01-02
CUST103844,27,Male,Delhi,East,2020-06-19
CUST103845,64,Other,Hyderabad,East,2023-09-02
CUST103846,40,Female,Delhi,North,2021-06-27
CUST103847,38,Male,Pune,West,2023-11-12
CUST103848,38,Female,Hyderabad,East,2022-09-15
CUST103849,60,Female,Bangalore,West,2020-03-12
CUST103850,30,Female,Delhi,North,2022-10-19
CUST103851,54,Male,Hyderabad,West,2021-06-15
CUST103852,50,Male,Hyderabad,North,2020-08-26
CUST103853,41,Male,Chennai,East,2021-12-11
CUST103854,61,Other,Delhi,West,2021-07-30
CUST103855,28,Female,Bangalore,East,2023-01-17
CUST103856,34,Male,Hyderabad,South,2021-12-13
CUST103857,21,Female,Pune,South,2021-10-03
CUST103858,64,Male,Chennai,West,2023-03-23
CUST103859,42,Male,Mumbai,North,2021-08-12
CUST103860,47,Male,Mumbai,West,2020-07-08
CUST103861,26,Female,Mumbai,North,2022-03-22
CUST103862,38,Other,Pune,South,2023-12-09
CUST103863,37,Male,Hyderabad,North,2023-03-23
CUST103864,36,Male,Bangalore,South,2022-10-11
CUST103865,36,Male,Mumbai,West,2021-09-16
CUST103866,29,Other,Delhi,East,2023-09-24
CUST103867,54,Female,Mumbai,East,2021-09-20
CUST103868,59,Female,Hyderabad,East,2022-06-07
CUST103869,34,Female,Kolkata,North,2022-11-24
CUST103870,54,Female,Pune,East,2022-02-22
CUST103871,56,Male,Kolkata,North,2021-11-01
CUST103872,45,Other,Mumbai,East,2021-12-22
CUST103873,58,Male,Hyderabad,North,2021-06-09
CUST103874,52,Other,Mumbai,North,2021-06-20
CUST103875,64,Female,Kolkata,South,2022-04-26
CUST103876,35,Other,Hyderabad,South,2023-05-26
CUST103877,31,Male,Pune,West,2023-07-01
CUST103878,52,Male,Pune,South,2022-09-22
CUST103879,61,Female,Mumbai,North,2023-05-11
CUST103880,58,Male,Pune,South,2023-01-29
CUST103881,24,Male,Chennai,South,2023-10-16
CUST103882,58,Other,Hyderabad,South,2022-07-02
CUST103883,30,Male,Hyderabad,North,2020-06-26
CUST103884,35,Female,Pune,North,2020-10-02
CUST103885,54,Female,Hyderabad,West,2020-11-07
CUST103886,30,Male,Kolkata,South,2023-12-04
CUST103887,53,Female,Bangalore,South,2022-03-01
CUST103888,48,Other,Kolkata,North,2023-08-04
CUST103889,19,Other,Delhi,West,2023-11-25
CUST103890,33,Male,Chennai,West,2023-05-25
CUST103891,26,Male,Bangalore,North,2021-11-28
CUST103892,26,Other,Mumbai,South,2024-02-02
CUST103893,55,Female,Hyderabad,West,2020-01-27
CUST103894,28,Male,Delhi,West,2022-07-01
CUST103895,39,Male,Delhi,South,2021-02-25
CUST103896,50,Female,Chennai,West,2022-11-03
CUST103897,53,Male,Bangalore,South,2021-05-15
CUST103898,62,Female,Delhi,West,2022-06-26
CUST103899,40,Female,Bangalore,West,2020-11-20
CUST103900,62,Female,Bangalore,North,2023-09-09
CUST103901,62,Female,Pune,West,2020-10-11
CUST103902,51,Female,Delhi,South,2023-01-17
CUST103903,26,Other,Bangalore,West,2022-12-04
CUST103904,41,Female,Chennai,North,2021-05-12
CUST103905,25,Other,Delhi,West,2022-06-30
CUST103906,24,Female,Chennai,East,2020-05-24
CUST103907,53,Male,Chennai,South,2022-08-05
CUST103908,35,Other,Bangalore,East,2020-03-22
CUST103909,20,Male,Bangalore,North,2022-09-06
CUST103910,45,Female,Pune,East,2023-04-05
CUST103911,23,Female,Hyderabad,West,2023-02-02
CUST103912,61,Male,Pune,South,2021-05-02
CUST103913,61,Female,Delhi,East,2023-08-26
CUST103914,38,Male,Pune,West,2020-03-22
CUST103915,45,Female,Mumbai,East,2020-04-03
CUST103916,57,Female,Delhi,West,2023-09-06
CUST103917,18,Other,Chennai,West,2020-12-08
CUST103918,53,Male,Pune,East,2022-03-07
CUST103919,38,Female,Pune,North,2020-12-26
CUST103920,60,Male,Hyderabad,South,2022-12-25
CUST103921,52,Other,Pune,North,2021-09-15
CUST103922,30,Male,Bangalore,East,2022-05-17
CUST103923,27,Other,Chennai,West,2021-03-04
CUST103924,61,Male,Pune,East,2023-11-25
CUST103925,64,Male,Kolkata,West,2020-06-19
CUST103926,27,Other,Kolkata,West,2021-07-31
CUST103927,63,Female,Chennai,North,2020-03-08
CUST103928,30,Female,Pune,North,2022-11-23
CUST103929,54,Female,Hyderabad,East,2020-01-01
CUST103930,55,Male,Mumbai,South,2020-05-30
CUST103931,41,Male,Hyderabad,North,2022-06-20
CUST103932,19,Female,Mumbai,West,2020-09-14
CUST103933,39,Male,Delhi,East,2022-01-19
CUST103934,34,Male,Delhi,East,2021-09-19
CUST103935,53,Female,Hyderabad,South,2022-03-05
CUST103936,31,Other,Pune,East,2020-01-19
CUST103937,27,Male,Hyderabad,North,2020-02-04
CUST103938,52,Male,Delhi,West,2021-01-05
CUST103939,42,Male,Bangalore,East,2021-05-05
CUST103940,20,Male,Mumbai,East,2022-03-27
CUST103941,64,Other,Chennai,West,2023-06-18
CUST103942,55,Female,Hyderabad,East,2020-01-07
CUST103943,34,Male,Pune,East,2021-07-02
CUST103944,29,Female,Pune,South,2021-01-05
CUST103945,41,Male,Kolkata,North,2022-01-26
CUST103946,46,Other,Mumbai,East,2023-06-27
CUST103947,60,Female,Mumbai,North,2023-02-12
CUST103948,42,Other,Mumbai,South,2023-09-22
CUST103949,53,Male,Hyderabad,North,2021-07-27
CUST103950,43,Other,Delhi,South,2021-11-11
CUST103951,55,Other,Bangalore,North,2023-03-11
CUST103952,18,Male,Hyderabad,North,2024-01-01
CUST103953,37,Male,Chennai,East,2020-03-28
CUST103954,45,Female,Delhi,North,2021-04-07
CUST103955,33,Male,Hyderabad,East,2022-12-07
CUST103956,64,Female,Bangalore,East,2021-04-25
CUST103957,34,Other,Mumbai,North,2022-04-02
CUST103958,57,Other,Bangalore,East,2021-06-07
CUST103959,45,Female,Delhi,North,2020-07-29
CUST103960,29,Male,Hyderabad,West,2020-08-31
CUST103961,44,Male,Mumbai,East,2020-08-26
CUST103962,59,Other,Hyderabad,West,2023-05-05
CUST103963,64,Female,Delhi,West,2022-02-07
CUST103964,47,Other,Chennai,East,2020-08-22
CUST103965,58,Other,Mumbai,South,2020-07-05
CUST103966,51,Male,Bangalore,South,2021-12-13
CUST103967,54,Female,Delhi,West,2023-08-06
CUST103968,23,Other,Kolkata,West,2023-05-29
CUST103969,24,Male,Bangalore,North,2021-05-11
CUST103970,49,Other,Bangalore,West,2023-08-18
CUST103971,49,Other,Mumbai,East,2020-07-05
CUST103972,42,Male,Hyderabad,South,2024-01-13
CUST103973,50,Male,Pune,South,2023-12-06
CUST103974,24,Female,Bangalore,South,2022-07-24
CUST103975,29,Other,Delhi,East,2023-06-22
CUST103976,33,Female,Kolkata,North,2020-11-08
CUST103977,33,Male,Chennai,East,2022-03-29
CUST103978,60,Male,Kolkata,East,2020-01-22
CUST103979,53,Other,Delhi,South,2020-03-08
CUST103980,30,Female,Mumbai,East,2021-01-26
CUST103981,24,Female,Delhi,West,2023-09-01
CUST103982,53,Other,Pune,East,2022-12-24
CUST103983,64,Other,Pune,South,2021-12-29
CUST103984,26,Female,Pune,South,2021-06-24
CUST103985,49,Male,Bangalore,East,2021-07-21
CUST103986,28,Male,Mumbai,West,2022-06-18
CUST103987,25,Other,Hyderabad,West,2020-07-30
CUST103988,50,Female,Pune,South,2020-07-18
CUST103989,40,Female,Hyderabad,West,2022-09-13
CUST103990,42,Female,Chennai,West,2020-06-26
CUST103991,25,Male,Chennai,North,2023-12-17
CUST103992,62,Male,Hyderabad,North,2022-07-19
CUST103993,39,Female,Delhi,West,2024-01-25
CUST103994,21,Female,Pune,West,2020-02-13
CUST103995,57,Other,Bangalore,North,2023-12-25
CUST103996,20,Other,Chennai,North,2020-06-16
CUST103997,46,Female,Kolkata,North,2020-10-13
CUST103998,58,Female,Mumbai,South,2021-12-09
CUST103999,46,Male,Kolkata,South,2020-12-02
CUST104000,51,Female,Hyderabad,North,2021-08-08
CUST104001,51,Other,Chennai,North,2023-04-09
CUST104002,45,Male,Chennai,North,2020-07-01
CUST104003,30,Other,Delhi,South,2020-01-16
CUST104004,32,Other,Delhi,South,2022-06-05
CUST104005,40,Male,Pune,West,2022-04-16
CUST104006,61,Other,Hyderabad,East,2020-04-19
CUST104007,43,Female,Mumbai,West,2020-11-01
CUST104008,21,Other,Pune,East,2022-09-06
CUST104009,43,Male,Delhi,East,2020-01-06
CUST104010,57,Male,Bangalore,East,2022-04-22
CUST104011,26,Male,Mumbai,West,2023-07-20
CUST104012,22,Other,Bangalore,South,2020-12-26
CUST104013,49,Female,Pune,South,2023-04-23
CUST104014,37,Male,Delhi,South,2021-10-17
CUST104015,28,Female,Mumbai,South,2023-01-28
CUST104016,32,Male,Pune,West,2023-01-18
CUST104017,49,Female,Chennai,North,2022-09-10
CUST104018,45,Female,Pune,East,2023-06-23
CUST104019,39,Female,Hyderabad,South,2023-06-16
CUST104020,58,Male,Kolkata,South,2021-12-24
CUST104021,34,Other,Chennai,West,2023-01-09
CUST104022,43,Other,Bangalore,East,2020-04-24
CUST104023,61,Other,Chennai,South,2020-10-02
CUST104024,24,Female,Pune,North,2020-03-20
CUST104025,59,Male,Chennai,South,2020-06-27
CUST104026,43,Female,Kolkata,East,2023-08-25
CUST104027,42,Male,Hyderabad,North,2021-07-14
CUST104028,27,Female,Pune,West,2021-05-23
CUST104029,62,Male,Kolkata,North,2020-09-16
CUST104030,36,Male,Chennai,East,2020-10-18
CUST104031,28,Male,Kolkata,East,2022-06-03
CUST104032,30,Female,Chennai,North,2020-10-17
CUST104033,25,Other,Mumbai,South,2021-06-25
CUST104034,57,Female,Chennai,East,2022-02-02
CUST104035,21,Female,Delhi,North,2022-12-22
CUST104036,64,Male,Kolkata,East,2021-08-16
CUST104037,48,Male,Hyderabad,South,2023-11-29
CUST104038,45,Other,Kolkata,South,2022-08-05
CUST104039,28,Other,Bangalore,North,2021-04-24
CUST104040,60,Male,Hyderabad,West,2023-09-10
CUST104041,18,Other,Hyderabad,West,2021-01-15
CUST104042,64,Other,Bangalore,South,2020-11-05
CUST104043,55,Male,Delhi,West,2023-09-28
CUST104044,41,Female,Kolkata,South,2024-02-07
CUST104045,64,Other,Hyderabad,West,2022-12-15
CUST104046,48,Male,Kolkata,South,2022-04-26
CUST104047,58,Other,Hyderabad,East,2021-02-28
CUST104048,63,Other,Bangalore,North,2023-03-11
CUST104049,43,Male,Bangalore,North,2021-10-22
CUST104050,22,Other,Chennai,West,2023-10-31
CUST104051,37,Other,Pune,North,2020-08-13
CUST104052,58,Other,Kolkata,West,2024-02-06
CUST104053,28,Female,Kolkata,South,2020-01-25
CUST104054,50,Female,Hyderabad,East,2023-10-20
CUST104055,55,Other,Chennai,North,2020-04-04
CUST104056,44,Male,Kolkata,East,2021-05-22
CUST104057,51,Other,Hyderabad,North,2021-07-18
CUST104058,32,Other,Delhi,South,2023-04-14
CUST104059,49,Female,Bangalore,North,2021-10-05
CUST104060,38,Female,Bangalore,North,2023-12-02
CUST104061,63,Female,Pune,South,2021-05-04
CUST104062,22,Other,Bangalore,West,2021-04-03
CUST104063,23,Other,Mumbai,West,2023-12-07
CUST104064,55,Male,Delhi,South,2022-06-19
CUST104065,39,Other,Delhi,West,2020-12-03
CUST104066,35,Other,Chennai,North,2022-08-20
CUST104067,31,Female,Mumbai,East,2023-09-16
CUST104068,27,Female,Kolkata,South,2023-05-21
CUST104069,63,Female,Pune,North,2020-12-10
CUST104070,30,Female,Delhi,South,2021-07-29
CUST104071,48,Female,Mumbai,East,2022-07-31
CUST104072,47,Male,Mumbai,North,2020-12-11
CUST104073,20,Male,Hyderabad,North,2023-06-25
CUST104074,47,Male,Delhi,East,2020-11-20
CUST104075,23,Female,Hyderabad,East,2021-04-11
CUST104076,46,Female,Chennai,West,2020-03-31
CUST104077,25,Female,Mumbai,North,2020-10-20
CUST104078,61,Male,Bangalore,East,2021-06-07
CUST104079,62,Female,Mumbai,East,2022-04-29
CUST104080,60,Male,Kolkata,North,2020-09-15
CUST104081,61,Female,Delhi,West,2023-01-15
CUST104082,50,Other,Kolkata,South,2023-03-27
CUST104083,34,Male,Chennai,West,2020-07-04
CUST104084,28,Other,Pune,East,2020-12-09
CUST104085,30,Male,Bangalore,South,2022-03-31
CUST104086,28,Female,Delhi,South,2022-01-10
CUST104087,48,Female,Mumbai,West,2021-07-22
CUST104088,45,Other,Bangalore,South,2022-08-07
CUST104089,61,Female,Mumbai,East,2021-05-23
CUST104090,23,Male,Chennai,North,2020-01-16
CUST104091,58,Female,Pune,North,2021-06-08
CUST104092,33,Female,Delhi,North,2020-07-18
CUST104093,21,Male,Chennai,West,2023-04-22
CUST104094,52,Other,Chennai,North,2020-11-04
CUST104095,43,Other,Pune,North,2023-07-28
CUST104096,29,Female,Chennai,North,2023-03-27
CUST104097,28,Male,Chennai,South,2023-10-15
CUST104098,54,Other,Mumbai,South,2020-09-15
CUST104099,42,Other,Hyderabad,South,2023-03-26
CUST104100,35,Female,Kolkata,East,2021-02-28
CUST104101,36,Male,Mumbai,East,2022-02-17
CUST104102,40,Other,Pune,East,2022-11-10
CUST104103,55,Female,Bangalore,North,2021-09-30
CUST104104,35,Female,Pune,South,2023-10-02
CUST104105,43,Female,Pune,East,2022-07-08
CUST104106,23,Female,Pune,West,2022-10-08
CUST104107,21,Other,Pune,South,2020-12-15
CUST104108,61,Male,Chennai,North,2022-08-18
CUST104109,46,Female,Pune,South,2023-11-09
CUST104110,51,Female,Bangalore,North,2021-03-13
CUST104111,34,Other,Pune,East,2021-03-31
CUST104112,60,Female,Mumbai,North,2021-09-15
CUST104113,60,Female,Chennai,North,2023-01-08
CUST104114,33,Male,Mumbai,West,2024-01-15
CUST104115,19,Female,Chennai,South,2021-10-04
CUST104116,51,Other,Mumbai,North,2021-01-26
CUST104117,25,Male,Delhi,West,2021-07-27
CUST104118,30,Other,Kolkata,West,2023-10-14
CUST104119,59,Male,Kolkata,West,2020-02-02
CUST104120,25,Male,Chennai,East,2023-03-05
CUST104121,47,Female,Delhi,East,2022-07-09
CUST104122,49,Female,Bangalore,North,2021-02-13
CUST104123,53,Female,Delhi,South,2022-10-19
CUST104124,64,Other,Hyderabad,East,2023-01-19
CUST104125,47,Female,Chennai,East,2021-02-16
CUST104126,18,Female,Delhi,North,2020-10-25
CUST104127,60,Male,Bangalore,North,2020-03-13
CUST104128,56,Female,Chennai,East,2020-09-17
CUST104129,34,Female,Kolkata,North,2021-11-20
CUST104130,37,Female,Pune,West,2023-08-28
CUST104131,41,Female,Delhi,North,2022-08-16
CUST104132,39,Male,Kolkata,West,2022-01-01
CUST104133,46,Female,Kolkata,East,2021-11-15
CUST104134,39,Male,Mumbai,South,2023-04-03
CUST104135,61,Other,Bangalore,West,2022-04-19
CUST104136,26,Female,Hyderabad,South,2020-11-30
CUST104137,54,Female,Pune,East,2022-01-01
CUST104138,27,Female,Delhi,North,2022-03-14
CUST104139,53,Male,Kolkata,West,2023-03-30
CUST104140,54,Female,Kolkata,West,2021-01-24
CUST104141,45,Female,Hyderabad,East,2022-01-29
CUST104142,45,Other,Bangalore,East,2022-06-01
CUST104143,59,Male,Pune,North,2022-08-29
CUST104144,60,Male,Pune,South,2022-12-30
CUST104145,38,Other,Hyderabad,West,2022-07-29
CUST104146,41,Male,Kolkata,South,2023-01-20
CUST104147,59,Female,Kolkata,West,2022-06-21
CUST104148,57,Female,Kolkata,West,2023-10-16
CUST104149,19,Other,Kolkata,North,2023-09-06
CUST104150,25,Male,Mumbai,West,2023-06-22
CUST104151,44,Male,Mumbai,West,2020-01-24
CUST104152,39,Male,Hyderabad,East,2021-07-10
CUST104153,54,Other,Pune,North,2021-12-01
CUST104154,44,Female,Chennai,East,2021-02-06
CUST104155,46,Other,Delhi,West,2023-10-28
CUST104156,20,Female,Bangalore,North,2023-08-02
CUST104157,61,Other,Chennai,West,2021-03-16
CUST104158,30,Female,Mumbai,North,2022-05-31
CUST104159,62,Male,Mumbai,South,2023-10-07
CUST104160,27,Male,Mumbai,South,2022-07-14
CUST104161,53,Male,Chennai,North,2023-05-27
CUST104162,26,Other,Mumbai,West,2021-04-29
CUST104163,44,Other,Chennai,North,2024-01-06
CUST104164,51,Other,Mumbai,West,2023-05-26
CUST104165,18,Male,Kolkata,South,2022-12-26
CUST104166,49,Female,Kolkata,West,2020-01-31
CUST104167,42,Male,Delhi,East,2020-11-17
CUST104168,46,Male,Mumbai,South,2023-06-27
CUST104169,24,Female,Hyderabad,East,2021-07-19
CUST104170,20,Female,Delhi,South,2020-01-10
CUST104171,37,Female,Chennai,South,2021-11-08
CUST104172,37,Female,Delhi,East,2022-04-30
CUST104173,47,Male,Mumbai,North,2022-07-15
CUST104174,52,Other,Chennai,West,2020-10-11
CUST104175,52,Male,Hyderabad,South,2020-06-01
CUST104176,56,Female,Chennai,West,2021-01-05
CUST104177,44,Other,Kolkata,South,2020-10-27
CUST104178,43,Other,Chennai,West,2020-05-25
CUST104179,31,Male,Chennai,South,2022-12-11
CUST104180,34,Male,Delhi,North,2023-11-28
CUST104181,35,Male,Hyderabad,South,2021-12-02
CUST104182,62,Other,Pune,North,2020-05-20
CUST104183,46,Other,Chennai,South,2023-01-16
CUST104184,37,Other,Bangalore,West,2023-12-21
CUST104185,44,Female,Pune,East,2020-03-24
CUST104186,35,Female,Kolkata,South,2023-06-20
CUST104187,21,Male,Hyderabad,South,2023-02-03
CUST104188,18,Other,Hyderabad,North,2023-10-10
CUST104189,18,Male,Kolkata,West,2020-01-21
CUST104190,43,Other,Chennai,North,2022-10-26
CUST104191,62,Male,Delhi,West,2022-08-24
CUST104192,37,Female,Pune,West,2023-05-29
CUST104193,40,Other,Kolkata,North,2023-01-15
CUST104194,27,Female,Kolkata,East,2021-03-28
CUST104195,28,Other,Bangalore,West,2020-12-07
CUST104196,58,Male,Chennai,East,2021-01-27
CUST104197,58,Other,Pune,North,2023-10-07
CUST104198,22,Female,Kolkata,East,2023-06-23
CUST104199,18,Other,Hyderabad,West,2022-09-29
CUST104200,34,Male,Kolkata,North,2023-02-10
CUST104201,39,Other,Kolkata,East,2022-08-28
CUST104202,51,Female,Kolkata,North,2020-06-06
CUST104203,62,Male,Delhi,North,2022-03-21
CUST104204,58,Female,Mumbai,East,2023-06-14
CUST104205,46,Other,Bangalore,West,2021-11-29
CUST104206,21,Female,Hyderabad,West,2023-06-20
CUST104207,22,Other,Delhi,West,2020-06-14
CUST104208,28,Male,Bangalore,West,2020-02-03
CUST104209,38,Female,Kolkata,South,2020-09-11
CUST104210,52,Female,Bangalore,North,2020-10-28
CUST104211,29,Other,Chennai,North,2020-08-07
CUST104212,43,Female,Chennai,South,2022-11-21
CUST104213,36,Female,Mumbai,North,2022-07-23
CUST104214,62,Male,Mumbai,North,2021-05-23
CUST104215,24,Other,Bangalore,East,2023-06-10
CUST104216,64,Other,Delhi,South,2022-08-10
CUST104217,24,Male,Delhi,North,2020-08-02
CUST104218,43,Male,Kolkata,North,2023-06-19
CUST104219,57,Other,Delhi,South,2020-09-01
CUST104220,22,Male,Mumbai,South,2020-01-20
CUST104221,38,Male,Delhi,East,2020-07-28
CUST104222,31,Male,Kolkata,East,2021-03-01
CUST104223,21,Other,Chennai,West,2022-09-26
CUST104224,40,Male,Delhi,West,2022-09-07
CUST104225,59,Female,Delhi,East,2020-03-12
CUST104226,37,Female,Mumbai,North,2020-06-26
CUST104227,32,Other,Bangalore,South,2020-10-25
CUST104228,62,Male,Chennai,East,2020-09-22
CUST104229,46,Female,Bangalore,West,2021-06-03
CUST104230,25,Other,Kolkata,South,2020-10-01
CUST104231,58,Female,Kolkata,West,2022-08-05
CUST104232,36,Male,Bangalore,North,2020-02-22
CUST104233,56,Other,Mumbai,North,2022-03-22
CUST104234,63,Female,Pune,West,2023-11-24
CUST104235,45,Other,Mumbai,South,2023-12-08
CUST104236,63,Female,Pune,West,2021-05-03
CUST104237,44,Female,Pune,South,2021-05-16
CUST104238,21,Male,Mumbai,East,2020-11-02
CUST104239,32,Male,Pune,West,2021-02-20
CUST104240,52,Female,Pune,West,2021-05-23
CUST104241,54,Other,Pune,South,2022-07-09
CUST104242,18,Other,Chennai,East,2021-09-29
CUST104243,20,Male,Kolkata,South,2021-10-27
CUST104244,64,Female,Pune,South,2020-01-06
CUST104245,41,Male,Kolkata,West,2021-02-25
CUST104246,44,Female,Hyderabad,West,2024-01-14
CUST104247,57,Female,Kolkata,South,2023-12-21
CUST104248,53,Male,Hyderabad,North,2021-01-24
CUST104249,51,Other,Chennai,North,2020-11-29
CUST104250,46,Male,Kolkata,North,2024-01-11
CUST104251,41,Female,Bangalore,West,2020-12-03
CUST104252,41,Male,Delhi,West,2022-04-27
CUST104253,59,Other,Chennai,East,2023-01-16
CUST104254,21,Other,Delhi,West,2020-09-25
CUST104255,20,Female,Bangalore,East,2020-03-05
CUST104256,51,Male,Mumbai,West,2021-11-08
CUST104257,40,Other,Mumbai,North,2022-12-23
CUST104258,40,Male,Pune,North,2023-07-17
CUST104259,62,Other,Mumbai,South,2021-10-18
CUST104260,22,Female,Chennai,South,2023-11-01
CUST104261,48,Female,Mumbai,East,2022-02-19
CUST104262,58,Male,Chennai,East,2020-11-24
CUST104263,23,Female,Chennai,South,2021-06-01
CUST104264,54,Other,Delhi,East,2022-05-11
CUST104265,27,Female,Mumbai,West,2021-02-24
CUST104266,57,Other,Kolkata,North,2023-08-29
CUST104267,24,Other,Hyderabad,South,2020-11-04
CUST104268,56,Female,Mumbai,South,2022-03-24
CUST104269,55,Other,Mumbai,West,2022-04-25
CUST104270,38,Other,Mumbai,East,2022-08-19
CUST104271,37,Male,Pune,South,2023-04-27
CUST104272,20,Male,Kolkata,South,2021-12-21
CUST104273,39,Male,Kolkata,West,2022-12-01
CUST104274,64,Female,Chennai,North,2021-08-12
CUST104275,21,Male,Kolkata,South,2020-11-15
CUST104276,45,Other,Chennai,South,2022-10-07
CUST104277,29,Female,Hyderabad,West,2021-03-20
CUST104278,55,Female,Delhi,South,2023-10-29
CUST104279,53,Female,Chennai,South,2020-10-12
CUST104280,64,Female,Mumbai,North,2020-06-19
CUST104281,58,Other,Bangalore,South,2020-09-19
CUST104282,22,Other,Bangalore,West,2022-07-30
CUST104283,30,Male,Pune,North,2020-05-21
CUST104284,40,Female,Mumbai,North,2023-03-17
CUST104285,47,Male,Chennai,North,2024-01-03
CUST104286,54,Other,Mumbai,East,2021-09-19
CUST104287,42,Female,Pune,West,2021-08-15
CUST104288,44,Other,Kolkata,East,2021-02-19
CUST104289,31,Male,Chennai,South,2020-01-25
CUST104290,64,Other,Hyderabad,North,2021-09-18
CUST104291,53,Female,Mumbai,East,2020-04-03
CUST104292,56,Female,Kolkata,South,2020-10-31
CUST104293,33,Male,Pune,East,2020-07-03
CUST104294,39,Female,Kolkata,North,2020-10-09
CUST104295,38,Other,Chennai,South,2023-03-24
CUST104296,38,Other,Pune,North,2021-11-16
CUST104297,25,Other,Pune,North,2022-05-12
CUST104298,33,Other,Pune,East,2021-11-15
CUST104299,48,Male,Delhi,West,2021-10-27
CUST104300,59,Other,Pune,South,2022-11-03
CUST104301,27,Male,Delhi,South,2022-06-08
CUST104302,49,Other,Kolkata,West,2022-03-26
CUST104303,51,Male,Hyderabad,South,2020-12-06
CUST104304,26,Other,Delhi,East,2021-08-26
CUST104305,34,Other,Kolkata,South,2022-01-03
CUST104306,28,Male,Delhi,East,2024-02-05
CUST104307,49,Female,Kolkata,South,2022-03-29
CUST104308,27,Female,Kolkata,East,2022-06-25
CUST104309,39,Female,Hyderabad,West,2023-02-05
CUST104310,34,Male,Pune,South,2023-09-16
CUST104311,21,Female,Hyderabad,East,2021-06-23
CUST104312,64,Female,Hyderabad,North,2021-03-14
CUST104313,42,Male,Pune,North,2022-09-14
CUST104314,38,Female,Kolkata,North,2021-10-27
CUST104315,54,Female,Pune,South,2021-01-18
CUST104316,55,Female,Kolkata,East,2021-08-04
CUST104317,18,Male,Pune,North,2020-06-08
CUST104318,42,Male,Bangalore,South,2021-03-07
CUST104319,53,Female,Delhi,East,2023-11-20
CUST104320,34,Female,Hyderabad,North,2021-09-06
CUST104321,58,Male,Kolkata,North,2021-05-02
CUST104322,41,Female,Mumbai,South,2023-04-27
CUST104323,19,Male,Pune,East,2023-12-12
CUST104324,57,Female,Pune,South,2020-12-08
CUST104325,32,Male,Chennai,North,2023-10-16
CUST104326,49,Other,Mumbai,South,2020-04-18
CUST104327,56,Other,Mumbai,South,2022-04-28
CUST104328,23,Male,Hyderabad,North,2020-10-27
CUST104329,18,Other,Bangalore,North,2023-10-23
CUST104330,64,Female,Delhi,East,2023-07-02
CUST104331,40,Male,Bangalore,East,2023-09-01
CUST104332,56,Male,Delhi,North,2021-12-05
CUST104333,34,Female,Kolkata,North,2022-12-30
CUST104334,51,Female,Hyderabad,West,2020-09-25
CUST104335,58,Male,Bangalore,West,2023-05-17
CUST104336,46,Female,Chennai,East,2021-04-22
CUST104337,26,Male,Delhi,South,2020-06-24
CUST104338,30,Female,Bangalore,North,2020-08-26
CUST104339,23,Male,Hyderabad,North,2022-06-11
CUST104340,23,Female,Chennai,South,2021-09-01
CUST104341,37,Female,Hyderabad,East,2022-05-08
CUST104342,20,Other,Mumbai,West,2024-01-05
CUST104343,34,Other,Pune,East,2021-05-06
CUST104344,29,Other,Kolkata,South,2020-04-08
CUST104345,64,Female,Hyderabad,North,2020-11-24
CUST104346,62,Male,Kolkata,West,2023-09-11
CUST104347,18,Female,Hyderabad,South,2021-03-20
CUST104348,34,Other,Mumbai,North,2022-09-24
CUST104349,20,Female,Hyderabad,East,2020-10-21
CUST104350,43,Other,Hyderabad,West,2021-03-17
CUST104351,32,Other,Bangalore,North,2022-03-05
CUST104352,53,Male,Pune,North,2022-06-09
CUST104353,49,Male,Mumbai,North,2020-01-31
CUST104354,49,Other,Chennai,North,2023-02-28
CUST104355,21,Other,Pune,North,2021-03-13
CUST104356,35,Female,Delhi,East,2023-09-11
CUST104357,36,Other,Bangalore,South,2023-07-14
CUST104358,60,Female,Pune,West,2020-10-12
CUST104359,52,Other,Delhi,East,2020-10-17
CUST104360,57,Male,Mumbai,West,2021-01-02
CUST104361,31,Male,Hyderabad,North,2021-04-30
CUST104362,50,Other,Kolkata,South,2021-07-08
CUST104363,31,Female,Pune,North,2020-06-16
CUST104364,51,Female,Pune,East,2024-02-03
CUST104365,21,Female,Delhi,East,2023-04-08
CUST104366,41,Other,Delhi,West,2022-02-09
CUST104367,46,Other,Kolkata,North,2023-10-01
CUST104368,36,Male,Delhi,North,2020-03-18
CUST104369,23,Male,Delhi,South,2022-04-30
CUST104370,50,Other,Pune,South,2023-01-13
CUST104371,57,Male,Kolkata,North,2022-06-10
CUST104372,36,Female,Kolkata,West,2021-10-22
CUST104373,18,Female,Hyderabad,South,2023-05-09
CUST104374,22,Other,Pune,North,2021-08-11
CUST104375,44,Female,Hyderabad,North,2023-10-16
CUST104376,33,Other,Mumbai,North,2022-01-31
CUST104377,23,Female,Mumbai,East,2021-07-18
CUST104378,57,Other,Pune,West,2022-03-22
CUST104379,30,Female,Delhi,North,2020-10-28
CUST104380,52,Female,Bangalore,North,2020-10-19
CUST104381,36,Male,Mumbai,North,2020-10-20
CUST104382,29,Male,Mumbai,South,2020-04-18
CUST104383,33,Male,Pune,North,2020-12-30
CUST104384,60,Male,Hyderabad,East,2021-08-22
CUST104385,27,Male,Pune,East,2021-11-08
CUST104386,42,Male,Bangalore,West,2023-07-14
CUST104387,37,Other,Bangalore,North,2020-04-02
CUST104388,48,Other,Kolkata,North,2022-12-23
CUST104389,21,Male,Pune,North,2021-03-03
CUST104390,61,Other,Mumbai,East,2021-09-29
CUST104391,40,Male,Hyderabad,South,2021-01-02
CUST104392,19,Other,Hyderabad,South,2020-04-14
CUST104393,39,Female,Chennai,North,2020-07-27
CUST104394,54,Other,Chennai,South,2022-10-08
CUST104395,25,Other,Delhi,West,2021-04-18
CUST104396,24,Other,Mumbai,East,2022-12-20
CUST104397,31,Female,Chennai,North,2023-10-01
CUST104398,20,Male,Hyderabad,South,2020-01-12
CUST104399,33,Other,Mumbai,North,2021-04-10
CUST104400,36,Other,Pune,North,2021-10-10
CUST104401,35,Female,Mumbai,East,2023-05-03
CUST104402,33,Male,Chennai,East,2023-01-02
CUST104403,25,Other,Hyderabad,South,2022-05-24
CUST104404,50,Female,Mumbai,East,2021-01-20
CUST104405,29,Male,Bangalore,West,2023-03-05
CUST104406,28,Male,Delhi,North,2022-06-02
CUST104407,22,Other,Kolkata,East,2021-07-08
CUST104408,44,Other,Hyderabad,South,2023-12-30
CUST104409,29,Other,Chennai,South,2022-11-28
CUST104410,34,Other,Pune,South,2021-10-15
CUST104411,23,Female,Kolkata,West,2023-09-05
CUST104412,50,Female,Delhi,East,2022-05-14
CUST104413,22,Other,Hyderabad,East,2022-09-15
CUST104414,45,Male,Hyderabad,West,2020-12-18
CUST104415,31,Other,Bangalore,East,2021-05-28
CUST104416,22,Male,Bangalore,East,2023-12-10
CUST104417,50,Male,Bangalore,East,2022-03-14
CUST104418,58,Male,Bangalore,West,2023-10-25
CUST104419,36,Female,Chennai,West,2020-12-08
CUST104420,39,Male,Hyderabad,South,2023-09-10
CUST104421,22,Male,Chennai,West,2023-10-22
CUST104422,19,Female,Mumbai,West,2020-12-01
CUST104423,47,Male,Pune,South,2023-08-12
CUST104424,64,Male,Mumbai,West,2020-01-24
CUST104425,56,Other,Pune,East,2022-06-03
CUST104426,21,Male,Delhi,North,2024-01-05
CUST104427,50,Male,Mumbai,South,2020-04-13
CUST104428,30,Male,Delhi,North,2023-12-06
CUST104429,37,Male,Delhi,North,2021-07-27
CUST104430,24,Male,Delhi,South,2022-02-13
CUST104431,32,Female,Bangalore,North,2023-08-10
CUST104432,40,Male,Kolkata,North,2022-06-05
CUST104433,31,Male,Kolkata,South,2020-08-30
CUST104434,40,Female,Chennai,South,2020-12-07
CUST104435,36,Female,Delhi,East,2021-09-24
CUST104436,46,Male,Bangalore,South,2022-05-14
CUST104437,37,Male,Mumbai,West,2020-06-21
CUST104438,46,Male,Mumbai,North,2023-12-10
CUST104439,41,Other,Chennai,South,2020-04-12
CUST104440,35,Other,Chennai,East,2020-06-08
CUST104441,27,Male,Delhi,South,2023-07-04
CUST104442,58,Female,Delhi,North,2021-12-14
CUST104443,25,Male,Mumbai,South,2021-07-10
CUST104444,43,Female,Mumbai,North,2021-07-29
CUST104445,46,Female,Mumbai,South,2020-07-14
CUST104446,27,Female,Mumbai,East,2022-09-15
CUST104447,34,Male,Kolkata,West,2023-11-15
CUST104448,19,Male,Delhi,East,2022-07-22
CUST104449,23,Female,Delhi,South,2020-03-10
CUST104450,22,Other,Mumbai,North,2022-04-22
CUST104451,45,Other,Bangalore,East,2020-09-03
CUST104452,58,Other,Mumbai,West,2020-11-24
CUST104453,22,Female,Pune,West,2020-06-06
CUST104454,35,Male,Hyderabad,North,2022-07-06
CUST104455,43,Female,Hyderabad,South,2021-11-28
CUST104456,37,Other,Chennai,East,2022-01-12
CUST104457,58,Male,Pune,East,2021-08-07
CUST104458,44,Female,Bangalore,North,2020-02-24
CUST104459,29,Female,Chennai,East,2021-04-30
CUST104460,24,Other,Hyderabad,North,2023-06-20
CUST104461,20,Female,Bangalore,North,2023-10-08
CUST104462,27,Male,Chennai,South,2021-02-13
CUST104463,51,Other,Mumbai,North,2022-08-17
CUST104464,42,Other,Mumbai,East,2022-06-23
CUST104465,52,Male,Bangalore,North,2021-12-27
CUST104466,33,Other,Chennai,East,2022-11-04
CUST104467,19,Female,Kolkata,North,2020-05-26
CUST104468,41,Female,Bangalore,South,2022-11-14
CUST104469,27,Other,Bangalore,South,2020-11-28
CUST104470,55,Male,Pune,North,2023-04-12
CUST104471,39,Female,Delhi,North,2020-10-16
CUST104472,43,Male,Bangalore,North,2021-07-23
CUST104473,60,Female,Kolkata,South,2022-03-01
CUST104474,56,Female,Mumbai,West,2023-03-14
CUST104475,44,Other,Chennai,North,2022-06-27
CUST104476,46,Other,Delhi,West,2023-02-19
CUST104477,64,Male,Chennai,North,2020-01-27
CUST104478,55,Other,Mumbai,East,2022-12-25
CUST104479,37,Female,Bangalore,South,2023-01-29
CUST104480,44,Female,Pune,West,2022-07-14
CUST104481,58,Male,Kolkata,West,2021-01-22
CUST104482,37,Male,Delhi,South,2023-01-22
CUST104483,61,Female,Kolkata,West,2022-12-26
CUST104484,36,Other,Hyderabad,North,2020-09-06
CUST104485,37,Other,Kolkata,West,2020-05-21
CUST104486,52,Male,Kolkata,North,2020-09-23
CUST104487,64,Male,Kolkata,West,2020-08-02
CUST104488,19,Female,Mumbai,East,2021-05-03
CUST104489,47,Female,Kolkata,West,2021-05-10
CUST104490,51,Male,Pune,West,2021-04-24
CUST104491,39,Female,Kolkata,North,2021-10-04
CUST104492,20,Male,Mumbai,South,2020-01-01
CUST104493,23,Male,Chennai,East,2022-10-29
CUST104494,32,Other,Mumbai,South,2022-04-20
CUST104495,44,Male,Hyderabad,North,2021-01-14
CUST104496,27,Female,Hyderabad,East,2022-04-23
CUST104497,26,Other,Pune,West,2023-03-13
CUST104498,50,Other,Pune,South,2020-10-28
CUST104499,49,Female,Bangalore,South,2021-10-11
CUST104500,23,Female,Mumbai,South,2023-12-11
CUST104501,58,Female,Chennai,West,2022-03-19
CUST104502,53,Male,Bangalore,North,2023-04-17
CUST104503,19,Other,Bangalore,West,2023-07-25
CUST104504,46,Male,Delhi,West,2023-03-13
CUST104505,21,Male,Kolkata,North,2020-12-04
CUST104506,18,Male,Bangalore,North,2024-01-22
CUST104507,36,Male,Bangalore,West,2023-09-16
CUST104508,43,Other,Pune,North,2023-07-17
CUST104509,42,Other,Chennai,South,2022-09-25
CUST104510,27,Male,Bangalore,East,2023-04-25
CUST104511,32,Female,Hyderabad,North,2021-10-27
CUST104512,39,Other,Chennai,East,2023-04-10
CUST104513,38,Male,Kolkata,South,2021-02-07
CUST104514,39,Female,Hyderabad,North,2024-01-31
CUST104515,53,Female,Pune,West,2020-09-03
CUST104516,51,Male,Hyderabad,West,2021-07-12
CUST104517,47,Other,Delhi,South,2022-02-16
CUST104518,42,Female,Delhi,North,2020-04-20
CUST104519,62,Other,Kolkata,West,2022-09-14
CUST104520,45,Other,Kolkata,North,2022-03-23
CUST104521,18,Female,Hyderabad,East,2023-08-19
CUST104522,62,Male,Pune,West,2022-07-18
CUST104523,21,Female,Pune,South,2022-06-04
CUST104524,24,Female,Mumbai,West,2022-06-27
CUST104525,26,Other,Bangalore,South,2024-02-05
CUST104526,53,Male,Bangalore,South,2022-03-01
CUST104527,36,Other,Bangalore,East,2020-10-18
CUST104528,18,Female,Chennai,East,2023-06-29
CUST104529,27,Male,Mumbai,South,2020-06-23
CUST104530,53,Male,Hyderabad,West,2020-04-18
CUST104531,26,Male,Bangalore,South,2022-08-19
CUST104532,62,Male,Chennai,North,2023-09-25
CUST104533,63,Male,Chennai,North,2022-04-27
CUST104534,59,Female,Delhi,West,2022-11-03
CUST104535,49,Female,Chennai,West,2021-11-23
CUST104536,49,Female,Kolkata,East,2023-09-07
CUST104537,23,Other,Pune,North,2022-08-21
CUST104538,55,Male,Chennai,South,2020-02-12
CUST104539,34,Male,Kolkata,South,2021-04-05
CUST104540,27,Female,Kolkata,North,2023-01-30
CUST104541,44,Male,Delhi,North,2021-12-05
CUST104542,52,Other,Hyderabad,East,2022-10-29
CUST104543,38,Male,Delhi,North,2020-05-28
CUST104544,42,Male,Chennai,East,2020-12-03
CUST104545,45,Other,Delhi,West,2022-09-29
CUST104546,64,Female,Delhi,West,2020-08-11
CUST104547,32,Female,Hyderabad,North,2023-02-07
CUST104548,21,Male,Pune,North,2020-12-19
CUST104549,46,Other,Bangalore,North,2023-01-12
CUST104550,26,Female,Chennai,North,2021-07-08
CUST104551,44,Female,Hyderabad,South,2020-03-06
CUST104552,43,Female,Chennai,South,2023-11-12
CUST104553,36,Male,Chennai,West,2021-09-12
CUST104554,45,Other,Delhi,South,2023-03-04
CUST104555,34,Male,Pune,North,2023-01-14
CUST104556,60,Female,Delhi,East,2020-03-24
CUST104557,58,Other,Kolkata,West,2020-08-14
CUST104558,59,Male,Mumbai,North,2023-07-07
CUST104559,37,Female,Mumbai,South,2022-06-10
CUST104560,62,Female,Hyderabad,East,2022-10-09
CUST104561,57,Male,Mumbai,East,2020-01-20
CUST104562,56,Female,Hyderabad,South,2022-11-24
CUST104563,40,Female,Bangalore,North,2022-01-24
CUST104564,64,Other,Delhi,East,2024-01-06
CUST104565,49,Female,Kolkata,East,2022-07-29
CUST104566,64,Male,Kolkata,South,2020-09-26
CUST104567,50,Other,Mumbai,East,2021-02-09
CUST104568,63,Male,Pune,East,2020-10-30
CUST104569,22,Female,Bangalore,East,2023-08-01
CUST104570,60,Other,Hyderabad,West,2022-10-05
CUST104571,51,Other,Bangalore,North,2022-03-20
CUST104572,57,Other,Mumbai,North,2022-11-18
CUST104573,28,Other,Hyderabad,South,2021-01-25
CUST104574,20,Male,Hyderabad,North,2023-12-10
CUST104575,50,Female,Mumbai,East,2022-06-27
CUST104576,28,Female,Delhi,North,2020-05-21
CUST104577,33,Other,Pune,West,2021-10-07
CUST104578,35,Female,Bangalore,East,2022-03-19
CUST104579,47,Male,Kolkata,East,2022-08-05
CUST104580,27,Female,Mumbai,West,2023-09-26
CUST104581,35,Male,Delhi,West,2020-09-01
CUST104582,55,Male,Kolkata,North,2022-02-04
CUST104583,36,Female,Bangalore,North,2022-05-25
CUST104584,53,Male,Mumbai,North,2022-06-30
CUST104585,30,Male,Hyderabad,West,2022-10-25
CUST104586,63,Male,Pune,North,2022-07-08
CUST104587,20,Male,Mumbai,South,2022-07-27
CUST104588,27,Other,Pune,North,2021-03-24
CUST104589,55,Female,Delhi,West,2020-09-22
CUST104590,18,Other,Delhi,West,2023-06-16
CUST104591,44,Male,Bangalore,South,2020-09-06
CUST104592,63,Female,Pune,East,2022-08-12
CUST104593,25,Male,Mumbai,South,2023-08-07
CUST104594,63,Female,Delhi,West,2021-06-26
CUST104595,59,Other,Mumbai,East,2021-09-23
CUST104596,34,Female,Bangalore,South,2023-01-07
CUST104597,26,Male,Pune,South,2022-06-25
CUST104598,23,Female,Mumbai,East,2021-06-04
CUST104599,60,Female,Kolkata,South,2024-01-13
CUST104600,42,Other,Mumbai,East,2022-06-02
CUST104601,56,Male,Chennai,North,2022-01-03
CUST104602,45,Female,Chennai,East,2020-05-23
CUST104603,50,Other,Hyderabad,South,2023-02-17
CUST104604,54,Female,Bangalore,North,2022-08-01
CUST104605,26,Male,Bangalore,West,2021-07-18
CUST104606,35,Female,Bangalore,West,2023-04-14
CUST104607,38,Female,Kolkata,West,2020-03-10
CUST104608,19,Female,Pune,South,2021-09-24
CUST104609,60,Female,Kolkata,North,2022-06-07
CUST104610,55,Male,Hyderabad,East,2023-05-11
CUST104611,57,Other,Mumbai,West,2022-03-11
CUST104612,53,Other,Delhi,West,2020-06-28
CUST104613,60,Female,Pune,North,2021-08-15
CUST104614,54,Male,Chennai,North,2021-07-20
CUST104615,32,Male,Chennai,North,2021-11-21
CUST104616,45,Male,Hyderabad,South,2023-02-07
CUST104617,35,Male,Chennai,North,2023-12-18
CUST104618,51,Male,Hyderabad,East,2021-10-26
CUST104619,39,Male,Mumbai,East,2021-02-09
CUST104620,28,Female,Mumbai,West,2022-09-12
CUST104621,30,Other,Bangalore,East,2021-09-28
CUST104622,21,Other,Delhi,North,2023-01-19
CUST104623,39,Female,Bangalore,East,2023-08-10
CUST104624,24,Other,Mumbai,West,2023-11-17
CUST104625,60,Male,Kolkata,South,2022-11-26
CUST104626,41,Male,Bangalore,East,2021-05-31
CUST104627,21,Other,Pune,West,2022-04-29
CUST104628,45,Male,Mumbai,West,2022-06-26
CUST104629,32,Male,Mumbai,North,2020-11-11
CUST104630,18,Other,Kolkata,West,2023-04-10
CUST104631,20,Female,Kolkata,East,2023-11-30
CUST104632,31,Other,Kolkata,West,2023-07-09
CUST104633,55,Other,Delhi,West,2020-01-27
CUST104634,18,Other,Pune,North,2020-02-24
CUST104635,55,Other,Mumbai,North,2020-09-05
CUST104636,55,Female,Kolkata,East,2020-09-29
CUST104637,38,Female,Delhi,West,2023-07-06
CUST104638,46,Male,Chennai,South,2020-07-09
CUST104639,22,Male,Pune,West,2021-07-28
CUST104640,27,Other,Hyderabad,South,2022-05-06
CUST104641,45,Male,Hyderabad,East,2024-01-09
CUST104642,38,Female,Chennai,North,2021-09-07
CUST104643,24,Male,Chennai,East,2023-11-17
CUST104644,20,Male,Mumbai,North,2023-12-02
CUST104645,62,Male,Delhi,North,2022-10-14
CUST104646,64,Other,Delhi,West,2021-11-03
CUST104647,37,Male,Chennai,West,2021-11-13
CUST104648,36,Female,Pune,North,2020-04-18
CUST104649,52,Female,Bangalore,South,2021-10-13
CUST104650,21,Female,Chennai,South,2022-09-07
CUST104651,22,Female,Mumbai,West,2023-01-31
CUST104652,18,Male,Chennai,East,2020-08-13
CUST104653,21,Other,Pune,South,2020-12-18
CUST104654,29,Female,Pune,North,2023-03-29
CUST104655,44,Female,Chennai,West,2023-11-28
CUST104656,59,Other,Delhi,West,2023-09-09
CUST104657,40,Other,Chennai,North,2020-05-24
CUST104658,42,Female,Kolkata,East,2024-01-28
CUST104659,38,Female,Kolkata,North,2022-07-03
CUST104660,41,Other,Bangalore,East,2023-03-01
CUST104661,42,Female,Mumbai,West,2023-01-21
CUST104662,62,Female,Mumbai,East,2020-09-29
CUST104663,63,Male,Hyderabad,North,2021-06-17
CUST104664,49,Other,Delhi,West,2023-05-02
CUST104665,49,Male,Mumbai,South,2023-04-08
CUST104666,22,Male,Bangalore,West,2021-04-04
CUST104667,53,Other,Kolkata,North,2022-07-29
CUST104668,63,Male,Delhi,North,2022-10-31
CUST104669,59,Female,Pune,West,2020-06-29
CUST104670,59,Male,Kolkata,West,2023-06-09
CUST104671,56,Other,Bangalore,West,2020-01-29
CUST104672,33,Female,Delhi,East,2021-06-15
CUST104673,50,Female,Chennai,South,2022-10-25
CUST104674,38,Female,Mumbai,East,2020-05-19
CUST104675,26,Female,Bangalore,North,2022-11-17
CUST104676,23,Male,Delhi,West,2020-04-07
CUST104677,62,Male,Kolkata,East,2020-09-18
CUST104678,52,Female,Delhi,East,2020-01-19
CUST104679,56,Other,Chennai,North,2020-01-12
CUST104680,39,Female,Bangalore,East,2021-06-20
CUST104681,58,Male,Delhi,North,2024-01-28
CUST104682,22,Female,Pune,East,2020-09-15
CUST104683,59,Male,Bangalore,South,2020-01-24
CUST104684,40,Female,Bangalore,North,2022-10-28
CUST104685,34,Other,Kolkata,South,2020-08-15
CUST104686,29,Female,Hyderabad,East,2021-01-10
CUST104687,40,Other,Mumbai,South,2023-02-20
CUST104688,33,Other,Hyderabad,South,2023-01-18
CUST104689,20,Female,Pune,South,2024-01-19
CUST104690,47,Other,Chennai,East,2020-08-11
CUST104691,39,Other,Delhi,North,2022-01-05
CUST104692,26,Male,Hyderabad,East,2020-09-13
CUST104693,46,Male,Mumbai,East,2021-05-29
CUST104694,64,Other,Kolkata,East,2022-04-12
CUST104695,54,Female,Mumbai,North,2023-03-17
CUST104696,40,Other,Bangalore,West,2023-11-11
CUST104697,30,Female,Bangalore,East,2021-12-01
CUST104698,49,Male,Chennai,East,2022-06-29
CUST104699,63,Female,Pune,North,2021-11-29
CUST104700,64,Other,Delhi,West,2021-03-13
CUST104701,40,Other,Delhi,West,2020-02-06
CUST104702,62,Other,Kolkata,West,2020-04-15
CUST104703,34,Other,Chennai,West,2021-09-06
CUST104704,57,Other,Delhi,North,2020-08-19
CUST104705,38,Female,Pune,North,2022-05-16
CUST104706,19,Other,Bangalore,West,2023-03-15
CUST104707,54,Male,Chennai,South,2022-11-06
CUST104708,23,Other,Mumbai,North,2023-03-28
CUST104709,61,Female,Hyderabad,South,2022-08-17
CUST104710,35,Other,Hyderabad,South,2023-07-29
CUST104711,47,Other,Chennai,West,2020-10-04
CUST104712,39,Female,Chennai,West,2020-05-04
CUST104713,50,Other,Pune,East,2023-12-14
CUST104714,47,Female,Pune,South,2023-09-05
CUST104715,34,Other,Delhi,East,2021-11-05
CUST104716,60,Male,Hyderabad,West,2021-12-15
CUST104717,49,Other,Kolkata,South,2021-10-28
CUST104718,59,Female,Kolkata,North,2023-09-09
CUST104719,31,Male,Pune,East,2022-07-01
CUST104720,27,Female,Delhi,West,2021-01-29
CUST104721,64,Other,Delhi,South,2022-02-11
CUST104722,53,Male,Delhi,West,2020-07-04
CUST104723,51,Female,Pune,East,2021-04-10
CUST104724,26,Male,Kolkata,West,2022-12-16
CUST104725,59,Male,Delhi,West,2021-04-02
CUST104726,45,Female,Pune,North,2022-09-27
CUST104727,28,Male,Mumbai,West,2023-05-16
CUST104728,31,Female,Mumbai,South,2020-03-14
CUST104729,56,Male,Bangalore,South,2023-01-13
CUST104730,64,Male,Mumbai,North,2021-09-23
CUST104731,36,Male,Chennai,South,2022-11-03
CUST104732,32,Other,Bangalore,West,2022-04-19
CUST104733,45,Other,Mumbai,West,2022-06-30
CUST104734,41,Female,Chennai,South,2022-03-04
CUST104735,25,Male,Mumbai,East,2020-02-18
CUST104736,60,Female,Pune,West,2023-12-20
CUST104737,26,Other,Hyderabad,South,2022-08-23
CUST104738,64,Other,Chennai,West,2020-12-24
CUST104739,50,Other,Delhi,West,2020-08-29
CUST104740,50,Other,Pune,North,2022-12-12
CUST104741,36,Female,Hyderabad,South,2022-12-28
CUST104742,20,Male,Chennai,West,2020-02-25
CUST104743,27,Female,Pune,East,2022-05-28
CUST104744,57,Male,Delhi,South,2024-01-19
CUST104745,64,Other,Chennai,East,2020-09-11
CUST104746,59,Male,Chennai,South,2020-01-05
CUST104747,18,Other,Hyderabad,East,2022-12-11
CUST104748,46,Female,Pune,East,2020-11-24
CUST104749,51,Male,Mumbai,South,2020-04-07
CUST104750,30,Female,Chennai,North,2023-03-30
CUST104751,18,Other,Mumbai,North,2023-11-30
CUST104752,51,Female,Chennai,South,2022-09-07
CUST104753,46,Other,Kolkata,West,2022-09-29
CUST104754,64,Other,Bangalore,South,2022-02-21
CUST104755,30,Other,Mumbai,South,2021-07-30
CUST104756,46,Female,Mumbai,West,2020-11-22
CUST104757,56,Female,Hyderabad,South,2020-08-30
CUST104758,41,Male,Delhi,South,2021-01-01
CUST104759,43,Male,Kolkata,West,2022-02-12
CUST104760,34,Female,Delhi,West,2021-12-24
CUST104761,24,Female,Kolkata,North,2024-01-05
CUST104762,30,Female,Kolkata,East,2023-03-23
CUST104763,22,Female,Pune,East,2020-08-21
CUST104764,43,Other,Pune,North,2021-10-13
CUST104765,20,Other,Pune,North,2020-11-28
CUST104766,24,Other,Chennai,East,2021-05-09
CUST104767,56,Female,Hyderabad,North,2023-02-12
CUST104768,18,Other,Delhi,South,2021-01-03
CUST104769,34,Other,Bangalore,North,2023-09-18
CUST104770,60,Male,Kolkata,North,2023-02-27
CUST104771,42,Male,Kolkata,North,2023-04-16
CUST104772,20,Other,Hyderabad,North,2020-04-04
CUST104773,32,Other,Mumbai,East,2023-09-02
CUST104774,46,Other,Chennai,West,2022-06-25
CUST104775,60,Female,Bangalore,East,2023-01-29
CUST104776,49,Male,Pune,East,2023-05-04
CUST104777,43,Male,Kolkata,West,2022-03-12
CUST104778,33,Male,Mumbai,East,2020-07-26
CUST104779,42,Other,Delhi,South,2021-08-29
CUST104780,45,Female,Kolkata,West,2021-04-17
CUST104781,26,Male,Mumbai,South,2022-10-28
CUST104782,18,Male,Delhi,East,2020-05-15
CUST104783,46,Female,Chennai,East,2021-09-01
CUST104784,39,Other,Pune,West,2022-06-29
CUST104785,33,Other,Hyderabad,East,2020-09-17
CUST104786,58,Male,Delhi,North,2023-03-16
CUST104787,61,Male,Kolkata,South,2021-04-02
CUST104788,58,Female,Bangalore,South,2024-01-01
CUST104789,24,Male,Delhi,North,2023-12-07
CUST104790,31,Female,Bangalore,West,2020-08-19
CUST104791,46,Male,Bangalore,West,2020-04-10
CUST104792,36,Male,Delhi,North,2020-05-26
CUST104793,36,Male,Hyderabad,North,2021-12-17
CUST104794,19,Other,Hyderabad,South,2021-05-21
CUST104795,58,Female,Chennai,North,2021-07-11
CUST104796,62,Female,Hyderabad,North,2020-04-13
CUST104797,32,Other,Delhi,North,2020-12-01
CUST104798,20,Other,Hyderabad,East,2021-03-21
CUST104799,28,Other,Mumbai,North,2022-01-03
CUST104800,63,Female,Pune,East,2021-03-19
CUST104801,47,Male,Bangalore,South,2020-04-27
CUST104802,57,Other,Pune,South,2022-07-17
CUST104803,35,Other,Kolkata,West,2021-12-23
CUST104804,19,Other,Bangalore,South,2021-07-20
CUST104805,49,Male,Kolkata,West,2020-03-28
CUST104806,25,Male,Mumbai,East,2021-04-20
CUST104807,39,Other,Mumbai,North,2020-10-21
CUST104808,23,Male,Pune,South,2021-12-20
CUST104809,29,Other,Mumbai,North,2023-11-05
CUST104810,64,Male,Delhi,West,2022-09-21
CUST104811,57,Female,Bangalore,East,2023-07-30
CUST104812,53,Female,Kolkata,South,2022-04-23
CUST104813,32,Male,Hyderabad,North,2021-11-16
CUST104814,45,Female,Pune,West,2021-09-30
CUST104815,62,Female,Pune,North,2023-03-25
CUST104816,35,Female,Mumbai,South,2023-04-18
CUST104817,19,Other,Mumbai,North,2022-08-18
CUST104818,30,Male,Kolkata,East,2022-07-23
CUST104819,62,Male,Bangalore,South,2022-06-08
CUST104820,32,Male,Bangalore,West,2022-07-02
CUST104821,37,Female,Pune,South,2023-01-15
CUST104822,46,Other,Kolkata,West,2021-02-09
CUST104823,59,Male,Pune,West,2023-07-14
CUST104824,46,Female,Hyderabad,South,2022-12-23
CUST104825,20,Other,Chennai,West,2020-04-28
CUST104826,36,Other,Bangalore,South,2020-12-06
CUST104827,20,Male,Kolkata,East,2020-11-08
CUST104828,31,Male,Hyderabad,East,2020-06-11
CUST104829,57,Female,Kolkata,North,2020-10-19
CUST104830,21,Male,Pune,East,2021-11-20
CUST104831,28,Female,Mumbai,West,2023-11-01
CUST104832,48,Other,Kolkata,North,2023-11-25
CUST104833,60,Other,Pune,North,2021-11-03
CUST104834,49,Other,Delhi,South,2023-11-24
CUST104835,44,Other,Mumbai,North,2021-02-02
CUST104836,47,Male,Mumbai,South,2022-06-27
CUST104837,60,Male,Bangalore,North,2021-05-01
CUST104838,19,Female,Chennai,East,2022-11-13
CUST104839,26,Female,Bangalore,South,2022-12-18
CUST104840,45,Female,Delhi,West,2022-01-18
CUST104841,48,Female,Pune,North,2020-08-27
CUST104842,51,Female,Mumbai,East,2020-11-06
CUST104843,32,Other,Mumbai,East,2020-11-16
CUST104844,42,Other,Hyderabad,South,2021-11-02
CUST104845,53,Other,Kolkata,South,2021-07-25
CUST104846,25,Female,Chennai,South,2021-02-17
CUST104847,26,Other,Chennai,West,2023-09-07
CUST104848,54,Other,Kolkata,West,2021-02-05
CUST104849,62,Other,Delhi,West,2020-02-28
CUST104850,56,Other,Chennai,North,2020-02-22
CUST104851,49,Male,Mumbai,West,2022-12-23
CUST104852,34,Female,Delhi,South,2021-09-24
CUST104853,52,Female,Bangalore,East,2023-02-16
CUST104854,54,Male,Bangalore,East,2020-10-12
CUST104855,36,Other,Delhi,South,2020-01-18
CUST104856,61,Other,Mumbai,West,2022-10-25
CUST104857,46,Other,Hyderabad,West,2023-11-16
CUST104858,24,Female,Bangalore,South,2020-06-08
CUST104859,45,Female,Pune,East,2020-05-21
CUST104860,26,Female,Mumbai,North,2021-01-31
CUST104861,45,Female,Kolkata,East,2022-11-07
CUST104862,23,Female,Chennai,West,2021-08-02
CUST104863,46,Male,Hyderabad,East,2023-02-11
CUST104864,34,Female,Hyderabad,West,2021-06-17
CUST104865,33,Other,Delhi,East,2022-06-29
CUST104866,40,Female,Chennai,South,2021-04-05
CUST104867,48,Male,Kolkata,West,2020-10-12
CUST104868,20,Other,Bangalore,North,2022-10-25
CUST104869,38,Male,Hyderabad,North,2020-05-08
CUST104870,43,Other,Pune,South,2022-08-13
CUST104871,53,Female,Mumbai,East,2021-11-01
CUST104872,59,Male,Hyderabad,South,2021-05-13
CUST104873,54,Other,Hyderabad,South,2020-10-02
CUST104874,39,Female,Mumbai,North,2023-01-11
CUST104875,59,Other,Kolkata,North,2023-02-15
CUST104876,29,Male,Delhi,West,2020-01-29
CUST104877,59,Male,Hyderabad,West,2022-10-01
CUST104878,30,Male,Hyderabad,West,2023-10-13
CUST104879,28,Male,Chennai,South,2021-10-11
CUST104880,33,Female,Pune,South,2023-03-26
CUST104881,25,Other,Bangalore,West,2020-01-31
CUST104882,57,Female,Delhi,North,2022-04-22
CUST104883,57,Male,Pune,North,2023-08-02
CUST104884,62,Other,Pune,East,2020-12-01
CUST104885,19,Male,Kolkata,West,2021-07-23
CUST104886,47,Female,Kolkata,South,2020-11-08
CUST104887,47,Female,Mumbai,East,2021-08-21
CUST104888,29,Female,Bangalore,East,2023-02-20
CUST104889,27,Other,Delhi,East,2022-05-14
CUST104890,61,Other,Mumbai,West,2021-01-05
CUST104891,28,Male,Hyderabad,West,2022-03-15
CUST104892,32,Other,Bangalore,West,2020-11-09
CUST104893,33,Other,Chennai,North,2020-01-28
CUST104894,34,Female,Chennai,East,2023-03-24
CUST104895,43,Male,Mumbai,North,2022-08-23
CUST104896,19,Female,Delhi,West,2023-06-07
CUST104897,29,Male,Bangalore,North,2022-10-26
CUST104898,43,Male,Chennai,North,2021-04-17
CUST104899,40,Other,Chennai,South,2023-09-03
CUST104900,35,Female,Delhi,West,2023-06-02
CUST104901,49,Other,Mumbai,East,2022-11-22
CUST104902,55,Other,Kolkata,West,2020-03-29
CUST104903,64,Other,Hyderabad,North,2023-09-19
CUST104904,20,Male,Pune,West,2020-02-09
CUST104905,55,Female,Hyderabad,West,2021-11-11
CUST104906,20,Female,Bangalore,South,2021-01-09
CUST104907,47,Other,Chennai,South,2023-08-14
CUST104908,18,Male,Pune,West,2022-09-24
CUST104909,47,Female,Pune,South,2021-01-27
CUST104910,62,Female,Kolkata,North,2022-11-07
CUST104911,49,Other,Pune,North,2020-05-11
CUST104912,45,Male,Delhi,North,2020-10-16
CUST104913,38,Other,Mumbai,South,2022-03-16
CUST104914,63,Female,Bangalore,West,2020-07-27
CUST104915,30,Male,Delhi,North,2020-11-22
CUST104916,44,Other,Mumbai,East,2022-09-18
CUST104917,53,Female,Delhi,North,2021-05-17
CUST104918,24,Other,Chennai,West,2020-10-05
CUST104919,39,Other,Chennai,North,2023-11-06
CUST104920,27,Other,Kolkata,East,2022-02-26
CUST104921,56,Male,Delhi,North,2022-10-03
CUST104922,32,Female,Hyderabad,North,2022-08-09
CUST104923,32,Female,Pune,West,2023-08-25
CUST104924,21,Female,Chennai,North,2020-10-03
CUST104925,49,Female,Mumbai,North,2023-01-04
CUST104926,40,Male,Kolkata,South,2020-10-24
CUST104927,23,Other,Pune,West,2023-11-02
CUST104928,41,Female,Bangalore,West,2021-03-08
CUST104929,37,Male,Delhi,West,2022-10-06
CUST104930,54,Other,Hyderabad,West,2023-02-09
CUST104931,37,Male,Chennai,North,2022-12-31
CUST104932,29,Male,Hyderabad,East,2020-11-12
CUST104933,50,Female,Pune,East,2022-11-10
CUST104934,45,Female,Mumbai,South,2023-04-26
CUST104935,25,Other,Delhi,North,2020-04-30
CUST104936,18,Other,Hyderabad,West,2023-09-27
CUST104937,54,Female,Mumbai,West,2021-10-14
CUST104938,39,Male,Kolkata,East,2020-10-30
CUST104939,23,Female,Chennai,South,2022-07-24
CUST104940,38,Other,Chennai,North,2024-01-10
CUST104941,49,Male,Kolkata,South,2021-12-21
CUST104942,52,Male,Mumbai,North,2021-05-10
CUST104943,32,Male,Hyderabad,South,2020-07-03
CUST104944,22,Female,Delhi,South,2022-06-06
CUST104945,63,Female,Mumbai,West,2022-03-18
CUST104946,23,Other,Delhi,East,2020-11-27
CUST104947,42,Male,Pune,West,2021-12-13
CUST104948,63,Male,Kolkata,East,2021-07-29
CUST104949,57,Female,Bangalore,South,2020-12-15
CUST104950,46,Other,Delhi,North,2022-04-17
CUST104951,24,Other,Chennai,West,2020-11-15
CUST104952,57,Male,Pune,North,2021-06-20
CUST104953,30,Female,Chennai,West,2021-02-15
CUST104954,55,Male,Pune,West,2022-06-24
CUST104955,35,Female,Chennai,West,2023-03-25
CUST104956,19,Other,Mumbai,North,2021-06-16
CUST104957,25,Male,Hyderabad,West,2021-05-16
CUST104958,28,Male,Mumbai,West,2023-03-23
CUST104959,50,Male,Mumbai,West,2022-07-02
CUST104960,55,Other,Hyderabad,North,2022-12-27
CUST104961,44,Male,Pune,West,2022-11-30
CUST104962,37,Other,Pune,North,2021-06-10
CUST104963,29,Female,Hyderabad,East,2023-04-07
CUST104964,60,Other,Chennai,West,2021-12-11
CUST104965,48,Female,Delhi,South,2022-01-19
CUST104966,44,Other,Pune,East,2022-08-13
CUST104967,49,Other,Chennai,North,2020-04-21
CUST104968,27,Male,Delhi,South,2021-04-07
CUST104969,20,Other,Hyderabad,North,2020-02-21
CUST104970,62,Male,Mumbai,North,2020-09-11
CUST104971,44,Female,Pune,West,2023-03-27
CUST104972,52,Female,Bangalore,South,2020-10-26
CUST104973,48,Male,Mumbai,North,2022-08-15
CUST104974,32,Female,Kolkata,East,2021-03-02
CUST104975,33,Other,Delhi,West,2022-09-16
CUST104976,30,Male,Bangalore,East,2020-11-02
CUST104977,52,Male,Mumbai,East,2020-04-08
CUST104978,28,Male,Pune,West,2020-04-30
CUST104979,38,Female,Bangalore,North,2022-11-19
CUST104980,28,Female,Chennai,East,2020-08-17
CUST104981,47,Other,Delhi,North,2021-10-12
CUST104982,52,Other,Kolkata,North,2023-07-01
CUST104983,39,Male,Chennai,West,2023-11-28
CUST104984,55,Other,Bangalore,East,2022-11-20
CUST104985,48,Female,Mumbai,East,2023-03-31
CUST104986,31,Other,Delhi,West,2023-12-26
CUST104987,41,Female,Pune,North,2023-03-25
CUST104988,49,Other,Kolkata,North,2023-09-08
CUST104989,53,Female,Mumbai,West,2021-09-20
CUST104990,49,Female,Kolkata,North,2023-04-29
CUST104991,32,Other,Pune,North,2023-04-14
CUST104992,60,Other,Hyderabad,East,2022-08-05
CUST104993,52,Female,Delhi,North,2021-05-31
CUST104994,20,Male,Bangalore,North,2022-04-24
CUST104995,33,Other,Kolkata,North,2022-04-12
CUST104996,22,Female,Delhi,North,2022-03-30
CUST104997,38,Other,Kolkata,West,2022-03-21
CUST104998,27,Other,Mumbai,West,2022-01-31
CUST104999,36,Other,Kolkata,West,2023-09-24
CUST105000,42,Other,Hyderabad,North,2020-11-14
CUST105001,21,Other,Mumbai,West,2020-04-20
CUST105002,46,Male,Mumbai,South,2022-03-17
CUST105003,36,Male,Delhi,South,2024-02-05
CUST105004,60,Male,Chennai,South,2022-11-06
CUST105005,19,Female,Pune,East,2023-05-28
CUST105006,27,Male,Kolkata,North,2021-05-01
CUST105007,60,Male,Bangalore,East,2022-03-21
CUST105008,42,Female,Mumbai,West,2023-08-21
CUST105009,37,Male,Chennai,North,2021-05-31
CUST105010,36,Other,Mumbai,South,2023-02-26
CUST105011,40,Male,Chennai,North,2022-04-14
CUST105012,41,Male,Chennai,East,2021-09-15
CUST105013,28,Male,Bangalore,West,2022-11-13
CUST105014,63,Other,Chennai,West,2023-03-01
CUST105015,51,Other,Bangalore,East,2021-07-09
CUST105016,45,Other,Delhi,North,2023-09-06
CUST105017,22,Other,Mumbai,East,2021-05-11
CUST105018,22,Female,Bangalore,West,2022-06-06
CUST105019,38,Other,Pune,South,2021-01-16
CUST105020,29,Other,Hyderabad,West,2020-08-03
CUST105021,21,Other,Mumbai,West,2022-01-25
CUST105022,59,Other,Hyderabad,North,2021-06-26
CUST105023,37,Female,Pune,South,2022-07-04
CUST105024,55,Male,Kolkata,West,2022-10-31
CUST105025,42,Male,Pune,South,2020-03-22
CUST105026,31,Other,Delhi,East,2022-09-20
CUST105027,28,Other,Kolkata,North,2023-03-25
CUST105028,49,Other,Kolkata,South,2020-06-14
CUST105029,28,Male,Chennai,South,2020-07-26
CUST105030,35,Male,Pune,North,2020-01-24
CUST105031,44,Other,Chennai,East,2022-03-17
CUST105032,35,Male,Pune,South,2022-06-05
CUST105033,40,Female,Kolkata,North,2021-11-21
CUST105034,28,Other,Chennai,West,2020-11-27
CUST105035,38,Other,Hyderabad,North,2022-09-28
CUST105036,61,Female,Mumbai,West,2020-08-28
CUST105037,22,Female,Pune,South,2022-04-15
CUST105038,40,Male,Pune,South,2020-06-29
CUST105039,58,Female,Chennai,South,2023-08-09
CUST105040,42,Other,Pune,East,2023-01-11
CUST105041,58,Male,Kolkata,East,2020-03-30
CUST105042,27,Female,Chennai,West,2021-03-14
CUST105043,39,Male,Chennai,North,2021-06-26
CUST105044,36,Male,Bangalore,West,2020-07-11
CUST105045,18,Male,Hyderabad,North,2021-05-02
CUST105046,24,Male,Hyderabad,South,2021-09-03
CUST105047,21,Female,Bangalore,North,2023-10-04
CUST105048,18,Other,Kolkata,East,2023-01-17
CUST105049,32,Other,Mumbai,North,2022-08-12
CUST105050,57,Female,Pune,North,2023-02-20
CUST105051,29,Other,Delhi,South,2023-10-29
CUST105052,39,Male,Pune,South,2022-12-06
CUST105053,39,Male,Delhi,East,2023-12-27
CUST105054,64,Male,Hyderabad,North,2020-05-25
CUST105055,34,Female,Kolkata,North,2022-10-23
CUST105056,46,Male,Mumbai,North,2023-08-30
CUST105057,63,Male,Mumbai,South,2020-11-22
CUST105058,31,Female,Mumbai,East,2022-09-14
CUST105059,37,Male,Bangalore,North,2023-01-09
CUST105060,50,Male,Kolkata,North,2020-06-01
CUST105061,60,Other,Delhi,North,2021-02-05
CUST105062,32,Female,Mumbai,North,2022-03-30
CUST105063,29,Male,Kolkata,East,2021-05-02
CUST105064,57,Male,Pune,East,2020-03-07
CUST105065,37,Male,Delhi,East,2020-03-29
CUST105066,47,Male,Hyderabad,South,2023-03-04
CUST105067,55,Other,Bangalore,North,2020-07-20
CUST105068,20,Other,Chennai,North,2021-03-03
CUST105069,45,Other,Delhi,North,2022-07-28
CUST105070,43,Other,Hyderabad,North,2023-04-17
CUST105071,47,Female,Hyderabad,West,2020-12-04
CUST105072,30,Male,Hyderabad,East,2020-03-19
CUST105073,30,Other,Pune,West,2021-01-12
CUST105074,19,Male,Delhi,West,2020-06-13
CUST105075,54,Female,Delhi,South,2022-01-18
CUST105076,55,Male,Chennai,South,2022-07-25
CUST105077,19,Male,Mumbai,North,2020-06-03
CUST105078,53,Other,Pune,West,2023-02-20
CUST105079,43,Other,Hyderabad,West,2023-05-10
CUST105080,28,Female,Chennai,East,2022-11-29
CUST105081,25,Male,Delhi,West,2020-06-17
CUST105082,61,Other,Pune,South,2022-12-29
CUST105083,57,Other,Bangalore,West,2022-03-02
CUST105084,60,Other,Delhi,South,2023-09-15
CUST105085,39,Female,Bangalore,North,2024-01-03
CUST105086,37,Male,Kolkata,South,2023-11-23
CUST105087,25,Other,Bangalore,North,2022-09-29
CUST105088,46,Male,Delhi,East,2020-12-19
CUST105089,57,Female,Chennai,North,2020-11-23
CUST105090,43,Male,Delhi,West,2021-05-12
CUST105091,47,Other,Delhi,South,2023-12-13
CUST105092,34,Male,Kolkata,North,2020-12-10
CUST105093,37,Male,Hyderabad,North,2021-10-04
CUST105094,33,Female,Mumbai,North,2022-02-27
CUST105095,63,Female,Delhi,North,2021-01-11
CUST105096,60,Male,Kolkata,North,2023-08-11
CUST105097,24,Male,Chennai,North,2023-08-04
CUST105098,33,Male,Kolkata,South,2023-07-01
CUST105099,62,Female,Kolkata,West,2021-03-09
CUST105100,64,Female,Bangalore,West,2021-05-15
CUST105101,44,Male,Mumbai,North,2023-01-13
CUST105102,40,Female,Mumbai,South,2021-06-04
CUST105103,41,Other,Pune,North,2021-07-15
CUST105104,26,Female,Hyderabad,East,2021-05-27
CUST105105,52,Female,Chennai,West,2021-05-30
CUST105106,37,Female,Pune,North,2021-05-11
CUST105107,54,Other,Hyderabad,South,2021-08-24
CUST105108,59,Other,Hyderabad,West,2022-10-11
CUST105109,34,Other,Kolkata,South,2023-03-31
CUST105110,64,Male,Chennai,East,2021-10-28
CUST105111,48,Male,Hyderabad,North,2020-12-30
CUST105112,25,Other,Chennai,East,2023-12-19
CUST105113,32,Male,Mumbai,West,2022-08-24
CUST105114,48,Male,Mumbai,North,2020-12-29
CUST105115,47,Male,Mumbai,West,2020-04-17
CUST105116,63,Other,Delhi,North,2022-11-03
CUST105117,37,Female,Kolkata,South,2022-11-12
CUST105118,56,Other,Chennai,West,2021-09-14
CUST105119,29,Other,Kolkata,East,2020-11-16
CUST105120,34,Male,Hyderabad,East,2021-05-24
CUST105121,59,Male,Chennai,South,2021-11-02
CUST105122,47,Female,Chennai,South,2022-11-30
CUST105123,46,Female,Pune,East,2020-10-30
CUST105124,36,Female,Chennai,South,2022-08-26
CUST105125,63,Female,Chennai,North,2023-12-09
CUST105126,28,Other,Bangalore,East,2024-01-13
CUST105127,51,Female,Bangalore,West,2023-11-18
CUST105128,24,Other,Pune,East,2020-12-30
CUST105129,61,Male,Delhi,South,2022-01-07
CUST105130,51,Female,Mumbai,North,2022-09-15
CUST105131,37,Male,Hyderabad,West,2022-10-17
CUST105132,55,Male,Hyderabad,East,2023-12-23
CUST105133,41,Other,Chennai,East,2020-05-31
CUST105134,27,Female,Kolkata,West,2020-09-15
CUST105135,49,Other,Hyderabad,North,2021-12-07
CUST105136,32,Male,Bangalore,South,2020-08-10
CUST105137,54,Female,Mumbai,South,2023-07-13
CUST105138,37,Male,Delhi,South,2020-08-17
CUST105139,20,Male,Mumbai,South,2021-03-14
CUST105140,54,Female,Chennai,West,2020-05-29
CUST105141,57,Female,Mumbai,North,2022-06-28
CUST105142,25,Female,Chennai,North,2024-01-20
CUST105143,57,Other,Pune,East,2022-09-04
CUST105144,61,Other,Bangalore,East,2023-03-05
CUST105145,40,Male,Bangalore,North,2021-09-26
CUST105146,57,Female,Chennai,East,2021-02-02
CUST105147,28,Male,Kolkata,North,2021-09-13
CUST105148,63,Male,Bangalore,West,2020-05-22
CUST105149,25,Male,Kolkata,West,2022-08-05
CUST105150,46,Male,Chennai,South,2022-12-29
CUST105151,47,Male,Pune,North,2020-02-23
CUST105152,27,Female,Chennai,West,2022-04-23
CUST105153,56,Other,Pune,North,2022-07-26
CUST105154,45,Female,Hyderabad,East,2023-11-27
CUST105155,53,Female,Bangalore,North,2021-07-05
CUST105156,30,Female,Kolkata,South,2022-11-16
CUST105157,49,Other,Chennai,South,2020-10-25
CUST105158,53,Other,Hyderabad,West,2021-11-22
CUST105159,54,Other,Bangalore,East,2021-07-11
CUST105160,43,Female,Hyderabad,East,2023-09-05
CUST105161,39,Other,Pune,North,2021-03-20
CUST105162,21,Male,Chennai,East,2020-04-07
CUST105163,48,Other,Hyderabad,South,2023-02-23
CUST105164,35,Female,Hyderabad,West,2020-02-27
CUST105165,55,Female,Pune,West,2020-06-25
CUST105166,41,Male,Mumbai,West,2021-12-19
CUST105167,40,Other,Pune,East,2023-08-01
CUST105168,39,Other,Mumbai,East,2021-10-27
CUST105169,19,Male,Bangalore,South,2022-11-16
CUST105170,48,Female,Chennai,North,2024-01-14
CUST105171,28,Female,Hyderabad,North,2020-11-18
CUST105172,45,Other,Bangalore,West,2021-11-05
CUST105173,63,Other,Delhi,West,2023-06-27
CUST105174,49,Other,Pune,East,2023-10-25
CUST105175,22,Other,Bangalore,West,2022-04-25
CUST105176,55,Other,Bangalore,South,2020-03-30
CUST105177,27,Female,Hyderabad,South,2020-05-10
CUST105178,57,Female,Mumbai,West,2022-11-18
CUST105179,63,Female,Pune,West,2021-10-23
CUST105180,41,Female,Mumbai,West,2023-01-14
CUST105181,52,Male,Chennai,West,2020-02-27
CUST105182,61,Female,Bangalore,West,2022-12-16
CUST105183,40,Male,Pune,South,2022-09-20
CUST105184,34,Female,Bangalore,North,2023-11-18
CUST105185,18,Other,Chennai,South,2022-11-14
CUST105186,48,Other,Kolkata,South,2020-07-08
CUST105187,48,Other,Chennai,West,2022-08-16
CUST105188,59,Male,Mumbai,North,2020-03-16
CUST105189,59,Female,Mumbai,West,2021-01-05
CUST105190,51,Female,Bangalore,South,2022-06-17
CUST105191,26,Male,Mumbai,North,2022-04-30
CUST105192,39,Male,Pune,East,2021-05-20
CUST105193,30,Male,Chennai,West,2020-07-01
CUST105194,42,Male,Bangalore,East,2020-06-02
CUST105195,35,Male,Chennai,East,2023-07-16
CUST105196,29,Other,Chennai,East,2022-06-21
CUST105197,57,Female,Bangalore,East,2023-07-25
CUST105198,34,Male,Hyderabad,North,2023-09-25
CUST105199,32,Other,Kolkata,West,2022-11-12
CUST105200,59,Male,Hyderabad,North,2023-12-26
CUST105201,32,Other,Mumbai,West,2021-06-09
CUST105202,32,Male,Delhi,West,2021-08-28
CUST105203,56,Female,Hyderabad,West,2023-09-28
CUST105204,30,Male,Delhi,North,2022-05-28
CUST105205,34,Male,Delhi,South,2022-12-11
CUST105206,49,Female,Mumbai,East,2020-12-04
CUST105207,26,Female,Kolkata,South,2022-11-30
CUST105208,57,Male,Chennai,South,2021-06-01
CUST105209,37,Female,Bangalore,South,2021-02-10
CUST105210,43,Female,Kolkata,East,2020-05-17
CUST105211,44,Other,Delhi,South,2023-01-27
CUST105212,38,Female,Pune,East,2020-12-06
CUST105213,35,Female,Mumbai,East,2023-09-01
CUST105214,30,Male,Hyderabad,East,2021-06-25
CUST105215,33,Male,Mumbai,West,2020-08-12
CUST105216,26,Other,Hyderabad,West,2020-09-17
CUST105217,29,Male,Bangalore,South,2023-06-24
CUST105218,61,Female,Pune,West,2023-01-07
CUST105219,55,Female,Chennai,East,2021-11-27
CUST105220,36,Female,Kolkata,West,2022-03-21
CUST105221,24,Male,Pune,East,2021-04-17
CUST105222,52,Female,Kolkata,North,2020-03-17
CUST105223,35,Female,Kolkata,West,2020-09-18
CUST105224,33,Other,Chennai,South,2022-10-22
CUST105225,56,Other,Chennai,North,2020-01-17
CUST105226,21,Other,Hyderabad,North,2020-12-09
CUST105227,42,Male,Chennai,West,2022-11-01
CUST105228,49,Female,Bangalore,West,2022-07-28
CUST105229,57,Female,Mumbai,South,2021-11-24
CUST105230,30,Female,Delhi,North,2022-04-25
CUST105231,62,Other,Chennai,East,2022-10-27
CUST105232,34,Female,Mumbai,West,2020-09-02
CUST105233,54,Female,Hyderabad,North,2022-09-12
CUST105234,23,Female,Chennai,North,2023-03-26
CUST105235,36,Female,Delhi,East,2020-06-22
CUST105236,30,Female,Pune,North,2022-04-25
CUST105237,43,Male,Chennai,West,2021-11-23
CUST105238,31,Female,Mumbai,East,2022-10-05
CUST105239,48,Male,Hyderabad,West,2020-10-07
CUST105240,21,Female,Hyderabad,South,2023-08-25
CUST105241,56,Male,Bangalore,North,2022-09-16
CUST105242,25,Female,Hyderabad,West,2020-08-24
CUST105243,42,Female,Pune,West,2020-06-05
CUST105244,30,Female,Hyderabad,South,2023-06-28
CUST105245,49,Female,Hyderabad,North,2022-10-19
CUST105246,55,Other,Pune,West,2023-05-29
CUST105247,55,Female,Pune,East,2020-12-03
CUST105248,45,Male,Delhi,West,2023-05-31
CUST105249,47,Other,Mumbai,West,2023-05-19
CUST105250,20,Other,Kolkata,West,2020-12-02
CUST105251,45,Female,Hyderabad,West,2023-03-03
CUST105252,20,Male,Kolkata,North,2022-02-09
CUST105253,62,Male,Kolkata,West,2021-05-09
CUST105254,51,Other,Bangalore,South,2021-06-30
CUST105255,33,Male,Chennai,West,2023-04-21
CUST105256,39,Female,Hyderabad,East,2020-06-09
CUST105257,49,Female,Chennai,East,2021-08-27
CUST105258,55,Female,Chennai,West,2021-01-21
CUST105259,25,Female,Bangalore,West,2023-05-05
CUST105260,25,Female,Kolkata,South,2022-09-14
CUST105261,23,Other,Pune,South,2023-10-07
CUST105262,31,Female,Chennai,North,2020-08-21
CUST105263,49,Female,Pune,North,2023-12-03
CUST105264,52,Other,Pune,East,2023-07-23
CUST105265,27,Other,Bangalore,West,2021-12-11
CUST105266,20,Other,Bangalore,West,2021-04-03
CUST105267,29,Male,Mumbai,South,2024-01-16
CUST105268,48,Male,Hyderabad,South,2021-02-16
CUST105269,46,Female,Chennai,North,2022-11-07
CUST105270,22,Female,Kolkata,North,2020-03-12
CUST105271,42,Female,Delhi,East,2021-01-12
CUST105272,58,Male,Bangalore,South,2021-11-12
CUST105273,48,Female,Pune,West,2022-04-13
CUST105274,38,Female,Mumbai,South,2023-10-10
CUST105275,37,Male,Delhi,South,2020-05-30
CUST105276,56,Other,Bangalore,South,2023-07-08
CUST105277,39,Male,Mumbai,North,2023-01-08
CUST105278,21,Female,Pune,West,2023-02-03
CUST105279,30,Male,Chennai,West,2023-11-27
CUST105280,62,Other,Hyderabad,North,2021-12-20
CUST105281,59,Other,Hyderabad,North,2020-05-09
CUST105282,37,Other,Mumbai,West,2023-04-09
CUST105283,30,Other,Bangalore,East,2021-02-09
CUST105284,34,Other,Hyderabad,South,2022-11-22
CUST105285,53,Other,Hyderabad,West,2021-06-19
CUST105286,50,Female,Chennai,North,2020-07-15
CUST105287,18,Female,Pune,West,2022-07-05
CUST105288,32,Male,Kolkata,South,2022-12-05
CUST105289,30,Female,Hyderabad,West,2020-09-30
CUST105290,34,Other,Mumbai,North,2020-05-12
CUST105291,41,Female,Delhi,East,2020-09-20
CUST105292,25,Male,Pune,North,2021-01-01
CUST105293,44,Other,Chennai,East,2022-04-04
CUST105294,62,Female,Pune,South,2020-01-05
CUST105295,40,Female,Chennai,North,2020-09-25
CUST105296,63,Male,Pune,West,2022-04-30
CUST105297,25,Other,Kolkata,North,2022-01-02
CUST105298,25,Male,Mumbai,North,2023-12-15
CUST105299,43,Other,Delhi,South,2023-10-01
CUST105300,64,Other,Hyderabad,East,2020-03-09
CUST105301,30,Female,Kolkata,East,2022-03-10
CUST105302,56,Male,Mumbai,West,2020-12-23
CUST105303,54,Male,Delhi,North,2023-11-10
CUST105304,45,Male,Pune,South,2020-11-20
CUST105305,42,Other,Hyderabad,East,2022-01-20
CUST105306,33,Male,Delhi,West,2023-04-17
CUST105307,19,Other,Bangalore,East,2020-09-12
CUST105308,35,Male,Delhi,West,2021-02-22
CUST105309,34,Male,Mumbai,East,2020-07-29
CUST105310,47,Female,Kolkata,West,2022-06-29
CUST105311,56,Male,Hyderabad,East,2021-08-06
CUST105312,30,Female,Kolkata,East,2023-10-22
CUST105313,49,Female,Hyderabad,North,2021-07-30
CUST105314,46,Other,Bangalore,West,2020-06-14
CUST105315,63,Male,Mumbai,West,2020-08-01
CUST105316,47,Male,Delhi,North,2021-06-12
CUST105317,35,Male,Bangalore,North,2023-04-11
CUST105318,30,Female,Pune,East,2023-02-26
CUST105319,60,Male,Chennai,East,2020-01-03
CUST105320,38,Other,Pune,East,2022-06-13
CUST105321,47,Other,Mumbai,North,2022-06-14
CUST105322,38,Male,Bangalore,East,2022-12-29
CUST105323,34,Female,Kolkata,North,2020-02-21
CUST105324,57,Other,Bangalore,East,2021-03-12
CUST105325,36,Other,Chennai,North,2023-11-02
CUST105326,32,Female,Mumbai,West,2022-10-18
CUST105327,26,Other,Bangalore,South,2020-04-03
CUST105328,27,Female,Hyderabad,East,2021-08-09
CUST105329,61,Other,Pune,East,2021-08-25
CUST105330,48,Female,Delhi,North,2020-03-26
CUST105331,40,Other,Pune,West,2021-06-01
CUST105332,47,Male,Mumbai,West,2022-01-11
CUST105333,50,Other,Bangalore,East,2021-03-05
CUST105334,26,Other,Pune,North,2022-05-12
CUST105335,64,Male,Bangalore,North,2022-04-08
CUST105336,18,Male,Pune,South,2020-02-12
CUST105337,61,Male,Mumbai,West,2023-10-25
CUST105338,52,Male,Kolkata,South,2021-02-07
CUST105339,28,Female,Pune,West,2023-08-19
CUST105340,51,Female,Delhi,East,2023-04-20
CUST105341,33,Other,Pune,East,2020-06-17
CUST105342,26,Other,Mumbai,North,2020-07-21
CUST105343,49,Other,Pune,North,2021-12-06
CUST105344,32,Female,Delhi,North,2021-06-26
CUST105345,29,Other,Hyderabad,West,2020-04-11
CUST105346,50,Other,Delhi,North,2020-12-11
CUST105347,62,Female,Mumbai,East,2021-08-25
CUST105348,31,Other,Bangalore,South,2021-03-17
CUST105349,25,Female,Pune,East,2020-09-06
CUST105350,25,Female,Kolkata,East,2023-04-21
CUST105351,44,Male,Delhi,East,2023-08-18
CUST105352,29,Male,Hyderabad,South,2022-05-27
CUST105353,18,Female,Delhi,East,2023-07-27
CUST105354,60,Female,Pune,West,2023-01-17
CUST105355,57,Male,Bangalore,West,2023-12-19
CUST105356,59,Other,Pune,South,2023-08-01
CUST105357,28,Other,Hyderabad,West,2021-11-01
CUST105358,56,Other,Hyderabad,North,2023-02-27
CUST105359,60,Female,Mumbai,West,2020-09-04
CUST105360,48,Male,Kolkata,East,2021-10-13
CUST105361,34,Other,Pune,West,2022-06-19
CUST105362,50,Male,Delhi,North,2023-04-27
CUST105363,49,Male,Delhi,North,2020-03-31
CUST105364,46,Female,Mumbai,North,2021-07-21
CUST105365,38,Other,Bangalore,East,2023-04-03
CUST105366,38,Male,Pune,North,2021-07-01
CUST105367,57,Female,Chennai,East,2023-09-15
CUST105368,40,Female,Bangalore,North,2020-03-20
CUST105369,23,Female,Delhi,East,2022-07-22
CUST105370,39,Other,Hyderabad,East,2022-09-07
CUST105371,55,Other,Pune,East,2022-05-19
CUST105372,54,Female,Hyderabad,West,2020-06-17
CUST105373,62,Other,Delhi,North,2023-01-21
CUST105374,25,Other,Kolkata,East,2021-09-15
CUST105375,58,Male,Bangalore,North,2021-01-13
CUST105376,52,Female,Chennai,West,2023-05-17
CUST105377,28,Female,Kolkata,South,2020-07-12
CUST105378,41,Other,Chennai,North,2020-09-20
CUST105379,38,Female,Kolkata,North,2023-06-24
CUST105380,19,Female,Bangalore,West,2024-01-11
CUST105381,57,Female,Delhi,East,2021-06-04
CUST105382,36,Other,Chennai,North,2022-07-07
CUST105383,56,Other,Bangalore,South,2021-04-23
CUST105384,45,Other,Chennai,West,2023-07-24
CUST105385,34,Male,Bangalore,East,2023-02-26
CUST105386,23,Female,Kolkata,North,2023-08-18
CUST105387,36,Male,Bangalore,North,2021-07-27
CUST105388,55,Other,Kolkata,West,2023-10-15
CUST105389,45,Male,Delhi,East,2022-04-22
CUST105390,19,Female,Kolkata,East,2023-10-12
CUST105391,55,Female,Mumbai,West,2024-01-29
CUST105392,54,Other,Delhi,North,2023-04-10
CUST105393,21,Other,Hyderabad,North,2023-01-16
CUST105394,39,Male,Hyderabad,East,2022-06-14
CUST105395,43,Other,Hyderabad,East,2023-01-11
CUST105396,60,Male,Pune,South,2021-05-31
CUST105397,53,Female,Pune,South,2022-10-20
CUST105398,30,Female,Bangalore,South,2022-06-14
CUST105399,49,Female,Bangalore,East,2023-09-07
CUST105400,34,Female,Mumbai,East,2021-04-09
CUST105401,58,Female,Bangalore,East,2021-09-04
CUST105402,53,Male,Delhi,North,2023-03-10
CUST105403,63,Female,Delhi,West,2021-08-27
CUST105404,36,Male,Hyderabad,East,2021-09-12
CUST105405,52,Female,Kolkata,North,2022-09-26
CUST105406,63,Male,Chennai,East,2021-07-08
CUST105407,57,Male,Bangalore,West,2020-05-15
CUST105408,45,Male,Mumbai,East,2020-11-25
CUST105409,18,Other,Hyderabad,North,2022-08-12
CUST105410,59,Male,Pune,East,2021-01-29
CUST105411,35,Male,Delhi,East,2020-06-04
CUST105412,57,Female,Delhi,East,2022-11-28
CUST105413,50,Male,Delhi,South,2023-07-29
CUST105414,29,Male,Chennai,East,2022-05-19
CUST105415,25,Other,Chennai,North,2021-06-21
CUST105416,41,Female,Bangalore,North,2022-12-05
CUST105417,33,Other,Pune,North,2021-10-29
CUST105418,21,Other,Mumbai,East,2020-08-31
CUST105419,55,Other,Chennai,West,2021-06-30
CUST105420,61,Male,Kolkata,North,2021-03-25
CUST105421,44,Other,Chennai,South,2020-10-04
CUST105422,26,Other,Delhi,West,2022-01-23
CUST105423,64,Female,Mumbai,North,2021-02-09
CUST105424,33,Female,Bangalore,East,2022-02-09
CUST105425,29,Female,Chennai,South,2022-12-05
CUST105426,48,Female,Delhi,North,2022-01-18
CUST105427,41,Other,Hyderabad,South,2022-02-10
CUST105428,31,Female,Kolkata,West,2023-07-18
CUST105429,62,Male,Kolkata,North,2020-08-25
CUST105430,42,Other,Hyderabad,East,2023-04-05
CUST105431,51,Female,Bangalore,South,2023-10-31
CUST105432,20,Other,Bangalore,North,2020-07-19
CUST105433,41,Female,Chennai,West,2022-01-15
CUST105434,59,Other,Bangalore,West,2020-08-19
CUST105435,26,Female,Pune,North,2024-01-09
CUST105436,43,Male,Pune,West,2021-12-24
CUST105437,37,Female,Delhi,South,2023-12-12
CUST105438,57,Other,Delhi,South,2023-03-23
CUST105439,27,Other,Delhi,South,2023-10-23
CUST105440,36,Male,Pune,South,2021-12-25
CUST105441,20,Other,Chennai,West,2020-03-27
CUST105442,41,Male,Chennai,North,2021-12-03
CUST105443,22,Other,Bangalore,West,2022-03-30
CUST105444,20,Other,Chennai,West,2020-02-23
CUST105445,44,Male,Delhi,North,2022-12-01
CUST105446,33,Other,Mumbai,North,2023-10-04
CUST105447,32,Other,Delhi,East,2023-06-07
CUST105448,52,Male,Pune,South,2022-01-11
CUST105449,29,Female,Hyderabad,North,2021-11-24
CUST105450,58,Male,Mumbai,West,2021-03-11
CUST105451,61,Other,Bangalore,South,2023-03-10
CUST105452,43,Female,Kolkata,South,2023-08-04
CUST105453,64,Female,Hyderabad,West,2023-09-07
CUST105454,51,Female,Chennai,North,2021-08-16
CUST105455,40,Male,Chennai,South,2021-03-17
CUST105456,48,Female,Pune,South,2020-06-15
CUST105457,37,Female,Delhi,South,2021-07-19
CUST105458,29,Female,Delhi,South,2024-01-26
CUST105459,40,Other,Mumbai,South,2024-01-19
CUST105460,21,Male,Chennai,West,2020-03-13
CUST105461,40,Male,Hyderabad,North,2021-12-25
CUST105462,18,Other,Pune,North,2022-08-05
CUST105463,42,Female,Hyderabad,South,2020-09-26
CUST105464,19,Other,Bangalore,South,2020-08-06
CUST105465,47,Other,Delhi,South,2021-06-30
CUST105466,20,Female,Hyderabad,West,2023-04-21
CUST105467,38,Female,Chennai,West,2023-01-06
CUST105468,42,Male,Kolkata,East,2020-11-03
CUST105469,37,Female,Pune,South,2023-09-13
CUST105470,39,Other,Mumbai,East,2021-02-24
CUST105471,38,Other,Delhi,East,2023-06-13
CUST105472,50,Female,Delhi,East,2022-04-28
CUST105473,55,Male,Bangalore,North,2022-06-04
CUST105474,32,Other,Delhi,East,2021-04-06
CUST105475,63,Female,Pune,South,2021-08-07
CUST105476,32,Male,Chennai,West,2022-07-04
CUST105477,63,Male,Chennai,South,2020-02-07
CUST105478,42,Other,Chennai,West,2021-03-01
CUST105479,38,Other,Kolkata,North,2021-03-09
CUST105480,41,Male,Kolkata,North,2023-10-14
CUST105481,22,Male,Delhi,South,2022-11-20
CUST105482,23,Male,Hyderabad,North,2020-07-23
CUST105483,60,Female,Kolkata,West,2021-12-05
CUST105484,61,Other,Hyderabad,North,2022-01-11
CUST105485,64,Male,Hyderabad,East,2023-04-19
CUST105486,40,Other,Kolkata,East,2020-02-09
CUST105487,21,Other,Bangalore,North,2022-04-20
CUST105488,44,Other,Kolkata,South,2023-12-17
CUST105489,35,Male,Mumbai,East,2022-06-24
CUST105490,38,Female,Mumbai,West,2023-03-26
CUST105491,45,Male,Hyderabad,South,2020-06-16
CUST105492,52,Other,Mumbai,North,2021-10-03
CUST105493,39,Male,Delhi,South,2023-01-10
CUST105494,57,Male,Chennai,South,2021-11-17
CUST105495,40,Other,Bangalore,South,2021-08-22
CUST105496,20,Other,Delhi,South,2020-04-11
CUST105497,57,Male,Chennai,North,2022-01-29
CUST105498,27,Male,Bangalore,North,2021-12-18
CUST105499,42,Male,Hyderabad,East,2020-03-29
CUST105500,25,Male,Bangalore,East,2020-12-10
CUST105501,28,Female,Bangalore,West,2022-03-10
CUST105502,22,Male,Mumbai,West,2023-08-26
CUST105503,62,Female,Mumbai,East,2021-08-30
CUST105504,54,Other,Mumbai,East,2024-01-03
CUST105505,62,Female,Bangalore,South,2020-06-07
CUST105506,55,Other,Pune,East,2023-02-11
CUST105507,46,Female,Bangalore,West,2021-06-19
CUST105508,22,Other,Mumbai,East,2020-06-11
CUST105509,26,Male,Bangalore,South,2020-10-12
CUST105510,19,Female,Mumbai,West,2022-05-14
CUST105511,18,Female,Mumbai,North,2020-02-24
CUST105512,57,Other,Mumbai,East,2021-07-29
CUST105513,47,Other,Hyderabad,North,2020-02-02
CUST105514,28,Female,Hyderabad,West,2021-07-11
CUST105515,45,Other,Pune,East,2021-12-31
CUST105516,61,Male,Chennai,North,2022-09-19
CUST105517,29,Female,Bangalore,East,2022-03-11
CUST105518,56,Male,Delhi,North,2020-07-14
CUST105519,43,Female,Mumbai,North,2021-03-23
CUST105520,30,Male,Pune,West,2022-07-13
CUST105521,25,Female,Delhi,East,2020-04-01
CUST105522,45,Other,Hyderabad,North,2021-08-30
CUST105523,47,Female,Chennai,East,2023-06-05
CUST105524,26,Male,Bangalore,East,2020-10-12
CUST105525,56,Female,Hyderabad,South,2022-05-23
CUST105526,48,Male,Pune,West,2023-06-12
CUST105527,38,Male,Mumbai,East,2020-04-11
CUST105528,64,Male,Mumbai,East,2020-05-19
CUST105529,51,Other,Mumbai,East,2022-04-14
CUST105530,48,Female,Pune,West,2020-09-22
CUST105531,42,Male,Hyderabad,West,2023-09-27
CUST105532,29,Other,Delhi,East,2021-07-26
CUST105533,18,Male,Chennai,West,2021-06-18
CUST105534,39,Female,Bangalore,South,2021-06-06
CUST105535,57,Other,Chennai,West,2020-01-16
CUST105536,54,Male,Hyderabad,South,2021-07-14
CUST105537,64,Male,Mumbai,South,2022-05-27
CUST105538,18,Male,Chennai,South,2020-12-01
CUST105539,18,Female,Delhi,North,2022-06-28
CUST105540,59,Other,Kolkata,West,2023-11-14
CUST105541,59,Other,Hyderabad,East,2020-06-18
CUST105542,38,Other,Kolkata,South,2022-07-01
CUST105543,32,Male,Bangalore,East,2020-04-28
CUST105544,34,Other,Bangalore,South,2022-12-01
CUST105545,39,Male,Chennai,East,2022-10-09
CUST105546,55,Female,Bangalore,North,2020-01-10
CUST105547,52,Other,Hyderabad,South,2021-03-05
CUST105548,62,Male,Pune,North,2024-01-31
CUST105549,33,Other,Delhi,North,2020-02-18
CUST105550,25,Other,Mumbai,West,2020-07-25
CUST105551,64,Female,Mumbai,East,2021-05-28
CUST105552,34,Other,Chennai,South,2023-05-18
CUST105553,34,Female,Mumbai,North,2023-03-08
CUST105554,43,Other,Chennai,East,2020-02-06
CUST105555,30,Other,Bangalore,West,2020-08-05
CUST105556,34,Other,Bangalore,East,2024-01-19
CUST105557,55,Other,Pune,East,2023-07-25
CUST105558,34,Other,Pune,West,2020-06-28
CUST105559,31,Other,Delhi,West,2020-05-09
CUST105560,62,Female,Mumbai,West,2021-09-02
CUST105561,23,Female,Hyderabad,North,2021-10-20
CUST105562,52,Male,Pune,East,2020-12-24
CUST105563,63,Other,Delhi,West,2021-09-18
CUST105564,31,Female,Kolkata,East,2022-10-24
CUST105565,64,Other,Pune,East,2023-01-11
CUST105566,25,Other,Delhi,North,2023-03-23
CUST105567,32,Female,Chennai,East,2021-05-20
CUST105568,44,Other,Chennai,North,2022-03-28
CUST105569,30,Female,Delhi,West,2022-03-04
CUST105570,48,Female,Bangalore,West,2022-04-18
CUST105571,52,Male,Kolkata,East,2021-09-14
CUST105572,23,Male,Delhi,North,2021-09-20
CUST105573,22,Male,Pune,North,2020-04-06
CUST105574,39,Male,Bangalore,South,2023-07-29
CUST105575,40,Other,Delhi,South,2022-03-29
CUST105576,42,Other,Mumbai,West,2021-08-21
CUST105577,51,Male,Pune,West,2022-07-22
CUST105578,43,Female,Pune,South,2021-03-04
CUST105579,64,Female,Chennai,North,2023-02-23
CUST105580,22,Female,Mumbai,East,2023-08-17
CUST105581,43,Female,Mumbai,East,2021-06-26
CUST105582,37,Other,Pune,North,2021-01-01
CUST105583,23,Female,Kolkata,West,2022-12-04
CUST105584,23,Female,Hyderabad,East,2023-09-01
CUST105585,35,Male,Bangalore,North,2023-04-27
CUST105586,21,Female,Chennai,East,2020-02-21
CUST105587,34,Other,Mumbai,North,2021-07-17
CUST105588,31,Female,Chennai,South,2023-09-17
CUST105589,31,Female,Pune,South,2021-05-13
CUST105590,30,Other,Bangalore,East,2022-09-03
CUST105591,24,Male,Delhi,East,2023-09-03
CUST105592,61,Other,Mumbai,East,2023-12-04
CUST105593,32,Male,Bangalore,East,2020-11-18
CUST105594,36,Female,Hyderabad,South,2023-06-07
CUST105595,60,Male,Chennai,South,2023-09-29
CUST105596,64,Male,Pune,North,2023-10-26
CUST105597,61,Male,Bangalore,East,2021-07-09
CUST105598,52,Female,Delhi,South,2023-08-08
CUST105599,34,Male,Bangalore,West,2023-12-31
CUST105600,52,Male,Pune,North,2023-06-24
CUST105601,36,Female,Chennai,North,2020-08-06
CUST105602,37,Other,Mumbai,North,2021-06-17
CUST105603,53,Other,Hyderabad,West,2021-10-03
CUST105604,52,Other,Hyderabad,West,2021-06-02
CUST105605,49,Female,Mumbai,West,2024-02-04
CUST105606,61,Female,Kolkata,South,2023-10-05
CUST105607,57,Other,Chennai,West,2020-02-13
CUST105608,41,Male,Hyderabad,North,2020-03-05
CUST105609,34,Other,Kolkata,East,2020-09-02
CUST105610,24,Female,Kolkata,North,2022-09-13
CUST105611,60,Male,Pune,North,2022-12-30
CUST105612,18,Male,Pune,South,2020-06-06
CUST105613,52,Female,Pune,North,2022-07-26
CUST105614,49,Male,Delhi,South,2024-02-07
CUST105615,53,Other,Chennai,South,2022-11-14
CUST105616,30,Female,Mumbai,East,2022-04-04
CUST105617,23,Female,Chennai,North,2023-05-31
CUST105618,31,Female,Pune,East,2020-06-08
CUST105619,54,Female,Delhi,East,2022-03-28
CUST105620,32,Male,Chennai,North,2022-10-01
CUST105621,64,Female,Chennai,North,2020-03-15
CUST105622,21,Female,Kolkata,West,2020-05-17
CUST105623,57,Male,Chennai,West,2021-04-23
CUST105624,33,Female,Kolkata,South,2021-07-06
CUST105625,45,Male,Kolkata,North,2023-08-19
CUST105626,33,Male,Bangalore,South,2021-01-21
CUST105627,21,Female,Pune,East,2021-04-16
CUST105628,62,Other,Hyderabad,East,2023-09-19
CUST105629,43,Female,Delhi,West,2020-11-04
CUST105630,45,Other,Kolkata,South,2022-06-05
CUST105631,49,Male,Chennai,North,2021-12-01
CUST105632,62,Other,Kolkata,North,2023-04-01
CUST105633,19,Female,Kolkata,West,2022-09-26
CUST105634,48,Female,Kolkata,West,2022-08-09
CUST105635,20,Other,Mumbai,South,2022-12-14
CUST105636,25,Female,Hyderabad,West,2022-02-24
CUST105637,41,Other,Hyderabad,West,2024-01-18
CUST105638,32,Male,Mumbai,West,2020-10-31
CUST105639,60,Other,Mumbai,East,2020-04-11
CUST105640,48,Other,Mumbai,South,2022-02-13
CUST105641,26,Other,Hyderabad,North,2023-11-12
CUST105642,56,Other,Bangalore,North,2023-05-16
CUST105643,62,Male,Kolkata,South,2023-08-31
CUST105644,19,Male,Bangalore,West,2022-12-08
CUST105645,25,Male,Chennai,West,2021-07-25
CUST105646,24,Other,Hyderabad,North,2020-05-27
CUST105647,61,Male,Pune,East,2023-05-19
CUST105648,56,Female,Hyderabad,South,2023-10-27
CUST105649,59,Male,Delhi,West,2021-08-19
CUST105650,33,Other,Bangalore,East,2022-09-04
CUST105651,52,Female,Mumbai,East,2022-12-06
CUST105652,47,Other,Mumbai,West,2021-05-13
CUST105653,27,Female,Chennai,South,2020-06-03
CUST105654,55,Other,Kolkata,South,2020-08-17
CUST105655,35,Other,Delhi,North,2023-08-16
CUST105656,22,Female,Bangalore,North,2020-06-06
CUST105657,46,Male,Kolkata,South,2022-07-11
CUST105658,56,Female,Kolkata,West,2023-06-24
CUST105659,51,Female,Pune,South,2021-07-21
CUST105660,60,Female,Pune,North,2023-03-20
CUST105661,62,Female,Bangalore,North,2020-10-25
CUST105662,40,Female,Bangalore,North,2022-12-13
CUST105663,22,Other,Bangalore,South,2023-05-31
CUST105664,47,Other,Bangalore,South,2022-02-04
CUST105665,23,Male,Mumbai,West,2021-07-18
CUST105666,63,Male,Hyderabad,North,2021-04-11
CUST105667,61,Female,Hyderabad,East,2021-04-30
CUST105668,21,Male,Kolkata,East,2021-03-19
CUST105669,46,Male,Hyderabad,West,2022-06-23
CUST105670,40,Female,Kolkata,West,2022-05-12
CUST105671,23,Other,Mumbai,North,2023-03-07
CUST105672,49,Other,Hyderabad,South,2022-07-14
CUST105673,59,Male,Kolkata,South,2020-10-18
CUST105674,35,Other,Bangalore,East,2023-05-18
CUST105675,32,Other,Delhi,North,2022-01-21
CUST105676,57,Male,Hyderabad,East,2023-05-19
CUST105677,49,Female,Pune,East,2022-05-24
CUST105678,26,Male,Pune,North,2021-10-24
CUST105679,54,Male,Kolkata,West,2023-11-12
CUST105680,27,Male,Delhi,East,2023-11-20
CUST105681,37,Female,Pune,West,2023-02-21
CUST105682,23,Female,Hyderabad,South,2022-07-08
CUST105683,20,Female,Delhi,East,2022-06-27
CUST105684,59,Female,Mumbai,North,2020-05-03
CUST105685,28,Male,Chennai,West,2020-03-08
CUST105686,60,Other,Kolkata,South,2021-04-19
CUST105687,34,Male,Mumbai,South,2020-12-23
CUST105688,49,Female,Mumbai,East,2024-01-19
CUST105689,21,Other,Delhi,South,2023-10-01
CUST105690,21,Male,Kolkata,North,2021-06-04
CUST105691,34,Other,Mumbai,East,2022-04-12
CUST105692,58,Female,Bangalore,South,2021-09-15
CUST105693,36,Other,Mumbai,North,2023-09-13
CUST105694,22,Other,Bangalore,West,2023-09-15
CUST105695,49,Female,Chennai,West,2021-03-02
CUST105696,39,Other,Bangalore,East,2022-10-05
CUST105697,23,Male,Bangalore,North,2021-03-18
CUST105698,52,Other,Delhi,South,2021-08-23
CUST105699,39,Male,Mumbai,East,2023-01-23
CUST105700,18,Other,Chennai,East,2022-01-31
CUST105701,37,Other,Mumbai,South,2022-08-12
CUST105702,39,Female,Hyderabad,North,2024-01-14
CUST105703,28,Female,Hyderabad,South,2023-09-02
CUST105704,30,Male,Bangalore,West,2021-05-01
CUST105705,59,Female,Pune,East,2022-01-08
CUST105706,20,Female,Bangalore,West,2021-10-09
CUST105707,26,Female,Mumbai,East,2022-06-14
CUST105708,29,Female,Chennai,South,2020-01-05
CUST105709,40,Female,Pune,North,2021-09-23
CUST105710,31,Male,Chennai,South,2023-10-26
CUST105711,50,Male,Delhi,West,2022-05-26
CUST105712,35,Female,Bangalore,North,2022-09-12
CUST105713,58,Female,Bangalore,North,2023-04-26
CUST105714,26,Male,Hyderabad,East,2020-01-26
CUST105715,40,Other,Delhi,North,2020-06-10
CUST105716,27,Male,Hyderabad,East,2022-01-14
CUST105717,36,Other,Mumbai,North,2023-02-27
CUST105718,64,Female,Bangalore,North,2021-06-16
CUST105719,22,Female,Mumbai,East,2022-06-01
CUST105720,64,Male,Chennai,North,2021-02-13
CUST105721,40,Female,Pune,South,2023-01-01
CUST105722,47,Other,Pune,North,2023-06-10
CUST105723,42,Other,Pune,West,2022-05-04
CUST105724,45,Male,Hyderabad,East,2023-02-03
CUST105725,51,Other,Kolkata,East,2022-06-19
CUST105726,62,Male,Delhi,South,2020-01-09
CUST105727,64,Male,Pune,West,2020-02-19
CUST105728,42,Other,Bangalore,North,2021-03-17
CUST105729,27,Other,Delhi,South,2020-02-05
CUST105730,31,Other,Chennai,North,2023-05-10
CUST105731,59,Other,Chennai,South,2020-04-27
CUST105732,63,Other,Hyderabad,East,2021-12-02
CUST105733,47,Other,Chennai,West,2022-01-23
CUST105734,58,Other,Chennai,East,2023-04-07
CUST105735,42,Female,Kolkata,South,2020-08-17
CUST105736,31,Male,Mumbai,North,2021-07-13
CUST105737,52,Male,Mumbai,West,2023-03-19
CUST105738,51,Other,Pune,North,2020-07-26
CUST105739,27,Male,Kolkata,East,2022-12-20
CUST105740,52,Other,Hyderabad,North,2023-02-14
CUST105741,28,Female,Mumbai,South,2020-08-26
CUST105742,28,Male,Hyderabad,West,2022-05-16
CUST105743,38,Male,Hyderabad,West,2020-02-17
CUST105744,38,Female,Chennai,West,2024-01-11
CUST105745,39,Female,Mumbai,South,2022-01-26
CUST105746,62,Female,Delhi,North,2024-01-31
CUST105747,24,Male,Pune,West,2023-08-09
CUST105748,34,Male,Mumbai,East,2023-12-19
CUST105749,19,Female,Delhi,East,2021-05-31
CUST105750,29,Female,Bangalore,East,2020-07-23
CUST105751,59,Female,Delhi,East,2023-04-18
CUST105752,35,Female,Delhi,East,2020-03-30
CUST105753,28,Female,Chennai,South,2021-05-14
CUST105754,33,Other,Chennai,North,2023-02-05
CUST105755,35,Female,Pune,South,2023-04-28
CUST105756,52,Other,Chennai,East,2023-04-18
CUST105757,43,Male,Delhi,East,2022-11-09
CUST105758,33,Male,Kolkata,West,2023-10-14
CUST105759,23,Other,Chennai,West,2020-01-07
CUST105760,61,Female,Chennai,North,2020-11-17
CUST105761,60,Male,Delhi,North,2020-09-24
CUST105762,64,Female,Bangalore,North,2023-12-21
CUST105763,64,Female,Bangalore,South,2020-10-22
CUST105764,59,Other,Mumbai,West,2021-07-23
CUST105765,29,Male,Pune,North,2023-11-11
CUST105766,30,Male,Bangalore,West,2020-09-20
CUST105767,21,Other,Chennai,West,2020-03-30
CUST105768,56,Female,Kolkata,West,2022-05-02
CUST105769,19,Female,Mumbai,West,2023-07-08
CUST105770,43,Male,Pune,West,2021-05-02
CUST105771,44,Other,Kolkata,West,2023-09-26
CUST105772,44,Other,Kolkata,South,2023-09-14
CUST105773,32,Female,Chennai,East,2021-02-04
CUST105774,25,Female,Delhi,West,2020-12-22
CUST105775,24,Other,Delhi,South,2022-01-24
CUST105776,64,Male,Delhi,North,2021-05-13
CUST105777,63,Female,Bangalore,South,2022-04-13
CUST105778,57,Other,Delhi,South,2021-03-10
CUST105779,29,Other,Pune,South,2020-04-28
CUST105780,30,Other,Chennai,West,2022-12-06
CUST105781,60,Male,Bangalore,North,2023-04-06
CUST105782,34,Female,Pune,South,2022-10-19
CUST105783,34,Female,Delhi,North,2020-12-13
CUST105784,53,Female,Pune,South,2021-06-22
CUST105785,38,Male,Kolkata,West,2023-08-12
CUST105786,25,Female,Chennai,South,2023-04-12
CUST105787,22,Female,Chennai,South,2023-11-19
CUST105788,43,Female,Pune,North,2021-06-13
CUST105789,33,Female,Mumbai,North,2020-10-29
CUST105790,53,Male,Chennai,North,2020-07-20
CUST105791,45,Other,Kolkata,East,2020-06-04
CUST105792,46,Other,Chennai,North,2020-01-14
CUST105793,64,Female,Mumbai,South,2022-11-09
CUST105794,29,Female,Chennai,East,2022-01-25
CUST105795,54,Female,Hyderabad,North,2022-06-07
CUST105796,47,Male,Chennai,West,2024-01-20
CUST105797,40,Female,Mumbai,North,2023-04-11
CUST105798,33,Male,Hyderabad,West,2021-03-20
CUST105799,31,Female,Hyderabad,East,2020-05-01
CUST105800,27,Female,Chennai,West,2020-07-02
CUST105801,24,Other,Pune,East,2021-11-01
CUST105802,62,Female,Bangalore,West,2020-02-18
CUST105803,54,Male,Hyderabad,North,2020-06-29
CUST105804,46,Other,Pune,East,2023-11-18
CUST105805,20,Male,Chennai,South,2023-11-17
CUST105806,32,Other,Delhi,South,2023-10-03
CUST105807,53,Male,Delhi,South,2024-02-08
CUST105808,64,Other,Bangalore,North,2020-05-20
CUST105809,63,Male,Hyderabad,South,2021-06-13
CUST105810,36,Male,Chennai,East,2021-08-06
CUST105811,30,Female,Kolkata,South,2021-04-15
CUST105812,59,Other,Hyderabad,East,2023-07-10
CUST105813,38,Other,Chennai,South,2020-05-22
CUST105814,54,Female,Delhi,West,2021-12-07
CUST105815,44,Male,Mumbai,East,2023-03-15
CUST105816,46,Male,Bangalore,South,2020-10-20
CUST105817,37,Other,Mumbai,South,2021-02-25
CUST105818,42,Male,Kolkata,South,2021-07-17
CUST105819,23,Other,Chennai,East,2021-02-20
CUST105820,53,Other,Kolkata,East,2021-10-22
CUST105821,19,Male,Mumbai,South,2022-07-01
CUST105822,39,Male,Chennai,West,2023-02-04
CUST105823,49,Male,Hyderabad,East,2023-09-03
CUST105824,33,Female,Pune,East,2020-02-28
CUST105825,35,Other,Pune,West,2022-10-12
CUST105826,22,Male,Hyderabad,North,2020-09-14
CUST105827,53,Female,Kolkata,West,2022-03-03
CUST105828,47,Male,Pune,South,2023-12-19
CUST105829,62,Other,Pune,East,2021-06-14
CUST105830,36,Female,Delhi,East,2020-06-14
CUST105831,40,Other,Pune,East,2022-11-14
CUST105832,51,Male,Delhi,East,2020-01-04
CUST105833,30,Male,Bangalore,North,2020-01-03
CUST105834,60,Male,Delhi,East,2021-02-21
CUST105835,46,Female,Delhi,East,2020-12-27
CUST105836,53,Female,Mumbai,North,2022-06-24
CUST105837,39,Female,Delhi,South,2021-01-03
CUST105838,64,Female,Delhi,South,2021-06-22
CUST105839,53,Male,Mumbai,North,2022-05-29
CUST105840,26,Male,Delhi,South,2020-12-11
CUST105841,56,Male,Pune,South,2021-12-31
CUST105842,36,Female,Hyderabad,West,2022-06-15
CUST105843,55,Female,Delhi,West,2022-12-03
CUST105844,23,Male,Bangalore,West,2021-12-24
CUST105845,64,Male,Delhi,North,2021-07-17
CUST105846,32,Female,Delhi,East,2023-03-22
CUST105847,37,Other,Bangalore,North,2020-07-20
CUST105848,26,Male,Hyderabad,North,2020-11-16
CUST105849,49,Male,Mumbai,North,2021-04-08
CUST105850,21,Male,Pune,North,2022-10-31
CUST105851,35,Female,Hyderabad,West,2023-06-04
CUST105852,22,Male,Delhi,North,2021-09-24
CUST105853,37,Male,Pune,West,2020-11-28
CUST105854,40,Male,Kolkata,East,2024-02-01
CUST105855,28,Male,Pune,South,2020-01-15
CUST105856,54,Male,Mumbai,West,2022-12-16
CUST105857,39,Other,Mumbai,North,2023-09-15
CUST105858,21,Other,Hyderabad,East,2022-12-23
CUST105859,46,Male,Delhi,North,2020-08-17
CUST105860,61,Male,Bangalore,East,2020-01-11
CUST105861,51,Male,Mumbai,South,2023-06-01
CUST105862,30,Male,Bangalore,East,2021-06-25
CUST105863,59,Female,Hyderabad,East,2021-06-05
CUST105864,26,Female,Hyderabad,South,2022-12-13
CUST105865,59,Female,Kolkata,South,2022-02-05
CUST105866,48,Other,Bangalore,East,2023-03-26
CUST105867,24,Male,Hyderabad,North,2021-10-02
CUST105868,21,Female,Hyderabad,West,2021-07-23
CUST105869,36,Male,Hyderabad,North,2021-02-08
CUST105870,59,Male,Chennai,West,2023-11-23
CUST105871,47,Other,Hyderabad,South,2021-12-07
CUST105872,48,Other,Hyderabad,North,2022-07-17
CUST105873,52,Female,Bangalore,South,2023-11-27
CUST105874,38,Female,Mumbai,East,2023-01-17
CUST105875,48,Other,Bangalore,East,2021-08-15
CUST105876,36,Other,Bangalore,North,2020-07-04
CUST105877,48,Male,Chennai,South,2022-06-13
CUST105878,49,Male,Chennai,North,2020-03-19
CUST105879,19,Female,Delhi,North,2020-05-24
CUST105880,27,Female,Mumbai,West,2020-01-14
CUST105881,19,Other,Hyderabad,East,2020-01-02
CUST105882,19,Female,Delhi,North,2021-05-30
CUST105883,41,Male,Hyderabad,East,2022-01-25
CUST105884,34,Other,Hyderabad,West,2020-03-06
CUST105885,49,Male,Chennai,South,2020-09-02
CUST105886,33,Other,Hyderabad,North,2023-12-24
CUST105887,33,Other,Hyderabad,East,2021-07-25
CUST105888,63,Male,Bangalore,North,2023-06-09
CUST105889,56,Female,Chennai,South,2021-03-11
CUST105890,48,Female,Kolkata,North,2020-12-18
CUST105891,60,Female,Bangalore,North,2021-11-09
CUST105892,41,Female,Delhi,East,2021-01-17
CUST105893,18,Male,Bangalore,South,2022-12-19
CUST105894,28,Other,Kolkata,West,2021-04-14
CUST105895,38,Male,Chennai,South,2023-12-05
CUST105896,21,Female,Mumbai,South,2023-01-11
CUST105897,24,Female,Hyderabad,West,2020-03-14
CUST105898,43,Male,Pune,North,2023-08-27
CUST105899,64,Other,Mumbai,East,2024-01-17
CUST105900,29,Male,Mumbai,North,2020-01-26
CUST105901,48,Male,Hyderabad,North,2023-12-20
CUST105902,34,Male,Chennai,West,2023-11-01
CUST105903,50,Other,Mumbai,West,2023-06-20
CUST105904,28,Male,Kolkata,North,2022-04-14
CUST105905,45,Male,Hyderabad,South,2021-09-19
CUST105906,49,Female,Chennai,East,2023-09-08
CUST105907,18,Male,Mumbai,South,2023-04-18
CUST105908,64,Female,Hyderabad,North,2022-02-12
CUST105909,45,Female,Pune,North,2022-10-05
CUST105910,59,Female,Delhi,East,2020-09-22
CUST105911,24,Other,Chennai,South,2021-07-03
CUST105912,19,Female,Chennai,North,2023-11-04
CUST105913,59,Male,Bangalore,North,2020-03-17
CUST105914,41,Male,Hyderabad,West,2022-12-08
CUST105915,21,Female,Mumbai,East,2022-10-10
CUST105916,61,Female,Delhi,West,2023-07-01
CUST105917,36,Male,Hyderabad,West,2023-11-04
CUST105918,43,Female,Pune,West,2023-06-26
CUST105919,28,Other,Kolkata,North,2022-12-31
CUST105920,57,Female,Chennai,South,2021-03-22
CUST105921,60,Other,Kolkata,West,2021-05-20
CUST105922,28,Other,Kolkata,South,2023-06-30
CUST105923,62,Other,Kolkata,North,2022-09-22
CUST105924,20,Female,Bangalore,West,2022-05-19
CUST105925,29,Other,Hyderabad,North,2020-10-25
CUST105926,20,Other,Kolkata,West,2022-01-03
CUST105927,59,Female,Mumbai,West,2022-12-19
CUST105928,44,Other,Mumbai,North,2023-10-12
CUST105929,19,Female,Delhi,East,2020-06-05
CUST105930,33,Male,Delhi,East,2020-12-07
CUST105931,19,Other,Pune,South,2022-08-31
CUST105932,47,Female,Kolkata,South,2022-06-12
CUST105933,37,Male,Kolkata,North,2023-05-10
CUST105934,55,Other,Bangalore,North,2022-11-24
CUST105935,45,Other,Hyderabad,North,2024-01-19
CUST105936,42,Female,Kolkata,East,2022-07-05
CUST105937,49,Male,Kolkata,East,2023-04-03
CUST105938,27,Female,Hyderabad,West,2022-11-17
CUST105939,59,Other,Kolkata,West,2023-10-27
CUST105940,57,Other,Chennai,North,2020-11-09
CUST105941,50,Other,Chennai,North,2023-07-31
CUST105942,30,Other,Bangalore,South,2023-08-14
CUST105943,58,Male,Bangalore,East,2021-04-19
CUST105944,59,Male,Mumbai,North,2021-08-19
CUST105945,64,Female,Bangalore,East,2023-10-04
CUST105946,54,Female,Pune,North,2021-09-27
CUST105947,33,Female,Mumbai,West,2021-03-20
CUST105948,62,Other,Hyderabad,North,2023-05-15
CUST105949,39,Female,Kolkata,West,2021-02-20
CUST105950,37,Male,Bangalore,South,2021-03-14
CUST105951,60,Female,Pune,South,2020-06-13
CUST105952,44,Female,Bangalore,South,2021-02-23
CUST105953,58,Male,Bangalore,North,2023-10-26
CUST105954,33,Male,Mumbai,South,2023-07-13
CUST105955,51,Other,Hyderabad,North,2023-07-26
CUST105956,49,Male,Hyderabad,East,2022-09-14
CUST105957,43,Male,Mumbai,West,2021-04-26
CUST105958,42,Female,Delhi,East,2021-05-31
CUST105959,19,Male,Mumbai,North,2020-03-22
CUST105960,29,Other,Mumbai,South,2020-04-28
CUST105961,57,Female,Chennai,West,2023-08-19
CUST105962,26,Other,Bangalore,South,2023-05-23
CUST105963,29,Male,Mumbai,East,2020-01-28
CUST105964,43,Other,Bangalore,North,2022-02-19
CUST105965,26,Other,Bangalore,West,2021-05-12
CUST105966,27,Male,Chennai,West,2021-06-20
CUST105967,49,Male,Bangalore,North,2021-06-02
CUST105968,51,Female,Pune,North,2020-07-12
CUST105969,37,Female,Mumbai,West,2021-08-14
CUST105970,56,Female,Bangalore,East,2021-03-17
CUST105971,19,Male,Delhi,East,2022-11-25
CUST105972,18,Other,Delhi,South,2020-09-14
CUST105973,53,Other,Chennai,West,2020-04-22
CUST105974,41,Female,Pune,North,2023-08-10
CUST105975,44,Female,Hyderabad,North,2020-01-14
CUST105976,19,Male,Hyderabad,North,2022-06-29
CUST105977,48,Other,Mumbai,North,2020-05-19
CUST105978,31,Female,Chennai,West,2023-10-26
CUST105979,19,Male,Delhi,East,2023-12-21
CUST105980,46,Female,Pune,South,2023-01-25
CUST105981,32,Male,Mumbai,East,2021-11-27
CUST105982,29,Other,Bangalore,South,2023-09-27
CUST105983,54,Male,Mumbai,North,2022-05-19
CUST105984,45,Female,Kolkata,North,2023-12-26
CUST105985,37,Female,Mumbai,West,2020-07-07
CUST105986,56,Other,Bangalore,North,2020-03-22
CUST105987,41,Other,Kolkata,West,2023-04-18
CUST105988,38,Female,Hyderabad,West,2022-08-15
CUST105989,27,Female,Pune,West,2022-06-16
CUST105990,63,Female,Chennai,North,2022-08-24
CUST105991,31,Other,Pune,North,2023-12-09
CUST105992,54,Female,Mumbai,East,2023-02-02
CUST105993,35,Other,Hyderabad,South,2021-01-15
CUST105994,41,Female,Chennai,East,2021-12-22
CUST105995,31,Male,Mumbai,North,2020-11-24
CUST105996,51,Male,Delhi,South,2023-06-26
CUST105997,29,Female,Delhi,West,2020-03-12
CUST105998,39,Male,Bangalore,South,2020-05-12
CUST105999,23,Other,Hyderabad,West,2023-06-17
CUST106000,53,Male,Hyderabad,North,2023-01-06
CUST106001,62,Male,Pune,South,2021-07-23
CUST106002,53,Other,Delhi,West,2021-04-05
CUST106003,39,Male,Kolkata,East,2020-05-04
CUST106004,31,Male,Kolkata,East,2022-10-31
CUST106005,33,Female,Hyderabad,West,2024-01-31
CUST106006,53,Other,Hyderabad,East,2023-12-01
CUST106007,42,Other,Mumbai,East,2022-07-29
CUST106008,49,Female,Hyderabad,South,2020-01-27
CUST106009,50,Female,Chennai,East,2020-07-25
CUST106010,62,Male,Kolkata,South,2023-05-30
CUST106011,53,Male,Mumbai,North,2020-11-07
CUST106012,37,Male,Chennai,East,2021-01-16
CUST106013,35,Female,Hyderabad,North,2023-08-31
CUST106014,55,Other,Hyderabad,East,2023-05-16
CUST106015,20,Male,Delhi,West,2020-10-22
CUST106016,40,Female,Mumbai,West,2021-02-05
CUST106017,49,Other,Chennai,North,2023-12-29
CUST106018,62,Female,Bangalore,North,2020-05-01
CUST106019,33,Male,Hyderabad,North,2022-01-20
CUST106020,22,Female,Pune,West,2020-04-15
CUST106021,21,Female,Pune,North,2022-03-01
CUST106022,38,Female,Hyderabad,West,2022-11-25
CUST106023,57,Female,Bangalore,North,2020-03-12
CUST106024,31,Other,Kolkata,South,2021-07-21
CUST106025,56,Male,Pune,South,2023-04-05
CUST106026,48,Other,Chennai,East,2023-05-29
CUST106027,31,Female,Hyderabad,South,2020-03-16
CUST106028,23,Female,Hyderabad,North,2021-12-22
CUST106029,29,Male,Hyderabad,South,2022-10-06
CUST106030,33,Male,Bangalore,South,2023-05-19
CUST106031,34,Other,Kolkata,North,2020-08-15
CUST106032,62,Other,Mumbai,South,2021-03-28
CUST106033,40,Male,Hyderabad,North,2022-02-04
CUST106034,31,Other,Mumbai,South,2021-05-01
CUST106035,24,Female,Chennai,North,2021-10-29
CUST106036,63,Female,Chennai,West,2024-02-06
CUST106037,49,Male,Chennai,West,2022-04-09
CUST106038,32,Other,Pune,East,2022-03-01
CUST106039,61,Female,Chennai,South,2022-08-28
CUST106040,34,Male,Hyderabad,East,2021-05-04
CUST106041,58,Other,Bangalore,North,2021-01-10
CUST106042,64,Female,Bangalore,West,2020-08-18
CUST106043,61,Other,Kolkata,North,2021-12-02
CUST106044,51,Other,Bangalore,East,2023-06-02
CUST106045,22,Other,Pune,North,2021-04-19
CUST106046,62,Male,Mumbai,North,2023-01-08
CUST106047,44,Female,Kolkata,North,2023-05-18
CUST106048,40,Male,Bangalore,North,2023-08-13
CUST106049,57,Female,Chennai,West,2023-04-10
CUST106050,31,Female,Bangalore,North,2023-01-17
CUST106051,32,Male,Delhi,North,2020-08-13
CUST106052,60,Male,Kolkata,West,2020-05-22
CUST106053,50,Female,Hyderabad,North,2021-12-08
CUST106054,48,Female,Hyderabad,North,2020-02-23
CUST106055,52,Female,Pune,East,2020-07-14
CUST106056,34,Other,Bangalore,West,2022-04-24
CUST106057,45,Female,Bangalore,South,2020-10-24
CUST106058,36,Male,Pune,North,2023-12-24
CUST106059,63,Male,Mumbai,East,2021-06-20
CUST106060,40,Male,Chennai,West,2021-08-01
CUST106061,49,Female,Chennai,North,2021-05-14
CUST106062,57,Female,Mumbai,South,2021-09-15
CUST106063,30,Other,Mumbai,North,2022-04-20
CUST106064,37,Other,Delhi,East,2020-07-24
CUST106065,52,Male,Pune,West,2022-05-29
CUST106066,22,Other,Kolkata,East,2023-03-06
CUST106067,26,Other,Chennai,West,2021-02-11
CUST106068,46,Male,Mumbai,South,2020-10-05
CUST106069,23,Female,Mumbai,North,2024-01-08
CUST106070,42,Other,Pune,East,2021-11-07
CUST106071,48,Female,Hyderabad,South,2022-07-29
CUST106072,39,Male,Kolkata,South,2020-09-27
CUST106073,19,Male,Mumbai,North,2021-03-16
CUST106074,62,Other,Hyderabad,East,2023-06-05
CUST106075,22,Male,Delhi,North,2020-05-06
CUST106076,44,Male,Kolkata,North,2023-07-17
CUST106077,42,Male,Hyderabad,West,2021-05-01
CUST106078,25,Other,Delhi,West,2021-07-01
CUST106079,18,Other,Bangalore,North,2023-03-24
CUST106080,37,Other,Chennai,West,2022-09-12
CUST106081,61,Male,Mumbai,East,2022-07-25
CUST106082,40,Female,Hyderabad,West,2022-02-10
CUST106083,49,Male,Kolkata,South,2020-01-19
CUST106084,28,Other,Delhi,North,2021-02-28
CUST106085,56,Female,Chennai,North,2022-07-24
CUST106086,64,Female,Chennai,East,2020-02-27
CUST106087,41,Other,Mumbai,North,2021-02-26
CUST106088,28,Female,Hyderabad,West,2022-04-23
CUST106089,46,Female,Chennai,South,2023-01-30
CUST106090,43,Other,Mumbai,North,2023-01-04
CUST106091,33,Female,Hyderabad,West,2020-03-06
CUST106092,52,Female,Hyderabad,South,2022-03-25
CUST106093,37,Other,Bangalore,North,2023-03-20
CUST106094,63,Female,Mumbai,North,2022-06-20
CUST106095,20,Female,Pune,North,2021-03-12
CUST106096,18,Female,Delhi,South,2022-02-28
CUST106097,64,Female,Pune,North,2022-12-27
CUST106098,18,Other,Hyderabad,North,2020-08-22
CUST106099,34,Male,Hyderabad,West,2021-11-05
CUST106100,19,Male,Chennai,West,2020-04-07
CUST106101,46,Female,Chennai,West,2022-10-29
CUST106102,37,Other,Chennai,West,2022-07-15
CUST106103,23,Other,Hyderabad,North,2022-01-30
CUST106104,25,Female,Mumbai,South,2021-03-02
CUST106105,46,Male,Kolkata,North,2020-08-14
CUST106106,50,Female,Mumbai,East,2020-01-17
CUST106107,20,Other,Delhi,South,2021-07-16
CUST106108,52,Other,Mumbai,East,2020-08-15
CUST106109,22,Male,Chennai,North,2021-12-06
CUST106110,44,Other,Bangalore,South,2023-06-15
CUST106111,61,Other,Delhi,South,2023-11-05
CUST106112,29,Other,Pune,West,2023-11-11
CUST106113,37,Male,Bangalore,North,2021-10-30
CUST106114,62,Other,Delhi,East,2020-09-10
CUST106115,37,Female,Delhi,South,2023-08-24
CUST106116,26,Male,Hyderabad,South,2023-08-30
CUST106117,56,Female,Chennai,West,2023-08-17
CUST106118,21,Female,Hyderabad,South,2020-04-27
CUST106119,36,Male,Pune,West,2020-02-19
CUST106120,55,Female,Mumbai,South,2023-04-19
CUST106121,44,Male,Hyderabad,South,2021-06-26
CUST106122,62,Female,Pune,North,2020-11-22
CUST106123,60,Male,Chennai,South,2022-08-01
CUST106124,30,Other,Chennai,West,2023-06-23
CUST106125,30,Other,Hyderabad,West,2021-08-24
CUST106126,39,Female,Chennai,West,2020-04-11
CUST106127,45,Other,Bangalore,East,2023-06-07
CUST106128,64,Male,Pune,South,2021-01-22
CUST106129,62,Female,Pune,North,2023-05-19
CUST106130,39,Other,Delhi,North,2021-10-10
CUST106131,60,Other,Kolkata,East,2023-12-24
CUST106132,36,Female,Mumbai,South,2020-12-04
CUST106133,25,Other,Chennai,West,2020-07-02
CUST106134,25,Other,Pune,East,2020-02-25
CUST106135,59,Female,Pune,East,2022-09-05
CUST106136,43,Other,Delhi,West,2023-07-29
CUST106137,43,Other,Mumbai,East,2021-07-25
CUST106138,40,Other,Kolkata,East,2023-02-25
CUST106139,60,Other,Kolkata,West,2021-12-17
CUST106140,30,Female,Chennai,South,2022-10-04
CUST106141,45,Male,Kolkata,North,2020-08-03
CUST106142,26,Male,Kolkata,North,2023-01-18
CUST106143,37,Other,Hyderabad,West,2022-08-01
CUST106144,36,Other,Mumbai,West,2020-11-09
CUST106145,56,Male,Mumbai,South,2020-08-20
CUST106146,29,Other,Hyderabad,East,2022-01-14
CUST106147,32,Male,Chennai,South,2021-07-28
CUST106148,48,Female,Pune,East,2022-06-06
CUST106149,31,Female,Delhi,East,2020-09-03
CUST106150,28,Female,Chennai,South,2021-03-17
CUST106151,43,Female,Bangalore,West,2020-05-14
CUST106152,59,Female,Kolkata,West,2022-10-12
CUST106153,44,Female,Hyderabad,South,2022-10-22
CUST106154,28,Male,Delhi,East,2020-06-09
CUST106155,55,Other,Pune,East,2020-05-19
CUST106156,51,Male,Pune,East,2020-10-30
CUST106157,60,Female,Mumbai,East,2024-01-23
CUST106158,36,Other,Bangalore,South,2020-05-04
CUST106159,23,Other,Pune,North,2022-07-25
CUST106160,63,Female,Bangalore,West,2023-10-02
CUST106161,55,Female,Kolkata,West,2023-09-09
CUST106162,59,Female,Mumbai,North,2021-02-10
CUST106163,45,Female,Delhi,East,2024-02-01
CUST106164,18,Female,Mumbai,North,2020-06-12
CUST106165,52,Female,Kolkata,North,2022-05-11
CUST106166,57,Other,Hyderabad,North,2020-08-27
CUST106167,25,Female,Pune,West,2023-05-21
CUST106168,64,Female,Bangalore,West,2020-05-28
CUST106169,24,Other,Hyderabad,North,2021-08-06
CUST106170,28,Male,Kolkata,North,2023-01-31
CUST106171,56,Female,Pune,North,2023-04-21
CUST106172,21,Other,Chennai,East,2021-05-19
CUST106173,42,Other,Bangalore,East,2021-06-08
CUST106174,29,Male,Kolkata,East,2023-11-04
CUST106175,43,Female,Delhi,West,2022-02-13
CUST106176,55,Female,Delhi,South,2022-11-13
CUST106177,63,Female,Pune,North,2021-12-01
CUST106178,29,Other,Pune,North,2023-03-02
CUST106179,60,Female,Delhi,South,2022-10-14
CUST106180,54,Female,Chennai,North,2020-02-19
CUST106181,63,Female,Mumbai,East,2022-08-15
CUST106182,41,Female,Delhi,East,2021-11-25
CUST106183,33,Male,Pune,South,2020-01-26
CUST106184,30,Male,Pune,East,2021-10-11
CUST106185,42,Male,Chennai,South,2020-01-11
CUST106186,21,Female,Delhi,East,2022-03-18
CUST106187,28,Female,Chennai,North,2023-01-30
CUST106188,49,Other,Delhi,West,2020-01-11
CUST106189,24,Other,Mumbai,East,2023-02-09
CUST106190,63,Other,Kolkata,South,2022-02-10
CUST106191,28,Female,Delhi,West,2022-02-08
CUST106192,45,Male,Kolkata,North,2022-08-30
CUST106193,58,Male,Delhi,West,2023-04-05
CUST106194,40,Male,Mumbai,South,2021-02-10
CUST106195,62,Female,Hyderabad,North,2022-12-04
CUST106196,40,Male,Pune,North,2022-04-21
CUST106197,45,Other,Kolkata,East,2021-12-17
CUST106198,60,Other,Chennai,West,2020-12-24
CUST106199,64,Male,Delhi,East,2021-07-07
CUST106200,43,Other,Pune,North,2020-10-11
CUST106201,42,Male,Delhi,East,2021-02-03
CUST106202,46,Male,Chennai,East,2024-01-14
CUST106203,36,Other,Mumbai,South,2024-01-07
CUST106204,50,Other,Bangalore,East,2021-01-22
CUST106205,53,Other,Delhi,North,2023-10-11
CUST106206,31,Other,Hyderabad,East,2022-02-22
CUST106207,31,Male,Chennai,North,2021-02-28
CUST106208,52,Other,Bangalore,North,2022-10-26
CUST106209,47,Other,Delhi,South,2021-03-16
CUST106210,45,Female,Kolkata,North,2020-12-21
CUST106211,34,Other,Pune,North,2022-07-07
CUST106212,20,Other,Pune,South,2022-02-03
CUST106213,33,Male,Chennai,North,2021-07-07
CUST106214,63,Male,Kolkata,South,2020-09-24
CUST106215,47,Female,Mumbai,West,2022-09-18
CUST106216,46,Other,Bangalore,West,2023-05-25
CUST106217,62,Other,Chennai,West,2020-03-04
CUST106218,32,Other,Hyderabad,North,2021-03-17
CUST106219,63,Other,Delhi,East,2021-06-24
CUST106220,42,Other,Pune,South,2023-07-22
CUST106221,55,Other,Delhi,West,2021-04-14
CUST106222,59,Female,Bangalore,South,2023-05-24
CUST106223,64,Other,Kolkata,West,2022-05-27
CUST106224,55,Other,Kolkata,West,2023-05-02
CUST106225,40,Other,Chennai,North,2021-12-12
CUST106226,42,Female,Chennai,South,2020-01-13
CUST106227,59,Other,Kolkata,North,2020-08-09
CUST106228,24,Female,Chennai,South,2023-11-20
CUST106229,39,Male,Kolkata,South,2022-05-30
CUST106230,34,Other,Bangalore,East,2022-04-18
CUST106231,35,Female,Chennai,West,2022-01-21
CUST106232,58,Male,Kolkata,North,2020-09-26
CUST106233,27,Female,Chennai,East,2023-08-14
CUST106234,27,Female,Delhi,South,2022-01-01
CUST106235,24,Male,Pune,West,2022-04-23
CUST106236,55,Other,Delhi,North,2021-09-07
CUST106237,44,Other,Mumbai,East,2023-12-26
CUST106238,50,Female,Kolkata,South,2023-12-02
CUST106239,18,Male,Mumbai,East,2020-03-05
CUST106240,61,Other,Kolkata,South,2022-11-27
CUST106241,51,Female,Pune,South,2020-01-28
CUST106242,21,Male,Chennai,West,2023-08-05
CUST106243,34,Female,Kolkata,North,2020-08-24
CUST106244,21,Male,Delhi,West,2023-02-23
CUST106245,60,Other,Chennai,North,2021-01-18
CUST106246,43,Other,Pune,North,2020-11-21
CUST106247,21,Female,Delhi,South,2020-03-25
CUST106248,18,Other,Chennai,East,2022-01-18
CUST106249,24,Other,Kolkata,North,2020-09-02
CUST106250,47,Male,Kolkata,North,2021-01-22
CUST106251,26,Other,Delhi,North,2022-07-17
CUST106252,52,Male,Bangalore,North,2020-09-22
CUST106253,25,Male,Kolkata,South,2022-01-30
CUST106254,41,Female,Bangalore,West,2022-03-14
CUST106255,36,Male,Chennai,East,2023-05-13
CUST106256,53,Other,Bangalore,South,2020-08-15
CUST106257,60,Male,Delhi,South,2020-08-27
CUST106258,44,Male,Mumbai,South,2023-01-01
CUST106259,49,Female,Mumbai,North,2021-01-22
CUST106260,31,Other,Delhi,East,2021-01-12
CUST106261,35,Other,Hyderabad,South,2020-07-30
CUST106262,45,Other,Mumbai,South,2022-03-05
CUST106263,46,Male,Delhi,South,2021-11-06
CUST106264,33,Other,Kolkata,North,2021-10-10
CUST106265,52,Other,Bangalore,North,2020-06-19
CUST106266,64,Male,Mumbai,South,2023-03-21
CUST106267,48,Female,Kolkata,North,2022-03-19
CUST106268,21,Female,Mumbai,East,2020-04-13
CUST106269,54,Male,Chennai,North,2023-05-30
CUST106270,34,Female,Delhi,South,2023-07-29
CUST106271,56,Female,Delhi,East,2023-11-12
CUST106272,63,Female,Kolkata,North,2021-01-06
CUST106273,43,Other,Hyderabad,South,2020-05-08
CUST106274,56,Female,Chennai,West,2023-11-28
CUST106275,58,Other,Bangalore,West,2020-08-07
CUST106276,21,Female,Chennai,East,2023-04-11
CUST106277,47,Other,Hyderabad,East,2021-04-16
CUST106278,47,Male,Chennai,East,2022-09-14
CUST106279,39,Male,Pune,North,2024-01-16
CUST106280,28,Female,Bangalore,East,2021-08-30
CUST106281,19,Other,Bangalore,North,2022-12-11
CUST106282,61,Male,Chennai,South,2020-04-03
CUST106283,29,Male,Mumbai,North,2022-11-10
CUST106284,47,Male,Pune,North,2020-04-15
CUST106285,53,Male,Mumbai,South,2023-05-08
CUST106286,35,Female,Chennai,West,2023-10-07
CUST106287,43,Other,Mumbai,North,2023-07-28
CUST106288,24,Male,Bangalore,North,2023-07-29
CUST106289,18,Female,Bangalore,South,2021-09-03
CUST106290,43,Male,Mumbai,East,2022-04-28
CUST106291,40,Male,Bangalore,South,2023-06-22
CUST106292,43,Male,Delhi,West,2022-08-05
CUST106293,62,Male,Bangalore,East,2022-05-03
CUST106294,23,Female,Chennai,West,2021-03-04
CUST106295,23,Other,Kolkata,North,2022-11-27
CUST106296,61,Female,Mumbai,West,2023-12-13
CUST106297,25,Female,Pune,West,2020-10-28
CUST106298,41,Female,Hyderabad,South,2021-09-30
CUST106299,39,Male,Mumbai,East,2020-03-11
CUST106300,36,Other,Hyderabad,North,2021-10-07
CUST106301,54,Male,Hyderabad,North,2021-06-08
CUST106302,35,Female,Bangalore,North,2020-06-22
CUST106303,48,Male,Bangalore,East,2020-03-30
CUST106304,54,Other,Kolkata,East,2021-01-02
CUST106305,47,Other,Kolkata,West,2022-03-11
CUST106306,59,Male,Pune,West,2023-05-15
CUST106307,50,Female,Chennai,East,2022-12-21
CUST106308,27,Male,Delhi,North,2020-11-14
CUST106309,54,Female,Chennai,East,2022-04-03
CUST106310,29,Other,Pune,South,2021-07-04
CUST106311,47,Male,Mumbai,East,2020-02-29
CUST106312,44,Other,Bangalore,East,2023-02-02
CUST106313,56,Female,Chennai,North,2023-06-16
CUST106314,26,Female,Hyderabad,West,2024-01-25
CUST106315,38,Male,Bangalore,South,2020-05-06
CUST106316,29,Male,Bangalore,South,2020-03-23
CUST106317,46,Male,Chennai,South,2023-05-28
CUST106318,50,Other,Chennai,East,2023-12-02
CUST106319,60,Female,Hyderabad,North,2022-08-03
CUST106320,32,Female,Hyderabad,East,2021-08-08
CUST106321,19,Other,Kolkata,West,2021-10-08
CUST106322,56,Male,Pune,North,2023-12-24
CUST106323,61,Male,Pune,South,2022-06-08
CUST106324,35,Other,Hyderabad,East,2021-07-27
CUST106325,20,Female,Delhi,North,2021-05-27
CUST106326,24,Female,Hyderabad,East,2023-01-07
CUST106327,60,Female,Kolkata,North,2020-03-05
CUST106328,35,Female,Delhi,South,2020-07-01
CUST106329,61,Other,Chennai,West,2022-12-25
CUST106330,55,Female,Pune,West,2022-04-14
CUST106331,54,Other,Pune,East,2023-05-16
CUST106332,50,Male,Delhi,South,2020-02-23
CUST106333,61,Other,Mumbai,East,2023-05-29
CUST106334,48,Female,Kolkata,East,2020-08-23
CUST106335,28,Male,Kolkata,North,2022-06-07
CUST106336,21,Other,Kolkata,North,2021-09-03
CUST106337,35,Other,Pune,North,2022-08-16
CUST106338,21,Other,Bangalore,South,2021-03-13
CUST106339,51,Male,Pune,South,2022-09-30
CUST106340,46,Other,Bangalore,East,2023-01-31
CUST106341,41,Female,Pune,North,2023-12-30
CUST106342,39,Male,Chennai,South,2021-11-24
CUST106343,19,Male,Pune,East,2022-08-20
CUST106344,61,Other,Chennai,South,2023-12-15
CUST106345,23,Female,Bangalore,East,2023-02-05
CUST106346,59,Male,Kolkata,West,2021-06-07
CUST106347,42,Other,Bangalore,North,2024-01-06
CUST106348,38,Female,Delhi,West,2021-02-07
CUST106349,33,Other,Kolkata,East,2020-12-08
CUST106350,48,Other,Pune,East,2022-03-10
CUST106351,31,Male,Pune,North,2023-09-12
CUST106352,56,Male,Pune,North,2020-08-01
CUST106353,45,Other,Pune,East,2022-10-20
CUST106354,49,Male,Pune,South,2020-11-17
CUST106355,45,Male,Bangalore,North,2023-01-06
CUST106356,26,Female,Hyderabad,East,2022-12-14
CUST106357,62,Female,Chennai,North,2022-02-22
CUST106358,39,Other,Hyderabad,North,2022-05-05
CUST106359,49,Other,Bangalore,West,2022-12-30
CUST106360,22,Other,Mumbai,West,2022-12-27
CUST106361,40,Other,Hyderabad,South,2020-06-28
CUST106362,22,Female,Bangalore,North,2021-01-14
CUST106363,59,Male,Kolkata,East,2022-07-21
CUST106364,49,Female,Pune,East,2021-03-25
CUST106365,27,Other,Bangalore,North,2023-07-08
CUST106366,56,Other,Hyderabad,North,2024-01-10
CUST106367,32,Female,Chennai,South,2020-05-10
CUST106368,24,Female,Hyderabad,South,2023-06-11
CUST106369,46,Other,Pune,South,2022-06-22
CUST106370,64,Male,Hyderabad,East,2023-03-23
CUST106371,20,Other,Delhi,West,2020-11-25
CUST106372,36,Female,Mumbai,South,2021-09-28
CUST106373,27,Other,Kolkata,East,2020-02-22
CUST106374,45,Other,Chennai,South,2021-04-12
CUST106375,46,Male,Mumbai,East,2021-10-01
CUST106376,32,Other,Bangalore,North,2021-02-16
CUST106377,52,Other,Mumbai,East,2022-11-03
CUST106378,23,Other,Pune,North,2021-05-10
CUST106379,29,Female,Pune,East,2021-01-02
CUST106380,64,Female,Delhi,West,2021-06-22
CUST106381,55,Male,Mumbai,East,2021-09-28
CUST106382,30,Other,Hyderabad,North,2024-01-15
CUST106383,46,Female,Mumbai,West,2021-05-29
CUST106384,36,Male,Pune,East,2021-04-25
CUST106385,20,Other,Bangalore,East,2021-02-17
CUST106386,25,Male,Bangalore,South,2020-08-15
CUST106387,25,Male,Kolkata,West,2020-05-16
CUST106388,37,Male,Hyderabad,North,2023-06-17
CUST106389,64,Male,Hyderabad,West,2022-03-01
CUST106390,21,Male,Bangalore,North,2022-04-14
CUST106391,38,Male,Mumbai,South,2021-04-16
CUST106392,20,Male,Delhi,South,2021-06-01
CUST106393,62,Other,Bangalore,North,2024-01-24
CUST106394,25,Other,Hyderabad,North,2020-10-31
CUST106395,40,Male,Hyderabad,North,2021-10-16
CUST106396,33,Other,Pune,South,2020-06-29
CUST106397,30,Male,Pune,West,2020-01-30
CUST106398,20,Other,Kolkata,South,2022-08-29
CUST106399,26,Female,Kolkata,East,2022-02-03
CUST106400,31,Male,Mumbai,South,2020-02-09
CUST106401,30,Female,Bangalore,East,2020-07-05
CUST106402,24,Male,Bangalore,East,2020-11-14
CUST106403,32,Male,Kolkata,South,2023-06-04
CUST106404,24,Female,Bangalore,South,2022-01-01
CUST106405,55,Female,Mumbai,South,2022-06-10
CUST106406,51,Female,Delhi,West,2020-11-19
CUST106407,58,Male,Pune,South,2022-07-31
CUST106408,39,Female,Mumbai,North,2022-12-02
CUST106409,41,Female,Bangalore,South,2021-10-17
CUST106410,54,Other,Mumbai,East,2023-07-25
CUST106411,61,Other,Pune,West,2023-09-04
CUST106412,18,Female,Chennai,West,2020-06-22
CUST106413,27,Female,Hyderabad,East,2021-11-15
CUST106414,60,Female,Pune,West,2022-11-30
CUST106415,33,Female,Hyderabad,West,2021-02-12
CUST106416,63,Other,Pune,North,2023-09-08
CUST106417,25,Male,Chennai,North,2020-06-28
CUST106418,42,Female,Bangalore,West,2022-05-03
CUST106419,29,Female,Bangalore,South,2023-03-28
CUST106420,42,Other,Delhi,West,2020-02-06
CUST106421,34,Female,Pune,North,2021-02-09
CUST106422,43,Female,Mumbai,West,2021-06-22
CUST106423,63,Other,Delhi,South,2021-01-10
CUST106424,31,Female,Bangalore,South,2020-09-12
CUST106425,58,Female,Bangalore,North,2020-10-04
CUST106426,53,Other,Kolkata,West,2020-09-05
CUST106427,40,Male,Delhi,North,2021-11-23
CUST106428,60,Female,Bangalore,East,2022-11-06
CUST106429,23,Female,Chennai,North,2023-10-23
CUST106430,64,Male,Hyderabad,North,2020-05-04
CUST106431,22,Other,Kolkata,North,2023-08-28
CUST106432,60,Male,Mumbai,West,2020-07-30
CUST106433,42,Female,Hyderabad,East,2021-04-16
CUST106434,35,Male,Kolkata,West,2022-01-18
CUST106435,30,Other,Pune,South,2023-12-09
CUST106436,60,Female,Pune,East,2021-05-14
CUST106437,31,Other,Mumbai,North,2022-03-21
CUST106438,45,Other,Chennai,North,2022-06-07
CUST106439,35,Male,Mumbai,North,2023-04-19
CUST106440,45,Male,Delhi,West,2023-11-13
CUST106441,44,Other,Hyderabad,South,2023-04-25
CUST106442,49,Other,Mumbai,East,2024-01-31
CUST106443,64,Female,Mumbai,East,2024-01-20
CUST106444,26,Other,Kolkata,West,2023-03-03
CUST106445,57,Other,Chennai,South,2020-06-23
CUST106446,49,Male,Mumbai,East,2023-07-08
CUST106447,37,Other,Delhi,West,2020-11-12
CUST106448,45,Other,Kolkata,South,2022-09-27
CUST106449,50,Male,Chennai,South,2022-04-03
CUST106450,21,Female,Chennai,East,2022-05-19
CUST106451,63,Male,Bangalore,East,2022-07-19
CUST106452,51,Male,Pune,South,2022-06-05
CUST106453,20,Other,Hyderabad,East,2020-09-25
CUST106454,43,Other,Delhi,West,2021-04-14
CUST106455,25,Female,Pune,South,2020-08-11
CUST106456,23,Other,Kolkata,East,2023-06-29
CUST106457,33,Female,Kolkata,East,2022-12-23
CUST106458,41,Female,Delhi,West,2022-09-01
CUST106459,56,Female,Chennai,East,2022-06-25
CUST106460,47,Female,Mumbai,East,2022-04-09
CUST106461,62,Other,Delhi,East,2024-01-27
CUST106462,30,Male,Kolkata,North,2023-02-21
CUST106463,22,Male,Pune,West,2020-08-25
CUST106464,42,Other,Hyderabad,West,2020-03-15
CUST106465,37,Other,Delhi,North,2024-01-05
CUST106466,35,Female,Chennai,West,2021-05-14
CUST106467,64,Other,Hyderabad,East,2020-09-24
CUST106468,35,Male,Hyderabad,East,2022-09-13
CUST106469,19,Other,Hyderabad,East,2022-12-09
CUST106470,27,Other,Bangalore,West,2022-12-18
CUST106471,62,Female,Hyderabad,West,2024-01-17
CUST106472,64,Female,Bangalore,South,2021-12-23
CUST106473,29,Female,Mumbai,North,2022-12-31
CUST106474,64,Female,Mumbai,West,2020-07-08
CUST106475,30,Male,Hyderabad,South,2022-09-22
CUST106476,64,Other,Chennai,North,2021-07-19
CUST106477,28,Other,Pune,North,2022-09-19
CUST106478,36,Female,Mumbai,East,2022-01-05
CUST106479,52,Male,Bangalore,East,2020-06-04
CUST106480,56,Male,Chennai,South,2021-11-03
CUST106481,43,Other,Hyderabad,South,2023-01-13
CUST106482,63,Female,Chennai,East,2020-03-09
CUST106483,31,Other,Chennai,East,2023-11-09
CUST106484,62,Other,Delhi,North,2021-01-07
CUST106485,61,Male,Pune,North,2020-02-24
CUST106486,41,Male,Hyderabad,West,2020-03-25
CUST106487,58,Other,Pune,East,2022-07-29
CUST106488,18,Female,Mumbai,North,2022-04-20
CUST106489,60,Female,Pune,South,2021-08-14
CUST106490,39,Other,Kolkata,North,2022-01-01
CUST106491,40,Other,Bangalore,East,2021-09-13
CUST106492,36,Female,Mumbai,North,2022-10-05
CUST106493,35,Female,Hyderabad,East,2020-11-12
CUST106494,29,Female,Pune,North,2023-04-02
CUST106495,45,Other,Bangalore,West,2021-09-16
CUST106496,45,Male,Hyderabad,West,2020-09-08
CUST106497,50,Female,Hyderabad,South,2020-05-31
CUST106498,36,Female,Mumbai,South,2023-09-21
CUST106499,45,Female,Kolkata,East,2022-06-28
CUST106500,54,Other,Bangalore,East,2023-10-23
CUST106501,43,Male,Kolkata,East,2022-05-15
CUST106502,52,Male,Bangalore,North,2021-08-22
CUST106503,51,Female,Delhi,North,2022-10-03
CUST106504,52,Other,Hyderabad,North,2022-08-28
CUST106505,57,Male,Delhi,South,2022-10-01
CUST106506,33,Other,Bangalore,East,2023-01-28
CUST106507,55,Male,Bangalore,North,2023-02-17
CUST106508,30,Female,Kolkata,South,2023-11-09
CUST106509,40,Other,Hyderabad,West,2020-10-29
CUST106510,39,Female,Pune,East,2023-03-18
CUST106511,33,Male,Hyderabad,West,2023-05-09
CUST106512,45,Male,Chennai,South,2022-10-23
CUST106513,52,Female,Bangalore,East,2021-02-03
CUST106514,62,Male,Mumbai,North,2020-03-08
CUST106515,63,Female,Mumbai,South,2020-06-02
CUST106516,25,Female,Mumbai,West,2022-10-11
CUST106517,61,Female,Delhi,West,2020-06-30
CUST106518,39,Male,Pune,West,2021-06-08
CUST106519,38,Other,Kolkata,South,2020-07-07
CUST106520,43,Female,Pune,South,2020-01-20
CUST106521,57,Other,Delhi,East,2022-04-30
CUST106522,38,Male,Pune,East,2023-07-30
CUST106523,42,Male,Pune,West,2022-06-16
CUST106524,58,Other,Hyderabad,South,2020-01-10
CUST106525,18,Female,Mumbai,East,2021-11-30
CUST106526,23,Male,Bangalore,South,2021-10-16
CUST106527,40,Female,Mumbai,North,2023-08-19
CUST106528,40,Female,Pune,South,2020-08-28
CUST106529,60,Other,Bangalore,West,2020-05-31
CUST106530,60,Male,Hyderabad,South,2022-02-22
CUST106531,40,Other,Kolkata,West,2023-09-22
CUST106532,49,Male,Chennai,East,2020-07-06
CUST106533,47,Other,Bangalore,East,2021-04-08
CUST106534,30,Male,Delhi,East,2021-12-22
CUST106535,60,Male,Mumbai,North,2023-04-15
CUST106536,35,Male,Hyderabad,West,2022-06-18
CUST106537,40,Female,Hyderabad,North,2021-12-06
CUST106538,32,Female,Mumbai,North,2023-04-15
CUST106539,50,Other,Pune,East,2022-05-30
CUST106540,38,Other,Pune,West,2021-02-18
CUST106541,56,Male,Pune,South,2021-07-31
CUST106542,40,Male,Hyderabad,South,2020-11-05
CUST106543,44,Female,Pune,West,2022-10-22
CUST106544,62,Female,Mumbai,South,2020-11-12
CUST106545,61,Female,Bangalore,East,2022-10-16
CUST106546,35,Other,Kolkata,East,2021-01-02
CUST106547,41,Female,Bangalore,North,2021-07-08
CUST106548,64,Other,Delhi,East,2021-08-27
CUST106549,57,Female,Mumbai,South,2023-06-03
CUST106550,59,Female,Bangalore,North,2022-07-24
CUST106551,24,Male,Mumbai,West,2021-04-24
CUST106552,37,Other,Hyderabad,West,2022-09-07
CUST106553,44,Female,Delhi,North,2022-12-22
CUST106554,23,Male,Hyderabad,East,2023-07-27
CUST106555,44,Other,Chennai,North,2022-07-28
CUST106556,26,Other,Chennai,North,2020-01-14
CUST106557,62,Female,Chennai,East,2020-01-28
CUST106558,48,Other,Mumbai,West,2020-05-21
CUST106559,38,Male,Bangalore,North,2021-08-12
CUST106560,43,Male,Mumbai,West,2021-04-17
CUST106561,57,Other,Hyderabad,South,2023-04-22
CUST106562,62,Male,Kolkata,East,2020-11-12
CUST106563,30,Other,Hyderabad,South,2023-10-16
CUST106564,40,Male,Bangalore,West,2021-03-20
CUST106565,37,Other,Hyderabad,South,2020-10-22
CUST106566,54,Other,Hyderabad,South,2021-02-07
CUST106567,45,Other,Delhi,South,2022-01-21
CUST106568,34,Male,Pune,North,2020-09-19
CUST106569,45,Other,Chennai,North,2022-04-26
CUST106570,58,Other,Bangalore,East,2021-01-11
CUST106571,19,Female,Bangalore,West,2021-08-07
CUST106572,42,Female,Chennai,West,2022-12-27
CUST106573,58,Other,Hyderabad,East,2022-03-09
CUST106574,23,Female,Delhi,West,2021-04-15
CUST106575,28,Other,Mumbai,West,2022-01-01
CUST106576,55,Female,Mumbai,South,2022-08-29
CUST106577,23,Male,Hyderabad,South,2020-02-16
CUST106578,62,Male,Hyderabad,West,2022-08-04
CUST106579,28,Other,Pune,East,2022-12-17
CUST106580,31,Other,Bangalore,East,2020-01-24
CUST106581,19,Male,Chennai,West,2023-08-06
CUST106582,57,Male,Hyderabad,East,2022-04-10
CUST106583,20,Female,Hyderabad,East,2024-01-07
CUST106584,52,Other,Kolkata,South,2021-02-06
CUST106585,50,Male,Delhi,East,2022-11-13
CUST106586,41,Male,Mumbai,North,2022-12-23
CUST106587,36,Other,Delhi,South,2023-06-16
CUST106588,35,Female,Delhi,North,2020-10-09
CUST106589,41,Female,Pune,West,2024-01-05
CUST106590,62,Female,Delhi,East,2023-08-16
CUST106591,52,Female,Chennai,North,2020-04-02
CUST106592,18,Male,Pune,East,2023-10-30
CUST106593,53,Other,Hyderabad,North,2021-11-16
CUST106594,42,Other,Chennai,South,2020-11-05
CUST106595,62,Male,Pune,West,2022-06-06
CUST106596,60,Male,Chennai,North,2023-04-05
CUST106597,51,Male,Pune,South,2020-01-07
CUST106598,42,Other,Pune,West,2022-12-02
CUST106599,33,Other,Bangalore,North,2022-02-26
CUST106600,51,Other,Chennai,North,2023-09-25
CUST106601,46,Female,Bangalore,South,2023-03-22
CUST106602,36,Male,Hyderabad,West,2020-02-12
CUST106603,40,Male,Pune,West,2021-12-25
CUST106604,36,Male,Mumbai,South,2020-07-19
CUST106605,42,Other,Pune,East,2022-06-13
CUST106606,33,Male,Mumbai,South,2021-10-28
CUST106607,26,Male,Mumbai,West,2021-07-01
CUST106608,18,Female,Mumbai,South,2020-08-13
CUST106609,59,Other,Mumbai,East,2021-09-24
CUST106610,36,Male,Chennai,South,2023-09-24
CUST106611,50,Other,Kolkata,South,2023-09-20
CUST106612,51,Other,Chennai,North,2023-04-19
CUST106613,33,Other,Hyderabad,East,2022-08-03
CUST106614,61,Female,Kolkata,West,2023-07-19
CUST106615,57,Other,Chennai,East,2020-07-12
CUST106616,35,Other,Hyderabad,West,2021-06-21
CUST106617,51,Other,Mumbai,West,2021-04-25
CUST106618,42,Male,Delhi,North,2023-01-26
CUST106619,62,Female,Pune,East,2021-03-05
CUST106620,23,Male,Kolkata,North,2023-09-12
CUST106621,38,Female,Delhi,South,2022-08-02
CUST106622,23,Female,Mumbai,East,2022-06-29
CUST106623,49,Other,Kolkata,South,2021-07-31
CUST106624,58,Other,Delhi,East,2023-12-10
CUST106625,60,Male,Chennai,West,2020-04-20
CUST106626,56,Female,Hyderabad,South,2020-07-30
CUST106627,48,Other,Mumbai,East,2022-04-30
CUST106628,59,Other,Chennai,East,2022-05-27
CUST106629,27,Other,Chennai,South,2022-09-13
CUST106630,47,Other,Mumbai,North,2022-09-22
CUST106631,35,Male,Kolkata,East,2021-07-24
CUST106632,41,Male,Pune,North,2022-11-19
CUST106633,26,Other,Bangalore,North,2023-07-14
CUST106634,48,Other,Bangalore,North,2021-10-27
CUST106635,32,Other,Pune,North,2020-12-15
CUST106636,21,Other,Mumbai,North,2022-07-18
CUST106637,57,Other,Bangalore,West,2021-11-11
CUST106638,26,Female,Pune,North,2023-05-22
CUST106639,62,Female,Delhi,West,2020-09-07
CUST106640,26,Female,Pune,East,2020-11-14
CUST106641,43,Female,Kolkata,West,2023-04-21
CUST106642,21,Other,Hyderabad,West,2022-06-03
CUST106643,34,Female,Pune,North,2020-07-07
CUST106644,33,Female,Chennai,East,2021-12-25
CUST106645,32,Male,Chennai,East,2023-02-24
CUST106646,52,Female,Hyderabad,East,2023-08-12
CUST106647,22,Female,Mumbai,South,2022-11-12
CUST106648,22,Other,Chennai,West,2020-03-19
CUST106649,37,Female,Delhi,North,2021-06-29
CUST106650,32,Female,Pune,South,2024-02-02
CUST106651,35,Other,Hyderabad,North,2022-07-12
CUST106652,64,Female,Delhi,South,2021-09-10
CUST106653,19,Other,Mumbai,East,2020-10-31
CUST106654,46,Female,Chennai,South,2024-01-11
CUST106655,30,Male,Hyderabad,East,2020-07-17
CUST106656,21,Male,Bangalore,South,2023-04-29
CUST106657,59,Female,Pune,North,2023-06-09
CUST106658,62,Male,Bangalore,North,2021-07-07
CUST106659,27,Other,Kolkata,South,2022-11-13
CUST106660,48,Female,Mumbai,West,2024-01-24
CUST106661,58,Other,Kolkata,West,2020-07-01
CUST106662,25,Male,Bangalore,South,2023-12-27
CUST106663,20,Other,Bangalore,West,2021-08-29
CUST106664,63,Male,Bangalore,North,2020-03-23
CUST106665,26,Male,Kolkata,West,2020-04-02
CUST106666,47,Male,Hyderabad,South,2023-07-25
CUST106667,28,Other,Mumbai,West,2021-09-08
CUST106668,52,Male,Pune,South,2023-01-13
CUST106669,54,Female,Hyderabad,North,2021-07-26
CUST106670,59,Male,Pune,East,2023-05-16
CUST106671,30,Female,Delhi,North,2021-08-03
CUST106672,53,Female,Delhi,North,2022-09-27
CUST106673,30,Female,Bangalore,South,2024-01-07
CUST106674,29,Female,Mumbai,North,2022-02-12
CUST106675,54,Other,Mumbai,North,2022-05-02
CUST106676,27,Female,Chennai,West,2023-10-25
CUST106677,26,Male,Chennai,South,2021-10-12
CUST106678,24,Female,Hyderabad,West,2022-03-02
CUST106679,19,Male,Kolkata,South,2021-04-20
CUST106680,40,Other,Chennai,West,2021-05-18
CUST106681,56,Female,Hyderabad,West,2020-08-18
CUST106682,57,Male,Pune,East,2022-05-27
CUST106683,56,Other,Pune,North,2023-10-15
CUST106684,38,Other,Hyderabad,West,2022-11-08
CUST106685,40,Male,Kolkata,East,2021-11-20
CUST106686,46,Female,Delhi,West,2020-07-27
CUST106687,31,Other,Bangalore,West,2020-05-10
CUST106688,43,Male,Mumbai,East,2022-01-12
CUST106689,22,Female,Delhi,East,2021-01-18
CUST106690,48,Other,Hyderabad,East,2023-01-20
CUST106691,42,Male,Pune,North,2020-12-27
CUST106692,48,Other,Delhi,North,2022-01-30
CUST106693,37,Other,Kolkata,West,2023-02-21
CUST106694,61,Male,Bangalore,North,2022-07-31
CUST106695,34,Other,Pune,East,2021-10-09
CUST106696,62,Male,Kolkata,South,2023-07-20
CUST106697,19,Female,Hyderabad,North,2020-12-20
CUST106698,42,Male,Delhi,East,2020-04-09
CUST106699,30,Female,Mumbai,East,2021-12-31
CUST106700,56,Other,Chennai,East,2020-10-27
CUST106701,45,Male,Kolkata,East,2021-08-31
CUST106702,59,Male,Pune,West,2022-05-31
CUST106703,23,Male,Delhi,East,2020-07-21
CUST106704,20,Male,Chennai,East,2022-11-10
CUST106705,52,Female,Chennai,West,2023-05-06
CUST106706,35,Female,Delhi,North,2020-04-21
CUST106707,28,Other,Bangalore,South,2023-03-18
CUST106708,37,Other,Delhi,West,2021-01-15
CUST106709,22,Other,Pune,West,2022-01-24
CUST106710,36,Other,Hyderabad,North,2022-08-11
CUST106711,39,Male,Mumbai,North,2023-04-21
CUST106712,36,Female,Pune,East,2022-03-06
CUST106713,64,Female,Hyderabad,North,2020-12-02
CUST106714,33,Female,Chennai,South,2023-09-23
CUST106715,41,Female,Mumbai,West,2023-08-16
CUST106716,58,Other,Kolkata,South,2020-08-09
CUST106717,21,Male,Chennai,East,2022-10-08
CUST106718,32,Female,Bangalore,South,2022-01-29
CUST106719,42,Male,Delhi,East,2023-12-03
CUST106720,61,Male,Kolkata,South,2021-11-19
CUST106721,52,Male,Pune,West,2020-04-27
CUST106722,31,Male,Mumbai,South,2020-06-22
CUST106723,36,Female,Kolkata,North,2023-05-27
CUST106724,55,Female,Bangalore,South,2023-10-31
CUST106725,53,Female,Delhi,West,2020-11-14
CUST106726,24,Other,Kolkata,East,2023-01-16
CUST106727,47,Female,Pune,South,2023-01-06
CUST106728,36,Other,Mumbai,South,2021-03-16
CUST106729,42,Other,Kolkata,North,2023-05-09
CUST106730,33,Other,Delhi,East,2021-02-18
CUST106731,64,Female,Pune,East,2022-10-24
CUST106732,57,Female,Kolkata,East,2022-08-07
CUST106733,25,Female,Mumbai,West,2020-03-23
CUST106734,35,Other,Delhi,West,2022-09-15
CUST106735,45,Other,Bangalore,North,2021-05-07
CUST106736,33,Male,Bangalore,South,2020-01-06
CUST106737,36,Other,Chennai,West,2021-12-05
CUST106738,59,Other,Kolkata,East,2020-12-12
CUST106739,34,Female,Mumbai,South,2021-06-17
CUST106740,62,Male,Kolkata,South,2021-10-18
CUST106741,30,Male,Delhi,South,2022-08-12
CUST106742,24,Male,Chennai,North,2021-03-26
CUST106743,44,Female,Mumbai,West,2023-03-14
CUST106744,27,Male,Kolkata,West,2022-10-22
CUST106745,51,Male,Mumbai,South,2023-08-04
CUST106746,53,Female,Delhi,North,2022-07-06
CUST106747,42,Male,Chennai,North,2023-06-02
CUST106748,23,Other,Mumbai,West,2022-08-11
CUST106749,41,Other,Delhi,West,2023-12-31
CUST106750,35,Other,Bangalore,North,2020-08-01
CUST106751,40,Other,Mumbai,East,2022-06-18
CUST106752,23,Other,Chennai,North,2023-04-04
CUST106753,46,Other,Hyderabad,East,2021-01-07
CUST106754,42,Other,Pune,West,2021-10-14
CUST106755,34,Other,Pune,North,2021-05-21
CUST106756,63,Other,Mumbai,North,2022-09-09
CUST106757,41,Female,Mumbai,North,2021-07-29
CUST106758,28,Female,Delhi,North,2020-11-28
CUST106759,43,Other,Kolkata,South,2020-07-30
CUST106760,51,Female,Pune,South,2020-10-15
CUST106761,45,Female,Kolkata,West,2021-09-01
CUST106762,20,Other,Pune,West,2020-06-14
CUST106763,28,Other,Mumbai,North,2020-05-05
CUST106764,55,Female,Chennai,South,2023-03-26
CUST106765,31,Other,Chennai,West,2022-11-21
CUST106766,43,Other,Hyderabad,East,2020-09-30
CUST106767,38,Other,Pune,South,2023-08-17
CUST106768,56,Other,Pune,South,2022-11-10
CUST106769,47,Female,Delhi,South,2021-09-06
CUST106770,25,Male,Mumbai,North,2020-10-02
CUST106771,37,Female,Mumbai,East,2022-10-27
CUST106772,49,Male,Hyderabad,North,2022-10-12
CUST106773,39,Male,Kolkata,West,2024-01-18
CUST106774,24,Male,Delhi,East,2023-02-27
CUST106775,26,Female,Bangalore,North,2023-08-15
CUST106776,62,Female,Chennai,South,2020-04-06
CUST106777,18,Female,Chennai,East,2020-10-03
CUST106778,46,Female,Mumbai,South,2023-08-01
CUST106779,25,Female,Hyderabad,West,2022-03-10
CUST106780,21,Male,Delhi,East,2023-04-11
CUST106781,52,Female,Bangalore,West,2020-11-27
CUST106782,20,Male,Chennai,West,2020-07-23
CUST106783,62,Female,Delhi,West,2020-04-12
CUST106784,57,Female,Bangalore,East,2022-09-30
CUST106785,24,Other,Pune,West,2022-08-12
CUST106786,44,Male,Mumbai,North,2020-12-25
CUST106787,18,Female,Kolkata,North,2023-02-28
CUST106788,44,Female,Chennai,West,2020-02-08
CUST106789,33,Female,Chennai,South,2020-11-02
CUST106790,55,Other,Bangalore,West,2022-06-02
CUST106791,24,Male,Kolkata,West,2021-06-03
CUST106792,61,Female,Pune,South,2022-05-27
CUST106793,40,Female,Delhi,East,2020-02-15
CUST106794,58,Female,Mumbai,East,2020-07-12
CUST106795,28,Other,Delhi,West,2023-04-07
CUST106796,59,Female,Bangalore,North,2023-02-19
CUST106797,50,Male,Chennai,North,2020-09-05
CUST106798,53,Male,Pune,North,2022-10-09
CUST106799,54,Male,Chennai,West,2020-07-25
CUST106800,58,Male,Delhi,North,2020-04-24
CUST106801,34,Female,Pune,North,2020-08-26
CUST106802,52,Other,Hyderabad,East,2021-07-19
CUST106803,22,Other,Mumbai,West,2023-01-04
CUST106804,49,Other,Bangalore,East,2023-04-07
CUST106805,20,Female,Mumbai,South,2022-12-07
CUST106806,64,Other,Bangalore,East,2022-01-05
CUST106807,52,Male,Mumbai,West,2022-12-29
CUST106808,31,Female,Hyderabad,North,2021-05-22
CUST106809,48,Other,Delhi,West,2020-06-03
CUST106810,48,Male,Kolkata,East,2021-04-05
CUST106811,34,Male,Pune,West,2023-10-28
CUST106812,41,Female,Bangalore,West,2022-03-01
CUST106813,40,Female,Delhi,East,2023-05-10
CUST106814,35,Other,Chennai,East,2021-10-15
CUST106815,31,Other,Chennai,South,2020-11-12
CUST106816,32,Other,Mumbai,South,2021-03-26
CUST106817,32,Female,Chennai,East,2021-07-30
CUST106818,23,Other,Kolkata,West,2023-01-24
CUST106819,44,Other,Bangalore,East,2021-05-10
CUST106820,32,Male,Mumbai,North,2020-12-27
CUST106821,53,Male,Bangalore,South,2021-04-01
CUST106822,25,Male,Bangalore,North,2023-04-16
CUST106823,32,Other,Hyderabad,West,2020-05-08
CUST106824,20,Female,Delhi,North,2022-11-28
CUST106825,64,Male,Chennai,East,2024-01-21
CUST106826,30,Female,Pune,East,2022-03-22
CUST106827,58,Other,Bangalore,East,2022-05-22
CUST106828,51,Other,Kolkata,North,2020-12-15
CUST106829,41,Male,Hyderabad,North,2021-10-06
CUST106830,57,Female,Kolkata,North,2021-03-27
CUST106831,49,Male,Pune,East,2023-11-04
CUST106832,49,Other,Chennai,East,2020-04-18
CUST106833,47,Female,Chennai,East,2023-05-16
CUST106834,30,Male,Mumbai,North,2021-07-30
CUST106835,18,Other,Mumbai,North,2020-08-28
CUST106836,51,Male,Mumbai,West,2021-08-13
CUST106837,32,Female,Chennai,South,2023-01-16
CUST106838,61,Female,Bangalore,East,2023-11-23
CUST106839,31,Female,Delhi,North,2023-07-09
CUST106840,46,Female,Pune,South,2021-07-31
CUST106841,51,Female,Hyderabad,North,2020-11-20
CUST106842,35,Male,Pune,North,2021-01-05
CUST106843,24,Male,Pune,East,2020-04-14
CUST106844,46,Male,Mumbai,South,2020-04-07
CUST106845,48,Male,Delhi,North,2020-04-05
CUST106846,42,Other,Kolkata,South,2024-02-04
CUST106847,55,Other,Chennai,South,2020-02-15
CUST106848,31,Male,Kolkata,East,2022-06-08
CUST106849,25,Other,Mumbai,South,2020-01-31
CUST106850,44,Other,Bangalore,West,2021-02-11
CUST106851,19,Female,Hyderabad,West,2023-10-30
CUST106852,34,Male,Hyderabad,East,2023-11-06
CUST106853,54,Other,Mumbai,East,2021-12-16
CUST106854,31,Other,Delhi,West,2021-10-05
CUST106855,42,Male,Hyderabad,East,2021-11-28
CUST106856,47,Female,Mumbai,South,2022-08-30
CUST106857,46,Male,Pune,North,2021-12-01
CUST106858,37,Female,Bangalore,East,2022-05-25
CUST106859,38,Other,Bangalore,West,2022-06-24
CUST106860,39,Female,Chennai,North,2022-03-19
CUST106861,52,Female,Chennai,South,2023-08-25
CUST106862,54,Male,Pune,North,2021-08-21
CUST106863,33,Other,Bangalore,West,2022-08-24
CUST106864,60,Male,Pune,North,2021-09-24
CUST106865,34,Male,Bangalore,West,2020-05-14
CUST106866,33,Other,Delhi,East,2020-11-23
CUST106867,19,Male,Mumbai,East,2020-07-17
CUST106868,21,Male,Chennai,West,2021-11-13
CUST106869,38,Female,Delhi,East,2023-07-07
CUST106870,56,Male,Hyderabad,South,2020-05-03
CUST106871,51,Other,Mumbai,North,2022-01-23
CUST106872,47,Male,Chennai,West,2021-01-16
CUST106873,23,Female,Hyderabad,West,2021-07-24
CUST106874,34,Male,Pune,West,2023-02-06
CUST106875,56,Male,Hyderabad,South,2022-11-30
CUST106876,42,Male,Delhi,South,2024-01-08
CUST106877,22,Female,Kolkata,South,2022-03-08
CUST106878,22,Other,Hyderabad,West,2022-06-09
CUST106879,37,Other,Kolkata,South,2023-03-15
CUST106880,33,Female,Chennai,East,2020-06-24
CUST106881,58,Female,Delhi,North,2023-07-26
CUST106882,54,Male,Hyderabad,East,2021-01-14
CUST106883,57,Other,Mumbai,East,2020-06-13
CUST106884,26,Female,Hyderabad,South,2022-02-02
CUST106885,22,Other,Mumbai,West,2021-09-06
CUST106886,59,Male,Delhi,East,2023-10-16
CUST106887,19,Female,Kolkata,North,2020-06-21
CUST106888,26,Other,Delhi,South,2022-02-01
CUST106889,60,Other,Kolkata,East,2023-04-15
CUST106890,53,Male,Kolkata,South,2022-12-08
CUST106891,39,Female,Pune,North,2023-02-08
CUST106892,39,Other,Pune,South,2023-05-18
CUST106893,39,Male,Mumbai,West,2021-09-10
CUST106894,51,Other,Chennai,East,2021-10-26
CUST106895,46,Male,Bangalore,East,2022-05-08
CUST106896,55,Other,Delhi,West,2023-03-24
CUST106897,63,Other,Kolkata,North,2023-07-20
CUST106898,50,Male,Delhi,North,2021-07-09
CUST106899,35,Female,Chennai,South,2021-09-28
CUST106900,24,Male,Chennai,East,2024-01-18
CUST106901,18,Female,Bangalore,North,2023-09-01
CUST106902,50,Other,Hyderabad,West,2020-08-02
CUST106903,18,Other,Bangalore,West,2023-09-15
CUST106904,41,Male,Kolkata,West,2020-05-23
CUST106905,21,Male,Pune,North,2021-09-10
CUST106906,21,Female,Hyderabad,West,2022-10-04
CUST106907,35,Female,Bangalore,East,2020-12-19
CUST106908,44,Female,Pune,North,2020-10-07
CUST106909,60,Male,Hyderabad,North,2023-09-07
CUST106910,49,Other,Pune,East,2023-08-22
CUST106911,50,Male,Kolkata,West,2022-04-16
CUST106912,45,Other,Mumbai,North,2021-01-24
CUST106913,59,Male,Pune,East,2022-12-23
CUST106914,58,Male,Kolkata,East,2020-09-21
CUST106915,53,Female,Bangalore,South,2020-01-06
CUST106916,23,Other,Delhi,West,2022-07-01
CUST106917,33,Male,Bangalore,West,2020-06-16
CUST106918,51,Male,Chennai,East,2020-12-20
CUST106919,40,Other,Bangalore,North,2020-06-21
CUST106920,59,Male,Mumbai,South,2022-04-29
CUST106921,41,Other,Kolkata,South,2020-04-28
CUST106922,30,Female,Pune,North,2023-06-03
CUST106923,35,Female,Chennai,South,2020-06-22
CUST106924,30,Other,Kolkata,North,2022-08-16
CUST106925,54,Female,Kolkata,South,2020-05-08
CUST106926,60,Other,Pune,North,2020-07-05
CUST106927,56,Male,Hyderabad,East,2022-12-22
CUST106928,59,Male,Bangalore,East,2022-06-11
CUST106929,34,Other,Delhi,South,2023-07-21
CUST106930,32,Male,Hyderabad,South,2021-08-20
CUST106931,35,Female,Chennai,East,2020-07-28
CUST106932,40,Male,Pune,West,2022-10-05
CUST106933,47,Male,Mumbai,North,2023-05-01
CUST106934,51,Other,Mumbai,West,2022-01-19
CUST106935,21,Female,Delhi,South,2021-06-15
CUST106936,20,Male,Delhi,East,2022-08-09
CUST106937,24,Male,Bangalore,South,2023-04-20
CUST106938,35,Other,Mumbai,West,2021-07-13
CUST106939,59,Other,Chennai,East,2020-08-15
CUST106940,24,Female,Pune,East,2021-07-19
CUST106941,57,Male,Delhi,East,2021-09-05
CUST106942,23,Other,Delhi,North,2020-03-29
CUST106943,39,Other,Delhi,South,2023-03-13
CUST106944,18,Other,Pune,West,2022-03-25
CUST106945,21,Female,Chennai,North,2020-09-06
CUST106946,63,Other,Mumbai,West,2020-08-12
CUST106947,60,Female,Hyderabad,North,2022-06-21
CUST106948,46,Female,Chennai,East,2022-08-28
CUST106949,38,Male,Pune,North,2021-11-03
CUST106950,43,Male,Chennai,South,2020-06-16
CUST106951,31,Female,Bangalore,South,2020-04-19
CUST106952,26,Male,Hyderabad,West,2023-04-11
CUST106953,64,Male,Pune,East,2020-10-23
CUST106954,29,Other,Hyderabad,East,2020-08-30
CUST106955,59,Male,Hyderabad,West,2020-07-27
CUST106956,23,Female,Delhi,South,2023-06-20
CUST106957,37,Male,Mumbai,South,2023-07-01
CUST106958,41,Other,Hyderabad,West,2023-01-10
CUST106959,44,Female,Bangalore,East,2023-12-28
CUST106960,55,Male,Bangalore,West,2024-02-07
CUST106961,25,Female,Pune,West,2022-10-24
CUST106962,18,Male,Kolkata,North,2023-05-02
CUST106963,41,Other,Delhi,West,2022-12-15
CUST106964,64,Male,Mumbai,South,2020-09-17
CUST106965,24,Female,Mumbai,West,2021-01-14
CUST106966,36,Female,Mumbai,East,2020-04-05
CUST106967,39,Female,Pune,East,2023-09-21
CUST106968,52,Male,Delhi,South,2022-02-07
CUST106969,47,Male,Hyderabad,East,2023-09-14
CUST106970,46,Male,Hyderabad,West,2022-04-08
CUST106971,39,Other,Pune,South,2022-07-14
CUST106972,28,Other,Mumbai,East,2023-02-22
CUST106973,37,Other,Hyderabad,West,2021-09-11
CUST106974,46,Female,Chennai,East,2020-09-16
CUST106975,58,Female,Chennai,North,2022-04-10
CUST106976,59,Female,Delhi,East,2021-07-03
CUST106977,51,Female,Mumbai,South,2021-11-30
CUST106978,18,Female,Pune,West,2021-12-09
CUST106979,48,Male,Kolkata,West,2022-10-28
CUST106980,47,Female,Kolkata,South,2021-07-16
CUST106981,35,Male,Kolkata,North,2021-01-07
CUST106982,34,Other,Chennai,West,2020-08-09
CUST106983,55,Other,Pune,South,2021-06-14
CUST106984,31,Other,Kolkata,East,2020-12-15
CUST106985,40,Other,Mumbai,North,2020-01-31
CUST106986,42,Other,Mumbai,South,2023-10-13
CUST106987,32,Female,Kolkata,East,2020-01-22
CUST106988,63,Female,Bangalore,West,2023-08-05
CUST106989,39,Female,Kolkata,West,2022-01-23
CUST106990,20,Other,Bangalore,North,2020-08-01
CUST106991,36,Other,Delhi,East,2021-12-12
CUST106992,61,Male,Delhi,South,2023-04-03
CUST106993,51,Female,Mumbai,West,2020-05-19
CUST106994,52,Other,Pune,South,2023-10-25
CUST106995,18,Other,Chennai,South,2022-08-22
CUST106996,38,Other,Pune,South,2023-09-05
CUST106997,46,Male,Mumbai,North,2021-02-12
CUST106998,23,Other,Mumbai,South,2021-03-13
CUST106999,54,Male,Pune,North,2022-03-07
CUST107000,18,Male,Chennai,North,2020-01-13
CUST107001,18,Female,Mumbai,East,2021-05-15
CUST107002,44,Other,Hyderabad,West,2022-11-15
CUST107003,38,Male,Hyderabad,South,2021-06-17
CUST107004,33,Other,Chennai,East,2022-05-10
CUST107005,61,Female,Mumbai,East,2020-03-16
CUST107006,57,Female,Hyderabad,East,2020-12-31
CUST107007,43,Male,Delhi,East,2023-01-20
CUST107008,33,Female,Bangalore,East,2022-04-20
CUST107009,45,Female,Mumbai,South,2022-06-05
CUST107010,18,Female,Bangalore,East,2023-07-13
CUST107011,53,Other,Kolkata,West,2021-05-13
CUST107012,27,Other,Hyderabad,North,2023-04-08
CUST107013,60,Male,Mumbai,North,2023-10-01
CUST107014,34,Male,Delhi,West,2023-06-05
CUST107015,40,Female,Chennai,South,2021-11-29
CUST107016,24,Female,Delhi,North,2021-11-10
CUST107017,61,Male,Bangalore,West,2020-07-21
CUST107018,24,Female,Chennai,West,2021-03-21
CUST107019,61,Male,Delhi,East,2021-06-01
CUST107020,32,Other,Delhi,North,2020-05-11
CUST107021,51,Female,Delhi,East,2023-06-22
CUST107022,63,Female,Pune,South,2020-03-31
CUST107023,62,Female,Chennai,North,2023-02-23
CUST107024,21,Other,Delhi,North,2021-04-16
CUST107025,31,Other,Hyderabad,West,2023-06-19
CUST107026,31,Female,Hyderabad,North,2021-05-16
CUST107027,33,Male,Delhi,South,2022-01-30
CUST107028,24,Other,Bangalore,South,2021-01-21
CUST107029,49,Female,Delhi,North,2022-10-27
CUST107030,36,Female,Hyderabad,West,2023-01-16
CUST107031,19,Other,Delhi,South,2021-08-20
CUST107032,27,Male,Kolkata,East,2022-06-26
CUST107033,34,Female,Chennai,South,2022-05-16
CUST107034,54,Male,Kolkata,North,2023-03-14
CUST107035,29,Male,Pune,East,2024-01-14
CUST107036,23,Other,Bangalore,North,2023-09-16
CUST107037,39,Female,Kolkata,North,2023-04-02
CUST107038,49,Female,Pune,North,2021-10-18
CUST107039,58,Male,Mumbai,West,2020-12-07
CUST107040,37,Other,Chennai,West,2022-10-21
CUST107041,18,Other,Delhi,South,2023-02-17
CUST107042,64,Other,Kolkata,North,2021-04-08
CUST107043,23,Male,Kolkata,East,2021-04-06
CUST107044,36,Male,Delhi,East,2022-12-08
CUST107045,35,Female,Delhi,East,2022-03-29
CUST107046,23,Other,Bangalore,West,2023-09-12
CUST107047,62,Male,Kolkata,West,2021-04-18
CUST107048,50,Other,Kolkata,North,2022-06-06
CUST107049,40,Male,Hyderabad,East,2022-07-27
CUST107050,40,Female,Mumbai,East,2021-01-02
CUST107051,43,Other,Hyderabad,West,2023-08-03
CUST107052,30,Male,Pune,West,2022-11-13
CUST107053,24,Other,Mumbai,East,2021-12-23
CUST107054,32,Male,Hyderabad,East,2020-10-19
CUST107055,61,Male,Kolkata,South,2024-01-12
CUST107056,44,Male,Mumbai,West,2022-12-22
CUST107057,43,Other,Kolkata,North,2021-07-21
CUST107058,50,Male,Chennai,North,2024-01-21
CUST107059,32,Female,Bangalore,East,2022-05-23
CUST107060,53,Other,Mumbai,West,2022-08-18
CUST107061,62,Female,Kolkata,North,2023-12-07
CUST107062,44,Female,Mumbai,West,2021-08-11
CUST107063,22,Other,Pune,East,2020-09-16
CUST107064,19,Male,Bangalore,East,2022-06-26
CUST107065,50,Female,Chennai,East,2020-07-02
CUST107066,33,Other,Delhi,West,2022-12-07
CUST107067,40,Male,Delhi,North,2020-05-26
CUST107068,55,Other,Mumbai,South,2021-08-14
CUST107069,33,Other,Kolkata,North,2023-12-03
CUST107070,31,Other,Pune,West,2022-10-14
CUST107071,46,Male,Bangalore,North,2021-03-15
CUST107072,43,Female,Chennai,South,2024-01-21
CUST107073,52,Female,Chennai,North,2020-08-16
CUST107074,32,Other,Hyderabad,South,2023-07-31
CUST107075,20,Other,Chennai,West,2022-01-01
CUST107076,40,Male,Delhi,East,2023-09-30
CUST107077,46,Other,Bangalore,South,2022-08-04
CUST107078,51,Other,Hyderabad,West,2023-07-11
CUST107079,50,Other,Delhi,East,2022-01-09
CUST107080,58,Female,Mumbai,South,2021-01-12
CUST107081,58,Other,Chennai,East,2023-01-31
CUST107082,40,Female,Bangalore,North,2022-08-11
CUST107083,24,Male,Chennai,West,2021-08-22
CUST107084,20,Male,Delhi,West,2020-01-23
CUST107085,49,Female,Delhi,West,2020-10-19
CUST107086,48,Female,Delhi,West,2023-07-14
CUST107087,35,Female,Chennai,South,2021-04-20
CUST107088,60,Female,Bangalore,North,2022-08-09
CUST107089,24,Other,Bangalore,East,2021-03-26
CUST107090,58,Female,Mumbai,West,2022-06-16
CUST107091,18,Female,Chennai,West,2020-10-11
CUST107092,31,Female,Mumbai,South,2023-08-29
CUST107093,49,Other,Pune,South,2023-03-31
CUST107094,23,Other,Mumbai,South,2021-08-12
CUST107095,56,Other,Mumbai,North,2020-05-01
CUST107096,27,Male,Mumbai,East,2023-02-09
CUST107097,24,Other,Delhi,North,2023-06-16
CUST107098,43,Female,Pune,West,2023-05-18
CUST107099,51,Other,Hyderabad,South,2023-10-04
CUST107100,47,Other,Mumbai,West,2021-05-25
CUST107101,53,Female,Bangalore,East,2020-01-02
CUST107102,38,Other,Mumbai,East,2022-06-10
CUST107103,34,Male,Delhi,North,2022-03-09
CUST107104,50,Other,Kolkata,North,2021-09-20
CUST107105,27,Male,Hyderabad,South,2021-04-05
CUST107106,64,Male,Pune,South,2022-08-09
CUST107107,59,Male,Kolkata,West,2022-08-29
CUST107108,29,Female,Kolkata,South,2023-06-18
CUST107109,33,Other,Pune,South,2022-09-08
CUST107110,58,Male,Chennai,West,2022-03-24
CUST107111,49,Male,Hyderabad,East,2020-02-23
CUST107112,32,Other,Hyderabad,South,2024-01-30
CUST107113,44,Female,Bangalore,South,2020-04-18
CUST107114,45,Female,Delhi,West,2020-10-06
CUST107115,34,Male,Pune,West,2022-12-16
CUST107116,63,Female,Kolkata,West,2022-04-19
CUST107117,19,Other,Delhi,West,2022-04-16
CUST107118,53,Female,Delhi,West,2023-05-22
CUST107119,24,Other,Chennai,South,2022-11-17
CUST107120,30,Male,Kolkata,North,2020-07-22
CUST107121,32,Other,Mumbai,North,2021-06-28
CUST107122,42,Male,Delhi,North,2020-11-04
CUST107123,40,Other,Kolkata,South,2021-06-11
CUST107124,39,Other,Hyderabad,East,2023-09-28
CUST107125,43,Female,Delhi,South,2022-10-05
CUST107126,50,Other,Chennai,North,2023-05-26
CUST107127,28,Male,Chennai,North,2021-09-08
CUST107128,27,Other,Mumbai,West,2023-01-15
CUST107129,42,Male,Chennai,West,2020-01-31
CUST107130,54,Male,Kolkata,West,2020-04-09
CUST107131,60,Other,Pune,South,2021-10-28
CUST107132,55,Female,Chennai,East,2022-03-14
CUST107133,58,Other,Pune,East,2023-08-31
CUST107134,62,Other,Mumbai,West,2021-05-09
CUST107135,41,Female,Hyderabad,East,2021-04-15
CUST107136,57,Male,Bangalore,North,2022-01-11
CUST107137,63,Other,Delhi,North,2022-01-03
CUST107138,50,Female,Delhi,West,2022-09-24
CUST107139,34,Female,Kolkata,West,2020-11-26
CUST107140,41,Male,Mumbai,West,2023-05-02
CUST107141,54,Female,Mumbai,East,2023-04-29
CUST107142,19,Male,Mumbai,South,2020-09-08
CUST107143,49,Other,Delhi,West,2022-10-21
CUST107144,41,Female,Chennai,East,2024-01-22
CUST107145,26,Other,Delhi,West,2023-01-18
CUST107146,21,Female,Delhi,South,2021-06-01
CUST107147,34,Female,Delhi,West,2023-02-13
CUST107148,34,Other,Hyderabad,North,2020-03-13
CUST107149,47,Female,Hyderabad,West,2020-06-04
CUST107150,57,Other,Chennai,North,2021-12-23
CUST107151,28,Other,Bangalore,North,2020-03-09
CUST107152,38,Male,Kolkata,East,2021-04-15
CUST107153,38,Other,Bangalore,East,2021-05-06
CUST107154,35,Male,Bangalore,North,2020-10-26
CUST107155,46,Other,Delhi,North,2023-03-13
CUST107156,41,Female,Bangalore,West,2023-05-14
CUST107157,27,Other,Delhi,West,2022-07-06
CUST107158,62,Female,Delhi,North,2021-12-13
CUST107159,34,Male,Kolkata,East,2022-01-20
CUST107160,35,Female,Mumbai,West,2021-02-10
CUST107161,59,Other,Delhi,West,2022-07-27
CUST107162,37,Female,Hyderabad,West,2021-08-02
CUST107163,54,Male,Bangalore,East,2023-08-13
CUST107164,62,Female,Kolkata,North,2021-08-04
CUST107165,35,Female,Pune,West,2022-03-09
CUST107166,34,Other,Pune,East,2021-06-12
CUST107167,26,Other,Pune,East,2020-05-16
CUST107168,31,Female,Bangalore,East,2020-08-06
CUST107169,46,Male,Mumbai,East,2021-06-01
CUST107170,48,Female,Chennai,West,2024-01-11
CUST107171,21,Male,Mumbai,North,2020-05-11
CUST107172,35,Male,Kolkata,North,2023-10-18
CUST107173,37,Male,Mumbai,East,2023-09-29
CUST107174,64,Female,Pune,North,2022-11-07
CUST107175,60,Male,Mumbai,West,2023-12-10
CUST107176,61,Female,Kolkata,North,2021-07-13
CUST107177,26,Male,Kolkata,North,2022-07-16
CUST107178,30,Male,Pune,South,2023-03-22
CUST107179,32,Female,Hyderabad,North,2020-11-27
CUST107180,44,Other,Bangalore,North,2020-11-14
CUST107181,32,Other,Delhi,East,2023-05-07
CUST107182,45,Female,Chennai,East,2022-09-06
CUST107183,54,Female,Chennai,South,2022-10-30
CUST107184,36,Other,Pune,West,2023-03-08
CUST107185,43,Other,Hyderabad,South,2020-06-15
CUST107186,43,Other,Chennai,North,2020-05-26
CUST107187,42,Female,Mumbai,North,2023-11-27
CUST107188,43,Male,Kolkata,West,2022-07-27
CUST107189,43,Female,Hyderabad,West,2021-03-20
CUST107190,63,Other,Kolkata,East,2020-03-10
CUST107191,45,Male,Pune,North,2023-09-13
CUST107192,35,Female,Kolkata,North,2022-04-12
CUST107193,49,Other,Delhi,North,2022-07-07
CUST107194,20,Female,Kolkata,North,2021-09-07
CUST107195,19,Male,Kolkata,North,2023-06-06
CUST107196,50,Other,Hyderabad,North,2020-11-14
CUST107197,59,Female,Mumbai,North,2020-02-05
CUST107198,36,Male,Bangalore,North,2020-09-11
CUST107199,34,Male,Chennai,East,2023-08-29
CUST107200,61,Female,Mumbai,South,2022-08-19
CUST107201,50,Male,Mumbai,North,2020-11-30
CUST107202,29,Other,Mumbai,East,2022-11-09
CUST107203,20,Male,Chennai,North,2020-10-24
CUST107204,60,Female,Pune,West,2022-11-10
CUST107205,43,Other,Mumbai,North,2021-04-22
CUST107206,52,Male,Bangalore,South,2021-04-16
CUST107207,25,Male,Pune,East,2022-08-19
CUST107208,53,Other,Kolkata,West,2021-04-14
CUST107209,24,Other,Bangalore,West,2023-10-04
CUST107210,63,Male,Hyderabad,North,2022-02-05
CUST107211,63,Other,Pune,South,2021-08-12
CUST107212,53,Female,Kolkata,South,2022-03-02
CUST107213,33,Male,Kolkata,North,2021-01-20
CUST107214,41,Female,Mumbai,North,2022-07-30
CUST107215,18,Male,Mumbai,East,2021-03-21
CUST107216,42,Female,Chennai,East,2020-04-08
CUST107217,27,Female,Delhi,North,2021-10-16
CUST107218,33,Other,Bangalore,North,2022-12-14
CUST107219,33,Male,Chennai,West,2022-10-23
CUST107220,25,Other,Chennai,South,2023-09-17
CUST107221,46,Other,Bangalore,East,2022-07-22
CUST107222,56,Male,Pune,North,2023-12-29
CUST107223,45,Female,Hyderabad,North,2023-05-27
CUST107224,23,Male,Bangalore,East,2023-05-19
CUST107225,33,Male,Kolkata,West,2022-03-27
CUST107226,37,Male,Hyderabad,West,2021-10-22
CUST107227,33,Other,Delhi,North,2020-08-19
CUST107228,24,Male,Pune,South,2021-08-22
CUST107229,58,Male,Mumbai,South,2022-07-08
CUST107230,31,Male,Delhi,North,2023-03-17
CUST107231,60,Female,Delhi,East,2023-05-15
CUST107232,43,Female,Mumbai,South,2020-12-25
CUST107233,43,Female,Delhi,East,2023-12-13
CUST107234,31,Female,Pune,East,2023-12-11
CUST107235,24,Other,Pune,East,2022-05-21
CUST107236,50,Other,Pune,West,2023-04-20
CUST107237,43,Male,Chennai,South,2021-07-09
CUST107238,62,Other,Chennai,West,2023-05-18
CUST107239,37,Female,Pune,South,2020-09-06
CUST107240,20,Male,Mumbai,North,2021-08-18
CUST107241,21,Male,Mumbai,East,2020-05-18
CUST107242,43,Female,Bangalore,South,2022-09-16
CUST107243,28,Female,Bangalore,South,2023-06-08
CUST107244,19,Female,Pune,North,2022-06-28
CUST107245,31,Other,Hyderabad,West,2020-01-12
CUST107246,61,Male,Delhi,South,2022-09-06
CUST107247,47,Female,Delhi,South,2020-09-29
CUST107248,29,Male,Mumbai,West,2021-05-02
CUST107249,43,Male,Hyderabad,West,2023-01-18
CUST107250,61,Other,Delhi,South,2022-11-14
CUST107251,50,Male,Kolkata,West,2021-06-21
CUST107252,30,Female,Chennai,North,2022-09-11
CUST107253,31,Female,Delhi,North,2022-12-19
CUST107254,41,Male,Delhi,East,2023-04-09
CUST107255,51,Male,Bangalore,South,2021-08-10
CUST107256,61,Other,Kolkata,North,2022-02-26
CUST107257,43,Female,Delhi,North,2024-01-10
CUST107258,38,Female,Chennai,North,2022-07-09
CUST107259,45,Male,Delhi,East,2022-10-30
CUST107260,53,Male,Mumbai,West,2020-08-30
CUST107261,57,Male,Kolkata,East,2023-04-16
CUST107262,19,Female,Delhi,East,2022-03-08
CUST107263,59,Male,Hyderabad,East,2020-09-13
CUST107264,26,Other,Kolkata,East,2020-11-05
CUST107265,40,Other,Delhi,South,2021-05-30
CUST107266,32,Male,Chennai,South,2023-05-23
CUST107267,30,Other,Chennai,North,2022-11-19
CUST107268,40,Other,Kolkata,East,2023-10-01
CUST107269,34,Other,Pune,East,2022-12-24
CUST107270,19,Other,Bangalore,North,2021-09-27
CUST107271,37,Other,Bangalore,West,2022-03-07
CUST107272,37,Female,Mumbai,South,2023-03-22
CUST107273,63,Male,Pune,East,2020-02-09
CUST107274,20,Other,Bangalore,West,2022-11-15
CUST107275,29,Male,Kolkata,West,2023-07-20
CUST107276,57,Other,Bangalore,East,2023-03-28
CUST107277,19,Female,Mumbai,East,2021-08-03
CUST107278,53,Female,Delhi,West,2020-01-01
CUST107279,31,Other,Bangalore,South,2020-03-19
CUST107280,33,Other,Kolkata,South,2023-06-05
CUST107281,36,Other,Kolkata,East,2023-09-12
CUST107282,51,Female,Mumbai,East,2021-09-11
CUST107283,61,Female,Hyderabad,North,2021-05-15
CUST107284,63,Male,Mumbai,North,2024-02-07
CUST107285,23,Female,Hyderabad,South,2023-10-10
CUST107286,30,Other,Chennai,North,2023-02-21
CUST107287,53,Male,Chennai,West,2022-09-04
CUST107288,39,Female,Chennai,West,2023-12-18
CUST107289,35,Female,Hyderabad,West,2023-06-29
CUST107290,29,Other,Delhi,West,2021-04-30
CUST107291,47,Male,Kolkata,East,2021-04-22
CUST107292,57,Female,Chennai,West,2020-11-28
CUST107293,24,Female,Kolkata,South,2023-06-09
CUST107294,49,Other,Mumbai,North,2020-01-30
CUST107295,36,Male,Delhi,South,2021-12-27
CUST107296,23,Male,Mumbai,East,2020-06-21
CUST107297,37,Male,Kolkata,North,2022-03-02
CUST107298,44,Male,Pune,North,2021-04-12
CUST107299,60,Other,Hyderabad,North,2024-02-08
CUST107300,54,Female,Pune,West,2021-12-23
CUST107301,24,Female,Chennai,East,2023-09-02
CUST107302,22,Male,Pune,South,2021-01-31
CUST107303,28,Male,Mumbai,West,2020-05-04
CUST107304,32,Male,Hyderabad,North,2023-01-08
CUST107305,20,Female,Pune,South,2021-11-26
CUST107306,22,Female,Bangalore,South,2021-06-10
CUST107307,40,Male,Delhi,South,2023-11-20
CUST107308,54,Other,Kolkata,East,2023-01-17
CUST107309,26,Female,Hyderabad,West,2022-10-23
CUST107310,32,Female,Chennai,East,2021-06-19
CUST107311,20,Male,Mumbai,North,2021-08-23
CUST107312,46,Other,Delhi,North,2022-09-14
CUST107313,23,Male,Chennai,South,2021-08-28
CUST107314,34,Male,Mumbai,South,2022-12-30
CUST107315,43,Other,Pune,South,2021-11-30
CUST107316,38,Other,Hyderabad,East,2020-05-18
CUST107317,25,Other,Kolkata,West,2020-01-10
CUST107318,38,Female,Hyderabad,East,2020-05-09
CUST107319,28,Male,Bangalore,North,2021-02-04
CUST107320,55,Female,Bangalore,South,2023-05-29
CUST107321,25,Other,Hyderabad,South,2021-10-03
CUST107322,59,Female,Pune,East,2021-03-12
CUST107323,41,Other,Kolkata,North,2023-11-24
CUST107324,52,Other,Delhi,West,2023-02-10
CUST107325,31,Male,Kolkata,South,2024-01-15
CUST107326,31,Male,Pune,South,2023-05-26
CUST107327,27,Male,Mumbai,North,2020-02-27
CUST107328,29,Female,Hyderabad,South,2023-02-10
CUST107329,55,Male,Hyderabad,West,2021-11-30
CUST107330,61,Other,Hyderabad,East,2023-02-19
CUST107331,63,Male,Hyderabad,North,2021-02-11
CUST107332,51,Female,Delhi,South,2024-01-23
CUST107333,58,Male,Bangalore,South,2023-01-13
CUST107334,27,Male,Pune,West,2021-02-03
CUST107335,34,Male,Mumbai,East,2020-12-21
CUST107336,34,Female,Pune,West,2020-04-08
CUST107337,20,Other,Chennai,East,2021-06-01
CUST107338,48,Other,Chennai,West,2020-04-17
CUST107339,18,Other,Chennai,East,2020-05-31
CUST107340,29,Male,Bangalore,South,2022-06-24
CUST107341,56,Male,Kolkata,South,2022-04-29
CUST107342,21,Female,Delhi,South,2022-01-18
CUST107343,59,Other,Hyderabad,North,2020-01-27
CUST107344,30,Male,Bangalore,East,2020-04-28
CUST107345,51,Male,Mumbai,North,2021-12-23
CUST107346,59,Male,Mumbai,East,2020-04-09
CUST107347,38,Female,Chennai,South,2020-01-03
CUST107348,39,Other,Delhi,North,2022-03-16
CUST107349,21,Female,Chennai,North,2023-09-14
CUST107350,35,Other,Mumbai,West,2023-02-03
CUST107351,22,Other,Mumbai,East,2023-06-07
CUST107352,36,Male,Hyderabad,West,2020-10-30
CUST107353,19,Male,Kolkata,North,2020-06-25
CUST107354,29,Male,Hyderabad,North,2020-03-24
CUST107355,34,Male,Kolkata,South,2020-09-19
CUST107356,27,Male,Hyderabad,West,2023-05-04
CUST107357,51,Other,Kolkata,West,2023-06-26
CUST107358,23,Male,Chennai,West,2023-11-06
CUST107359,25,Male,Pune,East,2021-04-02
CUST107360,28,Female,Delhi,North,2021-02-12
CUST107361,29,Female,Kolkata,West,2023-01-09
CUST107362,26,Other,Bangalore,South,2023-12-06
CUST107363,19,Other,Kolkata,North,2020-07-24
CUST107364,25,Female,Chennai,South,2022-03-30
CUST107365,28,Female,Delhi,North,2022-10-11
CUST107366,53,Male,Kolkata,South,2022-03-12
CUST107367,27,Male,Hyderabad,West,2022-06-13
CUST107368,38,Other,Delhi,West,2022-05-22
CUST107369,37,Female,Bangalore,South,2021-01-22
CUST107370,25,Other,Mumbai,East,2022-06-12
CUST107371,53,Male,Hyderabad,South,2022-02-05
CUST107372,46,Other,Delhi,North,2023-11-23
CUST107373,59,Other,Pune,South,2022-10-28
CUST107374,29,Other,Kolkata,South,2021-03-25
CUST107375,31,Male,Hyderabad,North,2024-02-08
CUST107376,38,Other,Chennai,West,2020-12-07
CUST107377,39,Male,Pune,North,2023-01-01
CUST107378,38,Female,Pune,South,2022-05-09
CUST107379,61,Other,Chennai,North,2020-04-30
CUST107380,47,Other,Chennai,South,2020-10-28
CUST107381,56,Male,Chennai,West,2022-08-18
CUST107382,37,Other,Pune,South,2022-06-02
CUST107383,41,Male,Delhi,South,2022-05-30
CUST107384,40,Other,Chennai,West,2020-08-21
CUST107385,24,Female,Mumbai,North,2020-03-06
CUST107386,26,Female,Pune,East,2020-08-17
CUST107387,18,Female,Pune,East,2022-07-10
CUST107388,43,Other,Pune,South,2020-02-20
CUST107389,55,Other,Bangalore,South,2021-10-20
CUST107390,55,Female,Delhi,West,2023-09-14
CUST107391,61,Female,Delhi,North,2021-01-21
CUST107392,39,Male,Chennai,East,2022-11-27
CUST107393,61,Male,Pune,East,2022-01-22
CUST107394,27,Female,Hyderabad,West,2023-04-11
CUST107395,23,Female,Pune,West,2021-05-07
CUST107396,34,Other,Chennai,East,2024-01-18
CUST107397,55,Female,Delhi,North,2020-02-10
CUST107398,41,Male,Chennai,North,2022-08-03
CUST107399,27,Male,Chennai,North,2023-02-26
CUST107400,25,Male,Chennai,South,2022-12-13
CUST107401,38,Male,Chennai,North,2020-03-26
CUST107402,23,Male,Chennai,South,2023-07-16
CUST107403,38,Male,Kolkata,South,2020-10-22
CUST107404,56,Female,Kolkata,West,2022-11-10
CUST107405,41,Male,Pune,South,2023-05-23
CUST107406,50,Male,Pune,South,2021-02-28
CUST107407,35,Male,Hyderabad,West,2020-07-07
CUST107408,45,Male,Hyderabad,North,2020-06-09
CUST107409,49,Female,Kolkata,North,2021-12-13
CUST107410,29,Other,Delhi,East,2021-01-15
CUST107411,59,Other,Bangalore,East,2020-08-31
CUST107412,44,Other,Delhi,South,2020-07-01
CUST107413,27,Other,Hyderabad,East,2021-06-27
CUST107414,63,Male,Pune,West,2022-02-17
CUST107415,59,Other,Kolkata,East,2022-08-05
CUST107416,49,Other,Delhi,East,2020-04-02
CUST107417,59,Female,Bangalore,South,2021-01-02
CUST107418,43,Female,Chennai,West,2020-06-07
CUST107419,42,Female,Mumbai,East,2021-02-01
CUST107420,28,Male,Kolkata,North,2023-04-18
CUST107421,40,Male,Kolkata,West,2021-03-13
CUST107422,51,Male,Bangalore,West,2021-01-07
CUST107423,57,Female,Chennai,South,2020-11-01
CUST107424,40,Other,Chennai,West,2022-09-11
CUST107425,46,Female,Mumbai,West,2023-11-03
CUST107426,48,Male,Chennai,West,2023-05-26
CUST107427,24,Female,Bangalore,West,2022-09-08
CUST107428,57,Other,Pune,West,2020-11-24
CUST107429,50,Male,Chennai,West,2020-12-08
CUST107430,38,Other,Pune,West,2021-12-24
CUST107431,19,Other,Hyderabad,North,2023-04-01
CUST107432,35,Male,Hyderabad,West,2020-06-06
CUST107433,64,Other,Pune,South,2023-02-07
CUST107434,50,Female,Bangalore,North,2020-12-15
CUST107435,54,Other,Kolkata,West,2021-12-26
CUST107436,51,Other,Kolkata,East,2020-12-30
CUST107437,37,Other,Kolkata,South,2020-01-15
CUST107438,52,Female,Delhi,North,2020-06-01
CUST107439,35,Other,Kolkata,South,2021-06-15
CUST107440,63,Other,Bangalore,North,2022-08-24
CUST107441,41,Female,Mumbai,East,2023-11-24
CUST107442,25,Male,Hyderabad,South,2022-12-11
CUST107443,47,Male,Chennai,South,2022-05-04
CUST107444,61,Male,Kolkata,North,2021-04-13
CUST107445,27,Other,Delhi,North,2023-09-06
CUST107446,40,Male,Hyderabad,East,2022-05-28
CUST107447,28,Female,Hyderabad,West,2021-08-18
CUST107448,19,Other,Pune,North,2021-01-01
CUST107449,43,Other,Delhi,North,2021-10-02
CUST107450,53,Other,Bangalore,North,2022-05-11
CUST107451,50,Male,Mumbai,East,2022-06-12
CUST107452,64,Male,Kolkata,West,2022-11-05
CUST107453,30,Male,Kolkata,West,2023-12-05
CUST107454,57,Other,Delhi,East,2023-07-21
CUST107455,42,Female,Bangalore,West,2021-08-11
CUST107456,21,Other,Delhi,South,2023-08-22
CUST107457,59,Female,Delhi,East,2020-04-01
CUST107458,36,Other,Mumbai,North,2021-04-02
CUST107459,35,Female,Bangalore,West,2023-07-17
CUST107460,54,Other,Mumbai,South,2022-12-11
CUST107461,47,Other,Bangalore,East,2023-02-18
CUST107462,36,Female,Kolkata,East,2022-12-09
CUST107463,40,Female,Chennai,North,2024-02-07
CUST107464,33,Female,Pune,North,2023-11-04
CUST107465,18,Female,Chennai,East,2021-01-21
CUST107466,29,Female,Hyderabad,South,2023-08-05
CUST107467,41,Female,Bangalore,North,2024-01-17
CUST107468,51,Female,Chennai,East,2021-01-05
CUST107469,25,Female,Delhi,East,2020-07-02
CUST107470,35,Other,Kolkata,North,2022-02-10
CUST107471,22,Female,Pune,West,2020-07-23
CUST107472,43,Female,Pune,South,2022-08-11
CUST107473,47,Other,Hyderabad,West,2020-06-20
CUST107474,30,Other,Pune,West,2022-04-04
CUST107475,36,Male,Kolkata,South,2020-08-09
CUST107476,46,Male,Chennai,South,2023-04-06
CUST107477,20,Female,Pune,North,2023-06-21
CUST107478,43,Female,Pune,North,2023-05-26
CUST107479,57,Male,Bangalore,North,2022-12-15
CUST107480,29,Male,Delhi,South,2021-09-06
CUST107481,19,Female,Bangalore,West,2020-06-15
CUST107482,28,Male,Chennai,South,2020-05-21
CUST107483,61,Female,Kolkata,North,2020-05-04
CUST107484,45,Other,Kolkata,West,2020-03-30
CUST107485,35,Other,Bangalore,North,2020-11-06
CUST107486,30,Male,Mumbai,West,2023-10-26
CUST107487,54,Other,Bangalore,North,2022-08-09
CUST107488,39,Other,Mumbai,South,2020-08-03
CUST107489,29,Other,Hyderabad,East,2024-01-04
CUST107490,19,Other,Bangalore,East,2023-04-24
CUST107491,54,Female,Mumbai,West,2022-06-01
CUST107492,24,Female,Mumbai,South,2023-03-22
CUST107493,43,Male,Pune,North,2022-01-30
CUST107494,43,Other,Hyderabad,West,2020-04-05
CUST107495,41,Other,Pune,West,2021-12-10
CUST107496,29,Other,Mumbai,North,2023-09-21
CUST107497,33,Male,Mumbai,North,2020-05-28
CUST107498,40,Female,Delhi,North,2022-07-16
CUST107499,57,Other,Mumbai,South,2021-12-15
CUST107500,26,Female,Pune,East,2022-06-01
CUST107501,49,Male,Mumbai,West,2023-11-26
CUST107502,32,Female,Kolkata,West,2023-09-16
CUST107503,54,Other,Delhi,East,2023-06-04
CUST107504,30,Female,Mumbai,West,2020-12-23
CUST107505,22,Female,Pune,South,2021-08-10
CUST107506,28,Male,Pune,North,2020-11-11
CUST107507,27,Male,Chennai,East,2022-06-03
CUST107508,30,Male,Pune,South,2022-11-25
CUST107509,58,Male,Delhi,North,2023-12-22
CUST107510,63,Female,Pune,East,2021-03-25
CUST107511,32,Female,Kolkata,South,2022-04-24
CUST107512,59,Male,Bangalore,East,2020-03-30
CUST107513,24,Male,Kolkata,East,2021-06-24
CUST107514,57,Other,Hyderabad,South,2020-06-24
CUST107515,45,Other,Kolkata,West,2023-12-14
CUST107516,49,Male,Delhi,South,2021-10-09
CUST107517,52,Female,Delhi,East,2022-06-19
CUST107518,32,Male,Chennai,East,2021-11-17
CUST107519,53,Female,Pune,South,2023-04-09
CUST107520,38,Female,Chennai,North,2021-01-28
CUST107521,23,Other,Delhi,North,2023-07-13
CUST107522,18,Male,Pune,North,2021-05-18
CUST107523,21,Male,Delhi,North,2023-03-03
CUST107524,28,Female,Delhi,South,2022-08-13
CUST107525,61,Male,Bangalore,West,2022-11-15
CUST107526,43,Other,Kolkata,North,2023-07-24
CUST107527,54,Other,Chennai,East,2020-04-09
CUST107528,40,Male,Chennai,North,2024-01-05
CUST107529,46,Male,Mumbai,West,2021-02-28
CUST107530,38,Other,Hyderabad,South,2022-11-19
CUST107531,62,Male,Bangalore,West,2022-06-24
CUST107532,62,Female,Delhi,West,2021-05-10
CUST107533,44,Male,Delhi,West,2021-10-12
CUST107534,56,Female,Bangalore,North,2022-09-24
CUST107535,57,Male,Pune,North,2023-04-29
CUST107536,30,Male,Chennai,West,2023-04-25
CUST107537,40,Other,Delhi,South,2020-05-19
CUST107538,33,Female,Hyderabad,North,2020-11-15
CUST107539,47,Other,Mumbai,South,2021-01-03
CUST107540,21,Male,Chennai,North,2020-10-23
CUST107541,57,Other,Kolkata,South,2023-05-08
CUST107542,33,Male,Hyderabad,North,2022-03-06
CUST107543,48,Male,Bangalore,West,2023-11-03
CUST107544,59,Male,Chennai,East,2023-01-08
CUST107545,42,Female,Kolkata,East,2024-01-10
CUST107546,61,Female,Mumbai,South,2021-05-15
CUST107547,29,Female,Pune,South,2020-09-15
CUST107548,43,Other,Bangalore,West,2023-02-18
CUST107549,54,Male,Pune,West,2022-12-14
CUST107550,50,Other,Hyderabad,South,2020-01-18
CUST107551,45,Other,Delhi,East,2023-08-25
CUST107552,26,Male,Pune,West,2020-04-19
CUST107553,29,Other,Delhi,South,2020-11-26
CUST107554,22,Male,Hyderabad,West,2022-08-03
CUST107555,45,Male,Kolkata,West,2023-07-11
CUST107556,52,Male,Chennai,North,2020-09-24
CUST107557,22,Male,Mumbai,West,2021-03-10
CUST107558,51,Other,Kolkata,South,2021-03-25
CUST107559,63,Other,Mumbai,West,2020-10-23
CUST107560,51,Other,Pune,South,2023-03-06
CUST107561,30,Female,Mumbai,North,2021-12-19
CUST107562,56,Other,Pune,North,2022-10-17
CUST107563,59,Other,Mumbai,East,2023-11-21
CUST107564,62,Female,Bangalore,North,2020-07-02
CUST107565,31,Male,Kolkata,North,2021-02-15
CUST107566,28,Male,Bangalore,South,2020-11-15
CUST107567,59,Male,Chennai,East,2022-01-10
CUST107568,55,Female,Chennai,North,2023-09-11
CUST107569,21,Other,Delhi,West,2022-03-15
CUST107570,50,Other,Delhi,East,2021-02-20
CUST107571,24,Other,Delhi,North,2022-05-31
CUST107572,58,Other,Hyderabad,East,2022-03-01
CUST107573,25,Female,Chennai,North,2020-03-30
CUST107574,54,Other,Mumbai,South,2022-01-28
CUST107575,27,Male,Pune,East,2024-01-04
CUST107576,60,Female,Hyderabad,East,2023-01-03
CUST107577,32,Female,Mumbai,North,2021-07-27
CUST107578,55,Male,Kolkata,East,2023-07-14
CUST107579,32,Male,Chennai,North,2022-08-20
CUST107580,22,Other,Pune,West,2022-07-24
CUST107581,46,Male,Pune,East,2023-08-28
CUST107582,36,Female,Pune,East,2022-11-17
CUST107583,27,Female,Delhi,South,2023-09-27
CUST107584,29,Female,Pune,South,2021-03-01
CUST107585,21,Other,Pune,East,2022-06-01
CUST107586,48,Other,Chennai,South,2022-02-24
CUST107587,35,Male,Mumbai,East,2021-06-18
CUST107588,33,Other,Hyderabad,North,2023-12-04
CUST107589,57,Other,Hyderabad,East,2020-10-11
CUST107590,53,Female,Mumbai,East,2021-09-13
CUST107591,42,Female,Bangalore,West,2023-02-03
CUST107592,40,Male,Bangalore,South,2021-05-18
CUST107593,29,Female,Kolkata,South,2020-02-15
CUST107594,51,Other,Chennai,West,2024-01-10
CUST107595,53,Male,Bangalore,North,2023-03-13
CUST107596,54,Male,Bangalore,North,2021-06-20
CUST107597,20,Female,Chennai,North,2020-03-02
CUST107598,26,Female,Mumbai,West,2023-01-10
CUST107599,35,Female,Kolkata,East,2020-12-01
CUST107600,60,Male,Kolkata,North,2020-07-29
CUST107601,52,Female,Kolkata,North,2021-02-03
CUST107602,51,Other,Bangalore,West,2021-12-09
CUST107603,58,Male,Mumbai,South,2020-12-12
CUST107604,31,Female,Kolkata,West,2023-05-06
CUST107605,21,Other,Chennai,South,2021-01-11
CUST107606,46,Other,Kolkata,North,2023-03-31
CUST107607,58,Female,Hyderabad,North,2023-05-16
CUST107608,62,Other,Delhi,East,2022-03-31
CUST107609,32,Male,Mumbai,East,2022-07-07
CUST107610,45,Male,Delhi,South,2023-12-21
CUST107611,59,Other,Mumbai,North,2020-02-13
CUST107612,33,Male,Pune,North,2022-03-10
CUST107613,29,Female,Chennai,West,2023-07-26
CUST107614,22,Other,Pune,North,2022-02-25
CUST107615,51,Male,Bangalore,North,2022-01-02
CUST107616,59,Female,Bangalore,West,2022-08-25
CUST107617,18,Female,Pune,West,2023-03-15
CUST107618,56,Male,Mumbai,North,2022-12-28
CUST107619,49,Other,Kolkata,East,2021-10-13
CUST107620,43,Female,Delhi,East,2021-06-05
CUST107621,34,Female,Chennai,North,2020-04-20
CUST107622,44,Female,Kolkata,East,2021-08-30
CUST107623,41,Female,Bangalore,West,2022-12-14
CUST107624,52,Other,Kolkata,East,2023-05-31
CUST107625,63,Male,Pune,North,2022-06-14
CUST107626,59,Male,Pune,East,2021-06-07
CUST107627,56,Male,Hyderabad,North,2020-05-25
CUST107628,43,Female,Hyderabad,East,2020-09-20
CUST107629,55,Other,Delhi,North,2021-04-12
CUST107630,40,Male,Bangalore,North,2022-05-21
CUST107631,39,Other,Mumbai,East,2022-08-16
CUST107632,21,Male,Chennai,East,2023-04-25
CUST107633,26,Female,Pune,West,2023-09-28
CUST107634,21,Male,Chennai,South,2023-01-27
CUST107635,24,Female,Bangalore,North,2021-11-09
CUST107636,40,Female,Mumbai,North,2023-08-22
CUST107637,19,Male,Hyderabad,North,2023-05-07
CUST107638,41,Other,Pune,North,2022-01-27
CUST107639,57,Female,Delhi,East,2023-03-23
CUST107640,48,Other,Chennai,East,2022-07-07
CUST107641,64,Male,Bangalore,South,2023-01-24
CUST107642,48,Female,Chennai,North,2021-07-28
CUST107643,64,Other,Hyderabad,South,2021-12-06
CUST107644,57,Female,Hyderabad,West,2022-04-13
CUST107645,60,Male,Mumbai,South,2023-10-14
CUST107646,51,Female,Delhi,South,2022-03-24
CUST107647,41,Male,Hyderabad,West,2021-02-02
CUST107648,43,Other,Mumbai,West,2023-10-31
CUST107649,33,Female,Hyderabad,South,2021-08-24
CUST107650,64,Other,Pune,West,2020-11-23
CUST107651,30,Male,Kolkata,South,2023-07-19
CUST107652,32,Male,Mumbai,East,2023-08-11
CUST107653,44,Other,Mumbai,East,2021-01-29
CUST107654,21,Other,Chennai,South,2024-02-04
CUST107655,33,Male,Hyderabad,West,2021-07-01
CUST107656,47,Other,Mumbai,West,2022-11-07
CUST107657,61,Male,Bangalore,East,2022-07-07
CUST107658,47,Other,Pune,East,2020-03-17
CUST107659,53,Male,Chennai,West,2022-12-08
CUST107660,20,Male,Chennai,West,2023-12-20
CUST107661,39,Female,Kolkata,West,2022-10-14
CUST107662,39,Male,Pune,West,2020-05-08
CUST107663,29,Male,Bangalore,South,2021-06-02
CUST107664,38,Female,Pune,West,2020-10-30
CUST107665,21,Female,Mumbai,East,2023-02-09
CUST107666,48,Other,Kolkata,East,2021-12-25
CUST107667,61,Other,Bangalore,North,2022-06-30
CUST107668,48,Male,Kolkata,West,2022-03-26
CUST107669,40,Other,Pune,South,2022-08-31
CUST107670,37,Other,Delhi,North,2022-03-29
CUST107671,32,Male,Pune,North,2020-12-28
CUST107672,40,Female,Mumbai,South,2022-12-25
CUST107673,45,Female,Kolkata,North,2022-11-20
CUST107674,33,Male,Delhi,North,2023-08-11
CUST107675,54,Male,Mumbai,East,2022-03-19
CUST107676,38,Male,Kolkata,North,2023-09-04
CUST107677,32,Male,Kolkata,South,2022-11-03
CUST107678,34,Male,Pune,West,2021-07-23
CUST107679,54,Male,Hyderabad,West,2022-08-27
CUST107680,30,Other,Kolkata,West,2023-06-19
CUST107681,36,Other,Kolkata,East,2020-12-18
CUST107682,47,Other,Chennai,East,2023-06-25
CUST107683,62,Female,Hyderabad,East,2021-09-01
CUST107684,35,Male,Kolkata,South,2021-04-12
CUST107685,31,Male,Pune,West,2022-07-12
CUST107686,53,Other,Chennai,South,2021-01-22
CUST107687,53,Female,Chennai,South,2022-01-28
CUST107688,37,Other,Delhi,North,2021-03-17
CUST107689,36,Male,Mumbai,West,2023-09-27
CUST107690,62,Male,Chennai,North,2021-05-30
CUST107691,61,Other,Bangalore,East,2022-04-22
CUST107692,24,Other,Chennai,East,2020-02-14
CUST107693,61,Male,Bangalore,South,2023-12-13
CUST107694,21,Other,Hyderabad,South,2021-12-23
CUST107695,51,Male,Delhi,North,2022-01-25
CUST107696,19,Other,Bangalore,North,2020-07-21
CUST107697,22,Female,Delhi,South,2021-06-22
CUST107698,27,Male,Delhi,West,2021-01-20
CUST107699,49,Female,Delhi,South,2021-09-21
CUST107700,59,Other,Bangalore,West,2022-08-25
CUST107701,58,Female,Bangalore,North,2022-01-07
CUST107702,30,Other,Delhi,East,2020-12-25
CUST107703,56,Female,Hyderabad,East,2024-01-31
CUST107704,22,Female,Delhi,North,2022-09-09
CUST107705,27,Female,Hyderabad,North,2020-07-23
CUST107706,27,Male,Mumbai,East,2023-06-24
CUST107707,55,Female,Hyderabad,West,2022-09-17
CUST107708,44,Other,Hyderabad,North,2022-12-08
CUST107709,38,Other,Hyderabad,West,2020-12-31
CUST107710,25,Male,Delhi,West,2020-09-09
CUST107711,18,Male,Kolkata,East,2020-03-18
CUST107712,45,Other,Mumbai,West,2022-02-07
CUST107713,56,Female,Mumbai,East,2021-09-23
CUST107714,31,Other,Mumbai,North,2022-09-13
CUST107715,38,Male,Kolkata,South,2021-02-20
CUST107716,47,Male,Mumbai,South,2022-11-24
CUST107717,38,Other,Mumbai,South,2024-01-01
CUST107718,26,Female,Bangalore,South,2020-11-07
CUST107719,34,Female,Pune,South,2023-03-12
CUST107720,22,Male,Bangalore,South,2020-07-15
CUST107721,48,Other,Delhi,West,2022-09-23
CUST107722,57,Other,Delhi,West,2020-09-16
CUST107723,55,Male,Hyderabad,South,2023-10-21
CUST107724,60,Other,Chennai,North,2021-08-18
CUST107725,36,Male,Pune,North,2023-04-30
CUST107726,53,Female,Kolkata,West,2021-06-17
CUST107727,50,Female,Bangalore,West,2020-01-24
CUST107728,30,Other,Delhi,South,2022-07-31
CUST107729,31,Female,Kolkata,North,2023-01-03
CUST107730,50,Female,Mumbai,East,2022-07-11
CUST107731,46,Male,Kolkata,South,2023-11-18
CUST107732,60,Male,Bangalore,West,2021-11-09
CUST107733,53,Other,Pune,West,2024-01-21
CUST107734,61,Male,Chennai,West,2020-04-19
CUST107735,27,Other,Hyderabad,East,2020-03-30
CUST107736,48,Other,Bangalore,North,2020-02-06
CUST107737,23,Male,Hyderabad,West,2022-04-01
CUST107738,18,Female,Pune,South,2022-09-19
CUST107739,24,Female,Delhi,East,2021-07-25
CUST107740,44,Female,Hyderabad,North,2021-08-06
CUST107741,38,Female,Delhi,South,2020-11-02
CUST107742,45,Other,Kolkata,South,2020-03-02
CUST107743,33,Female,Bangalore,East,2020-10-31
CUST107744,63,Other,Delhi,East,2020-06-27
CUST107745,40,Male,Mumbai,East,2021-06-23
CUST107746,37,Male,Mumbai,West,2022-07-20
CUST107747,55,Other,Chennai,North,2022-07-20
CUST107748,42,Female,Kolkata,West,2022-04-24
CUST107749,45,Other,Delhi,East,2024-01-07
CUST107750,22,Female,Chennai,East,2022-11-25
CUST107751,38,Female,Mumbai,East,2022-01-19
CUST107752,35,Other,Chennai,West,2023-01-01
CUST107753,64,Other,Chennai,South,2022-11-19
CUST107754,23,Female,Delhi,East,2022-01-08
CUST107755,46,Other,Delhi,West,2023-08-19
CUST107756,36,Female,Delhi,East,2023-10-02
CUST107757,50,Other,Kolkata,West,2022-03-07
CUST107758,18,Male,Hyderabad,North,2022-12-24
CUST107759,62,Female,Chennai,North,2022-01-16
CUST107760,20,Male,Chennai,West,2021-09-18
CUST107761,59,Other,Kolkata,East,2021-03-28
CUST107762,38,Male,Mumbai,West,2022-04-10
CUST107763,52,Other,Bangalore,North,2022-01-27
CUST107764,58,Female,Hyderabad,West,2022-05-10
CUST107765,57,Other,Mumbai,North,2022-03-29
CUST107766,20,Other,Kolkata,North,2023-10-24
CUST107767,42,Female,Hyderabad,South,2022-11-26
CUST107768,62,Other,Hyderabad,East,2021-01-15
CUST107769,55,Female,Chennai,West,2023-05-27
CUST107770,62,Other,Chennai,East,2021-10-10
CUST107771,37,Female,Delhi,East,2020-09-02
CUST107772,61,Male,Delhi,North,2020-09-07
CUST107773,62,Other,Chennai,North,2021-07-18
CUST107774,51,Other,Chennai,West,2022-06-27
CUST107775,38,Other,Pune,West,2023-10-01
CUST107776,40,Female,Hyderabad,West,2022-03-31
CUST107777,23,Other,Delhi,North,2021-12-15
CUST107778,30,Female,Delhi,South,2021-04-16
CUST107779,40,Other,Mumbai,West,2020-05-01
CUST107780,26,Male,Chennai,North,2023-09-11
CUST107781,34,Other,Hyderabad,South,2022-02-19
CUST107782,19,Male,Chennai,East,2022-01-17
CUST107783,36,Female,Kolkata,North,2020-04-30
CUST107784,36,Male,Mumbai,West,2020-05-18
CUST107785,24,Other,Bangalore,West,2020-03-27
CUST107786,59,Other,Bangalore,South,2020-05-09
CUST107787,59,Female,Bangalore,South,2020-09-08
CUST107788,37,Other,Hyderabad,North,2022-02-25
CUST107789,26,Other,Pune,South,2023-10-15
CUST107790,34,Female,Delhi,North,2023-12-24
CUST107791,44,Female,Hyderabad,South,2020-02-16
CUST107792,64,Male,Bangalore,East,2021-05-15
CUST107793,19,Female,Kolkata,West,2021-02-28
CUST107794,53,Other,Hyderabad,West,2023-10-30
CUST107795,36,Female,Hyderabad,East,2022-08-22
CUST107796,34,Other,Delhi,West,2021-12-31
CUST107797,22,Male,Delhi,West,2020-04-20
CUST107798,56,Female,Bangalore,West,2023-06-04
CUST107799,35,Other,Delhi,West,2022-11-28
CUST107800,24,Female,Mumbai,East,2020-05-14
CUST107801,34,Female,Mumbai,North,2023-08-11
CUST107802,56,Female,Bangalore,West,2021-09-01
CUST107803,53,Female,Hyderabad,East,2022-11-23
CUST107804,57,Male,Kolkata,West,2022-09-13
CUST107805,62,Other,Delhi,East,2021-03-03
CUST107806,21,Female,Chennai,East,2022-12-27
CUST107807,55,Other,Hyderabad,North,2020-07-17
CUST107808,42,Male,Bangalore,South,2021-07-13
CUST107809,22,Other,Pune,North,2020-09-15
CUST107810,47,Other,Delhi,North,2021-12-25
CUST107811,29,Male,Bangalore,West,2021-11-04
CUST107812,21,Female,Bangalore,East,2020-05-16
CUST107813,41,Other,Kolkata,South,2022-07-04
CUST107814,46,Other,Chennai,East,2022-07-24
CUST107815,26,Female,Delhi,West,2021-01-15
CUST107816,21,Female,Bangalore,East,2020-08-25
CUST107817,41,Other,Bangalore,West,2023-07-31
CUST107818,31,Male,Hyderabad,North,2021-11-18
CUST107819,22,Female,Delhi,North,2021-04-02
CUST107820,35,Female,Bangalore,West,2023-03-04
CUST107821,59,Male,Bangalore,North,2020-03-22
CUST107822,36,Other,Bangalore,East,2021-08-17
CUST107823,29,Female,Mumbai,South,2021-10-15
CUST107824,35,Other,Mumbai,South,2023-05-17
CUST107825,34,Other,Chennai,East,2021-02-06
CUST107826,47,Other,Kolkata,South,2022-04-01
CUST107827,41,Male,Hyderabad,East,2020-07-06
CUST107828,28,Other,Hyderabad,West,2021-05-07
CUST107829,52,Other,Delhi,South,2020-09-11
CUST107830,40,Female,Kolkata,West,2023-09-08
CUST107831,34,Female,Kolkata,West,2021-02-28
CUST107832,18,Male,Hyderabad,East,2023-12-09
CUST107833,32,Male,Mumbai,South,2023-04-05
CUST107834,49,Female,Chennai,North,2021-04-29
CUST107835,26,Female,Kolkata,North,2021-03-11
CUST107836,32,Male,Hyderabad,North,2020-06-28
CUST107837,45,Other,Kolkata,North,2022-12-30
CUST107838,41,Male,Bangalore,East,2022-06-19
CUST107839,52,Other,Delhi,West,2024-01-04
CUST107840,39,Female,Chennai,South,2021-10-05
CUST107841,44,Female,Hyderabad,East,2020-05-18
CUST107842,36,Female,Delhi,North,2022-02-25
CUST107843,62,Other,Mumbai,South,2020-04-11
CUST107844,29,Male,Kolkata,East,2021-04-12
CUST107845,37,Other,Kolkata,West,2020-10-09
CUST107846,18,Male,Pune,North,2022-11-18
CUST107847,38,Male,Delhi,South,2020-01-18
CUST107848,62,Male,Mumbai,South,2022-01-25
CUST107849,18,Female,Hyderabad,North,2021-11-17
CUST107850,27,Male,Pune,West,2021-08-23
CUST107851,64,Female,Pune,North,2022-11-09
CUST107852,49,Male,Bangalore,West,2023-09-11
CUST107853,56,Male,Pune,South,2023-10-11
CUST107854,39,Female,Pune,North,2021-03-08
CUST107855,35,Female,Bangalore,West,2023-11-23
CUST107856,63,Other,Kolkata,West,2022-11-07
CUST107857,49,Male,Kolkata,East,2021-01-10
CUST107858,44,Female,Chennai,West,2023-09-25
CUST107859,45,Other,Pune,North,2023-03-19
CUST107860,35,Other,Delhi,North,2022-10-07
CUST107861,56,Female,Kolkata,West,2021-12-16
CUST107862,46,Male,Mumbai,North,2023-06-10
CUST107863,35,Other,Hyderabad,South,2023-02-01
CUST107864,61,Male,Delhi,South,2022-10-20
CUST107865,25,Male,Chennai,North,2022-01-06
CUST107866,48,Other,Pune,West,2020-08-08
CUST107867,51,Female,Bangalore,South,2022-11-15
CUST107868,24,Male,Chennai,West,2022-12-23
CUST107869,53,Female,Delhi,North,2020-09-10
CUST107870,35,Other,Bangalore,East,2023-06-26
CUST107871,55,Male,Mumbai,South,2022-01-05
CUST107872,26,Female,Bangalore,North,2022-04-05
CUST107873,26,Female,Bangalore,South,2023-02-28
CUST107874,63,Male,Mumbai,West,2020-01-30
CUST107875,25,Female,Kolkata,East,2022-02-25
CUST107876,52,Female,Kolkata,East,2020-01-10
CUST107877,35,Other,Bangalore,North,2023-01-17
CUST107878,22,Other,Hyderabad,South,2021-03-05
CUST107879,31,Female,Bangalore,East,2023-03-16
CUST107880,45,Female,Chennai,South,2023-02-24
CUST107881,47,Male,Hyderabad,West,2021-11-28
CUST107882,21,Other,Kolkata,West,2020-05-03
CUST107883,56,Male,Mumbai,North,2023-09-26
CUST107884,37,Female,Pune,East,2020-02-20
CUST107885,42,Male,Pune,East,2021-02-01
CUST107886,45,Female,Bangalore,South,2020-11-09
CUST107887,29,Other,Bangalore,West,2021-10-09
CUST107888,19,Other,Pune,East,2021-05-28
CUST107889,60,Female,Chennai,North,2021-05-16
CUST107890,31,Other,Chennai,North,2021-06-13
CUST107891,39,Female,Chennai,East,2021-11-27
CUST107892,48,Male,Delhi,North,2022-01-03
CUST107893,40,Female,Mumbai,East,2022-05-09
CUST107894,37,Male,Delhi,East,2021-02-22
CUST107895,55,Female,Bangalore,East,2020-07-12
CUST107896,21,Other,Chennai,East,2020-11-07
CUST107897,32,Female,Chennai,South,2022-09-22
CUST107898,41,Female,Pune,East,2021-12-22
CUST107899,42,Female,Pune,North,2023-08-15
CUST107900,18,Other,Hyderabad,West,2023-09-14
CUST107901,24,Female,Chennai,South,2021-04-20
CUST107902,48,Other,Kolkata,West,2021-08-06
CUST107903,29,Female,Pune,West,2020-04-26
CUST107904,59,Male,Mumbai,West,2020-09-20
CUST107905,22,Female,Delhi,West,2020-01-21
CUST107906,61,Male,Mumbai,West,2021-04-21
CUST107907,59,Other,Pune,North,2021-07-02
CUST107908,55,Other,Chennai,East,2023-04-11
CUST107909,29,Female,Bangalore,North,2022-08-05
CUST107910,56,Other,Kolkata,South,2022-10-17
CUST107911,35,Female,Pune,North,2022-12-21
CUST107912,19,Other,Mumbai,South,2020-07-24
CUST107913,27,Male,Bangalore,East,2021-09-22
CUST107914,32,Other,Pune,West,2020-06-27
CUST107915,47,Male,Chennai,East,2022-06-06
CUST107916,61,Female,Hyderabad,North,2020-12-07
CUST107917,34,Female,Chennai,North,2021-03-15
CUST107918,21,Female,Chennai,East,2023-01-03
CUST107919,24,Male,Chennai,East,2020-10-16
CUST107920,58,Female,Pune,North,2021-07-10
CUST107921,48,Female,Hyderabad,East,2023-03-13
CUST107922,56,Male,Kolkata,South,2021-10-10
CUST107923,51,Other,Kolkata,South,2020-07-26
CUST107924,23,Female,Mumbai,North,2020-09-28
CUST107925,55,Other,Pune,North,2021-02-18
CUST107926,62,Other,Hyderabad,East,2023-11-21
CUST107927,51,Female,Hyderabad,East,2021-01-18
CUST107928,61,Female,Chennai,West,2023-07-08
CUST107929,32,Male,Kolkata,South,2022-06-09
CUST107930,31,Male,Pune,North,2023-04-05
CUST107931,23,Female,Bangalore,North,2022-11-07
CUST107932,54,Other,Kolkata,North,2021-10-21
CUST107933,49,Male,Kolkata,North,2020-09-03
CUST107934,20,Male,Hyderabad,West,2023-08-12
CUST107935,20,Female,Mumbai,South,2021-02-17
CUST107936,39,Female,Kolkata,West,2023-09-05
CUST107937,39,Female,Bangalore,South,2021-12-15
CUST107938,27,Female,Chennai,North,2020-06-29
CUST107939,20,Male,Delhi,South,2023-08-12
CUST107940,29,Male,Mumbai,North,2022-08-01
CUST107941,46,Male,Bangalore,West,2022-06-11
CUST107942,34,Other,Mumbai,South,2020-03-01
CUST107943,24,Male,Pune,East,2023-05-17
CUST107944,30,Male,Chennai,South,2020-06-14
CUST107945,19,Female,Kolkata,North,2022-10-05
CUST107946,21,Male,Pune,East,2023-08-16
CUST107947,27,Male,Kolkata,North,2021-10-16
CUST107948,56,Male,Hyderabad,East,2020-12-16
CUST107949,41,Female,Bangalore,East,2022-12-20
CUST107950,34,Male,Chennai,South,2020-09-19
CUST107951,23,Male,Delhi,South,2020-05-03
CUST107952,36,Other,Delhi,East,2023-06-15
CUST107953,22,Other,Kolkata,East,2022-07-20
CUST107954,49,Other,Pune,East,2023-01-18
CUST107955,27,Other,Hyderabad,North,2020-05-18
CUST107956,26,Female,Chennai,South,2023-10-17
CUST107957,44,Other,Chennai,North,2023-12-07
CUST107958,30,Male,Bangalore,South,2022-05-09
CUST107959,36,Other,Pune,West,2023-01-21
CUST107960,38,Female,Delhi,North,2020-05-13
CUST107961,41,Other,Bangalore,South,2023-05-12
CUST107962,55,Other,Mumbai,East,2022-03-29
CUST107963,21,Female,Chennai,East,2022-11-27
CUST107964,41,Female,Delhi,South,2022-10-14
CUST107965,52,Female,Bangalore,East,2021-04-01
CUST107966,20,Female,Kolkata,East,2021-03-13
CUST107967,21,Female,Mumbai,West,2021-11-10
CUST107968,54,Female,Bangalore,West,2021-10-08
CUST107969,57,Male,Kolkata,West,2021-09-13
CUST107970,52,Other,Delhi,North,2023-06-01
CUST107971,48,Other,Delhi,West,2023-04-06
CUST107972,61,Female,Mumbai,West,2023-02-04
CUST107973,42,Female,Kolkata,West,2023-11-04
CUST107974,57,Male,Chennai,South,2020-01-24
CUST107975,30,Male,Hyderabad,East,2022-03-19
CUST107976,21,Female,Hyderabad,South,2023-08-23
CUST107977,63,Male,Delhi,West,2022-07-23
CUST107978,31,Male,Pune,North,2023-10-13
CUST107979,30,Female,Chennai,South,2021-01-04
CUST107980,44,Female,Chennai,West,2022-09-23
CUST107981,23,Female,Hyderabad,North,2020-06-19
CUST107982,34,Female,Bangalore,North,2020-08-09
CUST107983,53,Other,Bangalore,North,2021-03-18
CUST107984,57,Other,Delhi,East,2023-03-22
CUST107985,52,Female,Chennai,North,2022-05-11
CUST107986,34,Male,Bangalore,West,2021-01-10
CUST107987,58,Female,Kolkata,South,2020-10-07
CUST107988,19,Other,Kolkata,South,2021-12-13
CUST107989,30,Male,Kolkata,West,2023-05-27
CUST107990,19,Other,Kolkata,East,2022-08-15
CUST107991,45,Female,Chennai,East,2022-03-21
CUST107992,60,Other,Kolkata,North,2022-04-06
CUST107993,43,Other,Chennai,West,2021-04-30
CUST107994,39,Other,Hyderabad,North,2020-11-30
CUST107995,64,Male,Delhi,North,2022-01-11
CUST107996,60,Other,Delhi,West,2021-02-13
CUST107997,20,Male,Kolkata,East,2020-02-23
CUST107998,52,Female,Kolkata,East,2021-12-01
CUST107999,29,Female,Kolkata,South,2023-01-03
CUST108000,41,Other,Delhi,West,2020-12-14
CUST108001,22,Male,Bangalore,North,2022-09-01
CUST108002,37,Female,Delhi,West,2021-01-27
CUST108003,56,Male,Kolkata,North,2021-07-07
CUST108004,56,Male,Bangalore,South,2023-03-26
CUST108005,30,Other,Bangalore,South,2022-04-26
CUST108006,58,Other,Mumbai,South,2020-03-21
CUST108007,62,Male,Hyderabad,South,2023-05-16
CUST108008,29,Male,Chennai,North,2022-04-05
CUST108009,30,Other,Hyderabad,East,2023-01-14
CUST108010,27,Male,Kolkata,North,2022-01-13
CUST108011,50,Other,Chennai,South,2024-01-10
CUST108012,57,Male,Mumbai,East,2020-06-25
CUST108013,33,Other,Chennai,West,2021-05-25
CUST108014,62,Male,Kolkata,North,2020-05-18
CUST108015,52,Other,Mumbai,West,2023-01-30
CUST108016,20,Male,Chennai,South,2021-04-17
CUST108017,22,Female,Delhi,West,2021-06-25
CUST108018,43,Female,Bangalore,East,2020-07-12
CUST108019,28,Male,Hyderabad,East,2021-04-30
CUST108020,24,Female,Mumbai,East,2023-08-30
CUST108021,27,Male,Delhi,North,2022-03-15
CUST108022,59,Male,Kolkata,West,2020-09-03
CUST108023,51,Female,Bangalore,West,2021-09-21
CUST108024,20,Male,Hyderabad,West,2021-03-13
CUST108025,25,Other,Mumbai,South,2020-03-13
CUST108026,48,Male,Bangalore,North,2022-12-28
CUST108027,28,Male,Pune,North,2022-01-23
CUST108028,62,Female,Pune,West,2023-03-21
CUST108029,24,Other,Mumbai,North,2022-04-10
CUST108030,62,Male,Mumbai,West,2020-04-03
CUST108031,19,Male,Chennai,West,2021-03-10
CUST108032,23,Male,Bangalore,West,2023-12-25
CUST108033,58,Male,Pune,East,2021-04-01
CUST108034,49,Male,Hyderabad,South,2023-12-24
CUST108035,37,Male,Pune,North,2020-08-16
CUST108036,51,Other,Bangalore,South,2020-01-30
CUST108037,33,Other,Pune,East,2020-11-30
CUST108038,42,Male,Hyderabad,North,2021-10-21
CUST108039,29,Male,Delhi,West,2021-07-22
CUST108040,24,Female,Pune,South,2020-06-25
CUST108041,56,Other,Pune,East,2022-04-03
CUST108042,34,Other,Kolkata,North,2021-07-21
CUST108043,62,Male,Delhi,North,2021-02-12
CUST108044,28,Other,Chennai,South,2022-02-15
CUST108045,23,Other,Mumbai,South,2023-06-14
CUST108046,40,Female,Hyderabad,North,2023-07-25
CUST108047,44,Female,Pune,North,2020-03-17
CUST108048,63,Other,Hyderabad,East,2022-07-21
CUST108049,23,Other,Chennai,West,2021-09-27
CUST108050,55,Other,Chennai,West,2021-06-23
CUST108051,19,Male,Delhi,East,2023-03-27
CUST108052,39,Female,Hyderabad,North,2023-04-05
CUST108053,37,Male,Mumbai,South,2023-04-23
CUST108054,42,Female,Kolkata,South,2023-11-13
CUST108055,32,Female,Chennai,North,2020-01-12
CUST108056,46,Female,Kolkata,East,2020-06-17
CUST108057,25,Other,Mumbai,North,2022-04-10
CUST108058,54,Female,Mumbai,South,2023-12-20
CUST108059,50,Male,Delhi,North,2021-03-24
CUST108060,39,Female,Hyderabad,North,2021-03-24
CUST108061,64,Male,Bangalore,East,2023-02-03
CUST108062,22,Female,Hyderabad,West,2021-03-02
CUST108063,56,Female,Pune,South,2022-08-13
CUST108064,35,Other,Delhi,South,2022-07-04
CUST108065,55,Male,Hyderabad,North,2023-01-26
CUST108066,54,Female,Kolkata,South,2021-09-22
CUST108067,47,Female,Hyderabad,South,2020-08-13
CUST108068,48,Male,Delhi,West,2021-03-22
CUST108069,27,Female,Mumbai,South,2024-02-08
CUST108070,32,Other,Chennai,South,2020-07-21
CUST108071,59,Male,Pune,East,2022-08-25
CUST108072,61,Other,Pune,East,2021-11-05
CUST108073,35,Male,Bangalore,East,2023-08-13
CUST108074,40,Male,Mumbai,East,2021-09-25
CUST108075,50,Male,Pune,East,2020-01-16
CUST108076,33,Female,Pune,West,2023-11-02
CUST108077,55,Male,Chennai,South,2023-09-21
CUST108078,52,Male,Kolkata,North,2021-09-09
CUST108079,51,Male,Kolkata,West,2022-11-09
CUST108080,45,Other,Kolkata,North,2021-03-15
CUST108081,19,Male,Delhi,East,2023-06-21
CUST108082,47,Female,Kolkata,South,2023-06-21
CUST108083,30,Male,Kolkata,East,2022-08-28
CUST108084,58,Male,Delhi,West,2021-01-26
CUST108085,33,Other,Chennai,North,2021-12-24
CUST108086,22,Female,Mumbai,South,2022-01-05
CUST108087,45,Female,Pune,West,2023-07-09
CUST108088,56,Female,Bangalore,West,2020-08-07
CUST108089,62,Male,Pune,South,2022-10-28
CUST108090,37,Male,Kolkata,South,2021-03-21
CUST108091,41,Female,Kolkata,West,2020-01-14
CUST108092,44,Female,Hyderabad,North,2021-01-21
CUST108093,47,Other,Pune,North,2021-10-03
CUST108094,62,Female,Pune,West,2022-11-11
CUST108095,44,Male,Hyderabad,West,2020-08-12
CUST108096,43,Male,Kolkata,East,2020-08-22
CUST108097,24,Male,Delhi,East,2023-09-26
CUST108098,59,Other,Delhi,North,2022-09-26
CUST108099,64,Female,Delhi,East,2021-12-11
CUST108100,55,Male,Bangalore,North,2023-03-03
CUST108101,22,Other,Mumbai,South,2023-04-16
CUST108102,40,Other,Kolkata,East,2022-03-02
CUST108103,45,Male,Chennai,North,2021-03-12
CUST108104,51,Other,Pune,North,2022-12-10
CUST108105,32,Other,Pune,West,2024-01-06
CUST108106,49,Male,Kolkata,North,2021-08-03
CUST108107,43,Other,Kolkata,East,2023-07-28
CUST108108,48,Male,Kolkata,West,2022-12-03
CUST108109,36,Male,Pune,West,2021-11-17
CUST108110,26,Other,Hyderabad,East,2020-12-30
CUST108111,46,Male,Kolkata,South,2020-09-25
CUST108112,56,Male,Pune,East,2023-08-09
CUST108113,21,Female,Mumbai,East,2023-05-02
CUST108114,20,Male,Chennai,West,2023-10-26
CUST108115,46,Female,Delhi,East,2020-03-18
CUST108116,28,Female,Hyderabad,South,2020-07-07
CUST108117,50,Female,Chennai,South,2023-11-14
CUST108118,55,Female,Kolkata,South,2022-11-14
CUST108119,28,Other,Chennai,West,2023-08-18
CUST108120,44,Other,Kolkata,East,2021-11-01
CUST108121,50,Male,Chennai,North,2020-12-23
CUST108122,38,Male,Bangalore,East,2022-08-16
CUST108123,56,Male,Chennai,South,2023-01-22
CUST108124,48,Other,Delhi,East,2020-12-01
CUST108125,55,Female,Delhi,West,2023-04-02
CUST108126,63,Other,Hyderabad,East,2022-06-21
CUST108127,19,Other,Chennai,West,2020-12-06
CUST108128,44,Male,Pune,North,2022-04-13
CUST108129,53,Male,Pune,North,2021-07-20
CUST108130,28,Male,Pune,West,2020-03-12
CUST108131,64,Female,Chennai,East,2022-12-01
CUST108132,35,Female,Pune,South,2021-02-14
CUST108133,18,Other,Mumbai,West,2022-06-16
CUST108134,52,Female,Chennai,East,2022-04-17
CUST108135,52,Male,Delhi,East,2021-10-05
CUST108136,48,Female,Hyderabad,East,2020-01-21
CUST108137,45,Female,Pune,South,2022-10-21
CUST108138,56,Female,Bangalore,South,2021-11-08
CUST108139,18,Female,Pune,South,2023-01-04
CUST108140,42,Male,Delhi,West,2021-08-25
CUST108141,60,Male,Mumbai,West,2023-11-22
CUST108142,55,Other,Chennai,South,2020-03-28
CUST108143,37,Other,Pune,West,2020-01-17
CUST108144,20,Other,Bangalore,South,2023-09-14
CUST108145,19,Female,Hyderabad,West,2022-07-31
CUST108146,35,Female,Delhi,East,2023-05-18
CUST108147,61,Male,Hyderabad,South,2022-04-03
CUST108148,27,Other,Hyderabad,West,2021-01-17
CUST108149,22,Male,Bangalore,East,2021-10-01
CUST108150,26,Other,Kolkata,East,2023-03-15
CUST108151,19,Other,Delhi,West,2021-03-28
CUST108152,51,Other,Kolkata,East,2022-03-26
CUST108153,55,Female,Bangalore,North,2023-11-17
CUST108154,48,Other,Chennai,South,2020-11-05
CUST108155,27,Other,Chennai,South,2022-07-19
CUST108156,29,Female,Chennai,East,2021-05-06
CUST108157,53,Other,Hyderabad,West,2022-01-29
CUST108158,38,Female,Kolkata,North,2023-12-24
CUST108159,64,Female,Hyderabad,West,2020-01-01
CUST108160,23,Male,Chennai,South,2020-02-10
CUST108161,20,Female,Hyderabad,East,2021-11-02
CUST108162,27,Female,Mumbai,North,2020-07-30
CUST108163,22,Female,Delhi,East,2023-09-18
CUST108164,63,Other,Delhi,North,2024-01-09
CUST108165,43,Male,Hyderabad,East,2020-10-30
CUST108166,38,Other,Bangalore,West,2021-11-21
CUST108167,62,Female,Pune,South,2023-03-23
CUST108168,43,Female,Kolkata,East,2021-09-07
CUST108169,55,Male,Delhi,East,2021-06-06
CUST108170,61,Male,Hyderabad,North,2020-01-25
CUST108171,43,Female,Kolkata,West,2022-03-18
CUST108172,25,Female,Bangalore,West,2020-01-25
CUST108173,22,Other,Chennai,North,2021-08-18
CUST108174,32,Female,Pune,West,2023-02-03
CUST108175,33,Other,Bangalore,South,2023-02-16
CUST108176,18,Male,Mumbai,East,2020-04-17
CUST108177,33,Other,Chennai,North,2023-09-15
CUST108178,54,Female,Chennai,West,2020-06-28
CUST108179,20,Other,Chennai,South,2022-05-30
CUST108180,64,Other,Bangalore,South,2020-05-10
CUST108181,48,Male,Mumbai,West,2021-08-25
CUST108182,30,Other,Pune,West,2022-01-22
CUST108183,33,Female,Kolkata,North,2022-01-28
CUST108184,60,Other,Bangalore,West,2020-06-16
CUST108185,38,Other,Delhi,North,2020-08-10
CUST108186,19,Other,Delhi,East,2021-04-13
CUST108187,44,Female,Bangalore,South,2020-10-04
CUST108188,55,Other,Kolkata,North,2020-07-08
CUST108189,43,Female,Delhi,South,2021-06-14
CUST108190,55,Other,Kolkata,East,2021-09-12
CUST108191,63,Male,Chennai,West,2023-04-28
CUST108192,42,Male,Bangalore,North,2020-08-05
CUST108193,28,Male,Chennai,West,2023-08-15
CUST108194,25,Female,Delhi,South,2023-08-27
CUST108195,25,Female,Kolkata,North,2020-08-23
CUST108196,50,Female,Chennai,East,2020-06-16
CUST108197,24,Other,Delhi,East,2022-02-18
CUST108198,55,Female,Hyderabad,West,2020-07-11
CUST108199,38,Female,Mumbai,East,2020-08-29
CUST108200,25,Female,Chennai,East,2023-03-31
CUST108201,38,Female,Mumbai,West,2023-09-24
CUST108202,37,Male,Mumbai,West,2022-03-01
CUST108203,25,Other,Pune,North,2021-03-30
CUST108204,63,Male,Delhi,North,2023-03-04
CUST108205,48,Other,Bangalore,West,2020-07-11
CUST108206,46,Other,Kolkata,South,2023-11-26
CUST108207,26,Male,Hyderabad,South,2021-01-26
CUST108208,32,Female,Delhi,North,2021-08-23
CUST108209,47,Male,Pune,North,2022-12-01
CUST108210,43,Other,Pune,West,2020-04-02
CUST108211,27,Other,Hyderabad,South,2023-05-23
CUST108212,46,Female,Chennai,West,2020-12-14
CUST108213,33,Male,Kolkata,North,2021-05-27
CUST108214,53,Other,Pune,East,2023-09-20
CUST108215,37,Male,Bangalore,East,2023-11-23
CUST108216,62,Female,Delhi,East,2022-07-12
CUST108217,54,Female,Bangalore,West,2023-04-02
CUST108218,39,Other,Chennai,South,2020-04-15
CUST108219,24,Female,Delhi,North,2023-06-09
CUST108220,40,Other,Chennai,South,2022-09-18
CUST108221,58,Other,Kolkata,South,2021-12-17
CUST108222,57,Female,Kolkata,North,2023-04-15
CUST108223,46,Female,Bangalore,South,2023-08-10
CUST108224,33,Male,Bangalore,East,2023-07-12
CUST108225,55,Male,Kolkata,North,2022-02-26
CUST108226,45,Other,Mumbai,East,2023-07-17
CUST108227,55,Male,Kolkata,West,2023-05-20
CUST108228,48,Other,Hyderabad,East,2023-04-01
CUST108229,31,Female,Delhi,West,2022-04-02
CUST108230,50,Female,Hyderabad,West,2022-07-05
CUST108231,26,Male,Chennai,North,2022-12-12
CUST108232,44,Other,Kolkata,East,2023-06-10
CUST108233,41,Other,Kolkata,East,2024-01-01
CUST108234,30,Male,Pune,East,2022-05-03
CUST108235,43,Other,Chennai,North,2021-11-13
CUST108236,46,Other,Pune,West,2022-10-19
CUST108237,60,Female,Chennai,West,2022-08-08
CUST108238,45,Other,Hyderabad,West,2020-02-13
CUST108239,45,Other,Delhi,North,2021-08-25
CUST108240,25,Other,Chennai,North,2021-09-24
CUST108241,40,Male,Bangalore,South,2020-04-01
CUST108242,46,Male,Kolkata,East,2022-01-28
CUST108243,22,Male,Chennai,West,2021-12-31
CUST108244,59,Other,Delhi,South,2022-08-11
CUST108245,24,Other,Chennai,South,2024-01-01
CUST108246,59,Male,Kolkata,East,2020-12-02
CUST108247,53,Male,Mumbai,North,2023-08-10
CUST108248,58,Other,Chennai,South,2021-11-30
CUST108249,44,Other,Bangalore,North,2022-07-13
CUST108250,63,Female,Kolkata,North,2021-11-10
CUST108251,19,Male,Delhi,East,2022-08-24
CUST108252,42,Other,Hyderabad,South,2020-09-20
CUST108253,26,Male,Hyderabad,West,2020-04-14
CUST108254,44,Male,Kolkata,South,2020-08-11
CUST108255,18,Male,Pune,West,2023-12-13
CUST108256,40,Female,Mumbai,West,2022-09-04
CUST108257,27,Other,Delhi,North,2020-04-24
CUST108258,59,Other,Mumbai,West,2022-06-09
CUST108259,42,Male,Hyderabad,East,2023-06-12
CUST108260,20,Other,Mumbai,South,2023-07-21
CUST108261,23,Female,Bangalore,North,2023-06-07
CUST108262,23,Male,Hyderabad,North,2021-12-29
CUST108263,19,Female,Chennai,West,2020-02-03
CUST108264,35,Female,Bangalore,North,2023-11-12
CUST108265,40,Other,Bangalore,East,2022-06-13
CUST108266,19,Other,Pune,East,2021-04-06
CUST108267,29,Female,Bangalore,North,2021-03-24
CUST108268,39,Other,Delhi,North,2022-04-08
CUST108269,54,Female,Chennai,East,2023-05-22
CUST108270,37,Female,Chennai,West,2022-12-05
CUST108271,56,Male,Hyderabad,North,2021-02-08
CUST108272,41,Female,Delhi,West,2020-11-28
CUST108273,37,Female,Bangalore,North,2020-08-27
CUST108274,18,Other,Bangalore,East,2023-07-01
CUST108275,18,Male,Mumbai,North,2020-08-15
CUST108276,34,Other,Hyderabad,North,2022-01-02
CUST108277,18,Male,Hyderabad,North,2022-06-09
CUST108278,62,Other,Mumbai,East,2020-06-14
CUST108279,47,Female,Pune,East,2021-08-07
CUST108280,58,Male,Kolkata,East,2022-01-06
CUST108281,64,Male,Mumbai,South,2021-08-20
CUST108282,20,Male,Chennai,South,2021-08-15
CUST108283,63,Male,Delhi,South,2021-12-27
CUST108284,28,Other,Bangalore,South,2023-11-14
CUST108285,41,Other,Kolkata,East,2023-12-17
CUST108286,39,Male,Mumbai,North,2022-07-13
CUST108287,61,Male,Hyderabad,East,2023-12-05
CUST108288,62,Male,Kolkata,South,2021-10-10
CUST108289,43,Other,Delhi,West,2021-03-22
CUST108290,30,Male,Delhi,West,2023-11-27
CUST108291,18,Male,Hyderabad,East,2020-04-06
CUST108292,41,Male,Kolkata,North,2021-01-13
CUST108293,27,Other,Kolkata,South,2021-10-31
CUST108294,52,Female,Pune,North,2023-04-24
CUST108295,41,Female,Kolkata,North,2023-06-21
CUST108296,45,Other,Bangalore,North,2021-09-22
CUST108297,53,Female,Chennai,South,2021-12-08
CUST108298,33,Male,Mumbai,East,2021-05-17
CUST108299,57,Male,Hyderabad,South,2020-10-14
CUST108300,33,Other,Mumbai,South,2021-01-03
CUST108301,34,Other,Mumbai,East,2020-03-05
CUST108302,32,Female,Kolkata,East,2020-06-10
CUST108303,33,Female,Hyderabad,East,2021-08-19
CUST108304,32,Male,Kolkata,West,2022-07-15
CUST108305,51,Other,Pune,West,2021-07-24
CUST108306,28,Female,Kolkata,East,2022-08-31
CUST108307,18,Female,Pune,North,2021-10-23
CUST108308,32,Male,Pune,West,2023-12-12
CUST108309,43,Male,Bangalore,South,2021-04-25
CUST108310,21,Male,Bangalore,South,2020-09-25
CUST108311,60,Male,Bangalore,West,2022-01-05
CUST108312,22,Female,Bangalore,South,2021-07-20
CUST108313,52,Other,Delhi,East,2023-04-28
CUST108314,30,Other,Bangalore,South,2021-02-09
CUST108315,27,Male,Bangalore,West,2022-02-03
CUST108316,28,Male,Bangalore,North,2023-08-28
CUST108317,35,Female,Pune,South,2022-05-15
CUST108318,51,Male,Mumbai,South,2023-01-22
CUST108319,56,Other,Hyderabad,North,2021-01-24
CUST108320,58,Male,Mumbai,West,2021-06-30
CUST108321,59,Other,Mumbai,North,2023-12-05
CUST108322,40,Male,Chennai,South,2023-05-20
CUST108323,24,Male,Delhi,West,2023-10-24
CUST108324,56,Other,Pune,East,2022-01-11
CUST108325,20,Female,Kolkata,West,2023-04-06
CUST108326,29,Female,Pune,West,2022-11-03
CUST108327,24,Male,Bangalore,East,2021-08-08
CUST108328,43,Male,Mumbai,West,2022-05-23
CUST108329,50,Other,Pune,South,2023-05-15
CUST108330,54,Other,Delhi,South,2020-02-12
CUST108331,32,Male,Bangalore,South,2022-05-29
CUST108332,19,Other,Chennai,South,2024-01-05
CUST108333,58,Female,Kolkata,East,2022-06-29
CUST108334,24,Female,Bangalore,South,2021-08-29
CUST108335,49,Other,Hyderabad,West,2023-11-19
CUST108336,21,Other,Kolkata,North,2020-08-25
CUST108337,37,Other,Pune,East,2021-12-19
CUST108338,53,Female,Bangalore,East,2022-01-11
CUST108339,49,Male,Chennai,North,2021-02-07
CUST108340,45,Other,Pune,South,2020-08-01
CUST108341,30,Other,Delhi,South,2022-04-25
CUST108342,18,Other,Kolkata,West,2023-10-29
CUST108343,52,Male,Kolkata,South,2020-05-11
CUST108344,47,Other,Delhi,South,2020-01-09
CUST108345,53,Other,Hyderabad,West,2020-06-01
CUST108346,42,Female,Kolkata,South,2021-03-06
CUST108347,33,Other,Pune,North,2021-04-27
CUST108348,36,Female,Mumbai,South,2020-10-31
CUST108349,18,Male,Hyderabad,North,2020-10-10
CUST108350,22,Other,Delhi,North,2021-04-16
CUST108351,39,Other,Chennai,North,2022-09-19
CUST108352,41,Female,Hyderabad,South,2020-07-08
CUST108353,60,Male,Bangalore,South,2021-05-26
CUST108354,62,Male,Bangalore,East,2020-12-08
CUST108355,54,Female,Delhi,West,2023-12-24
CUST108356,53,Male,Mumbai,West,2021-12-15
CUST108357,53,Male,Pune,East,2021-11-10
CUST108358,21,Male,Chennai,North,2022-11-23
CUST108359,53,Male,Bangalore,West,2021-04-15
CUST108360,35,Male,Bangalore,East,2023-11-18
CUST108361,33,Male,Pune,North,2022-01-10
CUST108362,58,Male,Mumbai,East,2021-05-27
CUST108363,35,Male,Kolkata,South,2023-09-07
CUST108364,39,Other,Hyderabad,South,2023-02-12
CUST108365,19,Female,Delhi,North,2023-05-22
CUST108366,38,Male,Mumbai,North,2020-05-24
CUST108367,53,Female,Mumbai,South,2021-07-12
CUST108368,61,Male,Mumbai,West,2022-03-02
CUST108369,56,Male,Mumbai,West,2023-04-16
CUST108370,64,Other,Kolkata,South,2020-12-25
CUST108371,56,Female,Pune,West,2020-10-11
CUST108372,46,Female,Chennai,South,2023-06-22
CUST108373,43,Other,Hyderabad,East,2022-02-03
CUST108374,38,Other,Mumbai,East,2023-05-14
CUST108375,34,Female,Hyderabad,East,2021-08-06
CUST108376,33,Male,Mumbai,West,2023-09-27
CUST108377,48,Male,Delhi,East,2021-12-27
CUST108378,26,Female,Bangalore,North,2023-10-15
CUST108379,48,Male,Kolkata,North,2023-03-10
CUST108380,31,Other,Mumbai,East,2022-08-17
CUST108381,54,Other,Chennai,North,2023-05-30
CUST108382,19,Other,Chennai,East,2023-11-13
CUST108383,63,Female,Chennai,East,2023-09-15
CUST108384,31,Female,Delhi,South,2022-01-12
CUST108385,50,Female,Chennai,East,2023-11-17
CUST108386,52,Male,Pune,North,2021-10-15
CUST108387,56,Female,Delhi,West,2020-12-23
CUST108388,64,Female,Kolkata,East,2023-11-18
CUST108389,37,Other,Chennai,South,2021-08-09
CUST108390,19,Male,Bangalore,North,2020-02-09
CUST108391,58,Male,Mumbai,South,2022-06-20
CUST108392,36,Other,Kolkata,East,2020-09-29
CUST108393,54,Male,Pune,East,2023-12-14
CUST108394,35,Female,Bangalore,East,2022-12-29
CUST108395,33,Male,Kolkata,East,2022-04-08
CUST108396,21,Other,Pune,North,2021-09-14
CUST108397,29,Male,Chennai,West,2021-04-02
CUST108398,46,Other,Kolkata,East,2020-08-21
CUST108399,24,Female,Kolkata,South,2020-07-15
CUST108400,31,Female,Kolkata,North,2021-06-19
CUST108401,29,Other,Delhi,North,2022-07-26
CUST108402,52,Female,Bangalore,North,2020-05-26
CUST108403,22,Female,Hyderabad,South,2021-07-27
CUST108404,34,Male,Pune,West,2024-01-22
CUST108405,59,Female,Chennai,South,2022-12-26
CUST108406,49,Other,Mumbai,South,2020-01-30
CUST108407,27,Female,Chennai,South,2020-04-16
CUST108408,60,Male,Chennai,East,2021-01-24
CUST108409,34,Other,Delhi,East,2022-05-28
CUST108410,22,Female,Delhi,South,2021-02-09
CUST108411,62,Female,Kolkata,South,2023-02-18
CUST108412,59,Female,Chennai,East,2022-10-31
CUST108413,26,Other,Bangalore,East,2021-08-06
CUST108414,50,Male,Delhi,West,2020-12-12
CUST108415,53,Other,Pune,South,2023-06-30
CUST108416,53,Other,Delhi,North,2022-03-07
CUST108417,35,Male,Bangalore,West,2020-04-28
CUST108418,26,Other,Delhi,North,2021-06-03
CUST108419,46,Other,Hyderabad,West,2023-05-23
CUST108420,31,Female,Bangalore,South,2022-01-02
CUST108421,42,Other,Hyderabad,North,2020-03-20
CUST108422,32,Female,Hyderabad,East,2021-02-22
CUST108423,23,Other,Mumbai,West,2021-08-06
CUST108424,59,Female,Bangalore,North,2021-12-12
CUST108425,46,Female,Mumbai,West,2023-08-05
CUST108426,32,Female,Pune,South,2020-08-21
CUST108427,46,Male,Kolkata,North,2020-09-17
CUST108428,21,Other,Kolkata,North,2022-07-21
CUST108429,35,Other,Hyderabad,North,2021-10-18
CUST108430,61,Other,Delhi,West,2022-11-11
CUST108431,56,Male,Bangalore,East,2020-03-18
CUST108432,33,Female,Delhi,East,2022-01-11
CUST108433,28,Other,Bangalore,East,2021-11-02
CUST108434,31,Male,Delhi,South,2022-11-03
CUST108435,20,Male,Kolkata,North,2023-03-17
CUST108436,59,Other,Pune,East,2020-01-30
CUST108437,55,Female,Kolkata,East,2021-03-13
CUST108438,62,Male,Delhi,North,2020-03-03
CUST108439,59,Other,Bangalore,South,2023-12-24
CUST108440,35,Female,Chennai,West,2023-03-04
CUST108441,37,Male,Pune,West,2020-06-05
CUST108442,42,Male,Bangalore,West,2021-07-22
CUST108443,55,Other,Delhi,North,2022-07-31
CUST108444,30,Other,Bangalore,South,2022-02-15
CUST108445,21,Female,Mumbai,North,2020-09-10
CUST108446,31,Other,Bangalore,West,2022-10-03
CUST108447,50,Other,Kolkata,East,2023-04-25
CUST108448,45,Female,Hyderabad,East,2022-05-22
CUST108449,54,Other,Kolkata,East,2023-11-03
CUST108450,25,Female,Mumbai,West,2023-09-12
CUST108451,61,Female,Pune,South,2020-07-17
CUST108452,51,Female,Bangalore,West,2022-05-30
CUST108453,61,Other,Pune,North,2023-04-09
CUST108454,22,Female,Chennai,South,2023-08-31
CUST108455,22,Other,Bangalore,East,2020-01-06
CUST108456,48,Female,Kolkata,South,2023-07-03
CUST108457,62,Other,Hyderabad,South,2022-03-31
CUST108458,26,Female,Kolkata,West,2023-09-05
CUST108459,59,Male,Pune,South,2020-09-04
CUST108460,49,Male,Delhi,West,2020-01-04
CUST108461,50,Male,Kolkata,North,2021-05-27
CUST108462,20,Female,Delhi,South,2022-04-17
CUST108463,47,Other,Kolkata,South,2021-05-20
CUST108464,29,Female,Kolkata,South,2020-01-31
CUST108465,46,Female,Hyderabad,East,2023-07-22
CUST108466,20,Female,Chennai,West,2021-12-09
CUST108467,43,Female,Delhi,West,2022-06-04
CUST108468,47,Other,Delhi,East,2023-09-10
CUST108469,26,Female,Kolkata,West,2023-04-15
CUST108470,43,Male,Delhi,North,2023-08-03
CUST108471,19,Male,Kolkata,East,2022-01-17
CUST108472,20,Male,Kolkata,West,2020-03-19
CUST108473,63,Female,Pune,North,2020-08-30
CUST108474,21,Other,Bangalore,West,2021-05-15
CUST108475,42,Other,Delhi,East,2020-07-23
CUST108476,30,Other,Hyderabad,West,2024-01-23
CUST108477,56,Female,Mumbai,North,2023-11-07
CUST108478,61,Other,Pune,North,2021-12-23
CUST108479,52,Male,Delhi,North,2020-11-28
CUST108480,40,Other,Hyderabad,West,2021-08-25
CUST108481,26,Female,Delhi,East,2020-06-14
CUST108482,19,Female,Chennai,West,2020-06-09
CUST108483,58,Other,Mumbai,South,2020-01-06
CUST108484,61,Female,Mumbai,East,2020-07-23
CUST108485,48,Other,Hyderabad,South,2021-06-15
CUST108486,61,Other,Chennai,West,2023-01-28
CUST108487,64,Male,Chennai,East,2020-02-14
CUST108488,19,Female,Delhi,South,2021-04-01
CUST108489,49,Male,Bangalore,West,2020-08-14
CUST108490,35,Female,Hyderabad,East,2023-08-31
CUST108491,30,Other,Chennai,North,2020-02-21
CUST108492,63,Female,Mumbai,North,2023-03-15
CUST108493,22,Other,Hyderabad,North,2023-07-28
CUST108494,59,Female,Mumbai,South,2023-02-20
CUST108495,61,Male,Delhi,South,2021-04-15
CUST108496,27,Male,Hyderabad,West,2022-06-15
CUST108497,60,Other,Bangalore,North,2023-08-13
CUST108498,42,Male,Kolkata,South,2021-09-05
CUST108499,51,Other,Hyderabad,North,2021-05-26
CUST108500,54,Other,Chennai,West,2022-02-24
CUST108501,47,Other,Chennai,East,2023-05-10
CUST108502,24,Female,Delhi,South,2021-02-18
CUST108503,23,Other,Pune,South,2021-09-05
CUST108504,20,Male,Pune,East,2023-12-16
CUST108505,30,Female,Bangalore,South,2021-06-03
CUST108506,20,Male,Mumbai,West,2021-11-04
CUST108507,43,Other,Mumbai,South,2023-01-01
CUST108508,41,Other,Kolkata,South,2020-12-10
CUST108509,23,Male,Mumbai,East,2022-11-16
CUST108510,60,Female,Pune,West,2023-04-07
CUST108511,59,Male,Pune,North,2022-02-13
CUST108512,29,Other,Chennai,North,2021-08-07
CUST108513,53,Female,Kolkata,East,2023-05-17
CUST108514,19,Other,Bangalore,West,2022-05-29
CUST108515,28,Other,Kolkata,East,2022-06-16
CUST108516,56,Male,Hyderabad,East,2022-04-27
CUST108517,51,Other,Bangalore,North,2021-12-25
CUST108518,43,Male,Pune,West,2021-10-18
CUST108519,35,Female,Mumbai,West,2021-09-02
CUST108520,38,Other,Delhi,East,2023-08-26
CUST108521,53,Other,Kolkata,North,2022-10-20
CUST108522,57,Female,Kolkata,West,2022-08-04
CUST108523,63,Male,Chennai,East,2020-06-28
CUST108524,61,Other,Chennai,South,2021-10-08
CUST108525,39,Female,Pune,North,2021-03-13
CUST108526,47,Other,Bangalore,West,2021-01-29
CUST108527,60,Male,Delhi,West,2021-08-16
CUST108528,47,Male,Hyderabad,West,2020-02-26
CUST108529,25,Male,Chennai,North,2023-04-12
CUST108530,51,Male,Chennai,East,2020-11-21
CUST108531,64,Female,Mumbai,South,2020-11-17
CUST108532,26,Other,Mumbai,West,2020-07-01
CUST108533,37,Female,Pune,North,2020-08-22
CUST108534,57,Male,Pune,West,2021-09-10
CUST108535,42,Male,Chennai,East,2023-04-24
CUST108536,36,Male,Bangalore,South,2020-09-22
CUST108537,22,Male,Hyderabad,West,2022-10-05
CUST108538,28,Other,Delhi,North,2022-04-21
CUST108539,32,Male,Chennai,East,2020-11-24
CUST108540,25,Other,Bangalore,South,2023-10-20
CUST108541,36,Male,Bangalore,North,2021-11-13
CUST108542,40,Other,Chennai,West,2020-01-24
CUST108543,44,Other,Bangalore,North,2023-07-08
CUST108544,57,Male,Kolkata,South,2023-10-10
CUST108545,49,Female,Bangalore,East,2020-07-14
CUST108546,43,Female,Chennai,East,2021-09-02
CUST108547,44,Female,Bangalore,West,2023-09-18
CUST108548,36,Female,Hyderabad,West,2021-09-04
CUST108549,59,Female,Chennai,West,2021-09-23
CUST108550,46,Male,Mumbai,West,2020-11-16
CUST108551,56,Male,Chennai,South,2024-01-10
CUST108552,58,Male,Bangalore,West,2023-11-01
CUST108553,50,Male,Chennai,North,2020-07-21
CUST108554,36,Male,Delhi,South,2023-01-18
CUST108555,54,Male,Chennai,South,2020-06-25
CUST108556,36,Other,Chennai,West,2021-09-18
CUST108557,50,Other,Delhi,South,2020-02-01
CUST108558,64,Male,Delhi,North,2022-08-03
CUST108559,33,Male,Delhi,South,2021-12-27
CUST108560,40,Other,Pune,South,2022-08-11
CUST108561,24,Other,Kolkata,North,2022-03-30
CUST108562,43,Male,Pune,North,2022-03-01
CUST108563,49,Other,Chennai,South,2020-08-30
CUST108564,29,Female,Pune,East,2020-03-10
CUST108565,25,Female,Pune,South,2022-10-11
CUST108566,22,Female,Delhi,North,2022-12-30
CUST108567,59,Other,Delhi,North,2020-06-06
CUST108568,45,Male,Mumbai,North,2021-07-02
CUST108569,22,Male,Pune,East,2020-11-21
CUST108570,43,Male,Kolkata,North,2022-11-24
CUST108571,22,Other,Chennai,West,2021-04-04
CUST108572,39,Other,Hyderabad,West,2021-02-19
CUST108573,32,Female,Hyderabad,East,2021-07-24
CUST108574,30,Other,Bangalore,North,2022-06-04
CUST108575,45,Female,Kolkata,North,2023-12-13
CUST108576,50,Female,Kolkata,West,2021-05-25
CUST108577,60,Male,Mumbai,West,2021-01-02
CUST108578,40,Other,Chennai,South,2022-06-30
CUST108579,50,Male,Chennai,East,2022-06-01
CUST108580,60,Male,Delhi,South,2020-07-25
CUST108581,35,Other,Delhi,East,2023-10-16
CUST108582,47,Other,Kolkata,North,2023-12-30
CUST108583,43,Female,Mumbai,North,2021-07-31
CUST108584,33,Female,Chennai,East,2023-07-17
CUST108585,30,Female,Mumbai,South,2023-06-10
CUST108586,56,Female,Bangalore,West,2021-10-30
CUST108587,50,Male,Hyderabad,East,2020-04-15
CUST108588,43,Male,Chennai,East,2021-10-27
CUST108589,18,Other,Delhi,East,2022-11-07
CUST108590,55,Female,Kolkata,North,2020-09-16
CUST108591,19,Female,Mumbai,East,2020-11-08
CUST108592,23,Female,Hyderabad,North,2021-09-22
CUST108593,63,Male,Hyderabad,West,2023-01-30
CUST108594,55,Other,Hyderabad,West,2021-06-20
CUST108595,59,Male,Delhi,South,2023-04-18
CUST108596,41,Other,Kolkata,North,2021-11-04
CUST108597,35,Other,Delhi,West,2023-11-24
CUST108598,44,Male,Chennai,West,2020-12-15
CUST108599,58,Male,Mumbai,South,2020-08-02
CUST108600,25,Other,Bangalore,South,2023-11-07
CUST108601,45,Male,Pune,South,2023-02-21
CUST108602,27,Male,Hyderabad,North,2023-08-08
CUST108603,34,Other,Delhi,East,2020-11-23
CUST108604,46,Other,Pune,North,2022-04-26
CUST108605,23,Female,Mumbai,South,2020-04-07
CUST108606,31,Male,Chennai,East,2021-10-20
CUST108607,39,Other,Delhi,West,2020-10-26
CUST108608,23,Male,Chennai,North,2020-01-30
CUST108609,43,Male,Bangalore,South,2023-01-02
CUST108610,56,Other,Hyderabad,South,2020-06-20
CUST108611,29,Female,Bangalore,East,2022-10-14
CUST108612,52,Other,Hyderabad,North,2022-07-11
CUST108613,31,Other,Kolkata,West,2020-03-24
CUST108614,39,Male,Kolkata,West,2022-09-11
CUST108615,40,Female,Kolkata,East,2023-08-06
CUST108616,24,Other,Chennai,East,2021-09-30
CUST108617,57,Male,Kolkata,West,2020-03-25
CUST108618,42,Other,Mumbai,East,2023-07-01
CUST108619,30,Male,Pune,East,2021-10-25
CUST108620,38,Other,Pune,North,2021-06-02
CUST108621,58,Female,Chennai,East,2024-01-15
CUST108622,27,Other,Chennai,South,2023-08-23
CUST108623,26,Male,Kolkata,South,2020-07-02
CUST108624,32,Other,Hyderabad,South,2022-08-30
CUST108625,19,Female,Pune,East,2023-08-30
CUST108626,42,Female,Pune,West,2020-12-06
CUST108627,30,Female,Kolkata,South,2020-08-14
CUST108628,51,Female,Chennai,North,2022-04-16
CUST108629,51,Male,Bangalore,East,2020-09-20
CUST108630,52,Other,Hyderabad,West,2021-03-25
CUST108631,55,Female,Bangalore,West,2023-06-28
CUST108632,20,Other,Kolkata,East,2023-12-02
CUST108633,59,Male,Bangalore,East,2020-06-18
CUST108634,23,Other,Mumbai,North,2021-07-19
CUST108635,36,Other,Mumbai,East,2020-05-11
CUST108636,20,Female,Mumbai,East,2022-04-06
CUST108637,35,Female,Chennai,West,2021-08-28
CUST108638,56,Male,Chennai,South,2022-12-05
CUST108639,26,Other,Chennai,South,2020-12-15
CUST108640,29,Male,Chennai,West,2020-04-08
CUST108641,22,Male,Chennai,East,2022-11-26
CUST108642,20,Male,Kolkata,North,2024-01-01
CUST108643,28,Female,Bangalore,South,2022-10-05
CUST108644,47,Female,Kolkata,East,2020-03-15
CUST108645,21,Other,Bangalore,South,2020-02-27
CUST108646,22,Other,Kolkata,West,2022-11-08
CUST108647,18,Other,Mumbai,South,2021-02-05
CUST108648,44,Female,Delhi,West,2020-07-06
CUST108649,45,Female,Chennai,West,2020-05-18
CUST108650,46,Male,Delhi,West,2020-05-22
CUST108651,35,Female,Delhi,North,2020-04-17
CUST108652,29,Male,Mumbai,East,2020-08-08
CUST108653,30,Male,Delhi,West,2020-05-24
CUST108654,58,Female,Delhi,West,2022-05-07
CUST108655,19,Male,Mumbai,South,2021-05-24
CUST108656,54,Male,Bangalore,East,2021-01-10
CUST108657,62,Other,Kolkata,North,2020-01-05
CUST108658,33,Male,Pune,North,2021-01-22
CUST108659,41,Female,Delhi,South,2021-07-21
CUST108660,52,Female,Chennai,North,2022-09-10
CUST108661,39,Male,Mumbai,South,2021-07-13
CUST108662,53,Other,Hyderabad,East,2023-04-01
CUST108663,28,Female,Hyderabad,South,2020-12-30
CUST108664,63,Female,Delhi,South,2021-02-20
CUST108665,46,Other,Pune,West,2020-01-21
CUST108666,52,Male,Bangalore,North,2021-09-05
CUST108667,32,Female,Bangalore,East,2021-05-31
CUST108668,48,Male,Pune,East,2023-05-05
CUST108669,59,Male,Chennai,West,2021-10-22
CUST108670,58,Male,Delhi,South,2023-09-30
CUST108671,60,Male,Chennai,East,2020-11-25
CUST108672,33,Female,Bangalore,East,2021-01-12
CUST108673,27,Other,Hyderabad,South,2023-05-19
CUST108674,49,Female,Bangalore,South,2020-06-08
CUST108675,19,Other,Kolkata,East,2021-10-19
CUST108676,41,Male,Bangalore,South,2020-12-19
CUST108677,40,Other,Mumbai,North,2023-06-17
CUST108678,19,Male,Kolkata,East,2020-03-19
CUST108679,55,Female,Chennai,South,2020-05-31
CUST108680,48,Female,Bangalore,East,2021-05-31
CUST108681,57,Other,Pune,East,2021-01-17
CUST108682,43,Male,Mumbai,West,2021-11-23
CUST108683,46,Male,Kolkata,North,2020-12-17
CUST108684,20,Other,Mumbai,North,2023-05-09
CUST108685,31,Male,Kolkata,West,2022-08-08
CUST108686,42,Male,Kolkata,West,2020-05-12
CUST108687,18,Male,Kolkata,East,2021-09-25
CUST108688,20,Female,Pune,North,2020-06-17
CUST108689,43,Female,Chennai,West,2022-05-15
CUST108690,35,Female,Kolkata,South,2021-01-25
CUST108691,26,Male,Kolkata,East,2023-11-09
CUST108692,55,Female,Mumbai,North,2022-03-30
CUST108693,40,Male,Kolkata,East,2020-04-07
CUST108694,38,Male,Chennai,East,2023-11-01
CUST108695,18,Other,Hyderabad,South,2022-09-18
CUST108696,38,Male,Pune,South,2022-02-18
CUST108697,44,Female,Pune,West,2020-12-05
CUST108698,59,Female,Mumbai,South,2020-05-11
CUST108699,23,Male,Hyderabad,North,2020-07-28
CUST108700,61,Female,Kolkata,West,2022-10-25
CUST108701,53,Male,Mumbai,North,2021-01-11
CUST108702,45,Other,Pune,North,2021-10-01
CUST108703,62,Male,Chennai,West,2022-12-13
CUST108704,34,Male,Mumbai,South,2023-05-06
CUST108705,57,Other,Chennai,East,2021-03-16
CUST108706,20,Female,Hyderabad,South,2023-04-18
CUST108707,29,Other,Hyderabad,North,2020-08-28
CUST108708,56,Other,Bangalore,North,2023-09-05
CUST108709,29,Male,Kolkata,West,2021-05-15
CUST108710,19,Male,Chennai,North,2020-01-23
CUST108711,63,Other,Kolkata,West,2021-09-23
CUST108712,39,Female,Hyderabad,West,2022-10-13
CUST108713,40,Other,Chennai,South,2023-04-18
CUST108714,47,Female,Delhi,North,2020-06-23
CUST108715,22,Other,Hyderabad,South,2020-07-16
CUST108716,26,Other,Delhi,East,2024-01-17
CUST108717,38,Female,Delhi,South,2020-04-08
CUST108718,28,Other,Hyderabad,North,2022-01-14
CUST108719,22,Male,Chennai,East,2023-12-21
CUST108720,52,Other,Pune,North,2021-03-28
CUST108721,44,Male,Pune,East,2023-04-29
CUST108722,19,Female,Kolkata,North,2022-08-31
CUST108723,41,Female,Delhi,South,2021-05-13
CUST108724,48,Male,Kolkata,North,2023-04-29
CUST108725,50,Other,Chennai,West,2020-05-20
CUST108726,56,Male,Kolkata,West,2022-02-11
CUST108727,47,Male,Kolkata,South,2020-06-23
CUST108728,63,Female,Delhi,South,2021-02-23
CUST108729,54,Male,Hyderabad,East,2021-11-06
CUST108730,45,Other,Pune,South,2023-12-28
CUST108731,48,Male,Mumbai,West,2024-01-03
CUST108732,28,Female,Bangalore,South,2021-06-15
CUST108733,40,Other,Chennai,West,2022-07-06
CUST108734,19,Female,Chennai,South,2020-12-26
CUST108735,57,Male,Chennai,West,2021-03-21
CUST108736,58,Male,Bangalore,East,2021-07-09
CUST108737,44,Female,Mumbai,North,2021-12-08
CUST108738,52,Female,Pune,North,2023-10-12
CUST108739,19,Other,Kolkata,West,2021-07-14
CUST108740,56,Female,Pune,South,2022-09-23
CUST108741,54,Female,Chennai,South,2020-02-28
CUST108742,38,Male,Kolkata,North,2022-06-03
CUST108743,22,Male,Delhi,West,2023-04-05
CUST108744,62,Female,Pune,South,2022-08-24
CUST108745,38,Female,Delhi,North,2022-08-02
CUST108746,46,Male,Delhi,West,2020-09-19
CUST108747,37,Other,Hyderabad,East,2023-12-25
CUST108748,55,Other,Pune,South,2020-07-14
CUST108749,37,Other,Chennai,South,2020-12-19
CUST108750,42,Other,Bangalore,West,2022-06-04
CUST108751,19,Male,Chennai,North,2022-07-29
CUST108752,49,Female,Delhi,West,2022-07-03
CUST108753,43,Other,Delhi,North,2020-02-16
CUST108754,23,Male,Chennai,West,2022-01-22
CUST108755,58,Female,Bangalore,East,2023-08-25
CUST108756,20,Other,Bangalore,South,2020-08-17
CUST108757,50,Female,Hyderabad,North,2023-12-05
CUST108758,18,Other,Kolkata,East,2022-01-26
CUST108759,22,Female,Mumbai,West,2020-11-11
CUST108760,30,Other,Delhi,North,2022-01-31
CUST108761,36,Other,Bangalore,North,2023-01-05
CUST108762,29,Female,Pune,East,2020-03-02
CUST108763,42,Female,Hyderabad,West,2020-08-25
CUST108764,52,Female,Delhi,East,2020-03-18
CUST108765,29,Male,Mumbai,West,2022-01-03
CUST108766,47,Male,Pune,East,2021-07-12
CUST108767,22,Female,Delhi,East,2022-08-01
CUST108768,51,Male,Hyderabad,East,2021-10-11
CUST108769,39,Other,Hyderabad,East,2023-12-10
CUST108770,56,Female,Bangalore,West,2022-11-13
CUST108771,30,Male,Kolkata,South,2022-11-18
CUST108772,64,Female,Chennai,East,2023-03-04
CUST108773,20,Other,Hyderabad,West,2020-12-16
CUST108774,37,Other,Pune,South,2022-07-01
CUST108775,48,Male,Chennai,North,2020-12-15
CUST108776,22,Other,Bangalore,North,2023-07-28
CUST108777,41,Female,Bangalore,East,2021-04-20
CUST108778,57,Male,Pune,North,2020-10-18
CUST108779,50,Female,Mumbai,East,2023-04-27
CUST108780,25,Female,Hyderabad,East,2023-12-13
CUST108781,41,Female,Pune,South,2022-06-06
CUST108782,37,Other,Delhi,North,2021-04-12
CUST108783,33,Female,Mumbai,East,2023-05-14
CUST108784,29,Other,Chennai,North,2023-06-19
CUST108785,30,Female,Delhi,South,2020-11-01
CUST108786,62,Other,Mumbai,North,2023-04-22
CUST108787,59,Other,Chennai,South,2021-04-22
CUST108788,56,Other,Delhi,South,2023-02-25
CUST108789,42,Female,Kolkata,South,2021-03-24
CUST108790,63,Female,Hyderabad,East,2020-08-17
CUST108791,49,Other,Pune,West,2022-11-30
CUST108792,41,Female,Pune,East,2022-03-03
CUST108793,64,Other,Pune,North,2021-11-04
CUST108794,61,Female,Kolkata,East,2023-11-16
CUST108795,26,Other,Hyderabad,East,2022-04-03
CUST108796,57,Other,Mumbai,West,2023-09-25
CUST108797,40,Male,Hyderabad,North,2022-04-15
CUST108798,30,Female,Bangalore,South,2022-11-10
CUST108799,49,Female,Delhi,South,2020-12-12
CUST108800,32,Male,Mumbai,North,2020-01-10
CUST108801,53,Other,Bangalore,East,2020-03-27
CUST108802,22,Other,Pune,West,2021-06-28
CUST108803,39,Male,Pune,West,2022-05-22
CUST108804,33,Male,Pune,North,2023-09-24
CUST108805,58,Other,Bangalore,North,2021-12-15
CUST108806,27,Female,Delhi,East,2020-01-04
CUST108807,41,Male,Delhi,West,2022-11-12
CUST108808,35,Male,Bangalore,North,2023-05-05
CUST108809,35,Male,Chennai,East,2022-06-19
CUST108810,24,Male,Pune,East,2020-09-29
CUST108811,21,Male,Mumbai,North,2024-01-14
CUST108812,43,Male,Delhi,West,2023-02-04
CUST108813,22,Other,Hyderabad,South,2022-05-30
CUST108814,33,Other,Bangalore,East,2023-11-02
CUST108815,52,Male,Chennai,South,2023-05-08
CUST108816,43,Other,Kolkata,East,2022-07-24
CUST108817,35,Female,Bangalore,West,2020-01-02
CUST108818,46,Female,Hyderabad,South,2023-02-18
CUST108819,40,Male,Chennai,North,2020-05-28
CUST108820,31,Female,Kolkata,East,2022-08-05
CUST108821,32,Female,Chennai,North,2020-05-31
CUST108822,50,Other,Delhi,North,2020-11-01
CUST108823,42,Other,Bangalore,West,2022-05-31
CUST108824,38,Other,Hyderabad,North,2021-04-19
CUST108825,34,Other,Kolkata,East,2023-10-19
CUST108826,40,Female,Chennai,North,2022-03-17
CUST108827,60,Male,Kolkata,North,2022-12-30
CUST108828,34,Other,Mumbai,East,2020-02-02
CUST108829,31,Female,Hyderabad,North,2023-03-26
CUST108830,46,Other,Bangalore,West,2023-09-15
CUST108831,37,Female,Delhi,East,2022-02-16
CUST108832,47,Other,Kolkata,West,2023-11-11
CUST108833,36,Male,Pune,North,2023-03-28
CUST108834,56,Other,Chennai,South,2022-03-05
CUST108835,30,Male,Pune,West,2023-06-04
CUST108836,35,Other,Kolkata,West,2023-06-29
CUST108837,40,Other,Hyderabad,North,2021-01-01
CUST108838,63,Other,Pune,South,2020-09-18
CUST108839,50,Female,Chennai,East,2021-10-07
CUST108840,56,Female,Kolkata,South,2021-06-21
CUST108841,57,Male,Delhi,East,2022-12-02
CUST108842,35,Male,Delhi,North,2020-01-16
CUST108843,26,Female,Bangalore,South,2020-04-14
CUST108844,50,Male,Delhi,North,2022-03-01
CUST108845,49,Male,Kolkata,West,2023-05-11
CUST108846,34,Female,Hyderabad,South,2021-12-20
CUST108847,36,Female,Kolkata,East,2022-12-18
CUST108848,44,Female,Delhi,West,2022-10-05
CUST108849,23,Female,Mumbai,East,2020-02-17
CUST108850,52,Other,Kolkata,West,2021-10-21
CUST108851,54,Female,Bangalore,East,2023-07-24
CUST108852,51,Male,Mumbai,East,2023-12-06
CUST108853,37,Other,Delhi,North,2023-04-16
CUST108854,42,Other,Hyderabad,West,2022-03-11
CUST108855,21,Male,Chennai,North,2020-04-23
CUST108856,27,Other,Kolkata,North,2020-10-22
CUST108857,27,Male,Chennai,North,2021-03-13
CUST108858,41,Other,Pune,North,2020-09-22
CUST108859,38,Other,Bangalore,East,2020-06-10
CUST108860,28,Male,Mumbai,North,2021-05-18
CUST108861,44,Male,Chennai,North,2022-11-25
CUST108862,33,Male,Bangalore,North,2021-08-09
CUST108863,43,Male,Chennai,East,2021-04-02
CUST108864,47,Female,Chennai,West,2022-10-02
CUST108865,33,Female,Bangalore,East,2023-10-26
CUST108866,24,Male,Kolkata,East,2020-09-28
CUST108867,33,Female,Chennai,East,2023-04-17
CUST108868,52,Male,Bangalore,West,2021-04-24
CUST108869,33,Male,Chennai,North,2022-08-14
CUST108870,57,Other,Hyderabad,North,2020-06-07
CUST108871,29,Male,Kolkata,West,2022-01-24
CUST108872,52,Male,Hyderabad,West,2020-07-22
CUST108873,38,Male,Hyderabad,South,2022-03-05
CUST108874,60,Male,Bangalore,North,2023-07-25
CUST108875,53,Other,Hyderabad,East,2023-03-12
CUST108876,34,Male,Chennai,East,2021-05-26
CUST108877,49,Other,Delhi,North,2020-04-25
CUST108878,58,Male,Kolkata,West,2021-01-26
CUST108879,23,Other,Chennai,South,2023-09-28
CUST108880,41,Female,Mumbai,East,2023-10-28
CUST108881,44,Other,Bangalore,South,2021-11-18
CUST108882,37,Other,Chennai,East,2022-07-18
CUST108883,42,Male,Kolkata,East,2021-12-26
CUST108884,19,Other,Hyderabad,North,2021-01-03
CUST108885,26,Other,Kolkata,East,2023-05-23
CUST108886,45,Male,Mumbai,South,2021-07-22
CUST108887,55,Female,Hyderabad,South,2022-06-19
CUST108888,20,Female,Mumbai,North,2022-01-10
CUST108889,37,Female,Pune,East,2020-11-22
CUST108890,23,Other,Pune,South,2020-02-06
CUST108891,56,Male,Chennai,West,2022-09-12
CUST108892,50,Female,Delhi,North,2021-01-14
CUST108893,18,Female,Hyderabad,West,2022-03-06
CUST108894,54,Female,Kolkata,South,2023-09-09
CUST108895,23,Female,Delhi,West,2021-01-03
CUST108896,62,Male,Hyderabad,North,2020-08-11
CUST108897,51,Female,Hyderabad,West,2022-03-24
CUST108898,64,Other,Hyderabad,South,2023-01-28
CUST108899,32,Other,Hyderabad,West,2023-01-03
CUST108900,62,Male,Delhi,West,2021-12-24
CUST108901,43,Female,Chennai,West,2023-12-31
CUST108902,31,Female,Bangalore,East,2021-12-03
CUST108903,24,Other,Bangalore,South,2023-10-23
CUST108904,63,Male,Bangalore,West,2020-03-03
CUST108905,48,Other,Mumbai,South,2020-04-08
CUST108906,41,Male,Hyderabad,West,2022-02-15
CUST108907,48,Male,Hyderabad,North,2023-06-02
CUST108908,46,Male,Kolkata,North,2020-03-15
CUST108909,59,Other,Mumbai,North,2020-07-02
CUST108910,49,Male,Kolkata,West,2023-08-09
CUST108911,34,Other,Pune,South,2022-12-16
CUST108912,31,Other,Kolkata,North,2023-06-26
CUST108913,57,Female,Kolkata,East,2021-04-13
CUST108914,53,Other,Chennai,North,2020-05-19
CUST108915,41,Other,Bangalore,North,2020-12-24
CUST108916,62,Female,Hyderabad,East,2023-12-02
CUST108917,44,Female,Mumbai,North,2024-02-06
CUST108918,42,Female,Pune,West,2024-01-09
CUST108919,49,Male,Mumbai,West,2022-09-06
CUST108920,35,Male,Hyderabad,North,2023-06-09
CUST108921,63,Female,Chennai,South,2020-10-26
CUST108922,35,Male,Kolkata,South,2021-03-01
CUST108923,54,Female,Pune,North,2022-09-21
CUST108924,43,Male,Bangalore,East,2020-06-09
CUST108925,26,Other,Hyderabad,West,2021-02-04
CUST108926,52,Male,Delhi,West,2023-11-02
CUST108927,25,Male,Delhi,West,2023-07-04
CUST108928,37,Other,Chennai,North,2022-01-10
CUST108929,59,Female,Bangalore,West,2022-05-11
CUST108930,39,Male,Delhi,North,2021-05-08
CUST108931,36,Male,Delhi,North,2021-05-03
CUST108932,47,Other,Hyderabad,South,2023-04-20
CUST108933,45,Other,Pune,East,2021-06-09
CUST108934,52,Other,Pune,East,2023-01-28
CUST108935,60,Other,Hyderabad,East,2022-01-06
CUST108936,28,Female,Mumbai,West,2020-12-23
CUST108937,48,Male,Hyderabad,South,2023-06-08
CUST108938,56,Male,Bangalore,South,2021-07-18
CUST108939,53,Male,Delhi,North,2022-10-26
CUST108940,47,Male,Pune,South,2020-03-30
CUST108941,40,Female,Hyderabad,North,2020-03-04
CUST108942,36,Male,Pune,South,2023-01-16
CUST108943,29,Female,Pune,North,2022-11-22
CUST108944,32,Female,Mumbai,West,2022-12-31
CUST108945,48,Other,Bangalore,South,2020-09-09
CUST108946,60,Other,Kolkata,East,2020-04-16
CUST108947,54,Male,Pune,North,2022-07-18
CUST108948,54,Female,Bangalore,South,2021-05-28
CUST108949,32,Other,Chennai,South,2020-05-15
CUST108950,46,Female,Mumbai,North,2021-09-20
CUST108951,60,Other,Kolkata,South,2021-02-12
CUST108952,43,Female,Pune,East,2020-04-30
CUST108953,61,Male,Hyderabad,North,2022-03-10
CUST108954,19,Male,Pune,North,2022-04-03
CUST108955,37,Female,Mumbai,North,2023-01-22
CUST108956,32,Other,Mumbai,North,2021-05-19
CUST108957,21,Other,Delhi,North,2020-01-07
CUST108958,39,Male,Pune,East,2022-08-01
CUST108959,55,Male,Bangalore,North,2020-07-09
CUST108960,40,Male,Mumbai,East,2021-04-01
CUST108961,43,Other,Mumbai,East,2021-01-20
CUST108962,28,Other,Chennai,East,2022-03-13
CUST108963,45,Male,Chennai,North,2022-05-15
CUST108964,19,Female,Chennai,East,2022-10-19
CUST108965,25,Other,Mumbai,North,2020-10-04
CUST108966,46,Male,Kolkata,East,2024-01-11
CUST108967,28,Female,Bangalore,North,2022-04-06
CUST108968,54,Other,Mumbai,South,2022-08-02
CUST108969,35,Female,Hyderabad,South,2020-02-21
CUST108970,31,Female,Hyderabad,East,2023-11-29
CUST108971,27,Other,Delhi,West,2021-01-30
CUST108972,52,Male,Hyderabad,West,2022-02-17
CUST108973,26,Female,Pune,South,2021-11-24
CUST108974,52,Male,Kolkata,East,2020-07-29
CUST108975,28,Other,Kolkata,East,2022-06-08
CUST108976,61,Female,Bangalore,East,2020-09-26
CUST108977,29,Female,Kolkata,West,2021-06-28
CUST108978,20,Female,Bangalore,South,2022-10-03
CUST108979,56,Female,Hyderabad,East,2022-04-24
CUST108980,31,Female,Kolkata,South,2022-10-12
CUST108981,45,Other,Pune,South,2023-07-29
CUST108982,28,Female,Bangalore,North,2021-02-01
CUST108983,56,Other,Chennai,West,2023-05-24
CUST108984,42,Male,Chennai,South,2023-12-26
CUST108985,38,Other,Kolkata,North,2023-09-06
CUST108986,27,Female,Kolkata,West,2022-03-24
CUST108987,60,Male,Hyderabad,East,2021-09-30
CUST108988,32,Other,Bangalore,East,2021-05-07
CUST108989,36,Other,Hyderabad,North,2022-08-08
CUST108990,39,Other,Bangalore,East,2020-05-07
CUST108991,38,Female,Pune,North,2020-03-14
CUST108992,61,Female,Mumbai,North,2024-02-08
CUST108993,49,Other,Chennai,East,2021-03-27
CUST108994,40,Other,Mumbai,West,2024-01-25
CUST108995,30,Male,Mumbai,North,2021-03-13
CUST108996,22,Female,Delhi,West,2023-07-03
CUST108997,21,Female,Bangalore,West,2021-03-23
CUST108998,45,Male,Delhi,North,2023-01-30
CUST108999,31,Other,Delhi,West,2021-07-12
CUST109000,25,Other,Mumbai,North,2022-08-27
CUST109001,26,Male,Delhi,East,2022-07-25
CUST109002,52,Other,Pune,East,2020-10-09
CUST109003,54,Other,Bangalore,East,2022-01-29
CUST109004,38,Male,Mumbai,East,2023-05-12
CUST109005,35,Male,Bangalore,East,2020-03-26
CUST109006,50,Male,Pune,West,2023-09-09
CUST109007,25,Other,Kolkata,West,2020-06-12
CUST109008,34,Male,Delhi,West,2022-05-26
CUST109009,60,Other,Mumbai,South,2022-12-16
CUST109010,48,Female,Chennai,South,2020-07-24
CUST109011,51,Female,Bangalore,North,2023-12-23
CUST109012,23,Male,Hyderabad,South,2020-05-27
CUST109013,39,Other,Pune,East,2023-08-17
CUST109014,31,Other,Delhi,East,2022-03-01
CUST109015,20,Other,Bangalore,East,2023-08-06
CUST109016,29,Male,Pune,North,2022-11-10
CUST109017,53,Other,Bangalore,North,2022-08-04
CUST109018,29,Other,Kolkata,North,2023-03-06
CUST109019,62,Other,Hyderabad,North,2023-10-24
CUST109020,19,Female,Pune,West,2021-07-10
CUST109021,19,Other,Bangalore,North,2023-12-30
CUST109022,32,Female,Hyderabad,North,2022-01-30
CUST109023,40,Other,Kolkata,South,2020-01-30
CUST109024,46,Other,Kolkata,West,2024-01-11
CUST109025,34,Other,Kolkata,East,2020-08-12
CUST109026,49,Female,Delhi,South,2023-11-10
CUST109027,24,Other,Pune,North,2021-03-04
CUST109028,47,Male,Bangalore,East,2021-06-12
CUST109029,45,Other,Bangalore,East,2022-11-17
CUST109030,31,Female,Hyderabad,East,2020-05-05
CUST109031,61,Female,Hyderabad,South,2022-03-23
CUST109032,47,Male,Pune,West,2021-05-13
CUST109033,34,Male,Kolkata,West,2023-04-25
CUST109034,49,Male,Bangalore,East,2021-10-15
CUST109035,63,Female,Bangalore,North,2023-10-27
CUST109036,23,Other,Kolkata,West,2020-05-17
CUST109037,41,Other,Chennai,West,2022-09-20
CUST109038,23,Male,Chennai,North,2023-09-22
CUST109039,44,Male,Kolkata,South,2022-01-10
CUST109040,35,Other,Hyderabad,South,2020-08-01
CUST109041,41,Male,Delhi,North,2020-10-17
CUST109042,54,Other,Hyderabad,South,2022-08-01
CUST109043,41,Other,Hyderabad,East,2021-01-05
CUST109044,55,Other,Bangalore,West,2021-06-13
CUST109045,51,Other,Hyderabad,South,2021-11-22
CUST109046,57,Female,Bangalore,East,2021-07-02
CUST109047,64,Other,Chennai,East,2023-08-12
CUST109048,32,Male,Hyderabad,East,2022-02-12
CUST109049,28,Male,Kolkata,East,2022-10-13
CUST109050,39,Male,Pune,East,2021-02-22
CUST109051,41,Male,Pune,North,2020-12-26
CUST109052,18,Female,Hyderabad,West,2023-03-27
CUST109053,35,Other,Delhi,West,2023-01-03
CUST109054,61,Other,Hyderabad,North,2023-10-27
CUST109055,29,Male,Kolkata,North,2022-07-08
CUST109056,60,Male,Chennai,East,2021-07-20
CUST109057,45,Male,Chennai,South,2021-12-18
CUST109058,57,Other,Hyderabad,West,2021-12-27
CUST109059,24,Female,Bangalore,South,2023-02-03
CUST109060,40,Female,Mumbai,West,2021-01-01
CUST109061,38,Female,Delhi,East,2021-02-05
CUST109062,51,Female,Delhi,South,2020-04-12
CUST109063,28,Male,Mumbai,West,2022-02-25
CUST109064,39,Other,Pune,West,2020-11-20
CUST109065,59,Male,Pune,East,2021-01-07
CUST109066,52,Female,Pune,South,2020-12-03
CUST109067,46,Male,Chennai,East,2022-06-09
CUST109068,59,Female,Kolkata,South,2022-11-22
CUST109069,45,Other,Delhi,South,2023-02-05
CUST109070,35,Female,Mumbai,West,2023-12-16
CUST109071,31,Male,Bangalore,North,2023-07-16
CUST109072,35,Other,Hyderabad,South,2023-01-01
CUST109073,45,Female,Bangalore,South,2023-04-19
CUST109074,41,Female,Hyderabad,East,2023-03-21
CUST109075,25,Other,Chennai,South,2022-12-27
CUST109076,59,Male,Delhi,South,2023-10-27
CUST109077,62,Other,Kolkata,South,2023-10-03
CUST109078,25,Male,Delhi,South,2022-09-23
CUST109079,21,Female,Hyderabad,South,2020-02-01
CUST109080,44,Female,Pune,North,2022-07-15
CUST109081,53,Other,Bangalore,West,2021-09-11
CUST109082,22,Female,Delhi,South,2023-01-07
CUST109083,50,Other,Bangalore,East,2023-07-06
CUST109084,51,Female,Mumbai,East,2022-05-27
CUST109085,47,Female,Mumbai,South,2020-06-23
CUST109086,25,Male,Bangalore,South,2023-10-22
CUST109087,56,Other,Kolkata,South,2020-01-15
CUST109088,64,Other,Kolkata,North,2022-12-10
CUST109089,43,Female,Delhi,West,2020-04-16
CUST109090,54,Male,Bangalore,East,2021-04-13
CUST109091,51,Male,Chennai,North,2020-07-20
CUST109092,24,Other,Kolkata,North,2023-05-26
CUST109093,57,Other,Hyderabad,South,2022-11-30
CUST109094,45,Female,Kolkata,West,2023-11-09
CUST109095,56,Other,Pune,South,2022-07-05
CUST109096,56,Female,Mumbai,East,2020-12-01
CUST109097,45,Male,Kolkata,West,2020-04-14
CUST109098,31,Other,Hyderabad,South,2020-07-21
CUST109099,55,Male,Kolkata,East,2023-01-23
CUST109100,21,Male,Hyderabad,North,2023-04-15
CUST109101,59,Female,Pune,East,2020-03-05
CUST109102,35,Male,Hyderabad,East,2021-07-06
CUST109103,61,Female,Kolkata,East,2020-08-11
CUST109104,42,Female,Pune,West,2021-01-14
CUST109105,24,Male,Bangalore,North,2020-09-11
CUST109106,55,Male,Bangalore,West,2023-08-14
CUST109107,45,Female,Mumbai,North,2020-06-19
CUST109108,22,Female,Delhi,South,2021-09-04
CUST109109,20,Male,Pune,South,2021-10-13
CUST109110,61,Female,Kolkata,East,2021-12-18
CUST109111,48,Female,Delhi,East,2022-04-11
CUST109112,64,Other,Bangalore,West,2023-10-19
CUST109113,59,Other,Kolkata,North,2022-03-29
CUST109114,37,Other,Delhi,North,2020-03-13
CUST109115,36,Other,Pune,North,2022-12-19
CUST109116,28,Other,Pune,East,2021-03-30
CUST109117,57,Female,Delhi,East,2020-12-01
CUST109118,20,Female,Hyderabad,North,2021-10-29
CUST109119,40,Other,Pune,East,2023-02-21
CUST109120,24,Male,Chennai,North,2024-01-18
CUST109121,40,Other,Bangalore,West,2020-01-14
CUST109122,24,Male,Mumbai,South,2023-12-10
CUST109123,63,Female,Mumbai,North,2020-01-27
CUST109124,51,Male,Chennai,East,2022-12-09
CUST109125,59,Female,Delhi,West,2020-07-05
CUST109126,36,Male,Pune,East,2022-12-16
CUST109127,26,Female,Chennai,East,2022-02-09
CUST109128,35,Female,Chennai,East,2021-10-28
CUST109129,58,Other,Pune,North,2022-09-16
CUST109130,62,Female,Bangalore,West,2022-11-23
CUST109131,59,Other,Pune,North,2021-06-21
CUST109132,42,Other,Pune,South,2022-07-24
CUST109133,31,Other,Hyderabad,North,2021-01-05
CUST109134,61,Male,Kolkata,South,2020-03-26
CUST109135,42,Male,Delhi,West,2020-06-08
CUST109136,36,Female,Mumbai,West,2021-02-28
CUST109137,56,Other,Mumbai,North,2023-02-03
CUST109138,32,Other,Chennai,North,2023-11-15
CUST109139,33,Female,Hyderabad,East,2020-10-01
CUST109140,44,Other,Chennai,South,2023-08-05
CUST109141,57,Female,Chennai,East,2020-09-14
CUST109142,27,Other,Delhi,East,2022-08-20
CUST109143,21,Male,Chennai,West,2023-05-28
CUST109144,36,Female,Chennai,North,2022-08-31
CUST109145,45,Female,Kolkata,West,2021-06-10
CUST109146,38,Male,Delhi,North,2021-06-16
CUST109147,64,Female,Bangalore,West,2022-12-18
CUST109148,31,Male,Hyderabad,West,2023-10-15
CUST109149,50,Other,Bangalore,West,2020-04-22
CUST109150,27,Male,Pune,South,2023-07-23
CUST109151,36,Male,Kolkata,West,2020-09-13
CUST109152,47,Female,Mumbai,South,2020-11-24
CUST109153,39,Other,Pune,West,2022-02-15
CUST109154,20,Male,Bangalore,North,2023-06-12
CUST109155,54,Other,Delhi,South,2020-02-20
CUST109156,58,Male,Mumbai,North,2020-08-08
CUST109157,35,Female,Chennai,North,2022-02-21
CUST109158,28,Male,Delhi,North,2021-08-18
CUST109159,19,Male,Mumbai,South,2023-06-07
CUST109160,29,Other,Bangalore,East,2020-08-09
CUST109161,23,Male,Pune,South,2022-07-31
CUST109162,60,Female,Chennai,East,2022-12-13
CUST109163,57,Female,Chennai,South,2023-07-20
CUST109164,61,Male,Hyderabad,West,2020-07-16
CUST109165,46,Male,Delhi,East,2020-05-07
CUST109166,47,Other,Pune,West,2022-10-29
CUST109167,19,Other,Chennai,East,2022-09-13
CUST109168,26,Female,Mumbai,South,2020-08-14
CUST109169,64,Other,Hyderabad,South,2021-07-11
CUST109170,19,Male,Hyderabad,East,2023-03-03
CUST109171,46,Female,Kolkata,West,2022-11-05
CUST109172,50,Other,Bangalore,North,2020-08-02
CUST109173,27,Female,Delhi,East,2023-02-09
CUST109174,51,Male,Pune,East,2022-05-04
CUST109175,61,Other,Kolkata,West,2023-03-26
CUST109176,25,Male,Kolkata,North,2021-02-28
CUST109177,54,Male,Delhi,East,2024-01-15
CUST109178,50,Female,Mumbai,North,2020-11-13
CUST109179,64,Female,Pune,North,2020-12-25
CUST109180,23,Female,Bangalore,South,2023-10-31
CUST109181,61,Other,Delhi,West,2022-07-24
CUST109182,57,Other,Pune,East,2022-08-15
CUST109183,62,Female,Kolkata,East,2022-07-08
CUST109184,36,Other,Kolkata,North,2022-06-20
CUST109185,49,Other,Delhi,East,2023-08-12
CUST109186,44,Female,Pune,North,2020-07-16
CUST109187,18,Male,Kolkata,East,2021-02-01
CUST109188,60,Other,Delhi,West,2021-08-12
CUST109189,50,Other,Hyderabad,East,2020-08-29
CUST109190,57,Male,Delhi,North,2021-03-04
CUST109191,49,Male,Bangalore,North,2021-09-02
CUST109192,22,Male,Delhi,East,2020-01-06
CUST109193,34,Female,Hyderabad,East,2023-09-03
CUST109194,25,Male,Pune,North,2023-05-20
CUST109195,59,Female,Pune,South,2023-07-20
CUST109196,51,Male,Kolkata,South,2023-01-12
CUST109197,26,Male,Chennai,East,2021-12-10
CUST109198,40,Female,Bangalore,West,2020-12-25
CUST109199,52,Female,Pune,East,2023-11-05
CUST109200,24,Male,Kolkata,West,2023-03-10
CUST109201,32,Male,Kolkata,East,2023-04-11
CUST109202,37,Male,Bangalore,North,2022-11-09
CUST109203,42,Other,Bangalore,East,2021-05-17
CUST109204,20,Male,Kolkata,West,2020-08-14
CUST109205,63,Female,Hyderabad,West,2020-04-18
CUST109206,41,Other,Chennai,East,2022-01-12
CUST109207,51,Female,Hyderabad,East,2023-09-05
CUST109208,63,Other,Mumbai,South,2023-08-24
CUST109209,39,Other,Hyderabad,East,2022-03-21
CUST109210,28,Female,Kolkata,East,2023-01-15
CUST109211,25,Other,Bangalore,North,2022-02-24
CUST109212,56,Female,Delhi,West,2020-08-15
CUST109213,60,Male,Delhi,South,2022-05-01
CUST109214,52,Other,Bangalore,North,2023-08-26
CUST109215,63,Female,Hyderabad,East,2022-04-07
CUST109216,55,Other,Bangalore,West,2021-01-13
CUST109217,25,Female,Mumbai,East,2021-01-19
CUST109218,54,Male,Pune,East,2020-04-22
CUST109219,44,Male,Bangalore,East,2023-08-09
CUST109220,45,Other,Delhi,East,2023-08-21
CUST109221,57,Other,Chennai,West,2020-10-17
CUST109222,51,Female,Bangalore,North,2023-02-02
CUST109223,49,Female,Mumbai,East,2020-10-17
CUST109224,32,Other,Chennai,East,2021-11-07
CUST109225,61,Female,Mumbai,South,2020-02-29
CUST109226,34,Female,Chennai,South,2023-08-28
CUST109227,50,Female,Bangalore,West,2020-04-15
CUST109228,64,Other,Delhi,East,2021-09-14
CUST109229,63,Male,Chennai,East,2020-03-29
CUST109230,33,Male,Kolkata,East,2023-07-15
CUST109231,46,Female,Pune,West,2022-01-11
CUST109232,26,Other,Mumbai,West,2023-02-16
CUST109233,50,Female,Chennai,East,2022-06-18
CUST109234,46,Male,Mumbai,East,2021-03-20
CUST109235,30,Female,Delhi,West,2023-12-23
CUST109236,38,Male,Mumbai,East,2022-10-03
CUST109237,38,Other,Mumbai,North,2023-10-06
CUST109238,22,Female,Kolkata,North,2020-11-01
CUST109239,27,Other,Mumbai,West,2021-09-06
CUST109240,23,Female,Chennai,North,2020-07-20
CUST109241,30,Female,Mumbai,South,2022-08-01
CUST109242,18,Female,Bangalore,East,2022-11-12
CUST109243,37,Female,Mumbai,South,2023-01-18
CUST109244,64,Female,Bangalore,South,2021-04-15
CUST109245,63,Other,Pune,South,2023-01-21
CUST109246,25,Other,Mumbai,North,2022-09-05
CUST109247,27,Male,Hyderabad,East,2023-08-01
CUST109248,26,Female,Pune,East,2020-11-04
CUST109249,58,Male,Hyderabad,West,2022-01-02
CUST109250,20,Other,Mumbai,South,2021-06-19
CUST109251,28,Male,Chennai,North,2021-01-10
CUST109252,29,Other,Hyderabad,South,2021-05-13
CUST109253,27,Female,Bangalore,South,2021-09-27
CUST109254,42,Male,Pune,East,2020-05-21
CUST109255,42,Male,Pune,West,2022-12-11
CUST109256,28,Male,Bangalore,North,2022-12-29
CUST109257,53,Male,Kolkata,East,2020-09-16
CUST109258,56,Female,Mumbai,South,2023-08-09
CUST109259,43,Other,Mumbai,East,2021-01-12
CUST109260,31,Other,Chennai,South,2022-11-28
CUST109261,56,Female,Kolkata,North,2020-12-13
CUST109262,57,Other,Kolkata,East,2022-04-07
CUST109263,18,Male,Hyderabad,East,2021-05-20
CUST109264,21,Female,Chennai,East,2021-01-16
CUST109265,47,Other,Pune,East,2021-02-28
CUST109266,29,Female,Bangalore,East,2023-12-30
CUST109267,52,Female,Pune,North,2020-11-17
CUST109268,30,Other,Delhi,West,2020-09-06
CUST109269,48,Other,Chennai,North,2020-06-28
CUST109270,55,Female,Bangalore,East,2022-09-30
CUST109271,60,Female,Pune,South,2020-01-29
CUST109272,40,Other,Pune,South,2023-09-11
CUST109273,21,Female,Kolkata,East,2022-01-07
CUST109274,33,Other,Chennai,West,2020-07-05
CUST109275,24,Female,Delhi,East,2020-02-24
CUST109276,39,Female,Mumbai,North,2022-05-27
CUST109277,46,Female,Chennai,West,2021-05-28
CUST109278,28,Other,Delhi,West,2023-12-04
CUST109279,50,Male,Delhi,North,2020-01-17
CUST109280,46,Other,Chennai,West,2020-03-28
CUST109281,56,Female,Bangalore,East,2023-05-31
CUST109282,29,Male,Chennai,East,2022-12-17
CUST109283,24,Male,Pune,South,2021-12-04
CUST109284,56,Female,Hyderabad,North,2021-12-25
CUST109285,59,Other,Kolkata,West,2023-06-07
CUST109286,43,Male,Pune,West,2023-03-23
CUST109287,57,Male,Delhi,West,2023-07-20
CUST109288,26,Other,Delhi,East,2022-12-05
CUST109289,58,Other,Mumbai,North,2022-06-13
CUST109290,51,Male,Delhi,East,2021-03-27
CUST109291,62,Other,Hyderabad,West,2023-08-22
CUST109292,30,Male,Mumbai,East,2021-03-02
CUST109293,53,Female,Delhi,West,2020-04-27
CUST109294,42,Other,Delhi,West,2021-11-18
CUST109295,41,Male,Chennai,East,2022-10-18
CUST109296,61,Other,Chennai,West,2021-08-02
CUST109297,34,Other,Kolkata,East,2020-09-07
CUST109298,19,Male,Pune,South,2021-02-06
CUST109299,30,Female,Bangalore,East,2022-07-09
CUST109300,48,Male,Kolkata,South,2020-07-18
CUST109301,46,Other,Delhi,South,2023-03-15
CUST109302,45,Male,Kolkata,East,2022-12-10
CUST109303,44,Other,Chennai,North,2022-07-02
CUST109304,32,Male,Pune,North,2023-10-23
CUST109305,48,Female,Delhi,East,2020-11-15
CUST109306,57,Female,Delhi,East,2020-07-17
CUST109307,32,Female,Kolkata,West,2024-01-04
CUST109308,50,Female,Pune,West,2020-05-24
CUST109309,37,Male,Hyderabad,East,2022-12-18
CUST109310,59,Female,Mumbai,North,2020-05-22
CUST109311,29,Male,Hyderabad,West,2023-05-31
CUST109312,54,Other,Bangalore,West,2023-01-28
CUST109313,26,Other,Pune,North,2022-11-15
CUST109314,40,Other,Kolkata,East,2023-12-26
CUST109315,25,Female,Hyderabad,North,2021-06-09
CUST109316,49,Female,Kolkata,South,2020-05-01
CUST109317,31,Female,Bangalore,West,2024-01-28
CUST109318,44,Other,Delhi,West,2020-09-21
CUST109319,42,Other,Delhi,West,2022-10-27
CUST109320,30,Other,Mumbai,North,2021-12-31
CUST109321,38,Other,Kolkata,North,2023-05-28
CUST109322,62,Male,Bangalore,East,2021-01-30
CUST109323,48,Male,Kolkata,West,2022-07-01
CUST109324,54,Female,Chennai,South,2024-01-20
CUST109325,60,Female,Kolkata,East,2020-04-17
CUST109326,22,Other,Kolkata,North,2022-05-08
CUST109327,30,Male,Chennai,South,2021-09-27
CUST109328,45,Male,Chennai,East,2024-01-23
CUST109329,60,Female,Hyderabad,North,2022-07-21
CUST109330,42,Male,Bangalore,South,2022-02-07
CUST109331,52,Female,Hyderabad,East,2022-10-29
CUST109332,64,Other,Delhi,South,2023-10-22
CUST109333,56,Other,Mumbai,North,2023-02-22
CUST109334,24,Female,Hyderabad,East,2023-03-31
CUST109335,55,Other,Chennai,North,2020-02-05
CUST109336,49,Other,Delhi,West,2022-10-24
CUST109337,20,Male,Bangalore,West,2021-02-16
CUST109338,62,Male,Pune,South,2023-01-15
CUST109339,56,Male,Kolkata,West,2021-04-27
CUST109340,54,Male,Bangalore,North,2022-06-30
CUST109341,39,Male,Bangalore,South,2021-08-25
CUST109342,25,Female,Chennai,East,2022-12-17
CUST109343,34,Female,Mumbai,North,2023-03-09
CUST109344,44,Male,Hyderabad,East,2020-06-20
CUST109345,50,Other,Chennai,East,2020-09-16
CUST109346,63,Other,Kolkata,East,2020-01-25
CUST109347,34,Female,Chennai,East,2020-07-16
CUST109348,59,Female,Kolkata,North,2021-08-01
CUST109349,29,Female,Chennai,West,2021-02-26
CUST109350,63,Other,Pune,North,2023-02-15
CUST109351,44,Female,Mumbai,West,2022-03-02
CUST109352,25,Other,Pune,East,2020-01-06
CUST109353,40,Female,Delhi,West,2023-01-25
CUST109354,59,Other,Mumbai,East,2020-03-12
CUST109355,46,Female,Hyderabad,South,2022-07-17
CUST109356,37,Female,Chennai,East,2021-03-07
CUST109357,33,Other,Bangalore,West,2022-08-20
CUST109358,34,Female,Delhi,South,2021-01-14
CUST109359,33,Male,Bangalore,South,2021-07-03
CUST109360,36,Other,Pune,East,2022-03-18
CUST109361,25,Female,Hyderabad,North,2020-02-25
CUST109362,55,Other,Mumbai,West,2021-09-06
CUST109363,55,Female,Hyderabad,South,2023-01-31
CUST109364,46,Male,Delhi,North,2020-08-03
CUST109365,58,Female,Pune,East,2020-01-21
CUST109366,53,Female,Chennai,East,2020-07-28
CUST109367,43,Male,Bangalore,East,2020-10-17
CUST109368,48,Other,Chennai,East,2021-12-15
CUST109369,61,Female,Kolkata,West,2022-04-14
CUST109370,29,Female,Hyderabad,South,2020-07-06
CUST109371,34,Male,Delhi,West,2023-03-20
CUST109372,32,Other,Bangalore,South,2020-07-09
CUST109373,26,Other,Mumbai,North,2021-02-10
CUST109374,56,Male,Mumbai,North,2020-08-01
CUST109375,59,Male,Mumbai,South,2021-07-07
CUST109376,29,Female,Pune,East,2022-08-17
CUST109377,49,Male,Mumbai,North,2023-05-02
CUST109378,42,Male,Bangalore,West,2023-06-27
CUST109379,56,Male,Hyderabad,South,2021-08-15
CUST109380,35,Other,Hyderabad,North,2020-02-10
CUST109381,32,Male,Hyderabad,South,2021-01-04
CUST109382,49,Female,Pune,East,2020-01-20
CUST109383,23,Female,Kolkata,South,2022-10-29
CUST109384,61,Female,Mumbai,North,2022-04-04
CUST109385,60,Male,Hyderabad,South,2023-05-11
CUST109386,52,Other,Mumbai,North,2020-01-18
CUST109387,51,Male,Pune,North,2022-01-17
CUST109388,55,Male,Mumbai,North,2020-11-14
CUST109389,22,Female,Kolkata,West,2022-05-10
CUST109390,35,Male,Pune,East,2022-08-25
CUST109391,33,Other,Pune,East,2023-07-29
CUST109392,25,Female,Delhi,South,2024-02-08
CUST109393,42,Other,Pune,South,2020-09-08
CUST109394,49,Other,Mumbai,North,2020-12-05
CUST109395,43,Other,Pune,East,2022-01-20
CUST109396,39,Male,Mumbai,South,2022-08-25
CUST109397,48,Male,Mumbai,South,2021-04-06
CUST109398,60,Male,Hyderabad,East,2021-09-22
CUST109399,27,Male,Pune,North,2021-02-04
CUST109400,29,Female,Delhi,South,2021-01-05
CUST109401,45,Male,Mumbai,North,2020-10-08
CUST109402,23,Female,Hyderabad,East,2021-01-24
CUST109403,37,Other,Delhi,East,2020-12-02
CUST109404,22,Female,Delhi,South,2023-09-30
CUST109405,40,Male,Pune,South,2020-09-29
CUST109406,26,Female,Chennai,East,2023-06-30
CUST109407,46,Male,Hyderabad,North,2022-10-16
CUST109408,33,Male,Chennai,North,2021-10-01
CUST109409,63,Female,Mumbai,West,2023-10-29
CUST109410,39,Female,Bangalore,East,2022-03-28
CUST109411,25,Other,Chennai,South,2020-01-06
CUST109412,37,Other,Hyderabad,East,2023-12-08
CUST109413,31,Other,Pune,South,2021-08-08
CUST109414,56,Other,Hyderabad,North,2022-12-15
CUST109415,54,Other,Pune,South,2023-11-22
CUST109416,51,Female,Chennai,West,2022-04-01
CUST109417,28,Other,Bangalore,North,2020-08-25
CUST109418,57,Female,Kolkata,West,2021-05-04
CUST109419,50,Other,Mumbai,East,2022-11-11
CUST109420,48,Male,Hyderabad,South,2021-03-16
CUST109421,61,Other,Kolkata,North,2022-11-30
CUST109422,51,Male,Kolkata,South,2022-05-07
CUST109423,24,Female,Delhi,West,2020-09-14
CUST109424,40,Other,Delhi,North,2024-01-14
CUST109425,63,Female,Mumbai,West,2020-02-17
CUST109426,24,Other,Bangalore,North,2021-05-17
CUST109427,42,Female,Delhi,East,2020-05-18
CUST109428,20,Other,Hyderabad,East,2023-05-10
CUST109429,55,Other,Hyderabad,South,2021-05-23
CUST109430,37,Male,Chennai,West,2021-10-15
CUST109431,51,Female,Hyderabad,West,2023-08-02
CUST109432,61,Female,Mumbai,North,2023-06-10
CUST109433,61,Female,Pune,East,2023-09-01
CUST109434,47,Female,Kolkata,South,2021-04-05
CUST109435,34,Female,Hyderabad,East,2021-10-31
CUST109436,27,Male,Mumbai,West,2023-09-06
CUST109437,52,Other,Pune,South,2023-04-13
CUST109438,37,Male,Pune,East,2022-11-28
CUST109439,35,Female,Delhi,East,2021-03-08
CUST109440,62,Female,Pune,North,2021-04-29
CUST109441,61,Other,Bangalore,North,2022-12-17
CUST109442,44,Male,Pune,West,2021-05-10
CUST109443,53,Other,Pune,East,2022-05-24
CUST109444,40,Other,Kolkata,North,2021-08-23
CUST109445,49,Male,Bangalore,East,2023-03-03
CUST109446,27,Other,Mumbai,South,2021-10-16
CUST109447,28,Male,Bangalore,East,2021-08-29
CUST109448,55,Male,Bangalore,East,2020-06-04
CUST109449,23,Female,Mumbai,West,2020-07-19
CUST109450,58,Other,Kolkata,South,2022-10-18
CUST109451,64,Female,Hyderabad,South,2021-05-13
CUST109452,51,Other,Pune,North,2023-11-26
CUST109453,53,Other,Bangalore,South,2021-05-02
CUST109454,54,Female,Bangalore,West,2020-06-08
CUST109455,34,Female,Hyderabad,North,2023-05-19
CUST109456,57,Female,Mumbai,East,2024-01-16
CUST109457,57,Male,Chennai,South,2022-12-29
CUST109458,29,Other,Hyderabad,East,2022-04-10
CUST109459,38,Male,Bangalore,North,2022-08-29
CUST109460,57,Other,Delhi,South,2023-08-30
CUST109461,36,Other,Pune,North,2021-03-06
CUST109462,20,Male,Pune,North,2023-11-06
CUST109463,35,Male,Hyderabad,South,2023-04-05
CUST109464,36,Other,Kolkata,South,2023-11-15
CUST109465,64,Female,Hyderabad,North,2023-09-04
CUST109466,23,Female,Bangalore,West,2020-04-26
CUST109467,33,Female,Mumbai,South,2021-11-27
CUST109468,25,Female,Delhi,North,2020-07-21
CUST109469,35,Other,Hyderabad,East,2023-03-31
CUST109470,60,Female,Mumbai,East,2022-08-19
CUST109471,56,Female,Hyderabad,South,2021-04-06
CUST109472,29,Female,Bangalore,South,2022-08-01
CUST109473,62,Other,Delhi,East,2021-11-30
CUST109474,27,Male,Kolkata,North,2020-07-19
CUST109475,24,Female,Kolkata,North,2023-06-08
CUST109476,63,Other,Hyderabad,North,2021-05-30
CUST109477,18,Other,Kolkata,West,2023-05-14
CUST109478,53,Female,Chennai,South,2023-09-16
CUST109479,38,Male,Mumbai,West,2021-08-28
CUST109480,54,Male,Bangalore,West,2022-01-13
CUST109481,41,Male,Delhi,West,2022-05-24
CUST109482,42,Other,Hyderabad,West,2020-12-12
CUST109483,24,Female,Hyderabad,North,2020-12-14
CUST109484,59,Female,Pune,South,2023-03-29
CUST109485,34,Other,Pune,South,2023-06-29
CUST109486,46,Female,Mumbai,West,2023-05-30
CUST109487,47,Female,Bangalore,South,2022-05-07
CUST109488,24,Male,Chennai,East,2021-01-28
CUST109489,50,Female,Bangalore,North,2023-11-20
CUST109490,24,Female,Mumbai,South,2022-09-20
CUST109491,41,Other,Bangalore,North,2022-09-04
CUST109492,28,Other,Pune,East,2020-06-15
CUST109493,26,Male,Pune,North,2022-09-02
CUST109494,29,Other,Delhi,East,2021-03-27
CUST109495,52,Male,Chennai,West,2023-03-07
CUST109496,21,Male,Pune,South,2022-05-09
CUST109497,53,Female,Delhi,West,2020-07-28
CUST109498,45,Male,Chennai,South,2022-02-06
CUST109499,30,Female,Pune,West,2020-08-01
CUST109500,40,Male,Chennai,East,2023-10-15
CUST109501,36,Other,Bangalore,South,2023-06-12
CUST109502,59,Other,Delhi,West,2022-08-30
CUST109503,54,Other,Chennai,North,2023-11-21
CUST109504,56,Male,Hyderabad,North,2020-10-30
CUST109505,41,Male,Chennai,West,2023-02-06
CUST109506,33,Female,Bangalore,East,2022-05-06
CUST109507,50,Female,Pune,West,2022-05-10
CUST109508,29,Female,Pune,North,2022-03-18
CUST109509,51,Female,Hyderabad,South,2023-11-14
CUST109510,24,Male,Mumbai,South,2020-04-29
CUST109511,28,Male,Mumbai,West,2023-05-18
CUST109512,48,Female,Pune,South,2021-03-02
CUST109513,46,Male,Hyderabad,North,2022-08-02
CUST109514,30,Male,Kolkata,South,2020-11-25
CUST109515,48,Male,Kolkata,West,2023-06-03
CUST109516,19,Male,Hyderabad,West,2021-09-26
CUST109517,56,Female,Chennai,West,2023-03-16
CUST109518,32,Female,Pune,North,2023-09-25
CUST109519,28,Male,Mumbai,East,2021-07-17
CUST109520,51,Other,Chennai,South,2020-06-28
CUST109521,56,Female,Delhi,West,2020-10-16
CUST109522,21,Female,Hyderabad,East,2020-07-05
CUST109523,28,Other,Hyderabad,West,2021-04-30
CUST109524,46,Female,Mumbai,West,2023-09-22
CUST109525,19,Other,Mumbai,North,2023-02-05
CUST109526,33,Other,Mumbai,North,2023-02-23
CUST109527,56,Male,Hyderabad,East,2022-02-11
CUST109528,30,Female,Kolkata,West,2022-11-23
CUST109529,54,Other,Bangalore,South,2024-01-01
CUST109530,34,Male,Bangalore,South,2023-07-23
CUST109531,38,Female,Hyderabad,South,2020-06-30
CUST109532,61,Male,Kolkata,East,2023-06-16
CUST109533,36,Male,Pune,North,2023-10-03
CUST109534,24,Other,Pune,East,2020-05-25
CUST109535,55,Female,Hyderabad,North,2022-12-03
CUST109536,25,Male,Hyderabad,South,2021-05-13
CUST109537,30,Other,Kolkata,South,2022-03-13
CUST109538,54,Other,Kolkata,North,2023-08-11
CUST109539,19,Male,Pune,South,2021-06-14
CUST109540,58,Male,Bangalore,East,2020-07-29
CUST109541,28,Other,Chennai,North,2022-06-11
CUST109542,41,Male,Kolkata,South,2023-11-26
CUST109543,23,Male,Chennai,West,2023-06-08
CUST109544,43,Female,Chennai,South,2023-09-24
CUST109545,24,Other,Delhi,West,2020-01-05
CUST109546,56,Male,Bangalore,South,2020-11-06
CUST109547,36,Other,Hyderabad,West,2020-06-10
CUST109548,23,Female,Chennai,South,2020-08-03
CUST109549,60,Other,Hyderabad,West,2022-02-24
CUST109550,46,Other,Hyderabad,North,2022-04-15
CUST109551,60,Other,Bangalore,North,2023-04-09
CUST109552,56,Female,Bangalore,West,2020-09-08
CUST109553,19,Female,Delhi,South,2022-11-27
CUST109554,36,Other,Hyderabad,East,2020-08-15
CUST109555,21,Other,Pune,East,2022-06-27
CUST109556,23,Female,Bangalore,East,2023-07-25
CUST109557,54,Male,Chennai,East,2020-10-11
CUST109558,45,Female,Pune,West,2021-10-10
CUST109559,47,Other,Pune,North,2020-12-31
CUST109560,24,Male,Mumbai,North,2022-12-27
CUST109561,26,Male,Chennai,East,2023-02-01
CUST109562,42,Male,Chennai,North,2023-11-25
CUST109563,50,Female,Bangalore,West,2023-06-23
CUST109564,18,Female,Chennai,East,2020-07-10
CUST109565,23,Female,Hyderabad,West,2021-10-05
CUST109566,35,Female,Mumbai,West,2023-08-12
CUST109567,27,Other,Bangalore,South,2023-03-13
CUST109568,45,Male,Kolkata,West,2022-06-25
CUST109569,28,Other,Chennai,South,2021-12-31
CUST109570,50,Female,Chennai,East,2020-01-26
CUST109571,18,Female,Delhi,West,2023-06-28
CUST109572,30,Other,Kolkata,North,2021-12-12
CUST109573,54,Male,Kolkata,East,2021-09-06
CUST109574,37,Male,Hyderabad,West,2020-07-11
CUST109575,18,Female,Mumbai,West,2021-01-15
CUST109576,20,Female,Hyderabad,North,2022-10-22
CUST109577,35,Female,Kolkata,South,2022-12-04
CUST109578,58,Female,Hyderabad,West,2022-07-27
CUST109579,31,Male,Hyderabad,West,2020-01-03
CUST109580,48,Other,Delhi,North,2022-07-18
CUST109581,44,Male,Mumbai,East,2024-01-12
CUST109582,34,Other,Hyderabad,West,2023-03-04
CUST109583,63,Female,Hyderabad,South,2023-08-07
CUST109584,46,Female,Kolkata,South,2020-10-04
CUST109585,53,Other,Mumbai,North,2020-06-24
CUST109586,54,Female,Kolkata,South,2020-10-08
CUST109587,43,Male,Kolkata,West,2023-02-17
CUST109588,34,Female,Hyderabad,South,2023-04-12
CUST109589,39,Female,Pune,West,2024-01-02
CUST109590,42,Female,Kolkata,North,2021-04-03
CUST109591,19,Female,Hyderabad,South,2022-08-08
CUST109592,39,Male,Chennai,West,2020-12-06
CUST109593,22,Other,Kolkata,East,2021-11-27
CUST109594,21,Female,Chennai,West,2021-12-26
CUST109595,53,Female,Bangalore,West,2020-04-30
CUST109596,23,Male,Pune,North,2021-07-28
CUST109597,38,Male,Delhi,West,2020-10-02
CUST109598,30,Male,Mumbai,North,2022-08-26
CUST109599,54,Female,Mumbai,West,2022-09-13
CUST109600,42,Other,Bangalore,West,2020-01-29
CUST109601,43,Male,Kolkata,West,2021-11-15
CUST109602,56,Male,Delhi,North,2023-06-21
CUST109603,37,Male,Bangalore,West,2020-11-16
CUST109604,50,Other,Bangalore,North,2021-10-04
CUST109605,31,Female,Mumbai,East,2020-12-17
CUST109606,53,Female,Chennai,North,2021-06-15
CUST109607,34,Female,Chennai,East,2023-01-09
CUST109608,38,Male,Kolkata,North,2023-08-09
CUST109609,63,Female,Kolkata,North,2020-10-20
CUST109610,33,Male,Hyderabad,West,2021-04-02
CUST109611,63,Other,Hyderabad,South,2022-01-16
CUST109612,33,Other,Bangalore,South,2022-01-02
CUST109613,37,Female,Kolkata,West,2022-12-19
CUST109614,46,Male,Chennai,East,2021-06-26
CUST109615,45,Male,Delhi,West,2021-01-14
CUST109616,25,Female,Mumbai,South,2020-11-19
CUST109617,41,Other,Chennai,North,2022-12-21
CUST109618,20,Other,Hyderabad,West,2022-08-02
CUST109619,42,Other,Pune,East,2023-03-15
CUST109620,36,Other,Kolkata,West,2022-04-22
CUST109621,50,Other,Mumbai,South,2020-12-27
CUST109622,19,Female,Pune,North,2020-02-22
CUST109623,32,Female,Mumbai,South,2021-02-05
CUST109624,39,Female,Bangalore,South,2021-11-11
CUST109625,27,Other,Kolkata,South,2022-09-19
CUST109626,35,Other,Bangalore,South,2022-05-18
CUST109627,39,Female,Mumbai,North,2021-12-07
CUST109628,63,Female,Bangalore,South,2024-01-12
CUST109629,44,Other,Kolkata,East,2023-01-11
CUST109630,30,Male,Chennai,East,2021-01-13
CUST109631,50,Female,Delhi,South,2021-10-07
CUST109632,22,Other,Pune,East,2024-01-21
CUST109633,43,Other,Chennai,South,2022-07-21
CUST109634,30,Female,Mumbai,North,2020-03-21
CUST109635,44,Male,Chennai,North,2021-12-31
CUST109636,31,Other,Bangalore,East,2021-05-28
CUST109637,41,Female,Kolkata,East,2023-08-25
CUST109638,20,Other,Chennai,South,2022-07-09
CUST109639,64,Other,Chennai,West,2022-02-01
CUST109640,47,Other,Kolkata,South,2021-05-08
CUST109641,52,Other,Bangalore,South,2023-06-13
CUST109642,31,Male,Delhi,North,2022-07-29
CUST109643,29,Female,Chennai,West,2022-11-26
CUST109644,45,Female,Pune,West,2022-01-10
CUST109645,61,Female,Mumbai,South,2020-11-20
CUST109646,46,Female,Hyderabad,North,2022-12-15
CUST109647,60,Female,Bangalore,East,2023-02-18
CUST109648,34,Male,Bangalore,North,2020-11-09
CUST109649,57,Other,Chennai,East,2023-05-19
CUST109650,38,Other,Pune,North,2020-04-12
CUST109651,40,Female,Hyderabad,West,2021-03-14
CUST109652,37,Other,Kolkata,North,2022-03-27
CUST109653,28,Other,Hyderabad,South,2022-01-16
CUST109654,51,Other,Chennai,East,2020-02-07
CUST109655,27,Female,Chennai,North,2022-03-23
CUST109656,27,Female,Kolkata,North,2023-12-08
CUST109657,60,Male,Mumbai,East,2023-06-01
CUST109658,23,Female,Kolkata,North,2022-10-13
CUST109659,53,Male,Chennai,East,2023-08-09
CUST109660,41,Female,Delhi,West,2020-06-03
CUST109661,29,Other,Kolkata,East,2022-11-21
CUST109662,60,Male,Mumbai,East,2023-06-11
CUST109663,40,Male,Kolkata,West,2021-05-03
CUST109664,44,Male,Kolkata,North,2023-09-18
CUST109665,62,Female,Bangalore,North,2022-11-06
CUST109666,54,Male,Bangalore,West,2023-12-08
CUST109667,23,Female,Chennai,South,2020-08-27
CUST109668,18,Male,Chennai,East,2023-08-02
CUST109669,23,Female,Hyderabad,North,2020-12-11
CUST109670,39,Male,Kolkata,North,2023-10-30
CUST109671,58,Other,Delhi,East,2020-01-16
CUST109672,41,Other,Pune,East,2021-08-09
CUST109673,42,Male,Chennai,East,2022-08-07
CUST109674,32,Female,Kolkata,South,2020-09-16
CUST109675,43,Female,Kolkata,West,2020-12-26
CUST109676,25,Female,Pune,South,2023-11-23
CUST109677,41,Other,Kolkata,South,2021-04-04
CUST109678,55,Other,Pune,East,2022-07-19
CUST109679,23,Other,Pune,West,2023-01-13
CUST109680,52,Female,Hyderabad,North,2022-12-22
CUST109681,59,Female,Kolkata,East,2020-04-09
CUST109682,18,Female,Hyderabad,West,2022-01-24
CUST109683,63,Male,Kolkata,North,2020-10-21
CUST109684,53,Male,Bangalore,South,2023-03-31
CUST109685,29,Male,Pune,West,2022-07-17
CUST109686,55,Other,Mumbai,South,2023-04-16
CUST109687,28,Other,Pune,South,2024-01-07
CUST109688,29,Female,Mumbai,West,2020-11-23
CUST109689,59,Male,Kolkata,North,2023-09-13
CUST109690,56,Female,Chennai,West,2022-02-02
CUST109691,24,Male,Delhi,North,2022-12-01
CUST109692,28,Male,Hyderabad,East,2020-08-29
CUST109693,53,Female,Kolkata,East,2023-09-27
CUST109694,48,Female,Delhi,East,2023-01-19
CUST109695,50,Male,Bangalore,South,2022-11-17
CUST109696,30,Male,Mumbai,East,2021-04-03
CUST109697,35,Other,Hyderabad,South,2021-10-28
CUST109698,58,Female,Bangalore,North,2023-11-09
CUST109699,41,Female,Chennai,West,2020-08-07
CUST109700,26,Female,Chennai,West,2022-05-08
CUST109701,48,Female,Pune,South,2020-09-20
CUST109702,58,Male,Hyderabad,South,2020-04-30
CUST109703,27,Other,Hyderabad,South,2022-12-05
CUST109704,19,Female,Hyderabad,North,2023-07-27
CUST109705,55,Male,Kolkata,North,2023-02-12
CUST109706,32,Male,Pune,East,2023-04-06
CUST109707,20,Male,Chennai,East,2021-03-10
CUST109708,60,Male,Chennai,West,2023-06-23
CUST109709,48,Male,Pune,East,2021-04-28
CUST109710,23,Female,Bangalore,North,2023-10-30
CUST109711,20,Female,Delhi,North,2020-10-06
CUST109712,28,Other,Mumbai,North,2022-11-11
CUST109713,32,Female,Chennai,North,2021-12-14
CUST109714,62,Male,Pune,West,2020-03-08
CUST109715,45,Other,Chennai,West,2022-01-12
CUST109716,27,Male,Bangalore,North,2022-12-17
CUST109717,55,Male,Hyderabad,South,2023-07-11
CUST109718,64,Female,Hyderabad,East,2023-12-17
CUST109719,24,Male,Mumbai,West,2022-10-18
CUST109720,32,Female,Hyderabad,South,2020-10-17
CUST109721,35,Male,Hyderabad,East,2020-06-17
CUST109722,35,Other,Bangalore,South,2024-01-25
CUST109723,58,Male,Delhi,North,2021-07-09
CUST109724,41,Female,Bangalore,East,2020-12-18
CUST109725,19,Male,Mumbai,South,2023-06-17
CUST109726,57,Female,Hyderabad,West,2020-10-09
CUST109727,37,Female,Mumbai,West,2024-01-12
CUST109728,51,Other,Chennai,West,2022-12-25
CUST109729,60,Female,Delhi,East,2023-09-12
CUST109730,43,Other,Kolkata,North,2021-03-31
CUST109731,24,Other,Chennai,North,2022-08-16
CUST109732,55,Male,Hyderabad,East,2022-10-01
CUST109733,47,Other,Pune,East,2021-04-21
CUST109734,59,Female,Bangalore,North,2020-10-11
CUST109735,22,Female,Bangalore,West,2020-01-31
CUST109736,28,Other,Mumbai,North,2021-03-23
CUST109737,18,Male,Pune,North,2020-08-01
CUST109738,51,Other,Mumbai,South,2022-11-14
CUST109739,18,Other,Pune,West,2023-10-28
CUST109740,36,Female,Mumbai,East,2021-01-31
CUST109741,19,Male,Kolkata,North,2020-12-02
CUST109742,38,Male,Kolkata,West,2022-07-24
CUST109743,37,Male,Chennai,East,2022-08-25
CUST109744,40,Male,Kolkata,South,2022-05-04
CUST109745,38,Female,Pune,South,2022-06-21
CUST109746,41,Male,Mumbai,West,2021-11-02
CUST109747,21,Male,Pune,North,2023-07-27
CUST109748,29,Male,Chennai,East,2022-02-07
CUST109749,39,Female,Chennai,West,2021-09-14
CUST109750,37,Female,Hyderabad,South,2021-07-12
CUST109751,35,Male,Delhi,East,2021-07-01
CUST109752,18,Female,Kolkata,East,2022-07-11
CUST109753,47,Other,Bangalore,North,2023-05-06
CUST109754,50,Male,Bangalore,South,2021-07-07
CUST109755,41,Female,Delhi,South,2021-04-23
CUST109756,31,Male,Mumbai,South,2022-04-23
CUST109757,53,Male,Delhi,East,2020-03-10
CUST109758,22,Female,Mumbai,South,2021-05-19
CUST109759,28,Other,Kolkata,West,2020-04-19
CUST109760,41,Male,Kolkata,South,2023-11-06
CUST109761,48,Other,Chennai,East,2021-01-31
CUST109762,30,Female,Chennai,South,2023-12-03
CUST109763,33,Male,Chennai,South,2020-12-16
CUST109764,41,Female,Chennai,East,2022-09-21
CUST109765,30,Female,Bangalore,South,2022-02-27
CUST109766,41,Female,Hyderabad,North,2021-02-24
CUST109767,43,Female,Chennai,East,2022-07-10
CUST109768,19,Male,Chennai,South,2020-04-20
CUST109769,33,Other,Chennai,North,2020-07-27
CUST109770,55,Other,Mumbai,West,2024-01-02
CUST109771,63,Male,Pune,East,2023-04-16
CUST109772,18,Male,Chennai,South,2022-07-19
CUST109773,28,Other,Delhi,East,2021-02-28
CUST109774,52,Other,Chennai,North,2020-11-23
CUST109775,60,Male,Chennai,East,2020-01-11
CUST109776,46,Female,Bangalore,West,2023-06-29
CUST109777,54,Male,Pune,South,2022-05-05
CUST109778,34,Other,Chennai,West,2023-06-12
CUST109779,56,Female,Pune,North,2020-09-10
CUST109780,59,Other,Mumbai,East,2020-05-08
CUST109781,45,Female,Kolkata,South,2020-04-09
CUST109782,46,Other,Pune,South,2020-10-16
CUST109783,60,Female,Pune,North,2023-06-03
CUST109784,20,Male,Chennai,North,2023-02-22
CUST109785,27,Male,Hyderabad,East,2024-01-01
CUST109786,59,Female,Chennai,South,2021-10-07
CUST109787,31,Female,Chennai,North,2021-10-26
CUST109788,29,Male,Bangalore,South,2023-10-02
CUST109789,64,Male,Hyderabad,East,2021-11-28
CUST109790,59,Female,Kolkata,West,2020-07-01
CUST109791,47,Female,Bangalore,North,2020-12-16
CUST109792,49,Male,Bangalore,East,2023-11-02
CUST109793,49,Other,Bangalore,West,2021-12-08
CUST109794,59,Male,Hyderabad,East,2024-01-28
CUST109795,49,Female,Mumbai,North,2021-11-08
CUST109796,43,Female,Kolkata,East,2022-03-12
CUST109797,18,Other,Mumbai,South,2020-12-05
CUST109798,59,Male,Mumbai,North,2023-03-10
CUST109799,19,Female,Kolkata,South,2020-04-20
CUST109800,34,Male,Mumbai,East,2020-09-17
CUST109801,47,Female,Hyderabad,North,2023-04-26
CUST109802,56,Other,Kolkata,South,2021-01-05
CUST109803,24,Male,Pune,South,2023-10-13
CUST109804,44,Male,Pune,South,2023-07-20
CUST109805,26,Other,Chennai,West,2021-08-26
CUST109806,39,Female,Bangalore,South,2021-03-24
CUST109807,51,Female,Pune,South,2023-12-11
CUST109808,63,Male,Pune,East,2022-05-10
CUST109809,18,Other,Mumbai,East,2023-11-12
CUST109810,26,Male,Kolkata,East,2023-09-23
CUST109811,37,Male,Delhi,East,2023-08-27
CUST109812,36,Female,Mumbai,West,2023-09-14
CUST109813,53,Female,Mumbai,East,2022-12-06
CUST109814,57,Female,Hyderabad,East,2021-10-17
CUST109815,62,Female,Kolkata,East,2020-05-28
CUST109816,21,Female,Delhi,South,2020-12-15
CUST109817,26,Other,Delhi,West,2020-11-18
CUST109818,58,Male,Chennai,East,2022-05-14
CUST109819,39,Other,Mumbai,South,2023-02-17
CUST109820,35,Male,Hyderabad,North,2022-10-01
CUST109821,29,Female,Bangalore,West,2021-02-01
CUST109822,59,Other,Pune,East,2021-10-07
CUST109823,60,Male,Mumbai,South,2023-05-05
CUST109824,56,Female,Bangalore,North,2021-02-16
CUST109825,26,Female,Bangalore,North,2024-01-02
CUST109826,23,Other,Kolkata,South,2020-02-06
CUST109827,36,Other,Mumbai,South,2020-07-05
CUST109828,64,Other,Kolkata,West,2021-02-23
CUST109829,24,Female,Chennai,South,2021-12-25
CUST109830,33,Male,Bangalore,East,2024-01-23
CUST109831,22,Male,Delhi,North,2023-02-07
CUST109832,33,Other,Bangalore,East,2020-07-05
CUST109833,18,Male,Chennai,East,2021-04-15
CUST109834,54,Female,Bangalore,East,2023-01-06
CUST109835,56,Male,Kolkata,North,2023-10-29
CUST109836,36,Female,Mumbai,North,2022-03-20
CUST109837,54,Other,Delhi,North,2020-11-25
CUST109838,34,Male,Kolkata,South,2023-02-22
CUST109839,43,Female,Pune,East,2023-09-01
CUST109840,39,Other,Mumbai,West,2022-08-15
CUST109841,25,Other,Delhi,South,2020-11-15
CUST109842,50,Other,Chennai,South,2021-04-19
CUST109843,19,Other,Bangalore,West,2022-04-05
CUST109844,47,Male,Delhi,East,2021-05-28
CUST109845,64,Female,Hyderabad,West,2020-11-29
CUST109846,37,Male,Pune,North,2022-12-30
CUST109847,35,Female,Chennai,East,2021-04-09
CUST109848,60,Other,Mumbai,South,2023-10-31
CUST109849,27,Male,Hyderabad,North,2021-12-24
CUST109850,41,Other,Delhi,North,2020-01-08
CUST109851,21,Female,Chennai,South,2020-06-12
CUST109852,54,Other,Mumbai,West,2022-02-19
CUST109853,21,Male,Hyderabad,North,2023-08-11
CUST109854,30,Male,Hyderabad,North,2020-12-23
CUST109855,42,Female,Kolkata,East,2020-03-21
CUST109856,30,Female,Bangalore,East,2022-02-12
CUST109857,35,Male,Chennai,South,2023-07-22
CUST109858,41,Male,Hyderabad,South,2022-07-09
CUST109859,19,Male,Kolkata,South,2022-06-17
CUST109860,50,Male,Pune,West,2022-07-10
CUST109861,36,Female,Pune,North,2022-12-06
CUST109862,26,Male,Mumbai,South,2023-11-16
CUST109863,45,Female,Hyderabad,East,2022-04-04
CUST109864,52,Male,Hyderabad,North,2022-10-14
CUST109865,56,Male,Delhi,South,2023-01-07
CUST109866,27,Other,Hyderabad,North,2021-11-10
CUST109867,18,Other,Bangalore,North,2022-11-12
CUST109868,59,Male,Mumbai,North,2023-06-05
CUST109869,38,Female,Chennai,South,2021-03-13
CUST109870,26,Male,Hyderabad,North,2023-08-14
CUST109871,64,Other,Bangalore,North,2022-08-03
CUST109872,32,Male,Hyderabad,North,2023-07-07
CUST109873,52,Other,Kolkata,East,2022-02-14
CUST109874,22,Male,Bangalore,South,2021-11-06
CUST109875,58,Male,Kolkata,West,2020-01-10
CUST109876,39,Female,Mumbai,East,2020-06-06
CUST109877,58,Other,Hyderabad,North,2022-05-17
CUST109878,40,Other,Delhi,North,2022-02-22
CUST109879,24,Other,Pune,West,2023-03-27
CUST109880,40,Female,Bangalore,West,2020-11-15
CUST109881,61,Male,Delhi,East,2023-05-10
CUST109882,42,Female,Delhi,North,2020-04-30
CUST109883,44,Male,Pune,West,2020-05-18
CUST109884,58,Female,Bangalore,East,2021-11-04
CUST109885,23,Female,Hyderabad,West,2023-09-24
CUST109886,51,Other,Bangalore,North,2023-07-07
CUST109887,26,Female,Delhi,North,2023-12-27
CUST109888,50,Male,Chennai,North,2020-02-13
CUST109889,23,Female,Chennai,North,2023-03-28
CUST109890,54,Female,Bangalore,South,2022-03-26
CUST109891,48,Male,Delhi,South,2023-10-10
CUST109892,51,Other,Delhi,South,2020-04-07
CUST109893,58,Male,Mumbai,East,2020-08-26
CUST109894,46,Male,Delhi,East,2021-04-19
CUST109895,31,Male,Pune,West,2021-06-07
CUST109896,53,Female,Chennai,West,2021-07-10
CUST109897,53,Female,Mumbai,East,2023-11-16
CUST109898,32,Male,Hyderabad,West,2020-01-09
CUST109899,25,Male,Pune,East,2023-11-13
CUST109900,43,Other,Hyderabad,South,2023-05-18
CUST109901,53,Female,Chennai,East,2022-12-13
CUST109902,38,Female,Pune,East,2021-09-07
CUST109903,45,Female,Kolkata,West,2020-05-31
CUST109904,21,Female,Bangalore,West,2021-02-13
CUST109905,33,Male,Kolkata,East,2020-01-10
CUST109906,39,Male,Bangalore,North,2022-08-14
CUST109907,29,Other,Chennai,West,2021-07-05
CUST109908,33,Female,Chennai,East,2021-07-09
CUST109909,57,Female,Kolkata,West,2022-05-29
CUST109910,55,Male,Pune,North,2020-09-24
CUST109911,59,Other,Hyderabad,West,2022-10-10
CUST109912,54,Male,Bangalore,East,2021-10-28
CUST109913,46,Female,Bangalore,East,2021-03-26
CUST109914,35,Female,Mumbai,North,2021-08-16
CUST109915,27,Other,Delhi,East,2023-05-05
CUST109916,59,Male,Pune,North,2021-02-01
CUST109917,56,Female,Pune,East,2022-07-09
CUST109918,35,Female,Mumbai,East,2022-12-11
CUST109919,18,Other,Chennai,West,2024-02-01
CUST109920,56,Female,Kolkata,West,2023-10-23
CUST109921,38,Female,Pune,North,2023-10-29
CUST109922,18,Male,Bangalore,West,2022-12-18
CUST109923,32,Other,Mumbai,South,2020-10-20
CUST109924,21,Other,Kolkata,North,2022-02-26
CUST109925,37,Other,Hyderabad,South,2022-08-09
CUST109926,27,Male,Kolkata,North,2022-05-18
CUST109927,40,Other,Pune,South,2020-04-19
CUST109928,58,Female,Delhi,West,2020-04-16
CUST109929,51,Other,Bangalore,West,2022-10-09
CUST109930,63,Female,Kolkata,East,2020-10-23
CUST109931,50,Other,Hyderabad,South,2022-04-18
CUST109932,51,Other,Bangalore,East,2023-01-23
CUST109933,56,Male,Pune,North,2022-09-11
CUST109934,27,Other,Mumbai,South,2022-04-24
CUST109935,37,Other,Hyderabad,East,2024-02-04
CUST109936,18,Male,Kolkata,North,2020-03-19
CUST109937,30,Female,Hyderabad,South,2023-06-27
CUST109938,18,Other,Pune,East,2021-12-30
CUST109939,22,Other,Kolkata,South,2020-12-04
CUST109940,33,Female,Hyderabad,South,2020-02-26
CUST109941,32,Male,Mumbai,East,2022-07-08
CUST109942,45,Other,Hyderabad,West,2020-05-26
CUST109943,48,Male,Bangalore,West,2022-01-15
CUST109944,40,Female,Bangalore,East,2022-11-06
CUST109945,62,Female,Kolkata,North,2021-01-02
CUST109946,60,Male,Pune,East,2021-12-09
CUST109947,34,Female,Mumbai,East,2023-04-27
CUST109948,51,Female,Chennai,South,2020-09-04
CUST109949,30,Other,Bangalore,West,2020-05-29
CUST109950,31,Male,Hyderabad,West,2021-12-14
CUST109951,28,Other,Chennai,West,2023-05-21
CUST109952,45,Male,Hyderabad,West,2020-08-04
CUST109953,59,Other,Kolkata,East,2022-10-26
CUST109954,49,Female,Chennai,South,2021-10-31
CUST109955,52,Male,Pune,West,2022-05-10
CUST109956,48,Male,Hyderabad,West,2023-11-19
CUST109957,34,Male,Pune,South,2020-10-30
CUST109958,64,Male,Hyderabad,East,2023-12-05
CUST109959,26,Female,Chennai,East,2021-02-06
CUST109960,27,Female,Pune,East,2022-05-09
CUST109961,25,Female,Bangalore,West,2021-01-14
CUST109962,38,Other,Kolkata,West,2021-03-27
CUST109963,30,Female,Chennai,West,2023-06-06
CUST109964,22,Other,Hyderabad,East,2021-11-24
CUST109965,23,Other,Bangalore,West,2020-05-24
CUST109966,47,Female,Hyderabad,North,2020-02-19
CUST109967,48,Female,Chennai,South,2023-12-18
CUST109968,34,Female,Hyderabad,North,2023-01-28
CUST109969,28,Other,Bangalore,North,2020-12-08
CUST109970,37,Male,Pune,West,2022-05-31
CUST109971,26,Female,Pune,South,2022-06-08
CUST109972,19,Other,Kolkata,North,2022-11-02
CUST109973,54,Other,Hyderabad,East,2022-01-31
CUST109974,18,Female,Pune,East,2022-04-27
CUST109975,21,Other,Mumbai,East,2022-07-12
CUST109976,53,Female,Bangalore,East,2023-04-10
CUST109977,42,Other,Bangalore,South,2023-10-14
CUST109978,20,Male,Chennai,East,2023-02-03
CUST109979,26,Other,Kolkata,South,2020-07-07
CUST109980,39,Female,Delhi,South,2022-12-09
CUST109981,40,Male,Pune,South,2023-06-26
CUST109982,29,Female,Delhi,South,2021-02-13
CUST109983,27,Other,Mumbai,West,2023-11-15
CUST109984,51,Male,Kolkata,North,2023-11-03
CUST109985,60,Male,Bangalore,West,2020-08-14
CUST109986,27,Other,Delhi,North,2020-07-31
CUST109987,47,Male,Mumbai,West,2022-10-01
CUST109988,39,Male,Kolkata,East,2023-10-01
CUST109989,23,Male,Mumbai,South,2021-02-22
CUST109990,19,Female,Pune,East,2023-01-12
CUST109991,47,Female,Delhi,East,2022-07-07
CUST109992,19,Male,Chennai,East,2023-05-05
CUST109993,49,Other,Chennai,West,2022-02-15
CUST109994,59,Other,Kolkata,East,2020-08-08
CUST109995,33,Female,Mumbai,South,2020-06-24
CUST109996,29,Other,Bangalore,South,2021-08-06
CUST109997,18,Male,Delhi,North,2023-09-07
CUST109998,25,Other,Chennai,West,2021-06-18
CUST109999,30,Female,Chennai,South,2021-12-25
