order_id,customer_id,product_id,order_date,quantity,price,discount,revenue,payment_method,channel
ORD100000,CUST100464,PROD1092,2022-01-07,1,2248.29,0.19,1821.11,Credit Card,Online
ORD100001,CUST102600,PROD1170,2023-04-04,3,4925.25,0.12,13002.66,UPI,Online
ORD100002,CUST100916,PROD1183,2022-07-02,4,927.52,0.24,2819.66,Debit Card,Store
ORD100003,CUST109644,PROD1151,2022-11-24,1,4916.65,0.05,4670.82,Debit Card,Online
ORD100004,CUST106126,PROD1042,2022-10-26,4,935.8,0.24,2844.83,UPI,Store
ORD100005,CUST107151,PROD1020,2023-02-02,3,319.32,0.11,852.58,Net Banking,Online
ORD100006,CUST100065,PROD1047,2022-01-14,3,3493.68,0.05,9956.99,Credit Card,Online
ORD100007,CUST109917,PROD1065,2022-04-10,2,1779.33,0.05,3380.73,Credit Card,Store
ORD100008,CUST109691,PROD1114,2024-01-26,3,671.01,0.3,1409.12,Credit Card,Store
ORD100009,CUST101904,PROD1015,2022-06-18,4,3483.28,0.19,11285.83,Debit Card,Store
ORD100010,CUST107193,PROD1167,2022-08-20,2,3946.83,0.05,7498.98,Net Banking,Online
ORD100011,CUST104571,PROD1020,2022-04-21,4,319.32,0.08,1175.1,UPI,Online
ORD100012,CUST106716,PROD1179,2022-12-13,2,3516.31,0.11,6259.03,Cash on Delivery,Online
ORD100013,CUST109078,PROD1100,2022-12-06,4,3701.69,0.02,14510.62,Credit Card,Store
ORD100014,CUST106973,PROD1007,2023-09-06,3,4532.56,0.03,13189.75,UPI,Online
ORD100015,CUST103808,PROD1109,2023-12-30,1,4287.18,0.23,3301.13,UPI,Store
ORD100016,CUST107565,PROD1182,2022-08-28,3,572.67,0.24,1305.69,Credit Card,Online
ORD100017,CUST107861,PROD1085,2022-08-28,4,657.06,0.3,1839.77,Cash on Delivery,Online
ORD100018,CUST101960,PROD1057,2024-01-03,3,2667.72,0.02,7843.1,Debit Card,Store
ORD100019,CUST102747,PROD1004,2022-09-27,1,1760.0,0.27,1284.8,Debit Card,Online
ORD100020,CUST100043,PROD1169,2023-06-24,4,2046.46,0.1,7367.26,Net Banking,Store
ORD100021,CUST103842,PROD1110,2022-10-13,4,2932.67,0.1,10557.61,Debit Card,Online
ORD100022,CUST104705,PROD1108,2022-12-01,2,871.28,0.04,1672.86,UPI,Store
ORD100023,CUST101888,PROD1029,2023-07-20,2,935.53,0.3,1309.74,Debit Card,Store
ORD100024,CUST103898,PROD1094,2023-03-19,3,2515.62,0.29,5358.27,Net Banking,Store
ORD100025,CUST105883,PROD1008,2023-12-26,1,1199.69,0.26,887.77,UPI,Online
ORD100026,CUST108911,PROD1094,2024-06-26,1,2515.62,0.03,2440.15,UPI,Store
ORD100027,CUST100690,PROD1094,2023-05-18,1,2515.62,0.25,1886.72,Cash on Delivery,Online
ORD100028,CUST106842,PROD1040,2023-01-05,1,331.95,0.19,268.88,Credit Card,Store
ORD100029,CUST108301,PROD1050,2022-04-30,4,4767.36,0.04,18306.66,Credit Card,Online
ORD100030,CUST104558,PROD1184,2022-03-16,3,4915.01,0.08,13565.43,Credit Card,Store
ORD100031,CUST108706,PROD1060,2023-02-27,4,4998.52,0.21,15795.32,Net Banking,Store
ORD100032,CUST107720,PROD1005,2022-03-11,3,900.54,0.24,2053.23,Debit Card,Online
ORD100033,CUST108828,PROD1118,2024-04-14,2,833.05,0.25,1249.57,Credit Card,Store
ORD100034,CUST103328,PROD1025,2024-01-15,1,1799.14,0.16,1511.28,Debit Card,Online
ORD100035,CUST105312,PROD1005,2022-09-28,3,900.54,0.16,2269.36,Credit Card,Store
ORD100036,CUST100626,PROD1052,2024-09-20,4,2302.12,0.21,7274.7,Cash on Delivery,Online
ORD100037,CUST100069,PROD1060,2022-05-12,4,4998.52,0.23,15395.44,Debit Card,Online
ORD100038,CUST107549,PROD1160,2022-04-08,4,2584.14,0.05,9819.73,Net Banking,Online
ORD100039,CUST105613,PROD1172,2022-04-12,4,3051.89,0.22,9521.9,Net Banking,Store
ORD100040,CUST104319,PROD1093,2023-03-04,3,3090.85,0.1,8345.3,Debit Card,Online
ORD100041,CUST105961,PROD1039,2022-06-16,1,2735.18,0.12,2406.96,Net Banking,Online
ORD100042,CUST103977,PROD1023,2022-04-15,4,554.45,0.02,2173.44,UPI,Store
ORD100043,CUST107500,PROD1091,2024-08-23,1,1656.34,0.18,1358.2,Net Banking,Store
ORD100044,CUST108059,PROD1044,2023-08-21,2,452.32,0.03,877.5,Cash on Delivery,Online
ORD100045,CUST106784,PROD1037,2023-07-03,1,3402.6,0.27,2483.9,Cash on Delivery,Online
ORD100046,CUST101634,PROD1156,2023-03-18,2,4272.09,0.19,6920.79,Debit Card,Store
ORD100047,CUST102543,PROD1107,2023-11-03,2,2161.29,0.3,3025.81,Net Banking,Online
ORD100048,CUST107353,PROD1135,2023-09-27,1,3539.91,0.07,3292.12,Debit Card,Store
ORD100049,CUST100768,PROD1063,2024-07-12,1,4377.63,0.2,3502.1,Credit Card,Store
ORD100050,CUST105764,PROD1086,2024-09-12,3,4422.95,0.29,9420.88,UPI,Online
ORD100051,CUST102603,PROD1106,2023-10-06,4,822.51,0.09,2993.94,Debit Card,Store
ORD100052,CUST100991,PROD1050,2022-09-23,1,4767.36,0.03,4624.34,Debit Card,Store
ORD100053,CUST109920,PROD1005,2024-03-05,1,900.54,0.19,729.44,Debit Card,Online
ORD100054,CUST109721,PROD1174,2024-05-01,2,4761.29,0.11,8475.1,Debit Card,Online
ORD100055,CUST100488,PROD1176,2023-02-24,1,770.65,0.08,709.0,Cash on Delivery,Store
ORD100056,CUST108179,PROD1084,2022-09-18,4,1758.62,0.3,4924.14,UPI,Store
ORD100057,CUST104152,PROD1159,2024-09-03,3,464.94,0.23,1074.01,Credit Card,Store
ORD100058,CUST100511,PROD1181,2023-03-10,4,2171.47,0.15,7383.0,UPI,Online
ORD100059,CUST105697,PROD1035,2023-02-20,4,1309.41,0.02,5132.89,Debit Card,Online
ORD100060,CUST100734,PROD1088,2022-12-21,3,4002.67,0.06,11287.53,Cash on Delivery,Store
ORD100061,CUST105678,PROD1098,2024-07-07,1,1274.77,0.09,1160.04,Credit Card,Online
ORD100062,CUST103309,PROD1146,2023-04-06,1,2720.43,0.15,2312.37,Debit Card,Store
ORD100063,CUST108562,PROD1036,2023-12-02,2,924.34,0.15,1571.38,Debit Card,Store
ORD100064,CUST104701,PROD1016,2023-01-20,1,3052.07,0.01,3021.55,Net Banking,Online
ORD100065,CUST101859,PROD1015,2023-06-27,2,3483.28,0.28,5015.92,UPI,Store
ORD100066,CUST107719,PROD1185,2022-10-02,1,2516.6,0.16,2113.94,UPI,Online
ORD100067,CUST100916,PROD1171,2024-09-09,2,4945.55,0.01,9792.19,UPI,Store
ORD100068,CUST106909,PROD1195,2022-11-06,3,4224.79,0.21,10012.75,Net Banking,Online
ORD100069,CUST107264,PROD1048,2024-06-14,1,3417.13,0.02,3348.79,Cash on Delivery,Online
ORD100070,CUST106681,PROD1093,2024-07-18,1,3090.85,0.22,2410.86,Cash on Delivery,Online
ORD100071,CUST102662,PROD1050,2022-05-12,4,4767.36,0.21,15064.86,Cash on Delivery,Online
ORD100072,CUST104692,PROD1004,2023-11-19,2,1760.0,0.3,2464.0,Credit Card,Online
ORD100073,CUST109429,PROD1096,2024-03-26,2,4510.68,0.1,8119.22,Net Banking,Store
ORD100074,CUST101335,PROD1185,2022-02-18,4,2516.6,0.04,9663.74,Net Banking,Online
ORD100075,CUST105050,PROD1173,2023-03-20,1,3575.41,0.03,3468.15,Cash on Delivery,Store
ORD100076,CUST100761,PROD1182,2024-06-03,2,572.67,0.02,1122.43,Cash on Delivery,Online
ORD100077,CUST102131,PROD1072,2022-06-21,1,4258.76,0.24,3236.66,Cash on Delivery,Store
ORD100078,CUST104814,PROD1144,2024-07-18,3,1220.66,0.22,2856.34,Net Banking,Online
ORD100079,CUST109140,PROD1139,2024-09-16,2,3501.6,0.29,4972.27,Cash on Delivery,Online
ORD100080,CUST100301,PROD1151,2024-04-03,1,4916.65,0.09,4474.15,UPI,Online
ORD100081,CUST107740,PROD1055,2022-11-26,3,2785.96,0.24,6351.99,Cash on Delivery,Store
ORD100082,CUST103694,PROD1182,2022-01-06,1,572.67,0.03,555.49,UPI,Online
ORD100083,CUST102701,PROD1121,2023-08-11,1,1191.0,0.27,869.43,Debit Card,Store
ORD100084,CUST109667,PROD1125,2022-07-23,3,4537.33,0.02,13339.75,Debit Card,Store
ORD100085,CUST108805,PROD1078,2023-01-04,2,3766.22,0.24,5724.65,Net Banking,Store
ORD100086,CUST106214,PROD1015,2024-06-12,4,3483.28,0.09,12679.14,Credit Card,Store
ORD100087,CUST105644,PROD1125,2023-12-23,4,4537.33,0.05,17241.85,Debit Card,Online
ORD100088,CUST105520,PROD1086,2023-07-02,3,4422.95,0.21,10482.39,Net Banking,Store
ORD100089,CUST100668,PROD1021,2024-07-19,1,1572.17,0.27,1147.68,Net Banking,Online
ORD100090,CUST102128,PROD1109,2022-10-08,4,4287.18,0.23,13204.51,UPI,Store
ORD100091,CUST106738,PROD1171,2023-11-20,3,4945.55,0.09,13501.35,UPI,Store
ORD100092,CUST100217,PROD1094,2022-02-24,4,2515.62,0.11,8955.61,Cash on Delivery,Store
ORD100093,CUST108940,PROD1042,2022-06-18,1,935.8,0.06,879.65,Debit Card,Online
ORD100094,CUST104220,PROD1078,2022-11-09,3,3766.22,0.25,8473.99,UPI,Online
ORD100095,CUST108392,PROD1020,2024-07-06,2,319.32,0.03,619.48,Credit Card,Store
ORD100096,CUST102621,PROD1122,2023-04-23,3,2405.73,0.27,5268.55,Net Banking,Online
ORD100097,CUST105139,PROD1007,2023-03-04,3,4532.56,0.18,11150.1,Cash on Delivery,Store
ORD100098,CUST100721,PROD1048,2023-05-27,4,3417.13,0.18,11208.19,UPI,Store
ORD100099,CUST109143,PROD1124,2023-02-17,4,1557.13,0.25,4671.39,UPI,Store
ORD100100,CUST101881,PROD1105,2024-04-18,2,850.29,0.2,1360.46,UPI,Online
ORD100101,CUST101432,PROD1133,2022-02-17,4,1474.25,0.09,5366.27,Debit Card,Store
ORD100102,CUST105181,PROD1080,2023-09-08,4,760.03,0.1,2736.11,UPI,Online
ORD100103,CUST102320,PROD1103,2022-01-03,4,472.31,0.05,1794.78,Net Banking,Store
ORD100104,CUST106950,PROD1108,2023-08-20,1,871.28,0.14,749.3,UPI,Store
ORD100105,CUST109968,PROD1174,2023-11-16,3,4761.29,0.03,13855.35,Credit Card,Online
ORD100106,CUST107177,PROD1163,2024-02-27,4,1140.38,0.2,3649.22,UPI,Online
ORD100107,CUST108890,PROD1124,2022-11-25,1,1557.13,0.05,1479.27,Cash on Delivery,Online
ORD100108,CUST100621,PROD1091,2022-08-21,3,1656.34,0.26,3677.07,Cash on Delivery,Online
ORD100109,CUST100459,PROD1120,2023-11-07,2,1608.36,0.21,2541.21,Credit Card,Store
ORD100110,CUST109276,PROD1110,2022-03-01,3,2932.67,0.27,6422.55,Cash on Delivery,Store
ORD100111,CUST107225,PROD1022,2023-08-13,1,1744.61,0.03,1692.27,Debit Card,Online
ORD100112,CUST108491,PROD1158,2023-06-14,1,611.58,0.24,464.8,Net Banking,Online
ORD100113,CUST109467,PROD1109,2022-04-07,2,4287.18,0.26,6345.03,Net Banking,Store
ORD100114,CUST109622,PROD1074,2022-03-07,1,1160.21,0.01,1148.61,Debit Card,Store
ORD100115,CUST108141,PROD1061,2024-09-23,2,1679.78,0.3,2351.69,Cash on Delivery,Store
ORD100116,CUST105375,PROD1095,2022-01-31,2,4205.79,0.09,7654.54,Credit Card,Online
ORD100117,CUST103452,PROD1056,2024-09-08,1,1642.96,0.06,1544.38,Credit Card,Online
ORD100118,CUST107312,PROD1101,2024-01-20,1,3236.62,0.12,2848.23,Net Banking,Store
ORD100119,CUST105925,PROD1069,2024-02-16,4,3553.73,0.0,14214.92,Credit Card,Store
ORD100120,CUST101821,PROD1064,2022-05-28,4,4980.76,0.27,14543.82,Debit Card,Store
ORD100121,CUST106431,PROD1036,2023-10-22,2,924.34,0.08,1700.79,Net Banking,Store
ORD100122,CUST100988,PROD1067,2022-02-16,1,1221.16,0.16,1025.77,UPI,Online
ORD100123,CUST108405,PROD1074,2022-09-01,4,1160.21,0.19,3759.08,Debit Card,Store
ORD100124,CUST100531,PROD1016,2022-09-14,4,3052.07,0.24,9278.29,Debit Card,Store
ORD100125,CUST102917,PROD1134,2023-04-23,4,3708.05,0.08,13645.62,Credit Card,Store
ORD100126,CUST106885,PROD1051,2023-08-18,4,2585.17,0.22,8065.73,Credit Card,Store
ORD100127,CUST103619,PROD1162,2022-12-22,2,307.56,0.04,590.52,Credit Card,Online
ORD100128,CUST106564,PROD1129,2023-10-16,3,1033.9,0.21,2450.34,UPI,Online
ORD100129,CUST103060,PROD1167,2023-10-03,1,3946.83,0.28,2841.72,Debit Card,Online
ORD100130,CUST109800,PROD1036,2023-03-29,1,924.34,0.03,896.61,Cash on Delivery,Online
ORD100131,CUST102524,PROD1056,2023-06-06,4,1642.96,0.04,6308.97,Net Banking,Store
ORD100132,CUST100689,PROD1100,2024-08-26,2,3701.69,0.17,6144.81,Credit Card,Store
ORD100133,CUST101100,PROD1009,2022-06-26,3,3453.81,0.01,10257.82,Credit Card,Online
ORD100134,CUST108310,PROD1080,2024-06-28,3,760.03,0.06,2143.28,Debit Card,Store
ORD100135,CUST105301,PROD1173,2024-08-13,1,3575.41,0.06,3360.89,UPI,Online
ORD100136,CUST108697,PROD1089,2024-09-25,2,1920.59,0.14,3303.41,Credit Card,Store
ORD100137,CUST107817,PROD1132,2022-07-29,2,1728.02,0.07,3214.12,UPI,Online
ORD100138,CUST102200,PROD1132,2022-02-11,1,1728.02,0.14,1486.1,UPI,Online
ORD100139,CUST109233,PROD1119,2022-05-04,3,3955.63,0.16,9968.19,Cash on Delivery,Store
ORD100140,CUST100496,PROD1101,2022-07-06,2,3236.62,0.22,5049.13,UPI,Store
ORD100141,CUST104174,PROD1026,2022-01-25,4,3182.76,0.28,9166.35,Cash on Delivery,Store
ORD100142,CUST108250,PROD1004,2022-06-13,2,1760.0,0.15,2992.0,Net Banking,Online
ORD100143,CUST105530,PROD1060,2024-05-12,1,4998.52,0.11,4448.68,UPI,Online
ORD100144,CUST106969,PROD1135,2022-02-04,1,3539.91,0.08,3256.72,Net Banking,Online
ORD100145,CUST101653,PROD1158,2022-09-10,4,611.58,0.19,1981.52,UPI,Online
ORD100146,CUST107246,PROD1096,2023-04-20,3,4510.68,0.28,9743.07,Cash on Delivery,Store
ORD100147,CUST109898,PROD1148,2024-01-29,3,3902.89,0.23,9015.68,Cash on Delivery,Online
ORD100148,CUST100243,PROD1020,2023-04-15,4,319.32,0.06,1200.64,Net Banking,Online
ORD100149,CUST102255,PROD1050,2024-06-25,2,4767.36,0.27,6960.35,Debit Card,Online
ORD100150,CUST106999,PROD1078,2023-06-06,1,3766.22,0.22,2937.65,Debit Card,Online
ORD100151,CUST109866,PROD1058,2022-09-21,4,1109.98,0.04,4262.32,Debit Card,Online
ORD100152,CUST106743,PROD1001,2022-04-15,1,2108.14,0.21,1665.43,UPI,Online
ORD100153,CUST102692,PROD1157,2022-08-08,1,1005.94,0.09,915.41,Debit Card,Online
ORD100154,CUST106073,PROD1057,2024-02-06,4,2667.72,0.15,9070.25,Net Banking,Store
ORD100155,CUST108230,PROD1019,2023-02-11,3,1794.76,0.09,4899.69,Debit Card,Store
ORD100156,CUST103247,PROD1167,2023-10-08,3,3946.83,0.03,11485.28,Net Banking,Online
ORD100157,CUST106621,PROD1156,2022-07-25,4,4272.09,0.23,13158.04,Net Banking,Store
ORD100158,CUST101615,PROD1132,2023-09-28,4,1728.02,0.25,5184.06,UPI,Store
ORD100159,CUST100019,PROD1088,2022-08-04,2,4002.67,0.07,7444.97,Cash on Delivery,Online
ORD100160,CUST100220,PROD1137,2022-03-05,4,3649.67,0.07,13576.77,UPI,Store
ORD100161,CUST103771,PROD1188,2024-08-26,1,2539.12,0.13,2209.03,UPI,Store
ORD100162,CUST107321,PROD1104,2024-03-24,3,431.37,0.24,983.52,Credit Card,Store
ORD100163,CUST106606,PROD1111,2024-05-21,1,1904.48,0.02,1866.39,Debit Card,Store
ORD100164,CUST107576,PROD1128,2022-02-07,3,3522.95,0.24,8032.33,Debit Card,Online
ORD100165,CUST108442,PROD1174,2024-01-30,1,4761.29,0.28,3428.13,Net Banking,Online
ORD100166,CUST107828,PROD1097,2023-10-27,4,2401.45,0.17,7972.81,Cash on Delivery,Online
ORD100167,CUST100506,PROD1184,2024-09-24,4,4915.01,0.02,19266.84,Debit Card,Store
ORD100168,CUST104741,PROD1013,2022-08-10,2,4691.44,0.08,8632.25,Debit Card,Online
ORD100169,CUST109060,PROD1152,2022-12-08,3,3367.3,0.03,9798.84,Cash on Delivery,Online
ORD100170,CUST104587,PROD1020,2024-02-09,4,319.32,0.08,1175.1,Debit Card,Online
ORD100171,CUST106438,PROD1015,2023-04-18,3,3483.28,0.24,7941.88,Credit Card,Store
ORD100172,CUST106600,PROD1159,2023-06-20,4,464.94,0.02,1822.56,Debit Card,Online
ORD100173,CUST109361,PROD1172,2022-12-23,2,3051.89,0.09,5554.44,Credit Card,Online
ORD100174,CUST105357,PROD1063,2023-05-21,4,4377.63,0.16,14708.84,UPI,Online
ORD100175,CUST100739,PROD1083,2023-08-02,4,1976.87,0.26,5851.54,UPI,Store
ORD100176,CUST109982,PROD1072,2024-01-31,2,4258.76,0.07,7921.29,Credit Card,Online
ORD100177,CUST108615,PROD1059,2022-08-23,1,4207.05,0.23,3239.43,Net Banking,Online
ORD100178,CUST103055,PROD1097,2023-08-25,3,2401.45,0.18,5907.57,Credit Card,Store
ORD100179,CUST104387,PROD1146,2022-04-04,1,2720.43,0.2,2176.34,Net Banking,Online
ORD100180,CUST102203,PROD1046,2024-05-10,1,3362.42,0.26,2488.19,Cash on Delivery,Store
ORD100181,CUST103922,PROD1191,2024-04-18,1,598.34,0.01,592.36,Cash on Delivery,Online
ORD100182,CUST101957,PROD1157,2022-07-08,3,1005.94,0.16,2534.97,Credit Card,Online
ORD100183,CUST105326,PROD1046,2023-10-11,2,3362.42,0.22,5245.38,Net Banking,Store
ORD100184,CUST101789,PROD1032,2023-11-16,4,940.88,0.27,2747.37,UPI,Store
ORD100185,CUST106401,PROD1020,2024-09-16,4,319.32,0.04,1226.19,Credit Card,Store
ORD100186,CUST100584,PROD1094,2022-01-16,1,2515.62,0.1,2264.06,Credit Card,Online
ORD100187,CUST106178,PROD1062,2023-01-10,3,4227.41,0.02,12428.59,Net Banking,Online
ORD100188,CUST103200,PROD1041,2022-12-30,1,4320.12,0.25,3240.09,Cash on Delivery,Store
ORD100189,CUST101342,PROD1188,2024-01-14,2,2539.12,0.26,3757.9,UPI,Online
ORD100190,CUST104190,PROD1104,2023-02-02,4,431.37,0.15,1466.66,Net Banking,Store
ORD100191,CUST109400,PROD1125,2023-02-14,4,4537.33,0.01,17967.83,Net Banking,Store
ORD100192,CUST104785,PROD1114,2022-06-23,4,671.01,0.03,2603.52,UPI,Online
ORD100193,CUST109357,PROD1042,2023-09-05,4,935.8,0.19,3031.99,Credit Card,Store
ORD100194,CUST104756,PROD1067,2022-07-05,2,1221.16,0.29,1734.05,Credit Card,Store
ORD100195,CUST106025,PROD1025,2024-08-27,3,1799.14,0.25,4048.06,Debit Card,Online
ORD100196,CUST107455,PROD1160,2022-01-30,3,2584.14,0.24,5891.84,UPI,Online
ORD100197,CUST101062,PROD1107,2023-04-15,2,2161.29,0.13,3760.64,Net Banking,Store
ORD100198,CUST108717,PROD1032,2023-01-15,4,940.88,0.3,2634.46,Debit Card,Store
ORD100199,CUST104502,PROD1048,2022-11-08,3,3417.13,0.25,7688.54,Debit Card,Store
ORD100200,CUST109574,PROD1083,2024-05-11,2,1976.87,0.1,3558.37,Debit Card,Online
ORD100201,CUST104981,PROD1040,2024-03-10,1,331.95,0.22,258.92,Credit Card,Store
ORD100202,CUST106612,PROD1199,2022-03-19,2,4504.11,0.13,7837.15,Cash on Delivery,Store
ORD100203,CUST104968,PROD1035,2023-06-19,4,1309.41,0.2,4190.11,Debit Card,Store
ORD100204,CUST106066,PROD1199,2023-06-13,4,4504.11,0.29,12791.67,Net Banking,Online
ORD100205,CUST105400,PROD1094,2022-05-02,4,2515.62,0.07,9358.11,Credit Card,Online
ORD100206,CUST105684,PROD1118,2022-08-16,1,833.05,0.24,633.12,Cash on Delivery,Store
ORD100207,CUST106838,PROD1149,2024-09-15,3,1630.37,0.18,4010.71,Cash on Delivery,Store
ORD100208,CUST107353,PROD1174,2023-02-12,4,4761.29,0.28,13712.52,Debit Card,Store
ORD100209,CUST101987,PROD1082,2022-06-24,1,595.95,0.04,572.11,Debit Card,Store
ORD100210,CUST104067,PROD1019,2024-06-25,2,1794.76,0.22,2799.83,Credit Card,Store
ORD100211,CUST105068,PROD1086,2023-07-07,3,4422.95,0.01,13136.16,Debit Card,Online
ORD100212,CUST104104,PROD1151,2022-01-15,3,4916.65,0.07,13717.45,Credit Card,Store
ORD100213,CUST108877,PROD1125,2022-08-02,2,4537.33,0.1,8167.19,Cash on Delivery,Online
ORD100214,CUST107806,PROD1170,2023-08-26,3,4925.25,0.13,12854.9,Net Banking,Store
ORD100215,CUST106654,PROD1099,2022-02-21,2,4731.44,0.29,6718.64,Net Banking,Online
ORD100216,CUST103734,PROD1072,2024-07-18,1,4258.76,0.02,4173.58,UPI,Store
ORD100217,CUST106804,PROD1015,2022-11-12,4,3483.28,0.05,13236.46,UPI,Store
ORD100218,CUST101241,PROD1026,2022-02-26,1,3182.76,0.06,2991.79,UPI,Online
ORD100219,CUST103500,PROD1044,2022-10-16,4,452.32,0.13,1574.07,Net Banking,Online
ORD100220,CUST109853,PROD1164,2022-05-29,3,3496.96,0.02,10281.06,Debit Card,Store
ORD100221,CUST105730,PROD1012,2023-02-12,2,1673.76,0.29,2376.74,Credit Card,Online
ORD100222,CUST105530,PROD1178,2023-06-16,2,4804.5,0.17,7975.47,Net Banking,Store
ORD100223,CUST103261,PROD1001,2023-01-04,1,2108.14,0.24,1602.19,UPI,Online
ORD100224,CUST107264,PROD1075,2022-11-20,1,2758.4,0.23,2123.97,UPI,Store
ORD100225,CUST103843,PROD1104,2023-09-05,3,431.37,0.2,1035.29,Debit Card,Store
ORD100226,CUST104825,PROD1096,2022-12-23,2,4510.68,0.27,6585.59,UPI,Online
ORD100227,CUST101981,PROD1086,2023-12-01,4,4422.95,0.27,12915.01,UPI,Online
ORD100228,CUST100647,PROD1058,2023-03-06,3,1109.98,0.04,3196.74,Credit Card,Store
ORD100229,CUST103923,PROD1013,2022-02-02,3,4691.44,0.27,10274.25,Debit Card,Store
ORD100230,CUST101982,PROD1102,2023-06-27,3,3752.53,0.16,9456.38,Cash on Delivery,Store
ORD100231,CUST105255,PROD1176,2023-11-05,2,770.65,0.08,1418.0,Cash on Delivery,Online
ORD100232,CUST102019,PROD1029,2024-02-29,1,935.53,0.18,767.13,UPI,Store
ORD100233,CUST109014,PROD1109,2024-05-23,2,4287.18,0.08,7888.41,UPI,Online
ORD100234,CUST104674,PROD1097,2022-10-13,4,2401.45,0.14,8260.99,Credit Card,Online
ORD100235,CUST108071,PROD1008,2023-06-01,2,1199.69,0.24,1823.53,Cash on Delivery,Store
ORD100236,CUST106980,PROD1023,2023-11-12,4,554.45,0.01,2195.62,Debit Card,Online
ORD100237,CUST102832,PROD1111,2023-11-16,4,1904.48,0.05,7237.02,Debit Card,Store
ORD100238,CUST109212,PROD1040,2023-12-28,4,331.95,0.29,942.74,Net Banking,Store
ORD100239,CUST109273,PROD1187,2024-04-08,2,4781.3,0.13,8319.46,Net Banking,Online
ORD100240,CUST107102,PROD1031,2022-04-27,4,3607.34,0.09,13130.72,Debit Card,Store
ORD100241,CUST105991,PROD1174,2024-02-06,4,4761.29,0.28,13712.52,Net Banking,Online
ORD100242,CUST104208,PROD1020,2022-09-26,3,319.32,0.27,699.31,Credit Card,Store
ORD100243,CUST103675,PROD1169,2024-02-03,3,2046.46,0.01,6077.99,UPI,Online
ORD100244,CUST101779,PROD1069,2024-06-23,2,3553.73,0.11,6325.64,Debit Card,Online
ORD100245,CUST104696,PROD1110,2023-12-19,3,2932.67,0.27,6422.55,Cash on Delivery,Store
ORD100246,CUST104537,PROD1088,2023-12-22,3,4002.67,0.05,11407.61,Cash on Delivery,Online
ORD100247,CUST108419,PROD1001,2022-06-12,1,2108.14,0.17,1749.76,Debit Card,Online
ORD100248,CUST100873,PROD1158,2024-02-25,2,611.58,0.1,1100.84,Net Banking,Store
ORD100249,CUST104766,PROD1055,2024-06-13,2,2785.96,0.22,4346.1,Net Banking,Online
ORD100250,CUST103428,PROD1157,2022-05-20,3,1005.94,0.05,2866.93,Debit Card,Online
ORD100251,CUST109483,PROD1190,2024-06-05,2,2787.44,0.18,4571.4,Debit Card,Store
ORD100252,CUST105604,PROD1014,2023-11-12,2,2197.11,0.0,4394.22,Debit Card,Online
ORD100253,CUST109219,PROD1017,2022-05-24,2,791.05,0.08,1455.53,Credit Card,Online
ORD100254,CUST103549,PROD1031,2022-08-10,2,3607.34,0.05,6853.95,Cash on Delivery,Online
ORD100255,CUST108312,PROD1013,2024-02-20,3,4691.44,0.06,13229.86,Credit Card,Online
ORD100256,CUST108933,PROD1189,2024-06-10,1,4197.72,0.26,3106.31,Credit Card,Online
ORD100257,CUST103881,PROD1051,2024-07-02,3,2585.17,0.27,5661.52,UPI,Online
ORD100258,CUST109701,PROD1021,2023-08-11,1,1572.17,0.23,1210.57,Credit Card,Online
ORD100259,CUST109434,PROD1013,2023-09-22,2,4691.44,0.18,7693.96,Cash on Delivery,Online
ORD100260,CUST104789,PROD1033,2023-09-02,4,647.39,0.07,2408.29,Net Banking,Online
ORD100261,CUST107445,PROD1085,2023-03-11,2,657.06,0.08,1208.99,Cash on Delivery,Online
ORD100262,CUST104352,PROD1055,2023-06-29,2,2785.96,0.09,5070.45,Debit Card,Online
ORD100263,CUST107471,PROD1180,2023-03-30,4,4036.27,0.23,12431.71,Debit Card,Online
ORD100264,CUST107059,PROD1176,2024-04-29,2,770.65,0.08,1418.0,Debit Card,Store
ORD100265,CUST105649,PROD1062,2022-03-08,2,4227.41,0.29,6002.92,Credit Card,Online
ORD100266,CUST109904,PROD1143,2024-04-01,4,3731.95,0.24,11345.13,UPI,Store
ORD100267,CUST105008,PROD1079,2022-01-06,2,127.55,0.3,178.57,Net Banking,Online
ORD100268,CUST107317,PROD1039,2024-03-14,2,2735.18,0.14,4704.51,Credit Card,Online
ORD100269,CUST108785,PROD1037,2022-08-29,1,3402.6,0.18,2790.13,Debit Card,Online
ORD100270,CUST101033,PROD1145,2022-02-24,3,4568.9,0.08,12610.16,Cash on Delivery,Store
ORD100271,CUST100211,PROD1022,2023-01-18,2,1744.61,0.18,2861.16,Debit Card,Store
ORD100272,CUST106057,PROD1109,2023-03-10,2,4287.18,0.29,6087.8,Cash on Delivery,Online
ORD100273,CUST109597,PROD1047,2023-04-15,2,3493.68,0.01,6917.49,Net Banking,Online
ORD100274,CUST105508,PROD1081,2022-03-12,1,473.74,0.09,431.1,Debit Card,Store
ORD100275,CUST105017,PROD1173,2023-08-29,2,3575.41,0.08,6578.75,Net Banking,Store
ORD100276,CUST108122,PROD1112,2023-03-26,3,441.15,0.29,939.65,Debit Card,Store
ORD100277,CUST108125,PROD1021,2023-04-25,4,1572.17,0.04,6037.13,Debit Card,Online
ORD100278,CUST106479,PROD1124,2022-05-23,1,1557.13,0.24,1183.42,Cash on Delivery,Store
ORD100279,CUST109113,PROD1053,2022-01-22,4,1312.97,0.08,4831.73,UPI,Online
ORD100280,CUST104062,PROD1039,2023-07-15,1,2735.18,0.26,2024.03,Cash on Delivery,Online
ORD100281,CUST107348,PROD1029,2023-02-26,2,935.53,0.15,1590.4,Credit Card,Store
ORD100282,CUST107942,PROD1182,2023-10-10,1,572.67,0.07,532.58,Net Banking,Online
ORD100283,CUST107945,PROD1183,2023-01-27,2,927.52,0.21,1465.48,Net Banking,Store
ORD100284,CUST103238,PROD1041,2024-01-13,4,4320.12,0.25,12960.36,UPI,Store
ORD100285,CUST101493,PROD1169,2023-09-04,4,2046.46,0.14,7039.82,Debit Card,Online
ORD100286,CUST101577,PROD1189,2023-04-13,3,4197.72,0.21,9948.6,Net Banking,Online
ORD100287,CUST101597,PROD1126,2022-10-20,3,362.9,0.05,1034.26,UPI,Online
ORD100288,CUST102428,PROD1180,2023-12-13,1,4036.27,0.28,2906.11,Credit Card,Online
ORD100289,CUST100312,PROD1081,2024-04-25,1,473.74,0.03,459.53,Net Banking,Store
ORD100290,CUST106686,PROD1052,2024-09-06,2,2302.12,0.07,4281.94,Credit Card,Online
ORD100291,CUST104075,PROD1191,2022-05-01,4,598.34,0.09,2177.96,Cash on Delivery,Store
ORD100292,CUST100003,PROD1000,2024-01-09,4,1986.03,0.05,7546.91,Net Banking,Store
ORD100293,CUST107061,PROD1105,2024-07-09,1,850.29,0.12,748.26,Net Banking,Store
ORD100294,CUST109077,PROD1196,2024-09-04,4,1253.86,0.14,4313.28,Debit Card,Online
ORD100295,CUST105218,PROD1026,2023-03-14,3,3182.76,0.16,8020.56,Credit Card,Online
ORD100296,CUST100191,PROD1016,2024-01-21,1,3052.07,0.01,3021.55,Cash on Delivery,Store
ORD100297,CUST102380,PROD1062,2024-02-28,3,4227.41,0.07,11794.47,UPI,Online
ORD100298,CUST101235,PROD1127,2022-04-11,2,509.27,0.24,774.09,Cash on Delivery,Store
ORD100299,CUST107762,PROD1168,2024-06-13,3,736.02,0.24,1678.13,Net Banking,Online
ORD100300,CUST107931,PROD1120,2022-07-06,1,1608.36,0.1,1447.52,Credit Card,Online
ORD100301,CUST102403,PROD1185,2022-06-08,3,2516.6,0.14,6492.83,Net Banking,Store
ORD100302,CUST106021,PROD1121,2023-06-02,3,1191.0,0.06,3358.62,UPI,Store
ORD100303,CUST107420,PROD1184,2023-11-13,1,4915.01,0.25,3686.26,UPI,Store
ORD100304,CUST106734,PROD1126,2024-06-05,2,362.9,0.29,515.32,Net Banking,Store
ORD100305,CUST108453,PROD1165,2022-06-29,3,4146.73,0.09,11320.57,Net Banking,Online
ORD100306,CUST102369,PROD1121,2023-03-07,1,1191.0,0.23,917.07,Net Banking,Online
ORD100307,CUST102467,PROD1065,2022-07-31,3,1779.33,0.11,4750.81,Credit Card,Store
ORD100308,CUST104427,PROD1172,2024-07-12,3,3051.89,0.0,9155.67,Debit Card,Online
ORD100309,CUST101259,PROD1022,2023-11-07,4,1744.61,0.18,5722.32,UPI,Store
ORD100310,CUST102054,PROD1147,2023-10-02,3,1570.61,0.12,4146.41,Credit Card,Store
ORD100311,CUST100533,PROD1035,2024-03-18,2,1309.41,0.23,2016.49,UPI,Online
ORD100312,CUST102119,PROD1169,2023-12-31,3,2046.46,0.22,4788.72,Net Banking,Online
ORD100313,CUST101523,PROD1149,2023-10-15,1,1630.37,0.28,1173.87,UPI,Store
ORD100314,CUST103457,PROD1187,2023-03-09,1,4781.3,0.13,4159.73,Cash on Delivery,Online
ORD100315,CUST102589,PROD1010,2023-10-06,4,794.74,0.14,2733.91,UPI,Store
ORD100316,CUST104419,PROD1027,2024-05-15,4,133.03,0.12,468.27,Cash on Delivery,Store
ORD100317,CUST107092,PROD1044,2024-02-02,3,452.32,0.09,1234.83,Credit Card,Online
ORD100318,CUST106744,PROD1123,2024-06-08,4,4620.97,0.19,14971.94,Credit Card,Store
ORD100319,CUST101940,PROD1121,2022-04-11,2,1191.0,0.25,1786.5,Cash on Delivery,Store
ORD100320,CUST103736,PROD1149,2022-11-16,4,1630.37,0.05,6195.41,UPI,Store
ORD100321,CUST100072,PROD1080,2022-04-08,1,760.03,0.29,539.62,Credit Card,Online
ORD100322,CUST102887,PROD1190,2024-04-27,4,2787.44,0.21,8808.31,UPI,Online
ORD100323,CUST105357,PROD1158,2022-10-06,2,611.58,0.23,941.83,Debit Card,Store
ORD100324,CUST109179,PROD1010,2023-11-29,2,794.74,0.3,1112.64,Debit Card,Store
ORD100325,CUST101345,PROD1035,2024-05-04,4,1309.41,0.15,4451.99,Cash on Delivery,Store
ORD100326,CUST109978,PROD1077,2022-05-23,4,4838.73,0.02,18967.82,Cash on Delivery,Store
ORD100327,CUST109223,PROD1034,2022-12-11,4,847.63,0.24,2576.8,UPI,Store
ORD100328,CUST102006,PROD1126,2024-05-10,1,362.9,0.26,268.55,Debit Card,Store
ORD100329,CUST109422,PROD1150,2022-12-22,1,4820.06,0.05,4579.06,Debit Card,Store
ORD100330,CUST108602,PROD1028,2024-06-13,2,4912.04,0.01,9725.84,Cash on Delivery,Online
ORD100331,CUST101819,PROD1150,2023-08-14,4,4820.06,0.04,18509.03,Net Banking,Online
ORD100332,CUST106794,PROD1123,2024-05-18,3,4620.97,0.1,12476.62,UPI,Online
ORD100333,CUST107213,PROD1015,2022-12-21,2,3483.28,0.28,5015.92,UPI,Online
ORD100334,CUST103092,PROD1102,2023-03-06,1,3752.53,0.0,3752.53,Credit Card,Online
ORD100335,CUST105289,PROD1083,2022-02-08,2,1976.87,0.24,3004.84,Cash on Delivery,Online
ORD100336,CUST102591,PROD1146,2022-10-30,1,2720.43,0.26,2013.12,Credit Card,Online
ORD100337,CUST107583,PROD1095,2023-07-03,3,4205.79,0.24,9589.2,Net Banking,Online
ORD100338,CUST102502,PROD1190,2023-03-01,4,2787.44,0.02,10926.76,Credit Card,Online
ORD100339,CUST108853,PROD1049,2022-12-14,4,2805.47,0.2,8977.5,Net Banking,Store
ORD100340,CUST109421,PROD1042,2023-03-05,4,935.8,0.29,2657.67,Credit Card,Online
ORD100341,CUST109548,PROD1018,2022-10-13,3,4703.75,0.04,13546.8,Cash on Delivery,Online
ORD100342,CUST103092,PROD1112,2023-03-31,3,441.15,0.01,1310.22,Net Banking,Store
ORD100343,CUST107061,PROD1120,2022-11-20,3,1608.36,0.26,3570.56,UPI,Store
ORD100344,CUST101673,PROD1017,2023-06-03,3,791.05,0.19,1922.25,Cash on Delivery,Store
ORD100345,CUST109280,PROD1133,2022-12-19,1,1474.25,0.19,1194.14,Cash on Delivery,Online
ORD100346,CUST106002,PROD1034,2024-03-25,2,847.63,0.29,1203.63,Debit Card,Online
ORD100347,CUST107308,PROD1013,2022-10-30,3,4691.44,0.23,10837.23,UPI,Store
ORD100348,CUST106659,PROD1063,2022-07-29,1,4377.63,0.12,3852.31,Credit Card,Online
ORD100349,CUST100499,PROD1136,2023-08-14,2,4779.14,0.13,8315.7,Cash on Delivery,Online
ORD100350,CUST100325,PROD1162,2024-06-12,2,307.56,0.04,590.52,Credit Card,Online
ORD100351,CUST106033,PROD1001,2024-05-16,3,2108.14,0.09,5755.22,Cash on Delivery,Store
ORD100352,CUST100887,PROD1005,2024-05-18,3,900.54,0.13,2350.41,UPI,Online
ORD100353,CUST109187,PROD1098,2023-03-20,2,1274.77,0.08,2345.58,Cash on Delivery,Online
ORD100354,CUST103673,PROD1120,2022-05-13,2,1608.36,0.27,2348.21,Credit Card,Store
ORD100355,CUST107935,PROD1152,2022-06-25,1,3367.3,0.0,3367.3,Credit Card,Store
ORD100356,CUST100928,PROD1072,2022-03-28,3,4258.76,0.18,10476.55,UPI,Online
ORD100357,CUST104403,PROD1177,2024-01-31,2,3377.85,0.23,5201.89,Credit Card,Online
ORD100358,CUST105426,PROD1134,2023-04-03,2,3708.05,0.22,5784.56,Net Banking,Online
ORD100359,CUST107990,PROD1062,2022-08-05,4,4227.41,0.19,13696.81,Cash on Delivery,Online
ORD100360,CUST109846,PROD1155,2023-02-10,3,2625.54,0.12,6931.43,Net Banking,Store
ORD100361,CUST100624,PROD1001,2024-05-12,1,2108.14,0.28,1517.86,Debit Card,Online
ORD100362,CUST104344,PROD1064,2023-02-11,1,4980.76,0.1,4482.68,Debit Card,Online
ORD100363,CUST102371,PROD1100,2023-08-27,4,3701.69,0.23,11401.21,Cash on Delivery,Store
ORD100364,CUST104699,PROD1186,2023-03-05,3,158.9,0.28,343.22,Credit Card,Online
ORD100365,CUST108250,PROD1151,2023-12-20,1,4916.65,0.04,4719.98,UPI,Online
ORD100366,CUST105116,PROD1189,2022-08-20,4,4197.72,0.28,12089.43,Debit Card,Online
ORD100367,CUST106237,PROD1198,2024-03-30,1,1926.28,0.23,1483.24,Credit Card,Online
ORD100368,CUST109469,PROD1037,2023-12-12,1,3402.6,0.18,2790.13,UPI,Store
ORD100369,CUST108878,PROD1061,2023-03-06,4,1679.78,0.11,5980.02,Cash on Delivery,Online
ORD100370,CUST107627,PROD1192,2022-02-07,2,3116.29,0.27,4549.78,Credit Card,Store
ORD100371,CUST104610,PROD1118,2023-02-28,2,833.05,0.01,1649.44,Net Banking,Store
ORD100372,CUST100532,PROD1178,2023-02-03,1,4804.5,0.13,4179.92,Cash on Delivery,Online
ORD100373,CUST104497,PROD1051,2024-05-30,3,2585.17,0.23,5971.74,Debit Card,Online
ORD100374,CUST103852,PROD1109,2024-08-22,3,4287.18,0.24,9774.77,Cash on Delivery,Store
ORD100375,CUST103404,PROD1073,2024-06-26,3,2162.76,0.06,6098.98,Cash on Delivery,Online
ORD100376,CUST102768,PROD1097,2023-08-12,4,2401.45,0.01,9509.74,UPI,Online
ORD100377,CUST102655,PROD1062,2023-08-02,1,4227.41,0.24,3212.83,Debit Card,Store
ORD100378,CUST102140,PROD1138,2022-07-04,4,3504.61,0.13,12196.04,UPI,Online
ORD100379,CUST107724,PROD1047,2023-01-12,3,3493.68,0.04,10061.8,Cash on Delivery,Store
ORD100380,CUST100573,PROD1100,2022-10-02,4,3701.69,0.03,14362.56,Credit Card,Store
ORD100381,CUST101565,PROD1181,2023-08-25,2,2171.47,0.19,3517.78,Net Banking,Store
ORD100382,CUST109997,PROD1177,2022-10-13,3,3377.85,0.17,8410.85,Net Banking,Store
ORD100383,CUST100436,PROD1073,2022-12-14,3,2162.76,0.26,4801.33,UPI,Online
ORD100384,CUST103589,PROD1037,2023-12-20,2,3402.6,0.01,6737.15,Credit Card,Store
ORD100385,CUST101398,PROD1135,2023-06-14,2,3539.91,0.26,5239.07,Net Banking,Store
ORD100386,CUST109746,PROD1005,2024-01-26,1,900.54,0.27,657.39,Credit Card,Online
ORD100387,CUST107691,PROD1067,2024-04-10,4,1221.16,0.13,4249.64,UPI,Online
ORD100388,CUST103266,PROD1196,2022-01-07,1,1253.86,0.02,1228.78,Debit Card,Store
ORD100389,CUST106408,PROD1133,2022-07-07,1,1474.25,0.28,1061.46,Credit Card,Store
ORD100390,CUST103497,PROD1110,2024-08-31,1,2932.67,0.02,2874.02,Credit Card,Store
ORD100391,CUST104956,PROD1031,2023-08-23,1,3607.34,0.18,2958.02,Debit Card,Store
ORD100392,CUST101974,PROD1037,2022-04-26,2,3402.6,0.15,5784.42,Cash on Delivery,Online
ORD100393,CUST109058,PROD1114,2023-05-14,2,671.01,0.25,1006.52,Cash on Delivery,Store
ORD100394,CUST109245,PROD1184,2022-03-04,4,4915.01,0.15,16711.03,Cash on Delivery,Store
ORD100395,CUST105410,PROD1108,2023-03-17,4,871.28,0.14,2997.2,UPI,Online
ORD100396,CUST107742,PROD1063,2022-12-10,4,4377.63,0.26,12957.78,Cash on Delivery,Store
ORD100397,CUST102534,PROD1053,2023-08-10,2,1312.97,0.29,1864.42,UPI,Online
ORD100398,CUST107573,PROD1112,2023-01-14,3,441.15,0.16,1111.7,Debit Card,Online
ORD100399,CUST108219,PROD1013,2022-10-22,3,4691.44,0.14,12103.92,Credit Card,Store
ORD100400,CUST103217,PROD1063,2023-11-14,4,4377.63,0.25,13132.89,Net Banking,Store
ORD100401,CUST102335,PROD1177,2022-08-20,3,3377.85,0.25,7600.16,Net Banking,Online
ORD100402,CUST104676,PROD1174,2023-03-16,1,4761.29,0.1,4285.16,UPI,Store
ORD100403,CUST106395,PROD1053,2023-01-29,4,1312.97,0.17,4359.06,UPI,Store
ORD100404,CUST107329,PROD1018,2024-01-30,3,4703.75,0.05,13405.69,Credit Card,Online
ORD100405,CUST102157,PROD1166,2024-05-24,1,4056.26,0.19,3285.57,Debit Card,Online
ORD100406,CUST102691,PROD1192,2024-01-07,1,3116.29,0.25,2337.22,Credit Card,Store
ORD100407,CUST106541,PROD1125,2022-10-03,1,4537.33,0.06,4265.09,UPI,Online
ORD100408,CUST103342,PROD1059,2024-05-23,1,4207.05,0.1,3786.34,Credit Card,Store
ORD100409,CUST101555,PROD1160,2023-12-05,3,2584.14,0.13,6744.61,UPI,Online
ORD100410,CUST100275,PROD1031,2022-06-16,2,3607.34,0.25,5411.01,Net Banking,Online
ORD100411,CUST102736,PROD1035,2024-09-08,1,1309.41,0.22,1021.34,Credit Card,Store
ORD100412,CUST109539,PROD1151,2022-04-09,4,4916.65,0.1,17699.94,Debit Card,Store
ORD100413,CUST103089,PROD1170,2024-06-01,3,4925.25,0.07,13741.45,Net Banking,Online
ORD100414,CUST107578,PROD1198,2023-02-16,1,1926.28,0.21,1521.76,Debit Card,Online
ORD100415,CUST107968,PROD1198,2022-08-16,4,1926.28,0.14,6626.4,Debit Card,Store
ORD100416,CUST102172,PROD1045,2023-02-18,1,770.29,0.18,631.64,UPI,Online
ORD100417,CUST100152,PROD1174,2022-11-10,2,4761.29,0.19,7713.29,Debit Card,Store
ORD100418,CUST101604,PROD1196,2022-11-22,1,1253.86,0.17,1040.7,Cash on Delivery,Store
ORD100419,CUST106801,PROD1013,2022-03-03,2,4691.44,0.18,7693.96,Debit Card,Store
ORD100420,CUST107724,PROD1172,2022-05-09,4,3051.89,0.27,8911.52,Credit Card,Online
ORD100421,CUST101826,PROD1179,2024-02-01,3,3516.31,0.26,7806.21,UPI,Store
ORD100422,CUST108438,PROD1117,2023-03-28,1,2765.48,0.04,2654.86,UPI,Store
ORD100423,CUST105509,PROD1049,2023-02-13,2,2805.47,0.18,4600.97,Cash on Delivery,Store
ORD100424,CUST101370,PROD1064,2023-02-27,4,4980.76,0.13,17333.04,UPI,Store
ORD100425,CUST105322,PROD1076,2023-10-13,1,4330.45,0.09,3940.71,UPI,Online
ORD100426,CUST105128,PROD1063,2022-08-18,1,4377.63,0.19,3545.88,Net Banking,Online
ORD100427,CUST105811,PROD1022,2023-07-25,1,1744.61,0.15,1482.92,Net Banking,Online
ORD100428,CUST101691,PROD1124,2023-11-08,2,1557.13,0.23,2397.98,Net Banking,Online
ORD100429,CUST106674,PROD1083,2023-05-27,3,1976.87,0.03,5752.69,Cash on Delivery,Online
ORD100430,CUST103390,PROD1198,2023-12-17,4,1926.28,0.09,7011.66,UPI,Online
ORD100431,CUST102398,PROD1069,2024-07-13,2,3553.73,0.01,7036.39,UPI,Online
ORD100432,CUST109862,PROD1186,2023-09-02,3,158.9,0.22,371.83,UPI,Store
ORD100433,CUST100036,PROD1072,2022-12-04,4,4258.76,0.27,12435.58,Debit Card,Online
ORD100434,CUST101627,PROD1091,2022-09-03,2,1656.34,0.18,2716.4,UPI,Online
ORD100435,CUST102339,PROD1073,2023-10-11,2,2162.76,0.19,3503.67,UPI,Online
ORD100436,CUST106160,PROD1181,2023-07-12,3,2171.47,0.01,6449.27,Credit Card,Store
ORD100437,CUST101371,PROD1198,2022-07-23,4,1926.28,0.15,6549.35,Credit Card,Online
ORD100438,CUST100676,PROD1153,2024-06-23,3,656.81,0.16,1655.16,UPI,Online
ORD100439,CUST105072,PROD1043,2022-07-12,3,1864.75,0.01,5538.31,Debit Card,Online
ORD100440,CUST100252,PROD1075,2024-04-18,2,2758.4,0.23,4247.94,Debit Card,Online
ORD100441,CUST102864,PROD1140,2022-12-25,3,4426.54,0.08,12217.25,Cash on Delivery,Store
ORD100442,CUST101616,PROD1181,2023-07-08,1,2171.47,0.22,1693.75,Cash on Delivery,Online
ORD100443,CUST102231,PROD1118,2023-11-05,1,833.05,0.12,733.08,UPI,Online
ORD100444,CUST106433,PROD1039,2024-01-06,1,2735.18,0.3,1914.63,Net Banking,Store
ORD100445,CUST100760,PROD1003,2022-09-11,1,1363.94,0.06,1282.1,Debit Card,Online
ORD100446,CUST103286,PROD1180,2022-10-11,4,4036.27,0.02,15822.18,Net Banking,Online
ORD100447,CUST106301,PROD1128,2022-08-06,3,3522.95,0.29,7503.88,Cash on Delivery,Online
ORD100448,CUST107066,PROD1005,2023-09-04,3,900.54,0.07,2512.51,Debit Card,Online
ORD100449,CUST106834,PROD1054,2023-07-27,1,584.36,0.19,473.33,Net Banking,Store
ORD100450,CUST100392,PROD1065,2023-07-06,4,1779.33,0.11,6334.41,UPI,Online
ORD100451,CUST108622,PROD1117,2022-07-01,3,2765.48,0.19,6720.12,Net Banking,Online
ORD100452,CUST100996,PROD1145,2023-07-25,1,4568.9,0.18,3746.5,Cash on Delivery,Store
ORD100453,CUST107148,PROD1028,2024-08-31,2,4912.04,0.21,7761.02,Debit Card,Online
ORD100454,CUST109283,PROD1052,2024-07-29,3,2302.12,0.01,6837.3,Debit Card,Store
ORD100455,CUST101100,PROD1160,2022-08-11,2,2584.14,0.25,3876.21,Debit Card,Online
ORD100456,CUST108293,PROD1130,2022-07-27,3,1651.44,0.14,4260.72,UPI,Online
ORD100457,CUST109084,PROD1147,2023-02-27,3,1570.61,0.16,3957.94,Debit Card,Store
ORD100458,CUST102260,PROD1131,2022-06-19,3,768.23,0.12,2028.13,Net Banking,Store
ORD100459,CUST109980,PROD1081,2022-05-19,2,473.74,0.3,663.24,Credit Card,Store
ORD100460,CUST102180,PROD1135,2022-07-22,4,3539.91,0.24,10761.33,Credit Card,Online
ORD100461,CUST105316,PROD1104,2022-09-11,2,431.37,0.09,785.09,UPI,Online
ORD100462,CUST101780,PROD1085,2022-06-15,1,657.06,0.23,505.94,Net Banking,Online
ORD100463,CUST106433,PROD1082,2023-07-23,4,595.95,0.13,2073.91,UPI,Store
ORD100464,CUST109471,PROD1155,2023-09-27,2,2625.54,0.26,3885.8,Credit Card,Online
ORD100465,CUST104008,PROD1193,2023-01-31,2,4987.26,0.01,9874.77,Debit Card,Store
ORD100466,CUST107373,PROD1072,2023-03-02,1,4258.76,0.11,3790.3,Credit Card,Store
ORD100467,CUST103286,PROD1098,2023-03-23,2,1274.77,0.13,2218.1,Credit Card,Store
ORD100468,CUST104517,PROD1025,2023-05-21,4,1799.14,0.22,5613.32,Credit Card,Store
ORD100469,CUST102628,PROD1033,2022-05-17,2,647.39,0.05,1230.04,UPI,Store
ORD100470,CUST100538,PROD1070,2023-02-10,4,3731.49,0.09,13582.62,Cash on Delivery,Online
ORD100471,CUST101780,PROD1093,2024-07-22,1,3090.85,0.22,2410.86,UPI,Store
ORD100472,CUST106605,PROD1176,2024-08-26,4,770.65,0.02,3020.95,Cash on Delivery,Online
ORD100473,CUST102348,PROD1088,2024-02-01,2,4002.67,0.06,7525.02,UPI,Online
ORD100474,CUST105407,PROD1176,2023-07-23,1,770.65,0.23,593.4,Credit Card,Store
ORD100475,CUST107169,PROD1026,2023-08-02,4,3182.76,0.26,9420.97,Debit Card,Online
ORD100476,CUST101960,PROD1192,2022-08-19,4,3116.29,0.22,9722.82,Net Banking,Online
ORD100477,CUST103091,PROD1032,2024-09-21,3,940.88,0.16,2371.02,Cash on Delivery,Store
ORD100478,CUST107097,PROD1071,2022-09-01,3,1115.14,0.03,3245.06,UPI,Online
ORD100479,CUST103562,PROD1048,2022-10-13,2,3417.13,0.25,5125.7,Debit Card,Online
ORD100480,CUST105081,PROD1062,2023-09-25,3,4227.41,0.04,12174.94,Net Banking,Online
ORD100481,CUST104901,PROD1159,2024-07-10,2,464.94,0.12,818.29,Debit Card,Store
ORD100482,CUST102304,PROD1018,2024-08-25,1,4703.75,0.02,4609.68,Cash on Delivery,Store
ORD100483,CUST102485,PROD1177,2022-02-23,4,3377.85,0.21,10674.01,Cash on Delivery,Store
ORD100484,CUST107928,PROD1021,2024-03-10,1,1572.17,0.15,1336.34,Net Banking,Store
ORD100485,CUST108175,PROD1089,2024-02-29,1,1920.59,0.27,1402.03,Net Banking,Online
ORD100486,CUST100648,PROD1066,2023-01-27,3,3804.6,0.04,10957.25,Cash on Delivery,Store
ORD100487,CUST107890,PROD1136,2024-05-26,4,4779.14,0.25,14337.42,Cash on Delivery,Store
ORD100488,CUST103815,PROD1162,2023-08-01,1,307.56,0.15,261.43,Credit Card,Store
ORD100489,CUST106279,PROD1070,2022-09-27,4,3731.49,0.11,13284.1,Net Banking,Online
ORD100490,CUST109743,PROD1078,2023-01-24,4,3766.22,0.19,12202.55,Net Banking,Store
ORD100491,CUST109494,PROD1131,2022-01-13,1,768.23,0.24,583.85,Cash on Delivery,Store
ORD100492,CUST102632,PROD1036,2022-12-09,4,924.34,0.13,3216.7,UPI,Online
ORD100493,CUST107903,PROD1027,2023-09-28,2,133.03,0.07,247.44,Credit Card,Online
ORD100494,CUST101268,PROD1136,2023-08-12,4,4779.14,0.27,13955.09,UPI,Store
ORD100495,CUST101773,PROD1034,2022-12-05,2,847.63,0.09,1542.69,Cash on Delivery,Store
ORD100496,CUST107020,PROD1111,2022-01-24,2,1904.48,0.3,2666.27,Credit Card,Online
ORD100497,CUST103627,PROD1152,2022-02-04,2,3367.3,0.23,5185.64,Credit Card,Online
ORD100498,CUST101166,PROD1008,2024-08-31,1,1199.69,0.21,947.76,Cash on Delivery,Store
ORD100499,CUST102548,PROD1188,2024-04-15,2,2539.12,0.0,5078.24,Debit Card,Online
ORD100500,CUST101550,PROD1051,2024-07-10,4,2585.17,0.13,8996.39,Debit Card,Store
ORD100501,CUST102140,PROD1144,2023-08-09,3,1220.66,0.15,3112.68,Net Banking,Online
ORD100502,CUST105502,PROD1008,2023-05-01,3,1199.69,0.11,3203.17,Cash on Delivery,Online
ORD100503,CUST106008,PROD1053,2023-02-26,3,1312.97,0.04,3781.35,Cash on Delivery,Online
ORD100504,CUST106422,PROD1132,2022-10-17,2,1728.02,0.11,3075.88,UPI,Online
ORD100505,CUST105846,PROD1190,2022-10-17,1,2787.44,0.02,2731.69,Cash on Delivery,Online
ORD100506,CUST103520,PROD1123,2022-01-19,2,4620.97,0.09,8410.17,Debit Card,Online
ORD100507,CUST107928,PROD1174,2024-02-10,3,4761.29,0.03,13855.35,Cash on Delivery,Online
ORD100508,CUST107125,PROD1108,2023-09-20,4,871.28,0.23,2683.54,UPI,Store
ORD100509,CUST108812,PROD1146,2022-10-19,2,2720.43,0.2,4352.69,Net Banking,Store
ORD100510,CUST105407,PROD1065,2024-02-11,3,1779.33,0.28,3843.35,Credit Card,Store
ORD100511,CUST102523,PROD1044,2023-01-13,4,452.32,0.11,1610.26,Net Banking,Store
ORD100512,CUST104767,PROD1070,2022-06-03,1,3731.49,0.24,2835.93,UPI,Online
ORD100513,CUST108362,PROD1105,2023-12-16,4,850.29,0.18,2788.95,Cash on Delivery,Online
ORD100514,CUST105644,PROD1032,2023-10-05,1,940.88,0.19,762.11,Debit Card,Store
ORD100515,CUST102419,PROD1117,2022-05-08,4,2765.48,0.16,9292.01,Cash on Delivery,Online
ORD100516,CUST109608,PROD1079,2023-03-09,1,127.55,0.23,98.21,Credit Card,Online
ORD100517,CUST106077,PROD1170,2024-02-16,1,4925.25,0.01,4876.0,Debit Card,Online
ORD100518,CUST107677,PROD1087,2024-03-24,1,3115.6,0.02,3053.29,Net Banking,Online
ORD100519,CUST100938,PROD1199,2024-08-19,2,4504.11,0.03,8737.97,UPI,Store
ORD100520,CUST104930,PROD1093,2022-09-27,4,3090.85,0.09,11250.69,Net Banking,Store
ORD100521,CUST106352,PROD1153,2023-05-30,1,656.81,0.18,538.58,Credit Card,Online
ORD100522,CUST106943,PROD1044,2022-09-15,4,452.32,0.19,1465.52,Credit Card,Online
ORD100523,CUST107611,PROD1034,2022-12-08,2,847.63,0.21,1339.26,Cash on Delivery,Store
ORD100524,CUST108064,PROD1080,2023-05-17,3,760.03,0.08,2097.68,Cash on Delivery,Online
ORD100525,CUST103177,PROD1180,2024-09-15,3,4036.27,0.2,9687.05,Cash on Delivery,Store
ORD100526,CUST105351,PROD1101,2023-02-21,1,3236.62,0.04,3107.16,Credit Card,Online
ORD100527,CUST105100,PROD1009,2022-04-10,2,3453.81,0.0,6907.62,Debit Card,Online
ORD100528,CUST103796,PROD1040,2023-01-29,4,331.95,0.21,1048.96,Net Banking,Online
ORD100529,CUST102884,PROD1113,2024-05-28,1,2996.04,0.21,2366.87,Net Banking,Online
ORD100530,CUST109923,PROD1125,2022-02-22,3,4537.33,0.19,11025.71,UPI,Store
ORD100531,CUST101272,PROD1016,2023-03-04,2,3052.07,0.08,5615.81,UPI,Online
ORD100532,CUST106407,PROD1126,2023-11-09,3,362.9,0.28,783.86,Debit Card,Store
ORD100533,CUST101752,PROD1070,2022-05-29,2,3731.49,0.26,5522.61,Cash on Delivery,Online
ORD100534,CUST107670,PROD1193,2024-09-17,3,4987.26,0.15,12717.51,Cash on Delivery,Store
ORD100535,CUST107430,PROD1010,2023-11-06,1,794.74,0.3,556.32,Debit Card,Online
ORD100536,CUST101691,PROD1062,2023-03-27,1,4227.41,0.09,3846.94,Net Banking,Store
ORD100537,CUST109449,PROD1194,2023-08-18,1,270.22,0.15,229.69,Cash on Delivery,Store
ORD100538,CUST108623,PROD1173,2023-06-18,3,3575.41,0.28,7722.89,Net Banking,Online
ORD100539,CUST105173,PROD1019,2023-06-16,4,1794.76,0.14,6173.97,Credit Card,Online
ORD100540,CUST103905,PROD1140,2024-05-17,3,4426.54,0.14,11420.47,UPI,Online
ORD100541,CUST106046,PROD1016,2023-12-24,3,3052.07,0.02,8973.09,Cash on Delivery,Store
ORD100542,CUST106080,PROD1159,2023-01-01,4,464.94,0.06,1748.17,UPI,Store
ORD100543,CUST106156,PROD1097,2022-11-20,1,2401.45,0.05,2281.38,Debit Card,Store
ORD100544,CUST106814,PROD1084,2024-05-13,3,1758.62,0.17,4378.96,Credit Card,Online
ORD100545,CUST106684,PROD1015,2023-06-04,3,3483.28,0.1,9404.86,Cash on Delivery,Store
ORD100546,CUST102104,PROD1022,2024-03-29,1,1744.61,0.02,1709.72,Cash on Delivery,Online
ORD100547,CUST105099,PROD1138,2023-10-28,3,3504.61,0.15,8936.76,Net Banking,Store
ORD100548,CUST109376,PROD1123,2023-07-17,4,4620.97,0.2,14787.1,UPI,Store
ORD100549,CUST100436,PROD1141,2022-09-03,2,1551.56,0.22,2420.43,Credit Card,Online
ORD100550,CUST104325,PROD1194,2023-03-25,3,270.22,0.25,608.0,Net Banking,Store
ORD100551,CUST107008,PROD1070,2022-06-03,4,3731.49,0.14,12836.33,Credit Card,Online
ORD100552,CUST108813,PROD1172,2022-09-03,1,3051.89,0.12,2685.66,Credit Card,Online
ORD100553,CUST108826,PROD1032,2024-03-25,2,940.88,0.21,1486.59,Debit Card,Store
ORD100554,CUST101993,PROD1044,2022-02-12,1,452.32,0.0,452.32,Debit Card,Store
ORD100555,CUST102675,PROD1181,2023-01-28,1,2171.47,0.19,1758.89,Net Banking,Store
ORD100556,CUST105861,PROD1050,2022-06-12,1,4767.36,0.12,4195.28,Net Banking,Store
ORD100557,CUST102340,PROD1114,2023-04-11,2,671.01,0.14,1154.14,Net Banking,Online
ORD100558,CUST109601,PROD1123,2023-05-27,4,4620.97,0.09,16820.33,Credit Card,Online
ORD100559,CUST103816,PROD1086,2022-05-27,4,4422.95,0.04,16984.13,Cash on Delivery,Store
ORD100560,CUST109020,PROD1150,2024-08-01,4,4820.06,0.12,16966.61,Debit Card,Store
ORD100561,CUST102281,PROD1028,2024-04-27,4,4912.04,0.09,17879.83,Cash on Delivery,Store
ORD100562,CUST107463,PROD1005,2022-06-05,2,900.54,0.29,1278.77,UPI,Store
ORD100563,CUST105822,PROD1166,2023-05-30,1,4056.26,0.28,2920.51,Debit Card,Online
ORD100564,CUST108728,PROD1132,2022-05-26,3,1728.02,0.19,4199.09,UPI,Online
ORD100565,CUST109594,PROD1095,2023-05-27,2,4205.79,0.27,6140.45,UPI,Store
ORD100566,CUST108996,PROD1167,2022-09-26,1,3946.83,0.23,3039.06,Net Banking,Store
ORD100567,CUST106682,PROD1089,2023-02-15,3,1920.59,0.1,5185.59,Credit Card,Online
ORD100568,CUST109043,PROD1081,2022-09-01,1,473.74,0.18,388.47,Cash on Delivery,Store
ORD100569,CUST108097,PROD1020,2022-10-23,4,319.32,0.07,1187.87,UPI,Online
ORD100570,CUST100555,PROD1058,2024-03-17,2,1109.98,0.21,1753.77,Net Banking,Online
ORD100571,CUST108067,PROD1147,2022-11-10,2,1570.61,0.01,3109.81,Credit Card,Online
ORD100572,CUST105341,PROD1023,2023-07-23,3,554.45,0.25,1247.51,Debit Card,Store
ORD100573,CUST105043,PROD1130,2022-10-07,2,1651.44,0.17,2741.39,UPI,Online
ORD100574,CUST107400,PROD1085,2023-04-22,1,657.06,0.02,643.92,Net Banking,Store
ORD100575,CUST106029,PROD1071,2022-04-29,1,1115.14,0.26,825.2,Net Banking,Store
ORD100576,CUST106818,PROD1109,2023-06-18,3,4287.18,0.26,9517.54,Net Banking,Store
ORD100577,CUST102094,PROD1056,2023-07-17,3,1642.96,0.26,3647.37,Debit Card,Online
ORD100578,CUST103478,PROD1109,2023-04-19,3,4287.18,0.23,9903.39,Credit Card,Store
ORD100579,CUST102930,PROD1092,2022-07-31,3,2248.29,0.2,5395.9,Cash on Delivery,Online
ORD100580,CUST108445,PROD1070,2023-12-29,4,3731.49,0.12,13134.84,Cash on Delivery,Store
ORD100581,CUST103520,PROD1069,2023-08-11,1,3553.73,0.04,3411.58,UPI,Online
ORD100582,CUST100058,PROD1069,2023-04-11,1,3553.73,0.09,3233.89,Credit Card,Store
ORD100583,CUST103702,PROD1075,2023-12-17,1,2758.4,0.1,2482.56,UPI,Store
ORD100584,CUST109913,PROD1190,2022-06-15,1,2787.44,0.11,2480.82,Cash on Delivery,Online
ORD100585,CUST102607,PROD1046,2023-04-25,4,3362.42,0.17,11163.23,Debit Card,Store
ORD100586,CUST105110,PROD1088,2023-01-18,3,4002.67,0.06,11287.53,Credit Card,Store
ORD100587,CUST108456,PROD1018,2022-03-02,2,4703.75,0.06,8843.05,Credit Card,Online
ORD100588,CUST101707,PROD1140,2024-03-27,1,4426.54,0.22,3452.7,UPI,Store
ORD100589,CUST102293,PROD1044,2022-10-06,2,452.32,0.0,904.64,UPI,Store
ORD100590,CUST102484,PROD1159,2024-02-11,4,464.94,0.04,1785.37,Debit Card,Store
ORD100591,CUST102735,PROD1157,2023-08-11,4,1005.94,0.13,3500.67,Credit Card,Store
ORD100592,CUST103455,PROD1084,2022-07-28,3,1758.62,0.04,5064.83,Cash on Delivery,Store
ORD100593,CUST100937,PROD1125,2024-09-07,4,4537.33,0.29,12886.02,Cash on Delivery,Store
ORD100594,CUST100877,PROD1169,2022-02-06,3,2046.46,0.2,4911.5,Net Banking,Store
ORD100595,CUST108738,PROD1108,2023-08-28,2,871.28,0.13,1516.03,Cash on Delivery,Store
ORD100596,CUST102462,PROD1107,2022-05-14,4,2161.29,0.03,8385.81,Net Banking,Online
ORD100597,CUST104493,PROD1071,2024-01-21,3,1115.14,0.12,2943.97,Net Banking,Store
ORD100598,CUST106135,PROD1169,2023-02-16,2,2046.46,0.2,3274.34,UPI,Store
ORD100599,CUST107981,PROD1134,2023-10-10,1,3708.05,0.29,2632.72,Cash on Delivery,Online
ORD100600,CUST102215,PROD1130,2024-01-05,3,1651.44,0.14,4260.72,Net Banking,Online
ORD100601,CUST105726,PROD1036,2022-05-28,3,924.34,0.21,2190.69,Cash on Delivery,Online
ORD100602,CUST105947,PROD1002,2024-06-30,2,1666.73,0.06,3133.45,Cash on Delivery,Online
ORD100603,CUST108421,PROD1145,2023-02-01,2,4568.9,0.19,7401.62,Cash on Delivery,Store
ORD100604,CUST101427,PROD1123,2022-09-09,2,4620.97,0.07,8595.0,Debit Card,Online
ORD100605,CUST106287,PROD1169,2023-05-18,2,2046.46,0.06,3847.34,Net Banking,Online
ORD100606,CUST101699,PROD1136,2023-05-22,2,4779.14,0.15,8124.54,Cash on Delivery,Online
ORD100607,CUST102145,PROD1184,2023-08-14,3,4915.01,0.06,13860.33,UPI,Online
ORD100608,CUST108198,PROD1151,2022-09-01,2,4916.65,0.22,7669.97,Debit Card,Store
ORD100609,CUST106958,PROD1006,2024-04-09,1,2076.92,0.28,1495.38,Net Banking,Store
ORD100610,CUST104272,PROD1096,2024-08-30,2,4510.68,0.12,7938.8,Credit Card,Online
ORD100611,CUST109421,PROD1169,2023-01-02,4,2046.46,0.1,7367.26,Net Banking,Store
ORD100612,CUST101823,PROD1097,2023-03-26,3,2401.45,0.05,6844.13,Debit Card,Store
ORD100613,CUST103984,PROD1101,2022-04-30,1,3236.62,0.12,2848.23,UPI,Online
ORD100614,CUST108822,PROD1185,2022-11-05,3,2516.6,0.17,6266.33,Debit Card,Store
ORD100615,CUST108461,PROD1101,2023-09-26,4,3236.62,0.11,11522.37,Cash on Delivery,Store
ORD100616,CUST103771,PROD1055,2022-07-31,2,2785.96,0.19,4513.26,Debit Card,Online
ORD100617,CUST100500,PROD1185,2022-10-11,3,2516.6,0.2,6039.84,Credit Card,Store
ORD100618,CUST105606,PROD1145,2022-09-11,3,4568.9,0.03,13295.5,Credit Card,Online
ORD100619,CUST107939,PROD1166,2023-06-14,2,4056.26,0.21,6408.89,Cash on Delivery,Store
ORD100620,CUST105607,PROD1049,2022-09-20,3,2805.47,0.27,6143.98,Cash on Delivery,Store
ORD100621,CUST102750,PROD1160,2022-10-04,3,2584.14,0.01,7674.9,Credit Card,Online
ORD100622,CUST101312,PROD1027,2022-02-10,3,133.03,0.17,331.24,UPI,Store
ORD100623,CUST102153,PROD1183,2023-02-27,4,927.52,0.18,3042.27,Debit Card,Online
ORD100624,CUST104736,PROD1024,2024-08-26,4,3137.89,0.21,9915.73,Credit Card,Store
ORD100625,CUST100608,PROD1141,2023-05-24,4,1551.56,0.12,5461.49,Cash on Delivery,Online
ORD100626,CUST105104,PROD1182,2022-12-30,1,572.67,0.25,429.5,Cash on Delivery,Store
ORD100627,CUST101663,PROD1083,2024-06-24,3,1976.87,0.16,4981.71,UPI,Online
ORD100628,CUST103294,PROD1134,2023-06-27,2,3708.05,0.12,6526.17,Net Banking,Online
ORD100629,CUST105924,PROD1131,2024-03-20,2,768.23,0.22,1198.44,Cash on Delivery,Store
ORD100630,CUST101997,PROD1157,2023-04-06,3,1005.94,0.28,2172.83,UPI,Store
ORD100631,CUST106022,PROD1061,2023-03-29,2,1679.78,0.24,2553.27,Credit Card,Store
ORD100632,CUST103185,PROD1184,2022-11-11,1,4915.01,0.28,3538.81,Net Banking,Online
ORD100633,CUST101531,PROD1164,2023-09-22,2,3496.96,0.08,6434.41,Credit Card,Online
ORD100634,CUST104216,PROD1182,2022-12-26,4,572.67,0.04,2199.05,UPI,Store
ORD100635,CUST107384,PROD1084,2022-08-22,4,1758.62,0.16,5908.96,Credit Card,Online
ORD100636,CUST103706,PROD1064,2024-07-22,4,4980.76,0.01,19723.81,Debit Card,Store
ORD100637,CUST107259,PROD1051,2022-02-12,4,2585.17,0.2,8272.54,UPI,Online
ORD100638,CUST104502,PROD1002,2022-08-16,2,1666.73,0.07,3100.12,Net Banking,Online
ORD100639,CUST108867,PROD1076,2024-06-16,3,4330.45,0.14,11172.56,Cash on Delivery,Store
ORD100640,CUST109846,PROD1134,2023-10-08,1,3708.05,0.2,2966.44,Credit Card,Store
ORD100641,CUST105004,PROD1069,2022-11-29,1,3553.73,0.14,3056.21,UPI,Online
ORD100642,CUST103544,PROD1069,2023-10-31,2,3553.73,0.07,6609.94,Credit Card,Online
ORD100643,CUST103818,PROD1161,2023-05-07,2,4435.03,0.26,6563.84,UPI,Online
ORD100644,CUST108087,PROD1095,2022-07-25,4,4205.79,0.23,12953.83,UPI,Online
ORD100645,CUST107082,PROD1015,2024-07-14,3,3483.28,0.18,8568.87,Net Banking,Online
ORD100646,CUST103443,PROD1135,2022-03-30,4,3539.91,0.21,11186.12,Credit Card,Online
ORD100647,CUST105709,PROD1148,2024-07-24,3,3902.89,0.12,10303.63,Credit Card,Store
ORD100648,CUST101047,PROD1120,2022-04-09,4,1608.36,0.11,5725.76,UPI,Store
ORD100649,CUST109523,PROD1010,2022-02-06,1,794.74,0.05,755.0,Debit Card,Online
ORD100650,CUST102660,PROD1049,2023-01-09,3,2805.47,0.24,6396.47,Cash on Delivery,Store
ORD100651,CUST107930,PROD1086,2023-01-26,1,4422.95,0.11,3936.43,Cash on Delivery,Online
ORD100652,CUST107058,PROD1005,2023-03-10,4,900.54,0.21,2845.71,Debit Card,Online
ORD100653,CUST106266,PROD1109,2023-05-01,1,4287.18,0.09,3901.33,Net Banking,Online
ORD100654,CUST108955,PROD1142,2024-07-02,2,1570.45,0.24,2387.08,Debit Card,Online
ORD100655,CUST108077,PROD1138,2023-01-27,1,3504.61,0.03,3399.47,Debit Card,Store
ORD100656,CUST103408,PROD1154,2023-12-12,1,1389.72,0.19,1125.67,Net Banking,Store
ORD100657,CUST106301,PROD1172,2024-09-20,4,3051.89,0.24,9277.75,UPI,Online
ORD100658,CUST107494,PROD1165,2022-12-22,1,4146.73,0.2,3317.38,Credit Card,Store
ORD100659,CUST101684,PROD1003,2022-02-24,1,1363.94,0.21,1077.51,Cash on Delivery,Online
ORD100660,CUST100869,PROD1172,2023-09-09,2,3051.89,0.16,5127.18,Cash on Delivery,Online
ORD100661,CUST105123,PROD1137,2024-08-01,3,3649.67,0.17,9087.68,Cash on Delivery,Store
ORD100662,CUST109105,PROD1120,2024-01-25,3,1608.36,0.02,4728.58,Debit Card,Online
ORD100663,CUST105875,PROD1181,2023-08-09,1,2171.47,0.08,1997.75,UPI,Online
ORD100664,CUST107212,PROD1156,2022-11-10,3,4272.09,0.22,9996.69,UPI,Online
ORD100665,CUST106727,PROD1139,2022-04-14,3,3501.6,0.28,7563.46,Debit Card,Store
ORD100666,CUST109822,PROD1183,2024-01-03,1,927.52,0.16,779.12,Net Banking,Online
ORD100667,CUST100542,PROD1167,2022-01-16,4,3946.83,0.22,12314.11,Net Banking,Store
ORD100668,CUST102203,PROD1083,2023-02-13,1,1976.87,0.21,1561.73,UPI,Store
ORD100669,CUST102935,PROD1164,2022-01-29,3,3496.96,0.3,7343.62,Debit Card,Online
ORD100670,CUST100751,PROD1193,2024-02-15,2,4987.26,0.24,7580.64,Cash on Delivery,Store
ORD100671,CUST102111,PROD1019,2024-09-06,3,1794.76,0.19,4361.27,Credit Card,Online
ORD100672,CUST108612,PROD1011,2022-12-22,4,1834.14,0.03,7116.46,UPI,Online
ORD100673,CUST107276,PROD1037,2023-01-14,1,3402.6,0.11,3028.31,Cash on Delivery,Store
ORD100674,CUST109678,PROD1157,2023-11-26,3,1005.94,0.08,2776.39,UPI,Store
ORD100675,CUST105699,PROD1046,2023-07-18,3,3362.42,0.26,7464.57,Credit Card,Store
ORD100676,CUST100546,PROD1081,2023-05-26,2,473.74,0.13,824.31,Net Banking,Store
ORD100677,CUST104961,PROD1073,2022-12-13,4,2162.76,0.16,7266.87,UPI,Online
ORD100678,CUST102557,PROD1198,2024-04-24,3,1926.28,0.29,4102.98,Debit Card,Store
ORD100679,CUST101571,PROD1041,2024-07-10,3,4320.12,0.25,9720.27,Net Banking,Online
ORD100680,CUST106584,PROD1004,2023-09-10,1,1760.0,0.24,1337.6,Net Banking,Store
ORD100681,CUST108645,PROD1175,2023-05-18,4,2304.65,0.04,8849.86,Cash on Delivery,Online
ORD100682,CUST102691,PROD1114,2022-01-25,2,671.01,0.01,1328.6,Debit Card,Online
ORD100683,CUST106960,PROD1126,2022-04-02,3,362.9,0.04,1045.15,UPI,Online
ORD100684,CUST109949,PROD1098,2022-11-25,4,1274.77,0.22,3977.28,UPI,Store
ORD100685,CUST104774,PROD1102,2024-06-07,4,3752.53,0.12,13208.91,Debit Card,Online
ORD100686,CUST100059,PROD1178,2023-06-22,4,4804.5,0.04,18449.28,Net Banking,Store
ORD100687,CUST109609,PROD1139,2024-08-29,4,3501.6,0.22,10924.99,UPI,Store
ORD100688,CUST106211,PROD1137,2023-08-25,3,3649.67,0.06,10292.07,UPI,Store
ORD100689,CUST101338,PROD1036,2023-11-18,4,924.34,0.18,3031.84,UPI,Store
ORD100690,CUST108658,PROD1124,2022-12-08,1,1557.13,0.22,1214.56,Credit Card,Store
ORD100691,CUST107001,PROD1065,2024-06-15,1,1779.33,0.18,1459.05,Debit Card,Store
ORD100692,CUST107948,PROD1066,2023-03-24,2,3804.6,0.3,5326.44,Credit Card,Online
ORD100693,CUST102471,PROD1013,2023-01-31,2,4691.44,0.13,8163.11,Credit Card,Online
ORD100694,CUST108911,PROD1046,2024-07-08,4,3362.42,0.09,12239.21,Cash on Delivery,Online
ORD100695,CUST109427,PROD1147,2023-06-26,2,1570.61,0.06,2952.75,UPI,Online
ORD100696,CUST108754,PROD1108,2023-06-10,4,871.28,0.15,2962.35,Credit Card,Store
ORD100697,CUST109174,PROD1112,2023-05-17,1,441.15,0.26,326.45,Debit Card,Online
ORD100698,CUST104520,PROD1179,2023-02-11,1,3516.31,0.28,2531.74,Cash on Delivery,Online
ORD100699,CUST108101,PROD1067,2022-05-10,1,1221.16,0.29,867.02,Cash on Delivery,Store
ORD100700,CUST101730,PROD1114,2022-05-11,1,671.01,0.16,563.65,Net Banking,Store
ORD100701,CUST104339,PROD1025,2023-06-02,2,1799.14,0.18,2950.59,Net Banking,Online
ORD100702,CUST107879,PROD1046,2023-12-24,2,3362.42,0.17,5581.62,Cash on Delivery,Store
ORD100703,CUST108037,PROD1072,2022-05-29,4,4258.76,0.14,14650.13,Debit Card,Store
ORD100704,CUST107800,PROD1002,2022-10-03,2,1666.73,0.05,3166.79,Credit Card,Store
ORD100705,CUST103047,PROD1129,2023-10-23,1,1033.9,0.02,1013.22,Net Banking,Online
ORD100706,CUST109549,PROD1168,2023-07-06,1,736.02,0.13,640.34,Credit Card,Store
ORD100707,CUST105225,PROD1029,2022-07-15,4,935.53,0.06,3517.59,Debit Card,Online
ORD100708,CUST101785,PROD1164,2023-02-13,1,3496.96,0.27,2552.78,Credit Card,Store
ORD100709,CUST101962,PROD1002,2024-06-01,1,1666.73,0.23,1283.38,Cash on Delivery,Store
ORD100710,CUST107246,PROD1008,2023-09-28,4,1199.69,0.19,3887.0,Net Banking,Online
ORD100711,CUST109380,PROD1007,2022-03-12,4,4532.56,0.01,17948.94,Debit Card,Online
ORD100712,CUST105965,PROD1008,2022-07-18,3,1199.69,0.19,2915.25,Cash on Delivery,Online
ORD100713,CUST102678,PROD1119,2023-06-29,2,3955.63,0.19,6408.12,Debit Card,Store
ORD100714,CUST106105,PROD1144,2024-03-29,2,1220.66,0.13,2123.95,Net Banking,Online
ORD100715,CUST105307,PROD1151,2023-08-25,4,4916.65,0.2,15733.28,Credit Card,Online
ORD100716,CUST103123,PROD1199,2023-04-10,3,4504.11,0.26,9999.12,Debit Card,Store
ORD100717,CUST103143,PROD1141,2024-08-25,2,1551.56,0.23,2389.4,Net Banking,Store
ORD100718,CUST102800,PROD1181,2022-03-31,1,2171.47,0.14,1867.46,Cash on Delivery,Online
ORD100719,CUST100323,PROD1079,2024-06-03,4,127.55,0.08,469.38,Net Banking,Online
ORD100720,CUST102202,PROD1017,2024-04-26,4,791.05,0.14,2721.21,Credit Card,Online
ORD100721,CUST106202,PROD1166,2024-02-27,2,4056.26,0.28,5841.01,Net Banking,Online
ORD100722,CUST107442,PROD1115,2024-02-26,1,3741.78,0.25,2806.34,Cash on Delivery,Online
ORD100723,CUST101794,PROD1174,2023-12-12,1,4761.29,0.01,4713.68,Cash on Delivery,Store
ORD100724,CUST102342,PROD1026,2024-08-09,4,3182.76,0.23,9802.9,Debit Card,Online
ORD100725,CUST103045,PROD1091,2023-07-22,4,1656.34,0.05,6294.09,Cash on Delivery,Online
ORD100726,CUST101307,PROD1070,2024-01-19,1,3731.49,0.17,3097.14,UPI,Store
ORD100727,CUST101455,PROD1033,2022-01-01,4,647.39,0.24,1968.07,Cash on Delivery,Online
ORD100728,CUST109154,PROD1102,2022-06-16,3,3752.53,0.17,9343.8,Credit Card,Store
ORD100729,CUST109909,PROD1146,2023-07-03,2,2720.43,0.12,4787.96,Cash on Delivery,Online
ORD100730,CUST105391,PROD1133,2024-02-25,1,1474.25,0.1,1326.82,Debit Card,Online
ORD100731,CUST102539,PROD1157,2024-08-25,2,1005.94,0.09,1830.81,Cash on Delivery,Store
ORD100732,CUST103618,PROD1091,2023-08-14,3,1656.34,0.25,3726.76,Net Banking,Store
ORD100733,CUST102378,PROD1139,2022-08-30,4,3501.6,0.25,10504.8,Net Banking,Store
ORD100734,CUST109066,PROD1142,2022-05-14,2,1570.45,0.25,2355.68,Net Banking,Store
ORD100735,CUST102205,PROD1108,2022-09-09,2,871.28,0.08,1603.16,UPI,Online
ORD100736,CUST101139,PROD1166,2024-05-18,4,4056.26,0.24,12331.03,Debit Card,Online
ORD100737,CUST103591,PROD1102,2022-01-22,2,3752.53,0.01,7430.01,Net Banking,Store
ORD100738,CUST104714,PROD1063,2024-02-18,2,4377.63,0.06,8229.94,Net Banking,Online
ORD100739,CUST104714,PROD1063,2023-12-31,3,4377.63,0.15,11162.96,Net Banking,Store
ORD100740,CUST109737,PROD1014,2022-03-13,2,2197.11,0.12,3866.91,Debit Card,Online
ORD100741,CUST104667,PROD1185,2023-06-05,4,2516.6,0.03,9764.41,Net Banking,Online
ORD100742,CUST108457,PROD1099,2024-06-27,4,4731.44,0.01,18736.5,UPI,Store
ORD100743,CUST108293,PROD1066,2024-06-17,4,3804.6,0.18,12479.09,Net Banking,Store
ORD100744,CUST107854,PROD1000,2024-08-20,1,1986.03,0.09,1807.29,Credit Card,Store
ORD100745,CUST107158,PROD1006,2023-10-09,3,2076.92,0.0,6230.76,UPI,Store
ORD100746,CUST103973,PROD1136,2023-12-08,2,4779.14,0.13,8315.7,Credit Card,Store
ORD100747,CUST109726,PROD1000,2024-08-28,2,1986.03,0.09,3614.57,Net Banking,Store
ORD100748,CUST102269,PROD1004,2024-03-24,4,1760.0,0.17,5843.2,Net Banking,Store
ORD100749,CUST102483,PROD1046,2023-07-24,4,3362.42,0.28,9683.77,Debit Card,Store
ORD100750,CUST101213,PROD1099,2024-03-06,4,4731.44,0.09,17222.44,Credit Card,Store
ORD100751,CUST104735,PROD1009,2023-05-16,4,3453.81,0.3,9670.67,Credit Card,Online
ORD100752,CUST104429,PROD1001,2024-03-09,1,2108.14,0.03,2044.9,Cash on Delivery,Store
ORD100753,CUST109098,PROD1022,2022-11-04,3,1744.61,0.03,5076.82,Cash on Delivery,Store
ORD100754,CUST109773,PROD1102,2022-09-08,3,3752.53,0.21,8893.5,Cash on Delivery,Store
ORD100755,CUST109796,PROD1183,2024-06-23,1,927.52,0.22,723.47,Cash on Delivery,Online
ORD100756,CUST105995,PROD1146,2023-08-26,2,2720.43,0.13,4733.55,Credit Card,Store
ORD100757,CUST100569,PROD1165,2022-07-23,2,4146.73,0.09,7547.05,Debit Card,Online
ORD100758,CUST108095,PROD1046,2022-01-08,3,3362.42,0.24,7666.32,Cash on Delivery,Store
ORD100759,CUST101545,PROD1083,2022-04-18,3,1976.87,0.29,4210.73,Credit Card,Store
ORD100760,CUST100908,PROD1179,2024-01-15,2,3516.31,0.3,4922.83,Debit Card,Online
ORD100761,CUST104462,PROD1048,2024-05-03,1,3417.13,0.19,2767.88,Debit Card,Online
ORD100762,CUST104083,PROD1198,2024-02-25,1,1926.28,0.22,1502.5,Cash on Delivery,Online
ORD100763,CUST103340,PROD1150,2023-09-24,2,4820.06,0.25,7230.09,Credit Card,Online
ORD100764,CUST106947,PROD1049,2024-09-16,1,2805.47,0.24,2132.16,UPI,Online
ORD100765,CUST107039,PROD1016,2024-03-27,4,3052.07,0.3,8545.8,Credit Card,Store
ORD100766,CUST107112,PROD1047,2023-06-07,3,3493.68,0.24,7965.59,Debit Card,Store
ORD100767,CUST102425,PROD1120,2023-01-08,2,1608.36,0.2,2573.38,Net Banking,Online
ORD100768,CUST107155,PROD1001,2023-01-21,4,2108.14,0.11,7504.98,Cash on Delivery,Store
ORD100769,CUST109205,PROD1196,2024-07-13,4,1253.86,0.18,4112.66,Debit Card,Store
ORD100770,CUST106670,PROD1189,2022-07-02,1,4197.72,0.26,3106.31,UPI,Online
ORD100771,CUST101872,PROD1084,2022-11-05,1,1758.62,0.09,1600.34,UPI,Store
ORD100772,CUST104909,PROD1012,2024-07-10,3,1673.76,0.01,4971.07,UPI,Online
ORD100773,CUST108397,PROD1060,2022-06-28,3,4998.52,0.1,13496.0,UPI,Online
ORD100774,CUST100815,PROD1010,2023-12-19,2,794.74,0.29,1128.53,Credit Card,Online
ORD100775,CUST100065,PROD1096,2023-08-27,3,4510.68,0.24,10284.35,Debit Card,Store
ORD100776,CUST102051,PROD1026,2022-08-15,4,3182.76,0.06,11967.18,UPI,Store
ORD100777,CUST100002,PROD1034,2023-06-02,3,847.63,0.0,2542.89,Debit Card,Online
ORD100778,CUST107426,PROD1017,2024-05-17,4,791.05,0.2,2531.36,Debit Card,Store
ORD100779,CUST100324,PROD1067,2022-01-12,4,1221.16,0.17,4054.25,Net Banking,Store
ORD100780,CUST106134,PROD1188,2022-09-07,2,2539.12,0.02,4976.68,Credit Card,Online
ORD100781,CUST100604,PROD1040,2023-02-22,1,331.95,0.29,235.68,Net Banking,Store
ORD100782,CUST104891,PROD1095,2023-01-12,3,4205.79,0.19,10220.07,Cash on Delivery,Store
ORD100783,CUST102582,PROD1170,2022-07-17,2,4925.25,0.2,7880.4,Cash on Delivery,Store
ORD100784,CUST103122,PROD1176,2023-10-01,3,770.65,0.26,1710.84,Cash on Delivery,Online
ORD100785,CUST107976,PROD1138,2023-03-24,4,3504.61,0.1,12616.6,Net Banking,Online
ORD100786,CUST103114,PROD1066,2022-02-06,3,3804.6,0.17,9473.45,Debit Card,Online
ORD100787,CUST100346,PROD1178,2024-06-11,1,4804.5,0.17,3987.73,Cash on Delivery,Online
ORD100788,CUST103443,PROD1051,2023-02-25,3,2585.17,0.29,5506.41,Cash on Delivery,Online
ORD100789,CUST102254,PROD1118,2022-01-08,3,833.05,0.04,2399.18,Net Banking,Store
ORD100790,CUST108302,PROD1084,2022-06-14,4,1758.62,0.23,5416.55,Debit Card,Store
ORD100791,CUST100022,PROD1170,2022-04-30,3,4925.25,0.17,12263.87,Cash on Delivery,Online
ORD100792,CUST103816,PROD1185,2024-01-14,1,2516.6,0.25,1887.45,Credit Card,Store
ORD100793,CUST101707,PROD1069,2024-01-07,3,3553.73,0.25,7995.89,Cash on Delivery,Online
ORD100794,CUST106715,PROD1156,2023-01-07,4,4272.09,0.0,17088.36,Net Banking,Store
ORD100795,CUST106053,PROD1158,2022-08-21,2,611.58,0.08,1125.31,Net Banking,Online
ORD100796,CUST103815,PROD1027,2023-03-06,4,133.03,0.05,505.51,Credit Card,Online
ORD100797,CUST108938,PROD1106,2022-10-14,4,822.51,0.14,2829.43,Debit Card,Store
ORD100798,CUST100514,PROD1177,2024-01-08,4,3377.85,0.27,9863.32,Credit Card,Online
ORD100799,CUST106287,PROD1035,2023-01-30,2,1309.41,0.0,2618.82,Cash on Delivery,Online
ORD100800,CUST103039,PROD1091,2023-02-24,1,1656.34,0.15,1407.89,Net Banking,Store
ORD100801,CUST105861,PROD1146,2023-03-28,4,2720.43,0.27,7943.66,Debit Card,Online
ORD100802,CUST102856,PROD1194,2023-10-19,4,270.22,0.28,778.23,Cash on Delivery,Store
ORD100803,CUST102341,PROD1011,2024-02-01,1,1834.14,0.2,1467.31,Credit Card,Online
ORD100804,CUST108516,PROD1075,2022-09-29,1,2758.4,0.25,2068.8,Cash on Delivery,Online
ORD100805,CUST106336,PROD1023,2022-10-13,3,554.45,0.1,1497.02,Credit Card,Store
ORD100806,CUST103362,PROD1064,2022-02-08,1,4980.76,0.09,4532.49,UPI,Online
ORD100807,CUST107806,PROD1091,2023-07-10,2,1656.34,0.01,3279.55,UPI,Online
ORD100808,CUST103490,PROD1079,2023-05-12,4,127.55,0.15,433.67,Net Banking,Store
ORD100809,CUST102507,PROD1148,2024-08-22,4,3902.89,0.14,13425.94,Debit Card,Online
ORD100810,CUST108148,PROD1097,2023-05-03,2,2401.45,0.11,4274.58,Net Banking,Store
ORD100811,CUST105167,PROD1025,2023-01-07,3,1799.14,0.03,5235.5,Cash on Delivery,Store
ORD100812,CUST103178,PROD1117,2023-07-03,4,2765.48,0.07,10287.59,UPI,Store
ORD100813,CUST107431,PROD1162,2023-02-14,4,307.56,0.06,1156.43,Net Banking,Store
ORD100814,CUST103324,PROD1079,2022-09-13,3,127.55,0.28,275.51,Credit Card,Online
ORD100815,CUST109754,PROD1057,2023-04-21,3,2667.72,0.29,5682.24,Debit Card,Store
ORD100816,CUST101544,PROD1169,2022-07-30,3,2046.46,0.0,6139.38,UPI,Online
ORD100817,CUST105851,PROD1156,2023-02-09,2,4272.09,0.05,8116.97,Debit Card,Store
ORD100818,CUST108717,PROD1156,2023-08-27,2,4272.09,0.27,6237.25,Debit Card,Store
ORD100819,CUST106172,PROD1136,2023-06-15,1,4779.14,0.01,4731.35,UPI,Store
ORD100820,CUST104633,PROD1077,2023-09-04,3,4838.73,0.28,10451.66,Credit Card,Online
ORD100821,CUST109941,PROD1120,2023-01-30,2,1608.36,0.11,2862.88,Credit Card,Online
ORD100822,CUST106286,PROD1071,2023-10-21,2,1115.14,0.16,1873.44,Credit Card,Store
ORD100823,CUST109032,PROD1001,2023-08-04,1,2108.14,0.23,1623.27,Debit Card,Store
ORD100824,CUST102265,PROD1001,2022-05-10,2,2108.14,0.07,3921.14,Credit Card,Store
ORD100825,CUST108904,PROD1110,2022-01-25,4,2932.67,0.03,11378.76,Cash on Delivery,Store
ORD100826,CUST108258,PROD1145,2023-09-19,2,4568.9,0.24,6944.73,Cash on Delivery,Online
ORD100827,CUST108952,PROD1068,2022-03-31,3,3161.5,0.3,6639.15,Credit Card,Store
ORD100828,CUST106287,PROD1121,2024-03-08,1,1191.0,0.2,952.8,Credit Card,Store
ORD100829,CUST105260,PROD1184,2022-09-30,3,4915.01,0.25,11058.77,UPI,Store
ORD100830,CUST108656,PROD1198,2022-12-07,3,1926.28,0.28,4160.76,UPI,Store
ORD100831,CUST104191,PROD1150,2022-07-31,1,4820.06,0.07,4482.66,Net Banking,Store
ORD100832,CUST104899,PROD1018,2024-07-02,4,4703.75,0.11,16745.35,Debit Card,Online
ORD100833,CUST101467,PROD1018,2023-09-15,1,4703.75,0.07,4374.49,Debit Card,Store
ORD100834,CUST104852,PROD1185,2024-09-02,4,2516.6,0.02,9865.07,UPI,Online
ORD100835,CUST106101,PROD1111,2022-12-14,4,1904.48,0.22,5941.98,Cash on Delivery,Store
ORD100836,CUST107547,PROD1176,2023-08-11,3,770.65,0.04,2219.47,Net Banking,Online
ORD100837,CUST102760,PROD1172,2022-10-23,3,3051.89,0.03,8881.0,UPI,Store
ORD100838,CUST106421,PROD1027,2023-01-25,3,133.03,0.11,355.19,Net Banking,Online
ORD100839,CUST101393,PROD1074,2022-03-29,3,1160.21,0.02,3411.02,Debit Card,Online
ORD100840,CUST103693,PROD1049,2023-03-03,1,2805.47,0.05,2665.2,Debit Card,Store
ORD100841,CUST105378,PROD1138,2024-08-23,2,3504.61,0.02,6869.04,Debit Card,Online
ORD100842,CUST101699,PROD1054,2024-07-01,1,584.36,0.26,432.43,Cash on Delivery,Store
ORD100843,CUST101120,PROD1136,2022-06-19,2,4779.14,0.23,7359.88,UPI,Online
ORD100844,CUST105329,PROD1141,2022-05-27,1,1551.56,0.26,1148.15,Net Banking,Store
ORD100845,CUST101571,PROD1112,2024-05-28,3,441.15,0.26,979.35,UPI,Online
ORD100846,CUST100728,PROD1148,2022-08-28,2,3902.89,0.28,5620.16,Debit Card,Store
ORD100847,CUST100615,PROD1047,2022-02-24,1,3493.68,0.06,3284.06,Debit Card,Online
ORD100848,CUST100370,PROD1057,2023-08-27,1,2667.72,0.27,1947.44,UPI,Store
ORD100849,CUST106767,PROD1196,2024-02-04,4,1253.86,0.16,4212.97,Credit Card,Store
ORD100850,CUST105338,PROD1136,2023-10-31,1,4779.14,0.05,4540.18,Credit Card,Online
ORD100851,CUST104942,PROD1194,2024-05-30,3,270.22,0.2,648.53,UPI,Online
ORD100852,CUST109139,PROD1017,2024-08-07,1,791.05,0.1,711.94,Debit Card,Online
ORD100853,CUST101119,PROD1011,2024-08-24,1,1834.14,0.01,1815.8,Net Banking,Store
ORD100854,CUST109647,PROD1123,2024-09-05,3,4620.97,0.02,13585.65,Credit Card,Store
ORD100855,CUST106331,PROD1015,2024-02-02,2,3483.28,0.13,6060.91,UPI,Store
ORD100856,CUST107019,PROD1164,2024-02-15,2,3496.96,0.25,5245.44,Cash on Delivery,Online
ORD100857,CUST102422,PROD1147,2023-06-04,3,1570.61,0.09,4287.77,UPI,Store
ORD100858,CUST107590,PROD1019,2024-04-16,2,1794.76,0.23,2763.93,Debit Card,Store
ORD100859,CUST109532,PROD1142,2022-10-26,4,1570.45,0.02,6156.16,UPI,Store
ORD100860,CUST109710,PROD1024,2023-09-02,1,3137.89,0.12,2761.34,Credit Card,Store
ORD100861,CUST105825,PROD1144,2023-07-16,1,1220.66,0.04,1171.83,Credit Card,Store
ORD100862,CUST106760,PROD1011,2023-12-26,2,1834.14,0.26,2714.53,UPI,Store
ORD100863,CUST108902,PROD1108,2022-01-04,2,871.28,0.29,1237.22,Net Banking,Online
ORD100864,CUST104570,PROD1169,2022-12-30,2,2046.46,0.1,3683.63,UPI,Store
ORD100865,CUST100573,PROD1038,2022-10-19,3,2162.08,0.3,4540.37,Net Banking,Online
ORD100866,CUST100507,PROD1183,2023-01-24,4,927.52,0.23,2856.76,Credit Card,Store
ORD100867,CUST106735,PROD1180,2024-01-23,4,4036.27,0.0,16145.08,Cash on Delivery,Store
ORD100868,CUST102222,PROD1070,2023-04-16,2,3731.49,0.15,6343.53,Net Banking,Online
ORD100869,CUST107688,PROD1199,2023-06-15,3,4504.11,0.25,10134.25,UPI,Online
ORD100870,CUST101294,PROD1046,2023-03-02,2,3362.42,0.16,5648.87,Debit Card,Online
ORD100871,CUST109889,PROD1024,2024-05-27,3,3137.89,0.16,7907.48,Debit Card,Online
ORD100872,CUST100787,PROD1177,2023-02-03,3,3377.85,0.13,8816.19,UPI,Online
ORD100873,CUST104667,PROD1117,2024-08-11,1,2765.48,0.12,2433.62,Credit Card,Store
ORD100874,CUST102233,PROD1032,2024-02-21,2,940.88,0.01,1862.94,Credit Card,Store
ORD100875,CUST108778,PROD1028,2022-10-31,1,4912.04,0.19,3978.75,Credit Card,Store
ORD100876,CUST103650,PROD1002,2024-04-19,1,1666.73,0.23,1283.38,UPI,Store
ORD100877,CUST103249,PROD1038,2023-12-14,4,2162.08,0.24,6572.72,Debit Card,Online
ORD100878,CUST106071,PROD1003,2022-04-14,3,1363.94,0.19,3314.37,Cash on Delivery,Store
ORD100879,CUST104036,PROD1164,2022-11-27,3,3496.96,0.1,9441.79,Debit Card,Store
ORD100880,CUST108747,PROD1094,2022-12-30,3,2515.62,0.01,7471.39,Credit Card,Online
ORD100881,CUST101709,PROD1133,2023-01-01,3,1474.25,0.27,3228.61,UPI,Store
ORD100882,CUST105212,PROD1137,2022-03-23,1,3649.67,0.13,3175.21,UPI,Store
ORD100883,CUST101510,PROD1011,2024-04-10,3,1834.14,0.18,4511.98,Cash on Delivery,Online
ORD100884,CUST105903,PROD1117,2023-07-21,4,2765.48,0.06,10398.2,Debit Card,Online
ORD100885,CUST108167,PROD1065,2024-03-10,4,1779.33,0.04,6832.63,Credit Card,Online
ORD100886,CUST107552,PROD1130,2024-01-18,1,1651.44,0.03,1601.9,Cash on Delivery,Online
ORD100887,CUST103506,PROD1192,2023-11-07,1,3116.29,0.24,2368.38,Credit Card,Store
ORD100888,CUST106078,PROD1063,2024-05-26,2,4377.63,0.19,7091.76,Debit Card,Online
ORD100889,CUST106432,PROD1034,2022-03-26,2,847.63,0.19,1373.16,Cash on Delivery,Online
ORD100890,CUST103633,PROD1151,2022-08-07,3,4916.65,0.28,10619.96,Credit Card,Online
ORD100891,CUST101461,PROD1174,2023-01-03,1,4761.29,0.05,4523.23,Net Banking,Store
ORD100892,CUST105914,PROD1111,2024-05-23,1,1904.48,0.05,1809.26,UPI,Online
ORD100893,CUST106352,PROD1051,2023-12-26,4,2585.17,0.06,9720.24,Debit Card,Online
ORD100894,CUST102171,PROD1033,2023-12-16,4,647.39,0.13,2252.92,UPI,Online
ORD100895,CUST107928,PROD1083,2024-04-04,4,1976.87,0.26,5851.54,Credit Card,Online
ORD100896,CUST108594,PROD1079,2024-03-22,1,127.55,0.26,94.39,Cash on Delivery,Store
ORD100897,CUST108475,PROD1110,2022-08-30,2,2932.67,0.18,4809.58,Credit Card,Store
ORD100898,CUST106806,PROD1152,2022-06-11,1,3367.3,0.2,2693.84,Net Banking,Store
ORD100899,CUST106115,PROD1196,2022-06-28,1,1253.86,0.27,915.32,Net Banking,Online
ORD100900,CUST108432,PROD1156,2024-08-22,1,4272.09,0.19,3460.39,Debit Card,Online
ORD100901,CUST104656,PROD1091,2022-04-02,2,1656.34,0.07,3080.79,UPI,Online
ORD100902,CUST108892,PROD1191,2023-05-15,4,598.34,0.21,1890.75,Credit Card,Store
ORD100903,CUST102670,PROD1180,2023-10-12,3,4036.27,0.23,9323.78,Net Banking,Online
ORD100904,CUST104360,PROD1185,2023-05-21,3,2516.6,0.19,6115.34,Cash on Delivery,Online
ORD100905,CUST102548,PROD1040,2023-09-16,3,331.95,0.08,916.18,Credit Card,Store
ORD100906,CUST102326,PROD1086,2024-06-26,2,4422.95,0.12,7784.39,Debit Card,Online
ORD100907,CUST102796,PROD1050,2022-06-18,2,4767.36,0.14,8199.86,Cash on Delivery,Store
ORD100908,CUST107046,PROD1125,2023-01-22,3,4537.33,0.04,13067.51,UPI,Online
ORD100909,CUST102206,PROD1145,2022-11-17,3,4568.9,0.14,11787.76,Debit Card,Store
ORD100910,CUST105179,PROD1040,2022-04-11,2,331.95,0.05,630.7,UPI,Online
ORD100911,CUST101610,PROD1098,2022-10-23,3,1274.77,0.15,3250.66,UPI,Store
ORD100912,CUST108679,PROD1188,2022-07-12,1,2539.12,0.02,2488.34,Net Banking,Store
ORD100913,CUST100464,PROD1106,2023-04-06,4,822.51,0.28,2368.83,UPI,Store
ORD100914,CUST104323,PROD1023,2024-05-19,2,554.45,0.07,1031.28,Cash on Delivery,Online
ORD100915,CUST108857,PROD1046,2023-12-20,4,3362.42,0.14,11566.72,Cash on Delivery,Store
ORD100916,CUST105475,PROD1027,2024-08-24,3,133.03,0.01,395.1,Cash on Delivery,Store
ORD100917,CUST109681,PROD1035,2022-10-13,3,1309.41,0.06,3692.54,Credit Card,Online
ORD100918,CUST106965,PROD1020,2022-08-04,2,319.32,0.21,504.53,Net Banking,Store
ORD100919,CUST100798,PROD1183,2023-04-01,2,927.52,0.03,1799.39,Net Banking,Store
ORD100920,CUST102800,PROD1068,2024-08-20,1,3161.5,0.19,2560.82,Cash on Delivery,Store
ORD100921,CUST103240,PROD1153,2024-09-01,2,656.81,0.0,1313.62,Credit Card,Online
ORD100922,CUST103355,PROD1181,2022-08-16,4,2171.47,0.14,7469.86,UPI,Store
ORD100923,CUST103929,PROD1043,2022-12-27,2,1864.75,0.22,2909.01,UPI,Online
ORD100924,CUST100859,PROD1160,2022-02-12,1,2584.14,0.28,1860.58,UPI,Online
ORD100925,CUST108555,PROD1153,2022-06-30,4,656.81,0.15,2233.15,Net Banking,Store
ORD100926,CUST107688,PROD1120,2023-05-26,3,1608.36,0.25,3618.81,UPI,Online
ORD100927,CUST105022,PROD1149,2023-04-07,2,1630.37,0.24,2478.16,Credit Card,Online
ORD100928,CUST107584,PROD1147,2024-05-08,3,1570.61,0.09,4287.77,Credit Card,Online
ORD100929,CUST106402,PROD1001,2022-10-13,1,2108.14,0.26,1560.02,UPI,Online
ORD100930,CUST109107,PROD1040,2022-10-24,2,331.95,0.19,537.76,Net Banking,Store
ORD100931,CUST101774,PROD1053,2023-07-10,1,1312.97,0.03,1273.58,Debit Card,Online
ORD100932,CUST103365,PROD1184,2022-02-06,3,4915.01,0.28,10616.42,Cash on Delivery,Store
ORD100933,CUST108014,PROD1145,2024-06-03,4,4568.9,0.05,17361.82,UPI,Store
ORD100934,CUST108342,PROD1132,2024-01-31,1,1728.02,0.14,1486.1,UPI,Online
ORD100935,CUST107425,PROD1045,2024-06-20,2,770.29,0.14,1324.9,Cash on Delivery,Online
ORD100936,CUST103021,PROD1074,2022-03-24,2,1160.21,0.19,1879.54,Debit Card,Store
ORD100937,CUST104237,PROD1148,2024-06-10,3,3902.89,0.2,9366.94,UPI,Store
ORD100938,CUST106394,PROD1149,2024-07-21,3,1630.37,0.07,4548.73,UPI,Online
ORD100939,CUST103817,PROD1002,2022-09-14,3,1666.73,0.11,4450.17,Debit Card,Store
ORD100940,CUST109262,PROD1008,2022-08-05,3,1199.69,0.04,3455.11,Cash on Delivery,Online
ORD100941,CUST100760,PROD1001,2023-06-06,2,2108.14,0.04,4047.63,Credit Card,Store
ORD100942,CUST104451,PROD1027,2024-01-20,2,133.03,0.25,199.54,UPI,Online
ORD100943,CUST104627,PROD1033,2022-01-26,2,647.39,0.23,996.98,UPI,Online
ORD100944,CUST102739,PROD1180,2022-09-08,1,4036.27,0.13,3511.55,Net Banking,Store
ORD100945,CUST107439,PROD1058,2022-08-03,4,1109.98,0.03,4306.72,Debit Card,Store
ORD100946,CUST105548,PROD1009,2023-10-19,4,3453.81,0.13,12019.26,UPI,Online
ORD100947,CUST106791,PROD1082,2022-11-16,4,595.95,0.09,2169.26,Net Banking,Online
ORD100948,CUST107916,PROD1092,2024-01-04,1,2248.29,0.23,1731.18,Credit Card,Store
ORD100949,CUST106845,PROD1001,2023-02-15,3,2108.14,0.03,6134.69,Debit Card,Store
ORD100950,CUST106867,PROD1047,2023-04-04,3,3493.68,0.14,9013.69,Credit Card,Store
ORD100951,CUST109108,PROD1133,2022-11-20,3,1474.25,0.18,3626.66,Net Banking,Store
ORD100952,CUST103943,PROD1043,2023-06-14,2,1864.75,0.3,2610.65,Cash on Delivery,Online
ORD100953,CUST103460,PROD1181,2022-12-05,1,2171.47,0.03,2106.33,Debit Card,Online
ORD100954,CUST101492,PROD1198,2022-08-16,4,1926.28,0.03,7473.97,Cash on Delivery,Online
ORD100955,CUST103621,PROD1035,2022-08-24,3,1309.41,0.3,2749.76,Net Banking,Store
ORD100956,CUST108918,PROD1135,2023-01-01,4,3539.91,0.12,12460.48,Debit Card,Online
ORD100957,CUST109801,PROD1082,2023-03-10,3,595.95,0.22,1394.52,UPI,Store
ORD100958,CUST105018,PROD1009,2024-05-07,4,3453.81,0.24,10499.58,Net Banking,Store
ORD100959,CUST108162,PROD1160,2023-03-25,2,2584.14,0.09,4703.13,Net Banking,Store
ORD100960,CUST106750,PROD1101,2023-05-22,1,3236.62,0.06,3042.42,Credit Card,Store
ORD100961,CUST104841,PROD1092,2022-10-03,3,2248.29,0.08,6205.28,Cash on Delivery,Online
ORD100962,CUST109131,PROD1018,2023-09-25,3,4703.75,0.23,10865.66,Debit Card,Store
ORD100963,CUST107468,PROD1017,2022-03-03,3,791.05,0.25,1779.86,Debit Card,Online
ORD100964,CUST100087,PROD1114,2022-11-27,3,671.01,0.21,1590.29,UPI,Store
ORD100965,CUST100562,PROD1178,2022-07-06,1,4804.5,0.13,4179.92,Debit Card,Store
ORD100966,CUST101268,PROD1022,2023-06-21,1,1744.61,0.08,1605.04,UPI,Online
ORD100967,CUST109682,PROD1128,2024-06-10,3,3522.95,0.13,9194.9,Debit Card,Online
ORD100968,CUST105561,PROD1058,2023-05-20,4,1109.98,0.27,3241.14,Credit Card,Online
ORD100969,CUST106045,PROD1106,2024-04-30,2,822.51,0.26,1217.31,Net Banking,Online
ORD100970,CUST109764,PROD1130,2023-08-31,3,1651.44,0.1,4458.89,Debit Card,Store
ORD100971,CUST104654,PROD1009,2022-11-17,2,3453.81,0.1,6216.86,Net Banking,Store
ORD100972,CUST103171,PROD1122,2022-07-12,4,2405.73,0.23,7409.65,Cash on Delivery,Online
ORD100973,CUST107512,PROD1198,2022-09-11,3,1926.28,0.13,5027.59,Net Banking,Store
ORD100974,CUST107852,PROD1048,2023-08-02,3,3417.13,0.17,8508.65,Cash on Delivery,Online
ORD100975,CUST102800,PROD1055,2022-11-10,2,2785.96,0.13,4847.57,Debit Card,Online
ORD100976,CUST106846,PROD1089,2023-07-06,3,1920.59,0.07,5358.45,Credit Card,Store
ORD100977,CUST105038,PROD1143,2022-08-12,4,3731.95,0.06,14032.13,Credit Card,Store
ORD100978,CUST109449,PROD1038,2023-03-07,1,2162.08,0.04,2075.6,Net Banking,Store
ORD100979,CUST104888,PROD1108,2022-12-22,2,871.28,0.0,1742.56,Credit Card,Store
ORD100980,CUST104780,PROD1095,2023-03-03,1,4205.79,0.08,3869.33,Cash on Delivery,Store
ORD100981,CUST101143,PROD1043,2023-01-27,2,1864.75,0.05,3543.02,Credit Card,Online
ORD100982,CUST106703,PROD1007,2022-08-10,1,4532.56,0.08,4169.96,Credit Card,Store
ORD100983,CUST100747,PROD1135,2022-04-13,4,3539.91,0.02,13876.45,Credit Card,Online
ORD100984,CUST107094,PROD1044,2022-11-14,4,452.32,0.1,1628.35,UPI,Store
ORD100985,CUST106445,PROD1138,2024-01-30,3,3504.61,0.16,8831.62,UPI,Store
ORD100986,CUST103488,PROD1096,2023-11-05,4,4510.68,0.28,12990.76,Net Banking,Store
ORD100987,CUST109337,PROD1152,2024-02-15,4,3367.3,0.1,12122.28,Debit Card,Online
ORD100988,CUST102104,PROD1016,2023-06-21,3,3052.07,0.01,9064.65,Debit Card,Online
ORD100989,CUST103856,PROD1082,2023-10-28,2,595.95,0.11,1060.79,Cash on Delivery,Online
ORD100990,CUST105119,PROD1182,2022-08-07,4,572.67,0.25,1718.01,Cash on Delivery,Online
ORD100991,CUST105258,PROD1078,2023-03-14,4,3766.22,0.1,13558.39,Net Banking,Online
ORD100992,CUST102768,PROD1055,2024-02-05,1,2785.96,0.09,2535.22,UPI,Online
ORD100993,CUST104059,PROD1043,2024-09-05,4,1864.75,0.28,5370.48,Credit Card,Store
ORD100994,CUST101808,PROD1052,2023-12-28,3,2302.12,0.09,6284.79,UPI,Store
ORD100995,CUST105480,PROD1162,2022-06-18,4,307.56,0.29,873.47,UPI,Store
ORD100996,CUST100409,PROD1038,2023-08-15,1,2162.08,0.25,1621.56,Net Banking,Store
ORD100997,CUST100645,PROD1129,2022-03-13,4,1033.9,0.21,3267.12,UPI,Store
ORD100998,CUST101551,PROD1097,2023-07-29,1,2401.45,0.18,1969.19,Debit Card,Online
ORD100999,CUST105362,PROD1024,2024-09-16,4,3137.89,0.07,11672.95,UPI,Online
ORD101000,CUST101113,PROD1165,2023-04-01,2,4146.73,0.22,6468.9,Debit Card,Store
ORD101001,CUST103587,PROD1195,2022-03-16,3,4224.79,0.1,11406.93,Cash on Delivery,Online
ORD101002,CUST100061,PROD1079,2022-09-20,4,127.55,0.15,433.67,Cash on Delivery,Online
ORD101003,CUST109427,PROD1031,2023-04-14,2,3607.34,0.03,6998.24,Net Banking,Online
ORD101004,CUST101727,PROD1078,2023-09-02,2,3766.22,0.09,6854.52,Credit Card,Online
ORD101005,CUST104592,PROD1077,2023-08-20,3,4838.73,0.16,12193.6,UPI,Store
ORD101006,CUST108168,PROD1168,2024-04-16,1,736.02,0.14,632.98,Credit Card,Store
ORD101007,CUST102966,PROD1078,2024-03-28,2,3766.22,0.1,6779.2,Debit Card,Online
ORD101008,CUST103360,PROD1070,2024-07-27,3,3731.49,0.14,9627.24,Credit Card,Store
ORD101009,CUST105662,PROD1006,2024-06-08,4,2076.92,0.22,6479.99,UPI,Online
ORD101010,CUST108070,PROD1199,2024-02-24,1,4504.11,0.14,3873.53,Credit Card,Store
ORD101011,CUST109604,PROD1017,2023-10-23,1,791.05,0.15,672.39,Credit Card,Store
ORD101012,CUST109925,PROD1016,2023-06-02,1,3052.07,0.21,2411.14,Credit Card,Store
ORD101013,CUST106700,PROD1116,2023-09-13,2,4033.51,0.25,6050.26,Net Banking,Store
ORD101014,CUST103630,PROD1103,2022-07-18,2,472.31,0.16,793.48,Credit Card,Store
ORD101015,CUST103869,PROD1076,2024-04-22,3,4330.45,0.28,9353.77,UPI,Online
ORD101016,CUST105200,PROD1058,2022-12-04,1,1109.98,0.11,987.88,UPI,Store
ORD101017,CUST102039,PROD1010,2022-02-07,1,794.74,0.08,731.16,Credit Card,Store
ORD101018,CUST107454,PROD1124,2022-11-15,3,1557.13,0.21,3690.4,Net Banking,Online
ORD101019,CUST101307,PROD1050,2023-10-02,4,4767.36,0.05,18115.97,Debit Card,Store
ORD101020,CUST106634,PROD1006,2022-05-20,1,2076.92,0.27,1516.15,Credit Card,Store
ORD101021,CUST101724,PROD1154,2022-09-05,1,1389.72,0.12,1222.95,Net Banking,Online
ORD101022,CUST105670,PROD1186,2024-07-06,3,158.9,0.21,376.59,Cash on Delivery,Online
ORD101023,CUST104690,PROD1036,2024-02-10,3,924.34,0.17,2301.61,UPI,Online
ORD101024,CUST102455,PROD1004,2023-10-21,2,1760.0,0.02,3449.6,Cash on Delivery,Online
ORD101025,CUST100941,PROD1061,2023-03-03,4,1679.78,0.21,5308.1,UPI,Online
ORD101026,CUST107092,PROD1199,2024-05-04,2,4504.11,0.24,6846.25,Debit Card,Online
ORD101027,CUST105295,PROD1073,2024-09-20,2,2162.76,0.29,3071.12,Net Banking,Online
ORD101028,CUST107688,PROD1089,2022-07-14,3,1920.59,0.12,5070.36,Debit Card,Online
ORD101029,CUST103061,PROD1078,2022-08-03,2,3766.22,0.15,6402.57,Cash on Delivery,Store
ORD101030,CUST109476,PROD1054,2024-06-07,4,584.36,0.26,1729.71,Net Banking,Online
ORD101031,CUST108587,PROD1143,2024-01-23,1,3731.95,0.08,3433.39,Cash on Delivery,Store
ORD101032,CUST103763,PROD1091,2023-10-07,2,1656.34,0.06,3113.92,Credit Card,Online
ORD101033,CUST107694,PROD1073,2023-06-25,2,2162.76,0.04,4152.5,Cash on Delivery,Store
ORD101034,CUST109282,PROD1055,2023-09-02,2,2785.96,0.29,3956.06,Debit Card,Store
ORD101035,CUST102888,PROD1178,2024-05-25,4,4804.5,0.08,17680.56,Debit Card,Store
ORD101036,CUST109914,PROD1195,2023-01-24,4,4224.79,0.23,13012.35,Credit Card,Store
ORD101037,CUST104443,PROD1173,2024-09-15,4,3575.41,0.13,12442.43,Net Banking,Store
ORD101038,CUST104006,PROD1060,2023-03-05,3,4998.52,0.07,13945.87,Cash on Delivery,Store
ORD101039,CUST101086,PROD1103,2023-11-25,1,472.31,0.27,344.79,Cash on Delivery,Online
ORD101040,CUST106499,PROD1116,2022-06-01,3,4033.51,0.14,10406.46,Cash on Delivery,Online
ORD101041,CUST101304,PROD1077,2022-04-13,1,4838.73,0.17,4016.15,Net Banking,Online
ORD101042,CUST106510,PROD1032,2023-02-09,2,940.88,0.07,1750.04,Debit Card,Store
ORD101043,CUST101014,PROD1054,2022-10-15,4,584.36,0.1,2103.7,Credit Card,Online
ORD101044,CUST108412,PROD1017,2024-01-17,4,791.05,0.22,2468.08,Net Banking,Online
ORD101045,CUST105848,PROD1139,2022-05-13,4,3501.6,0.1,12605.76,Credit Card,Online
ORD101046,CUST109318,PROD1073,2023-03-22,2,2162.76,0.15,3676.69,UPI,Online
ORD101047,CUST108664,PROD1020,2023-02-06,1,319.32,0.03,309.74,Credit Card,Store
ORD101048,CUST105120,PROD1096,2024-01-12,3,4510.68,0.26,10013.71,UPI,Store
ORD101049,CUST100415,PROD1153,2022-02-04,3,656.81,0.22,1536.94,Credit Card,Store
ORD101050,CUST101868,PROD1148,2024-05-19,2,3902.89,0.23,6010.45,UPI,Store
ORD101051,CUST104112,PROD1149,2023-08-15,1,1630.37,0.05,1548.85,Cash on Delivery,Online
ORD101052,CUST101533,PROD1182,2024-05-16,4,572.67,0.15,1947.08,Net Banking,Online
ORD101053,CUST107922,PROD1045,2024-01-24,1,770.29,0.01,762.59,Cash on Delivery,Store
ORD101054,CUST101462,PROD1040,2022-12-10,1,331.95,0.09,302.07,Debit Card,Store
ORD101055,CUST107698,PROD1004,2023-04-29,4,1760.0,0.1,6336.0,Net Banking,Online
ORD101056,CUST101865,PROD1043,2023-10-07,1,1864.75,0.27,1361.27,Cash on Delivery,Online
ORD101057,CUST104009,PROD1143,2023-06-05,2,3731.95,0.3,5224.73,Credit Card,Online
ORD101058,CUST109928,PROD1162,2023-01-23,3,307.56,0.19,747.37,Net Banking,Online
ORD101059,CUST107973,PROD1004,2024-02-04,2,1760.0,0.16,2956.8,Credit Card,Store
ORD101060,CUST107710,PROD1061,2023-06-29,1,1679.78,0.13,1461.41,Cash on Delivery,Online
ORD101061,CUST108663,PROD1089,2024-05-08,4,1920.59,0.01,7605.54,Net Banking,Store
ORD101062,CUST103177,PROD1025,2024-07-06,3,1799.14,0.24,4102.04,Cash on Delivery,Store
ORD101063,CUST102865,PROD1060,2023-11-30,2,4998.52,0.2,7997.63,Debit Card,Online
ORD101064,CUST103197,PROD1178,2022-01-11,1,4804.5,0.19,3891.65,Cash on Delivery,Online
ORD101065,CUST102461,PROD1068,2023-08-04,4,3161.5,0.24,9610.96,Debit Card,Store
ORD101066,CUST107782,PROD1183,2022-05-18,2,927.52,0.28,1335.63,Cash on Delivery,Online
ORD101067,CUST103581,PROD1049,2022-05-11,1,2805.47,0.12,2468.81,Net Banking,Store
ORD101068,CUST108692,PROD1124,2023-02-03,4,1557.13,0.13,5418.81,Credit Card,Store
ORD101069,CUST107994,PROD1035,2022-09-08,2,1309.41,0.29,1859.36,Net Banking,Online
ORD101070,CUST100120,PROD1151,2023-09-27,4,4916.65,0.2,15733.28,Cash on Delivery,Store
ORD101071,CUST101775,PROD1029,2023-01-01,2,935.53,0.26,1384.58,Cash on Delivery,Online
ORD101072,CUST100606,PROD1068,2023-02-25,2,3161.5,0.07,5880.39,Cash on Delivery,Online
ORD101073,CUST108129,PROD1175,2023-02-28,1,2304.65,0.1,2074.18,UPI,Online
ORD101074,CUST107375,PROD1021,2024-02-24,3,1572.17,0.12,4150.53,Debit Card,Online
ORD101075,CUST100819,PROD1032,2024-07-04,3,940.88,0.1,2540.38,Credit Card,Online
ORD101076,CUST100783,PROD1068,2024-01-25,4,3161.5,0.27,9231.58,Debit Card,Store
ORD101077,CUST101846,PROD1095,2024-06-18,4,4205.79,0.15,14299.69,Cash on Delivery,Online
ORD101078,CUST107560,PROD1049,2024-09-20,4,2805.47,0.29,7967.53,Cash on Delivery,Store
ORD101079,CUST100391,PROD1022,2022-06-11,4,1744.61,0.1,6280.6,Debit Card,Store
ORD101080,CUST107880,PROD1137,2022-04-05,4,3649.67,0.01,14452.69,Debit Card,Store
ORD101081,CUST101132,PROD1163,2022-06-11,1,1140.38,0.04,1094.76,Debit Card,Store
ORD101082,CUST104445,PROD1113,2024-04-14,4,2996.04,0.07,11145.27,UPI,Store
ORD101083,CUST105318,PROD1016,2024-03-06,3,3052.07,0.19,7416.53,Debit Card,Store
ORD101084,CUST105562,PROD1180,2022-12-27,3,4036.27,0.05,11503.37,Cash on Delivery,Online
ORD101085,CUST104439,PROD1090,2022-08-17,2,2110.16,0.11,3756.08,Credit Card,Store
ORD101086,CUST100676,PROD1135,2022-04-26,2,3539.91,0.24,5380.66,Net Banking,Store
ORD101087,CUST106251,PROD1171,2022-08-09,1,4945.55,0.04,4747.73,Debit Card,Online
ORD101088,CUST100594,PROD1188,2023-04-08,1,2539.12,0.02,2488.34,Debit Card,Store
ORD101089,CUST103324,PROD1121,2024-07-20,4,1191.0,0.16,4001.76,Debit Card,Online
ORD101090,CUST106168,PROD1133,2024-07-19,2,1474.25,0.21,2329.32,Credit Card,Store
ORD101091,CUST106426,PROD1070,2023-11-12,1,3731.49,0.27,2723.99,Debit Card,Store
ORD101092,CUST107730,PROD1089,2022-11-11,1,1920.59,0.2,1536.47,Debit Card,Store
ORD101093,CUST102934,PROD1164,2022-11-26,3,3496.96,0.28,7553.43,Debit Card,Online
ORD101094,CUST105033,PROD1053,2023-10-19,1,1312.97,0.07,1221.06,Credit Card,Online
ORD101095,CUST106763,PROD1022,2022-10-13,1,1744.61,0.1,1570.15,Net Banking,Store
ORD101096,CUST106086,PROD1184,2022-07-01,2,4915.01,0.25,7372.52,Cash on Delivery,Store
ORD101097,CUST104333,PROD1050,2024-03-30,4,4767.36,0.24,14492.77,Credit Card,Online
ORD101098,CUST100839,PROD1057,2023-04-01,4,2667.72,0.2,8536.7,Debit Card,Online
ORD101099,CUST102510,PROD1146,2024-07-07,1,2720.43,0.15,2312.37,UPI,Store
ORD101100,CUST104687,PROD1154,2022-10-02,2,1389.72,0.01,2751.65,Credit Card,Store
ORD101101,CUST102887,PROD1024,2022-02-06,4,3137.89,0.08,11547.44,Debit Card,Online
ORD101102,CUST103043,PROD1148,2023-03-19,4,3902.89,0.05,14830.98,Debit Card,Store
ORD101103,CUST101631,PROD1122,2024-05-24,1,2405.73,0.02,2357.62,Cash on Delivery,Store
ORD101104,CUST101405,PROD1024,2022-02-05,4,3137.89,0.23,9664.7,Credit Card,Online
ORD101105,CUST107632,PROD1124,2022-03-09,4,1557.13,0.04,5979.38,Credit Card,Online
ORD101106,CUST106115,PROD1178,2023-02-14,3,4804.5,0.11,12828.02,Cash on Delivery,Store
ORD101107,CUST106495,PROD1070,2022-12-26,2,3731.49,0.29,5298.72,UPI,Online
ORD101108,CUST102489,PROD1034,2022-05-01,1,847.63,0.12,745.91,UPI,Store
ORD101109,CUST104490,PROD1069,2023-10-29,1,3553.73,0.04,3411.58,Net Banking,Online
ORD101110,CUST100005,PROD1103,2023-12-18,3,472.31,0.21,1119.37,Net Banking,Store
ORD101111,CUST102581,PROD1177,2024-08-15,1,3377.85,0.24,2567.17,Cash on Delivery,Store
ORD101112,CUST108411,PROD1142,2024-08-15,3,1570.45,0.08,4334.44,Credit Card,Online
ORD101113,CUST108203,PROD1151,2024-08-05,2,4916.65,0.24,7473.31,Debit Card,Store
ORD101114,CUST102842,PROD1048,2023-07-10,4,3417.13,0.08,12575.04,UPI,Online
ORD101115,CUST105504,PROD1067,2023-04-27,4,1221.16,0.21,3858.87,Credit Card,Store
ORD101116,CUST106847,PROD1006,2022-10-16,2,2076.92,0.04,3987.69,Net Banking,Online
ORD101117,CUST108649,PROD1093,2024-05-27,1,3090.85,0.13,2689.04,UPI,Online
ORD101118,CUST108358,PROD1127,2022-03-31,2,509.27,0.16,855.57,Debit Card,Online
ORD101119,CUST107283,PROD1080,2022-07-31,4,760.03,0.22,2371.29,Net Banking,Online
ORD101120,CUST101973,PROD1181,2023-07-29,3,2171.47,0.2,5211.53,Debit Card,Online
ORD101121,CUST102195,PROD1037,2022-03-13,3,3402.6,0.26,7553.77,Net Banking,Online
ORD101122,CUST107574,PROD1093,2024-04-27,1,3090.85,0.06,2905.4,Debit Card,Online
ORD101123,CUST108143,PROD1044,2024-08-22,4,452.32,0.2,1447.42,UPI,Online
ORD101124,CUST107552,PROD1102,2022-10-17,3,3752.53,0.04,10807.29,Cash on Delivery,Online
ORD101125,CUST103828,PROD1136,2023-01-02,3,4779.14,0.14,12330.18,Debit Card,Online
ORD101126,CUST105085,PROD1054,2022-01-27,3,584.36,0.16,1472.59,UPI,Online
ORD101127,CUST104737,PROD1051,2023-02-24,1,2585.17,0.01,2559.32,Credit Card,Online
ORD101128,CUST100239,PROD1110,2024-06-18,4,2932.67,0.02,11496.07,Credit Card,Online
ORD101129,CUST109108,PROD1048,2022-12-28,2,3417.13,0.25,5125.7,Net Banking,Online
ORD101130,CUST102952,PROD1182,2023-07-19,3,572.67,0.09,1563.39,Cash on Delivery,Store
ORD101131,CUST100855,PROD1069,2024-01-24,2,3553.73,0.1,6396.71,Net Banking,Store
ORD101132,CUST103238,PROD1110,2023-03-31,2,2932.67,0.19,4750.93,Debit Card,Store
ORD101133,CUST100553,PROD1130,2024-03-15,1,1651.44,0.07,1535.84,Cash on Delivery,Store
ORD101134,CUST108134,PROD1067,2023-09-04,1,1221.16,0.06,1147.89,Debit Card,Online
ORD101135,CUST109420,PROD1100,2023-04-17,2,3701.69,0.13,6440.94,UPI,Store
ORD101136,CUST108386,PROD1037,2023-08-14,1,3402.6,0.02,3334.55,Cash on Delivery,Store
ORD101137,CUST107338,PROD1197,2024-08-03,2,2029.94,0.28,2923.11,Credit Card,Online
ORD101138,CUST105994,PROD1048,2023-01-04,3,3417.13,0.28,7381.0,UPI,Online
ORD101139,CUST109617,PROD1091,2022-11-22,4,1656.34,0.13,5764.06,UPI,Online
ORD101140,CUST102693,PROD1007,2023-02-14,2,4532.56,0.06,8521.21,Debit Card,Store
ORD101141,CUST101971,PROD1115,2023-08-25,4,3741.78,0.14,12871.72,Net Banking,Store
ORD101142,CUST105402,PROD1094,2024-06-06,2,2515.62,0.03,4880.3,Debit Card,Store
ORD101143,CUST108691,PROD1172,2023-05-18,3,3051.89,0.12,8056.99,UPI,Store
ORD101144,CUST104114,PROD1028,2022-01-25,1,4912.04,0.02,4813.8,Cash on Delivery,Online
ORD101145,CUST103773,PROD1078,2022-06-10,2,3766.22,0.21,5950.63,Credit Card,Store
ORD101146,CUST103647,PROD1176,2022-07-14,1,770.65,0.08,709.0,UPI,Store
ORD101147,CUST107909,PROD1023,2023-12-14,3,554.45,0.16,1397.21,Net Banking,Store
ORD101148,CUST102866,PROD1148,2023-02-25,4,3902.89,0.0,15611.56,Net Banking,Store
ORD101149,CUST100686,PROD1112,2023-11-09,2,441.15,0.16,741.13,Cash on Delivery,Store
ORD101150,CUST102067,PROD1022,2024-01-04,2,1744.61,0.0,3489.22,Net Banking,Online
ORD101151,CUST105907,PROD1094,2024-03-05,4,2515.62,0.28,7244.99,Cash on Delivery,Online
ORD101152,CUST100447,PROD1155,2022-01-13,2,2625.54,0.15,4463.42,Net Banking,Online
ORD101153,CUST109958,PROD1159,2023-02-11,2,464.94,0.03,901.98,Debit Card,Store
ORD101154,CUST109316,PROD1149,2024-08-20,4,1630.37,0.1,5869.33,Credit Card,Store
ORD101155,CUST100293,PROD1189,2024-05-04,1,4197.72,0.01,4155.74,Credit Card,Online
ORD101156,CUST104160,PROD1066,2022-12-21,1,3804.6,0.16,3195.86,UPI,Store
ORD101157,CUST102546,PROD1117,2022-09-03,4,2765.48,0.04,10619.44,UPI,Online
ORD101158,CUST108267,PROD1072,2022-03-29,3,4258.76,0.14,10987.6,Debit Card,Online
ORD101159,CUST107044,PROD1005,2023-03-15,4,900.54,0.09,3277.97,Debit Card,Store
ORD101160,CUST103775,PROD1064,2023-02-25,4,4980.76,0.23,15340.74,Credit Card,Store
ORD101161,CUST109491,PROD1021,2023-10-14,1,1572.17,0.14,1352.07,UPI,Online
ORD101162,CUST104178,PROD1178,2024-04-01,2,4804.5,0.25,7206.75,UPI,Online
ORD101163,CUST103534,PROD1195,2022-09-13,3,4224.79,0.28,9125.55,Credit Card,Store
ORD101164,CUST102053,PROD1108,2022-10-03,2,871.28,0.29,1237.22,Cash on Delivery,Store
ORD101165,CUST107112,PROD1115,2023-10-20,2,3741.78,0.08,6884.88,Debit Card,Online
ORD101166,CUST101699,PROD1184,2022-01-07,3,4915.01,0.23,11353.67,UPI,Store
ORD101167,CUST102518,PROD1199,2023-05-15,4,4504.11,0.13,15674.3,Credit Card,Online
ORD101168,CUST109929,PROD1054,2022-09-03,4,584.36,0.13,2033.57,Debit Card,Online
ORD101169,CUST105568,PROD1169,2022-12-12,2,2046.46,0.26,3028.76,Credit Card,Store
ORD101170,CUST106832,PROD1179,2022-07-23,2,3516.31,0.04,6751.32,Cash on Delivery,Online
ORD101171,CUST108561,PROD1188,2023-04-27,3,2539.12,0.14,6550.93,Net Banking,Store
ORD101172,CUST103739,PROD1018,2024-01-22,1,4703.75,0.18,3857.08,UPI,Online
ORD101173,CUST104373,PROD1107,2023-04-25,3,2161.29,0.02,6354.19,Debit Card,Store
ORD101174,CUST100339,PROD1128,2022-04-04,3,3522.95,0.26,7820.95,Credit Card,Store
ORD101175,CUST102862,PROD1168,2024-06-16,3,736.02,0.09,2009.33,Credit Card,Store
ORD101176,CUST100613,PROD1190,2022-11-06,1,2787.44,0.2,2229.95,Debit Card,Store
ORD101177,CUST101103,PROD1047,2023-06-04,4,3493.68,0.28,10061.8,UPI,Online
ORD101178,CUST108984,PROD1159,2024-07-17,3,464.94,0.22,1087.96,UPI,Online
ORD101179,CUST106746,PROD1177,2023-03-06,1,3377.85,0.27,2465.83,Credit Card,Store
ORD101180,CUST108258,PROD1141,2022-06-19,2,1551.56,0.02,3041.06,UPI,Online
ORD101181,CUST104511,PROD1016,2022-04-29,3,3052.07,0.15,7782.78,Net Banking,Online
ORD101182,CUST107312,PROD1095,2024-01-28,2,4205.79,0.17,6981.61,Cash on Delivery,Online
ORD101183,CUST105405,PROD1029,2023-10-02,2,935.53,0.21,1478.14,Cash on Delivery,Store
ORD101184,CUST100570,PROD1120,2024-01-04,1,1608.36,0.04,1544.03,Net Banking,Online
ORD101185,CUST108731,PROD1110,2022-03-04,2,2932.67,0.2,4692.27,UPI,Store
ORD101186,CUST105356,PROD1178,2022-04-27,2,4804.5,0.04,9224.64,Credit Card,Store
ORD101187,CUST100116,PROD1097,2022-04-19,3,2401.45,0.02,7060.26,UPI,Store
ORD101188,CUST107224,PROD1189,2024-01-16,2,4197.72,0.14,7220.08,Debit Card,Online
ORD101189,CUST103031,PROD1151,2023-05-08,3,4916.65,0.18,12094.96,Debit Card,Online
ORD101190,CUST103456,PROD1119,2024-09-14,2,3955.63,0.29,5616.99,UPI,Store
ORD101191,CUST103051,PROD1190,2023-12-18,4,2787.44,0.21,8808.31,Net Banking,Store
ORD101192,CUST109826,PROD1141,2023-08-23,4,1551.56,0.18,5089.12,Debit Card,Store
ORD101193,CUST108433,PROD1033,2023-02-21,1,647.39,0.06,608.55,Cash on Delivery,Online
ORD101194,CUST108656,PROD1186,2022-11-21,2,158.9,0.05,301.91,Credit Card,Online
ORD101195,CUST107807,PROD1110,2024-06-10,1,2932.67,0.18,2404.79,Net Banking,Online
ORD101196,CUST107302,PROD1192,2022-08-28,3,3116.29,0.07,8694.45,Debit Card,Online
ORD101197,CUST101878,PROD1085,2023-12-11,3,657.06,0.21,1557.23,Credit Card,Store
ORD101198,CUST104881,PROD1160,2023-05-31,2,2584.14,0.03,5013.23,Cash on Delivery,Store
ORD101199,CUST104636,PROD1107,2023-09-10,2,2161.29,0.1,3890.32,Debit Card,Store
ORD101200,CUST102534,PROD1117,2023-09-11,4,2765.48,0.23,8517.68,Debit Card,Online
ORD101201,CUST103809,PROD1110,2022-09-09,3,2932.67,0.25,6598.51,Credit Card,Store
ORD101202,CUST108763,PROD1057,2022-07-05,3,2667.72,0.1,7202.84,Credit Card,Online
ORD101203,CUST105605,PROD1017,2024-01-08,3,791.05,0.06,2230.76,UPI,Online
ORD101204,CUST107733,PROD1110,2023-02-17,1,2932.67,0.29,2082.2,Debit Card,Store
ORD101205,CUST103641,PROD1102,2023-05-19,2,3752.53,0.23,5778.9,Cash on Delivery,Store
ORD101206,CUST100656,PROD1139,2023-06-17,3,3501.6,0.24,7983.65,Credit Card,Store
ORD101207,CUST103151,PROD1193,2022-06-03,3,4987.26,0.07,13914.46,Net Banking,Store
ORD101208,CUST109140,PROD1129,2022-08-12,2,1033.9,0.13,1798.99,Debit Card,Store
ORD101209,CUST104110,PROD1197,2023-08-21,2,2029.94,0.02,3978.68,Net Banking,Online
ORD101210,CUST107207,PROD1027,2023-07-07,1,133.03,0.03,129.04,Debit Card,Store
ORD101211,CUST100306,PROD1119,2024-04-25,4,3955.63,0.07,14714.94,Credit Card,Store
ORD101212,CUST108896,PROD1122,2023-02-22,3,2405.73,0.09,6567.64,UPI,Online
ORD101213,CUST104492,PROD1041,2023-04-30,4,4320.12,0.3,12096.34,Debit Card,Online
ORD101214,CUST108869,PROD1002,2023-11-15,2,1666.73,0.13,2900.11,Credit Card,Store
ORD101215,CUST108402,PROD1175,2024-06-15,4,2304.65,0.21,7282.69,Credit Card,Online
ORD101216,CUST104494,PROD1086,2023-11-03,1,4422.95,0.27,3228.75,Credit Card,Store
ORD101217,CUST101396,PROD1140,2022-06-09,4,4426.54,0.07,16466.73,Net Banking,Store
ORD101218,CUST103460,PROD1056,2022-02-20,3,1642.96,0.04,4731.72,Credit Card,Store
ORD101219,CUST104353,PROD1130,2023-09-22,1,1651.44,0.07,1535.84,Net Banking,Online
ORD101220,CUST102162,PROD1113,2022-10-07,2,2996.04,0.26,4434.14,Cash on Delivery,Online
ORD101221,CUST107676,PROD1190,2022-06-21,1,2787.44,0.2,2229.95,UPI,Store
ORD101222,CUST104544,PROD1037,2024-09-07,3,3402.6,0.14,8778.71,Credit Card,Online
ORD101223,CUST103148,PROD1058,2022-11-28,2,1109.98,0.25,1664.97,Cash on Delivery,Store
ORD101224,CUST100827,PROD1027,2023-08-19,4,133.03,0.07,494.87,Credit Card,Store
ORD101225,CUST102655,PROD1025,2022-10-20,3,1799.14,0.07,5019.6,Cash on Delivery,Store
ORD101226,CUST106711,PROD1083,2024-05-01,1,1976.87,0.17,1640.8,Credit Card,Store
ORD101227,CUST108691,PROD1090,2022-03-07,1,2110.16,0.24,1603.72,UPI,Online
ORD101228,CUST109253,PROD1064,2022-09-27,1,4980.76,0.08,4582.3,Credit Card,Online
ORD101229,CUST107864,PROD1073,2024-07-01,2,2162.76,0.06,4065.99,Net Banking,Store
ORD101230,CUST107525,PROD1060,2022-12-10,1,4998.52,0.14,4298.73,Credit Card,Online
ORD101231,CUST105170,PROD1184,2024-09-16,2,4915.01,0.04,9436.82,Debit Card,Online
ORD101232,CUST103496,PROD1000,2022-09-28,1,1986.03,0.22,1549.1,Net Banking,Online
ORD101233,CUST106094,PROD1159,2022-03-02,1,464.94,0.17,385.9,Cash on Delivery,Online
ORD101234,CUST104222,PROD1031,2023-11-20,2,3607.34,0.15,6132.48,Credit Card,Store
ORD101235,CUST109318,PROD1154,2024-05-15,2,1389.72,0.26,2056.79,Credit Card,Online
ORD101236,CUST101989,PROD1140,2023-09-21,2,4426.54,0.22,6905.4,Credit Card,Store
ORD101237,CUST106579,PROD1016,2022-05-16,3,3052.07,0.04,8789.96,Debit Card,Online
ORD101238,CUST105504,PROD1155,2022-09-16,4,2625.54,0.13,9136.88,UPI,Online
ORD101239,CUST104180,PROD1088,2022-09-13,1,4002.67,0.1,3602.4,UPI,Online
ORD101240,CUST101382,PROD1051,2022-11-27,3,2585.17,0.24,5894.19,Net Banking,Store
ORD101241,CUST104167,PROD1113,2024-07-11,4,2996.04,0.22,9347.64,Net Banking,Store
ORD101242,CUST103166,PROD1163,2023-01-28,1,1140.38,0.14,980.73,Debit Card,Store
ORD101243,CUST102635,PROD1046,2024-02-22,1,3362.42,0.25,2521.82,Debit Card,Store
ORD101244,CUST105545,PROD1193,2023-06-28,1,4987.26,0.12,4388.79,Debit Card,Store
ORD101245,CUST109221,PROD1159,2022-09-11,4,464.94,0.24,1413.42,Cash on Delivery,Store
ORD101246,CUST105209,PROD1031,2022-09-24,1,3607.34,0.01,3571.27,Debit Card,Store
ORD101247,CUST109810,PROD1197,2024-06-17,3,2029.94,0.04,5846.23,Debit Card,Online
ORD101248,CUST109427,PROD1094,2024-03-04,1,2515.62,0.23,1937.03,Debit Card,Online
ORD101249,CUST105382,PROD1122,2022-01-07,3,2405.73,0.03,7000.67,Debit Card,Online
ORD101250,CUST103983,PROD1182,2024-05-09,2,572.67,0.21,904.82,UPI,Store
ORD101251,CUST101405,PROD1106,2023-03-15,4,822.51,0.22,2566.23,Credit Card,Store
ORD101252,CUST107737,PROD1127,2023-07-05,3,509.27,0.2,1222.25,Credit Card,Online
ORD101253,CUST106200,PROD1079,2022-01-04,1,127.55,0.25,95.66,UPI,Store
ORD101254,CUST105742,PROD1088,2023-06-26,3,4002.67,0.15,10206.81,Debit Card,Store
ORD101255,CUST106711,PROD1039,2023-11-09,3,2735.18,0.27,5990.04,Cash on Delivery,Online
ORD101256,CUST109739,PROD1027,2022-11-03,2,133.03,0.17,220.83,Cash on Delivery,Online
ORD101257,CUST101884,PROD1080,2023-04-07,4,760.03,0.15,2584.1,Net Banking,Online
ORD101258,CUST105172,PROD1030,2023-07-02,2,3330.72,0.15,5662.22,Credit Card,Online
ORD101259,CUST102184,PROD1118,2022-12-17,4,833.05,0.27,2432.51,Net Banking,Store
ORD101260,CUST106317,PROD1086,2023-05-14,2,4422.95,0.07,8226.69,Debit Card,Store
ORD101261,CUST107003,PROD1030,2022-07-30,4,3330.72,0.21,10525.08,Net Banking,Online
ORD101262,CUST108410,PROD1153,2022-04-23,1,656.81,0.07,610.83,Debit Card,Online
ORD101263,CUST107430,PROD1003,2022-04-27,3,1363.94,0.03,3969.07,Net Banking,Online
ORD101264,CUST104350,PROD1106,2022-11-12,3,822.51,0.29,1751.95,UPI,Store
ORD101265,CUST109003,PROD1106,2023-07-17,2,822.51,0.04,1579.22,Debit Card,Store
ORD101266,CUST108461,PROD1106,2024-08-29,1,822.51,0.21,649.78,Cash on Delivery,Store
ORD101267,CUST106367,PROD1185,2023-03-09,1,2516.6,0.13,2189.44,Debit Card,Online
ORD101268,CUST104699,PROD1116,2022-01-15,1,4033.51,0.25,3025.13,Cash on Delivery,Online
ORD101269,CUST109378,PROD1078,2022-07-20,2,3766.22,0.23,5799.98,Cash on Delivery,Online
ORD101270,CUST101733,PROD1022,2022-12-13,4,1744.61,0.04,6699.3,Net Banking,Store
ORD101271,CUST102967,PROD1196,2022-05-04,1,1253.86,0.14,1078.32,Credit Card,Store
ORD101272,CUST100072,PROD1104,2024-05-01,1,431.37,0.01,427.06,Credit Card,Online
ORD101273,CUST104993,PROD1187,2022-06-05,4,4781.3,0.13,16638.92,Credit Card,Store
ORD101274,CUST106117,PROD1170,2023-02-13,4,4925.25,0.21,15563.79,Cash on Delivery,Online
ORD101275,CUST107885,PROD1153,2022-07-27,1,656.81,0.07,610.83,Credit Card,Store
ORD101276,CUST105042,PROD1194,2023-04-11,2,270.22,0.24,410.73,Debit Card,Online
ORD101277,CUST108061,PROD1115,2024-01-24,2,3741.78,0.02,7333.89,Debit Card,Store
ORD101278,CUST100630,PROD1195,2022-06-13,3,4224.79,0.01,12547.63,Debit Card,Store
ORD101279,CUST105603,PROD1054,2024-02-11,3,584.36,0.01,1735.55,Cash on Delivery,Store
ORD101280,CUST100877,PROD1174,2022-10-04,3,4761.29,0.08,13141.16,Cash on Delivery,Online
ORD101281,CUST108948,PROD1186,2024-05-08,2,158.9,0.14,273.31,Credit Card,Store
ORD101282,CUST104293,PROD1143,2023-12-06,3,3731.95,0.03,10859.97,Net Banking,Store
ORD101283,CUST109642,PROD1057,2024-04-16,1,2667.72,0.3,1867.4,Cash on Delivery,Store
ORD101284,CUST102540,PROD1106,2024-01-20,2,822.51,0.3,1151.51,UPI,Store
ORD101285,CUST100081,PROD1000,2023-01-29,2,1986.03,0.16,3336.53,Debit Card,Online
ORD101286,CUST101331,PROD1126,2022-02-19,3,362.9,0.17,903.62,Debit Card,Online
ORD101287,CUST109914,PROD1172,2023-12-26,1,3051.89,0.28,2197.36,Credit Card,Online
ORD101288,CUST107955,PROD1093,2024-02-17,1,3090.85,0.23,2379.95,Net Banking,Store
ORD101289,CUST100356,PROD1133,2023-08-25,2,1474.25,0.05,2801.08,Debit Card,Store
ORD101290,CUST109511,PROD1051,2022-05-24,2,2585.17,0.24,3929.46,Cash on Delivery,Store
ORD101291,CUST100579,PROD1018,2022-06-15,3,4703.75,0.07,13123.46,Net Banking,Store
ORD101292,CUST100645,PROD1101,2022-03-08,1,3236.62,0.13,2815.86,Debit Card,Store
ORD101293,CUST106263,PROD1170,2022-01-20,2,4925.25,0.16,8274.42,Credit Card,Store
ORD101294,CUST108499,PROD1018,2023-09-15,4,4703.75,0.22,14675.7,Credit Card,Online
ORD101295,CUST100233,PROD1038,2022-03-10,1,2162.08,0.05,2053.98,Credit Card,Store
ORD101296,CUST101034,PROD1107,2023-03-30,4,2161.29,0.02,8472.26,Cash on Delivery,Online
ORD101297,CUST106017,PROD1159,2022-01-25,2,464.94,0.26,688.11,Credit Card,Online
ORD101298,CUST105121,PROD1064,2024-05-06,3,4980.76,0.25,11206.71,UPI,Online
ORD101299,CUST101735,PROD1046,2022-11-06,2,3362.42,0.16,5648.87,Cash on Delivery,Store
ORD101300,CUST104277,PROD1140,2022-01-12,2,4426.54,0.2,7082.46,UPI,Store
ORD101301,CUST100941,PROD1073,2023-07-31,4,2162.76,0.22,6747.81,Credit Card,Online
ORD101302,CUST100349,PROD1163,2023-11-25,2,1140.38,0.14,1961.45,Net Banking,Online
ORD101303,CUST101405,PROD1197,2022-08-22,3,2029.94,0.08,5602.63,Cash on Delivery,Online
ORD101304,CUST107464,PROD1154,2024-04-14,4,1389.72,0.14,4780.64,UPI,Store
ORD101305,CUST101545,PROD1071,2024-07-05,4,1115.14,0.29,3167.0,Cash on Delivery,Store
ORD101306,CUST104320,PROD1151,2022-05-13,3,4916.65,0.25,11062.46,UPI,Online
ORD101307,CUST109943,PROD1147,2023-11-29,4,1570.61,0.14,5402.9,Cash on Delivery,Store
ORD101308,CUST101746,PROD1085,2023-08-14,3,657.06,0.07,1833.2,Debit Card,Online
ORD101309,CUST107896,PROD1008,2023-10-06,4,1199.69,0.27,3503.09,UPI,Store
ORD101310,CUST101354,PROD1119,2022-10-02,2,3955.63,0.19,6408.12,UPI,Online
ORD101311,CUST107330,PROD1166,2024-04-28,2,4056.26,0.12,7139.02,Cash on Delivery,Online
ORD101312,CUST104288,PROD1113,2024-04-02,1,2996.04,0.03,2906.16,Net Banking,Online
ORD101313,CUST109360,PROD1000,2024-04-08,4,1986.03,0.23,6116.97,Debit Card,Online
ORD101314,CUST104766,PROD1010,2023-12-13,3,794.74,0.1,2145.8,UPI,Store
ORD101315,CUST105957,PROD1104,2023-09-05,3,431.37,0.18,1061.17,Credit Card,Store
ORD101316,CUST106835,PROD1000,2022-06-01,4,1986.03,0.17,6593.62,Credit Card,Store
ORD101317,CUST102585,PROD1080,2023-03-28,2,760.03,0.21,1200.85,Cash on Delivery,Online
ORD101318,CUST104707,PROD1122,2022-08-04,3,2405.73,0.16,6062.44,Net Banking,Store
ORD101319,CUST100900,PROD1171,2023-10-21,1,4945.55,0.19,4005.9,Debit Card,Online
ORD101320,CUST103341,PROD1050,2024-03-02,3,4767.36,0.02,14016.04,UPI,Online
ORD101321,CUST107694,PROD1016,2022-11-06,3,3052.07,0.2,7324.97,Credit Card,Store
ORD101322,CUST100127,PROD1102,2022-08-21,3,3752.53,0.06,10582.13,UPI,Online
ORD101323,CUST101675,PROD1106,2023-05-08,1,822.51,0.12,723.81,Credit Card,Online
ORD101324,CUST101777,PROD1119,2022-05-29,1,3955.63,0.15,3362.29,Cash on Delivery,Store
ORD101325,CUST105165,PROD1193,2022-12-03,3,4987.26,0.21,11819.81,Cash on Delivery,Store
ORD101326,CUST108425,PROD1111,2023-04-01,1,1904.48,0.22,1485.49,UPI,Online
ORD101327,CUST100583,PROD1022,2023-04-24,2,1744.61,0.21,2756.48,Cash on Delivery,Online
ORD101328,CUST101466,PROD1168,2023-05-22,3,736.02,0.03,2141.82,Debit Card,Store
ORD101329,CUST108694,PROD1125,2022-10-02,1,4537.33,0.12,3992.85,Cash on Delivery,Online
ORD101330,CUST106750,PROD1058,2024-08-28,1,1109.98,0.08,1021.18,Debit Card,Store
ORD101331,CUST101155,PROD1105,2022-06-30,1,850.29,0.12,748.26,Cash on Delivery,Online
ORD101332,CUST109691,PROD1093,2023-03-10,2,3090.85,0.19,5007.18,UPI,Online
ORD101333,CUST107960,PROD1024,2022-05-31,1,3137.89,0.06,2949.62,Debit Card,Store
ORD101334,CUST100935,PROD1144,2024-03-15,4,1220.66,0.15,4150.24,Net Banking,Store
ORD101335,CUST100355,PROD1109,2024-03-06,4,4287.18,0.27,12518.57,UPI,Online
ORD101336,CUST101994,PROD1018,2023-04-16,2,4703.75,0.22,7337.85,Debit Card,Store
ORD101337,CUST105156,PROD1081,2022-07-23,2,473.74,0.22,739.03,Credit Card,Store
ORD101338,CUST106281,PROD1045,2023-08-15,1,770.29,0.25,577.72,Credit Card,Online
ORD101339,CUST109637,PROD1034,2023-04-09,2,847.63,0.12,1491.83,Net Banking,Online
ORD101340,CUST107409,PROD1022,2024-08-31,1,1744.61,0.23,1343.35,Credit Card,Online
ORD101341,CUST105364,PROD1108,2022-11-23,1,871.28,0.02,853.85,UPI,Online
ORD101342,CUST103974,PROD1043,2022-05-29,1,1864.75,0.02,1827.46,Debit Card,Online
ORD101343,CUST102504,PROD1008,2022-10-04,4,1199.69,0.1,4318.88,UPI,Online
ORD101344,CUST102146,PROD1159,2024-07-25,4,464.94,0.06,1748.17,Cash on Delivery,Online
ORD101345,CUST107669,PROD1089,2022-02-04,3,1920.59,0.16,4839.89,Cash on Delivery,Online
ORD101346,CUST107304,PROD1092,2024-05-27,2,2248.29,0.05,4271.75,Credit Card,Store
ORD101347,CUST101210,PROD1186,2022-08-04,4,158.9,0.29,451.28,Net Banking,Store
ORD101348,CUST106179,PROD1041,2022-01-01,2,4320.12,0.26,6393.78,Net Banking,Online
ORD101349,CUST108821,PROD1189,2023-12-19,1,4197.72,0.29,2980.38,Cash on Delivery,Store
ORD101350,CUST104882,PROD1146,2023-04-13,2,2720.43,0.24,4135.05,Net Banking,Store
ORD101351,CUST106824,PROD1092,2023-08-27,1,2248.29,0.29,1596.29,Net Banking,Store
ORD101352,CUST106198,PROD1116,2023-04-11,2,4033.51,0.11,7179.65,Credit Card,Online
ORD101353,CUST109686,PROD1126,2023-03-27,4,362.9,0.15,1233.86,UPI,Online
ORD101354,CUST101107,PROD1034,2023-08-26,2,847.63,0.07,1576.59,UPI,Online
ORD101355,CUST104986,PROD1135,2022-03-11,1,3539.91,0.19,2867.33,Debit Card,Online
ORD101356,CUST103434,PROD1110,2023-10-06,4,2932.67,0.24,8915.32,UPI,Online
ORD101357,CUST108023,PROD1042,2022-09-14,1,935.8,0.15,795.43,UPI,Store
ORD101358,CUST102815,PROD1044,2024-07-05,1,452.32,0.09,411.61,Credit Card,Online
ORD101359,CUST107061,PROD1133,2024-05-16,4,1474.25,0.15,5012.45,Credit Card,Online
ORD101360,CUST102035,PROD1012,2022-04-02,2,1673.76,0.02,3280.57,UPI,Store
ORD101361,CUST106807,PROD1010,2023-08-17,3,794.74,0.22,1859.69,Debit Card,Online
ORD101362,CUST106973,PROD1101,2023-01-07,3,3236.62,0.14,8350.48,UPI,Online
ORD101363,CUST100169,PROD1197,2024-06-11,2,2029.94,0.27,2963.71,UPI,Store
ORD101364,CUST108823,PROD1196,2024-03-30,2,1253.86,0.28,1805.56,Cash on Delivery,Store
ORD101365,CUST108996,PROD1134,2022-04-09,4,3708.05,0.04,14238.91,Debit Card,Store
ORD101366,CUST105015,PROD1054,2023-05-25,1,584.36,0.3,409.05,UPI,Store
ORD101367,CUST106897,PROD1182,2023-07-19,4,572.67,0.29,1626.38,Credit Card,Store
ORD101368,CUST103034,PROD1018,2024-05-02,4,4703.75,0.19,15240.15,UPI,Store
ORD101369,CUST104480,PROD1106,2023-08-15,1,822.51,0.25,616.88,Net Banking,Online
ORD101370,CUST103412,PROD1005,2024-04-03,1,900.54,0.01,891.53,Cash on Delivery,Store
ORD101371,CUST104988,PROD1008,2024-09-12,2,1199.69,0.29,1703.56,Cash on Delivery,Store
ORD101372,CUST107130,PROD1147,2024-05-20,1,1570.61,0.14,1350.72,Cash on Delivery,Store
ORD101373,CUST103869,PROD1024,2023-05-22,1,3137.89,0.27,2290.66,Debit Card,Store
ORD101374,CUST106099,PROD1049,2024-08-26,2,2805.47,0.12,4937.63,Cash on Delivery,Online
ORD101375,CUST100791,PROD1071,2022-12-09,4,1115.14,0.24,3390.03,UPI,Store
ORD101376,CUST103841,PROD1177,2024-08-19,3,3377.85,0.13,8816.19,Debit Card,Online
ORD101377,CUST103356,PROD1165,2024-08-20,1,4146.73,0.11,3690.59,Net Banking,Store
ORD101378,CUST107522,PROD1065,2022-09-03,4,1779.33,0.28,5124.47,Credit Card,Online
ORD101379,CUST104925,PROD1056,2024-03-11,4,1642.96,0.21,5191.75,Cash on Delivery,Online
ORD101380,CUST105074,PROD1021,2023-04-17,3,1572.17,0.25,3537.38,UPI,Online
ORD101381,CUST106700,PROD1055,2022-10-06,1,2785.96,0.16,2340.21,Debit Card,Store
ORD101382,CUST102094,PROD1035,2024-02-13,4,1309.41,0.28,3771.1,UPI,Store
ORD101383,CUST106250,PROD1178,2024-05-02,4,4804.5,0.22,14990.04,Cash on Delivery,Store
ORD101384,CUST108807,PROD1067,2023-05-25,1,1221.16,0.02,1196.74,Credit Card,Store
ORD101385,CUST105252,PROD1000,2023-03-07,1,1986.03,0.23,1529.24,Debit Card,Store
ORD101386,CUST107003,PROD1047,2023-03-18,4,3493.68,0.01,13834.97,UPI,Store
ORD101387,CUST104296,PROD1160,2022-09-18,2,2584.14,0.25,3876.21,Debit Card,Store
ORD101388,CUST102301,PROD1151,2024-04-24,2,4916.65,0.1,8849.97,Cash on Delivery,Online
ORD101389,CUST105269,PROD1176,2024-01-14,4,770.65,0.18,2527.73,Cash on Delivery,Store
ORD101390,CUST109764,PROD1196,2024-01-30,1,1253.86,0.22,978.01,Net Banking,Online
ORD101391,CUST100504,PROD1057,2022-09-12,1,2667.72,0.19,2160.85,Net Banking,Online
ORD101392,CUST101945,PROD1047,2023-04-06,2,3493.68,0.2,5589.89,Cash on Delivery,Online
ORD101393,CUST101861,PROD1184,2023-08-18,2,4915.01,0.27,7175.91,Debit Card,Online
ORD101394,CUST103722,PROD1191,2022-09-22,3,598.34,0.11,1597.57,UPI,Store
ORD101395,CUST103683,PROD1098,2023-05-30,2,1274.77,0.16,2141.61,UPI,Store
ORD101396,CUST100403,PROD1180,2023-03-21,1,4036.27,0.05,3834.46,Debit Card,Online
ORD101397,CUST104331,PROD1187,2022-08-11,2,4781.3,0.14,8223.84,Credit Card,Store
ORD101398,CUST109811,PROD1125,2024-02-01,4,4537.33,0.05,17241.85,Debit Card,Store
ORD101399,CUST102906,PROD1113,2022-07-11,3,2996.04,0.19,7280.38,Cash on Delivery,Online
ORD101400,CUST104728,PROD1089,2023-07-12,3,1920.59,0.1,5185.59,Cash on Delivery,Store
ORD101401,CUST107709,PROD1112,2023-03-16,1,441.15,0.26,326.45,Net Banking,Store
ORD101402,CUST101569,PROD1170,2024-03-17,4,4925.25,0.1,17730.9,UPI,Store
ORD101403,CUST100139,PROD1168,2022-09-26,2,736.02,0.09,1339.56,Net Banking,Online
ORD101404,CUST104683,PROD1106,2022-02-10,3,822.51,0.15,2097.4,UPI,Online
ORD101405,CUST106730,PROD1153,2023-10-13,3,656.81,0.05,1871.91,Debit Card,Online
ORD101406,CUST105062,PROD1186,2022-02-10,4,158.9,0.06,597.46,Credit Card,Store
ORD101407,CUST104665,PROD1104,2022-11-27,3,431.37,0.23,996.46,UPI,Online
ORD101408,CUST102172,PROD1176,2022-06-24,4,770.65,0.15,2620.21,Credit Card,Online
ORD101409,CUST106079,PROD1191,2023-03-09,1,598.34,0.06,562.44,Credit Card,Store
ORD101410,CUST103420,PROD1132,2023-03-25,3,1728.02,0.01,5132.22,Credit Card,Online
ORD101411,CUST106277,PROD1171,2024-03-13,2,4945.55,0.14,8506.35,Debit Card,Store
ORD101412,CUST101249,PROD1017,2024-07-19,4,791.05,0.22,2468.08,Credit Card,Store
ORD101413,CUST106064,PROD1184,2022-11-19,1,4915.01,0.11,4374.36,Credit Card,Online
ORD101414,CUST102697,PROD1111,2024-06-18,2,1904.48,0.07,3542.33,Cash on Delivery,Store
ORD101415,CUST102753,PROD1039,2022-10-07,4,2735.18,0.12,9627.83,Cash on Delivery,Store
ORD101416,CUST104934,PROD1101,2022-04-04,2,3236.62,0.29,4596.0,UPI,Store
ORD101417,CUST106465,PROD1112,2024-05-13,3,441.15,0.13,1151.4,Cash on Delivery,Online
ORD101418,CUST103884,PROD1173,2024-05-30,1,3575.41,0.08,3289.38,UPI,Store
ORD101419,CUST107254,PROD1057,2022-12-06,4,2667.72,0.17,8856.83,Credit Card,Store
ORD101420,CUST100094,PROD1084,2023-02-24,4,1758.62,0.24,5346.2,Cash on Delivery,Store
ORD101421,CUST104291,PROD1151,2022-07-24,1,4916.65,0.01,4867.48,Net Banking,Online
ORD101422,CUST105780,PROD1155,2023-07-22,2,2625.54,0.17,4358.4,Debit Card,Store
ORD101423,CUST105083,PROD1045,2024-01-13,1,770.29,0.25,577.72,Cash on Delivery,Store
ORD101424,CUST109867,PROD1195,2022-09-17,1,4224.79,0.06,3971.3,Debit Card,Online
ORD101425,CUST108204,PROD1071,2024-01-02,1,1115.14,0.28,802.9,Cash on Delivery,Online
ORD101426,CUST102301,PROD1181,2023-11-11,1,2171.47,0.17,1802.32,Cash on Delivery,Store
ORD101427,CUST104083,PROD1032,2023-11-14,3,940.88,0.16,2371.02,Net Banking,Online
ORD101428,CUST106119,PROD1066,2024-04-05,4,3804.6,0.29,10805.06,Credit Card,Store
ORD101429,CUST106224,PROD1112,2024-04-09,2,441.15,0.04,847.01,UPI,Online
ORD101430,CUST100372,PROD1083,2023-01-26,2,1976.87,0.22,3083.92,Cash on Delivery,Online
ORD101431,CUST104489,PROD1162,2023-10-11,1,307.56,0.25,230.67,Cash on Delivery,Store
ORD101432,CUST105851,PROD1038,2022-10-05,1,2162.08,0.15,1837.77,Debit Card,Store
ORD101433,CUST106028,PROD1174,2024-02-11,2,4761.29,0.0,9522.58,Credit Card,Online
ORD101434,CUST108609,PROD1070,2024-06-14,2,3731.49,0.16,6268.9,Cash on Delivery,Store
ORD101435,CUST100816,PROD1004,2024-07-20,3,1760.0,0.05,5016.0,Cash on Delivery,Online
ORD101436,CUST109995,PROD1164,2023-04-26,1,3496.96,0.17,2902.48,UPI,Store
ORD101437,CUST103612,PROD1000,2024-08-23,2,1986.03,0.22,3098.21,Credit Card,Store
ORD101438,CUST107747,PROD1124,2023-03-27,4,1557.13,0.16,5231.96,Credit Card,Store
ORD101439,CUST106350,PROD1183,2022-10-18,3,927.52,0.19,2253.87,Cash on Delivery,Online
ORD101440,CUST107439,PROD1134,2024-03-11,3,3708.05,0.03,10790.43,Credit Card,Store
ORD101441,CUST101332,PROD1112,2023-10-09,1,441.15,0.03,427.92,Credit Card,Online
ORD101442,CUST106361,PROD1191,2022-04-15,3,598.34,0.26,1328.31,UPI,Store
ORD101443,CUST100755,PROD1007,2024-01-09,3,4532.56,0.01,13461.7,Net Banking,Store
ORD101444,CUST103525,PROD1107,2024-08-08,4,2161.29,0.09,7867.1,UPI,Store
ORD101445,CUST101796,PROD1125,2023-01-12,3,4537.33,0.28,9800.63,Net Banking,Online
ORD101446,CUST103059,PROD1125,2024-07-31,4,4537.33,0.14,15608.42,UPI,Online
ORD101447,CUST102177,PROD1191,2022-07-09,3,598.34,0.2,1436.02,Cash on Delivery,Online
ORD101448,CUST102050,PROD1184,2022-07-14,3,4915.01,0.07,13712.88,UPI,Store
ORD101449,CUST101989,PROD1027,2023-07-30,1,133.03,0.08,122.39,Credit Card,Online
ORD101450,CUST107518,PROD1153,2023-01-12,1,656.81,0.15,558.29,Credit Card,Online
ORD101451,CUST108746,PROD1033,2023-11-14,1,647.39,0.19,524.39,Debit Card,Store
ORD101452,CUST105809,PROD1095,2022-01-18,1,4205.79,0.29,2986.11,Cash on Delivery,Online
ORD101453,CUST105613,PROD1021,2022-09-16,2,1572.17,0.17,2609.8,Credit Card,Store
ORD101454,CUST108457,PROD1123,2024-04-06,1,4620.97,0.03,4482.34,Cash on Delivery,Store
ORD101455,CUST109114,PROD1147,2023-01-07,1,1570.61,0.11,1397.84,UPI,Store
ORD101456,CUST108725,PROD1141,2023-12-03,1,1551.56,0.07,1442.95,Credit Card,Store
ORD101457,CUST105976,PROD1150,2024-03-17,3,4820.06,0.08,13303.37,Cash on Delivery,Store
ORD101458,CUST101693,PROD1066,2024-09-13,3,3804.6,0.15,9701.73,UPI,Online
ORD101459,CUST102051,PROD1146,2024-04-11,3,2720.43,0.09,7426.77,Net Banking,Online
ORD101460,CUST102920,PROD1077,2024-08-26,1,4838.73,0.09,4403.24,Debit Card,Online
ORD101461,CUST104845,PROD1038,2024-02-04,4,2162.08,0.29,6140.31,UPI,Online
ORD101462,CUST104167,PROD1164,2023-08-16,2,3496.96,0.18,5735.01,Net Banking,Store
ORD101463,CUST106231,PROD1098,2022-03-01,4,1274.77,0.08,4691.15,Cash on Delivery,Online
ORD101464,CUST104623,PROD1128,2022-04-15,4,3522.95,0.08,12964.46,Net Banking,Online
ORD101465,CUST109077,PROD1018,2023-03-02,4,4703.75,0.24,14299.4,Credit Card,Store
ORD101466,CUST106746,PROD1014,2024-05-26,4,2197.11,0.27,6415.56,Cash on Delivery,Store
ORD101467,CUST106139,PROD1000,2022-09-18,2,1986.03,0.2,3177.65,Debit Card,Store
ORD101468,CUST101458,PROD1030,2024-02-06,4,3330.72,0.13,11590.91,Debit Card,Store
ORD101469,CUST103795,PROD1179,2022-02-15,1,3516.31,0.23,2707.56,Cash on Delivery,Online
ORD101470,CUST103410,PROD1170,2023-10-06,4,4925.25,0.28,14184.72,Credit Card,Store
ORD101471,CUST104024,PROD1173,2023-06-10,2,3575.41,0.05,6793.28,Cash on Delivery,Online
ORD101472,CUST106269,PROD1085,2023-04-22,2,657.06,0.26,972.45,Cash on Delivery,Online
ORD101473,CUST100562,PROD1049,2022-09-24,4,2805.47,0.25,8416.41,Cash on Delivery,Online
ORD101474,CUST106092,PROD1019,2024-08-13,1,1794.76,0.11,1597.34,UPI,Online
ORD101475,CUST106992,PROD1104,2023-06-18,4,431.37,0.09,1570.19,Debit Card,Store
ORD101476,CUST107008,PROD1189,2022-04-16,3,4197.72,0.17,10452.32,Debit Card,Online
ORD101477,CUST107796,PROD1042,2023-06-01,2,935.8,0.08,1721.87,Credit Card,Online
ORD101478,CUST105659,PROD1004,2023-11-24,4,1760.0,0.04,6758.4,Debit Card,Store
ORD101479,CUST106084,PROD1065,2023-01-31,3,1779.33,0.29,3789.97,Credit Card,Online
ORD101480,CUST102971,PROD1139,2022-05-29,1,3501.6,0.15,2976.36,Credit Card,Store
ORD101481,CUST100344,PROD1127,2024-04-26,3,509.27,0.14,1313.92,Debit Card,Store
ORD101482,CUST106611,PROD1184,2022-10-07,2,4915.01,0.04,9436.82,Cash on Delivery,Store
ORD101483,CUST107124,PROD1187,2023-06-09,3,4781.3,0.15,12192.32,Cash on Delivery,Store
ORD101484,CUST106284,PROD1182,2024-05-13,3,572.67,0.22,1340.05,UPI,Store
ORD101485,CUST102716,PROD1070,2022-01-26,3,3731.49,0.07,10410.86,Credit Card,Online
ORD101486,CUST109864,PROD1065,2023-07-06,1,1779.33,0.11,1583.6,Net Banking,Online
ORD101487,CUST105660,PROD1199,2022-10-09,1,4504.11,0.05,4278.9,Net Banking,Online
ORD101488,CUST107232,PROD1072,2023-04-29,1,4258.76,0.11,3790.3,Debit Card,Store
ORD101489,CUST104893,PROD1154,2024-07-29,1,1389.72,0.26,1028.39,Debit Card,Online
ORD101490,CUST101119,PROD1155,2024-03-08,4,2625.54,0.07,9767.01,Net Banking,Online
ORD101491,CUST102262,PROD1164,2022-03-05,3,3496.96,0.01,10385.97,UPI,Store
ORD101492,CUST100742,PROD1078,2022-04-21,2,3766.22,0.16,6327.25,Credit Card,Store
ORD101493,CUST105001,PROD1018,2024-04-20,3,4703.75,0.17,11712.34,Credit Card,Online
ORD101494,CUST105303,PROD1178,2022-03-29,4,4804.5,0.1,17296.2,Debit Card,Online
ORD101495,CUST107330,PROD1012,2023-09-28,3,1673.76,0.19,4067.24,Debit Card,Store
ORD101496,CUST100782,PROD1044,2023-02-26,3,452.32,0.01,1343.39,Cash on Delivery,Online
ORD101497,CUST100096,PROD1005,2023-10-20,2,900.54,0.1,1620.97,UPI,Online
ORD101498,CUST108778,PROD1128,2024-06-23,2,3522.95,0.04,6764.06,Credit Card,Online
ORD101499,CUST106661,PROD1105,2023-12-27,2,850.29,0.07,1581.54,Cash on Delivery,Online
ORD101500,CUST104911,PROD1120,2023-03-16,3,1608.36,0.11,4294.32,Net Banking,Store
ORD101501,CUST102238,PROD1024,2022-05-08,4,3137.89,0.15,10668.83,Cash on Delivery,Online
ORD101502,CUST109108,PROD1153,2022-10-21,1,656.81,0.03,637.11,Net Banking,Store
ORD101503,CUST103349,PROD1140,2022-05-29,1,4426.54,0.03,4293.74,Net Banking,Store
ORD101504,CUST102488,PROD1018,2022-11-23,3,4703.75,0.2,11289.0,Credit Card,Store
ORD101505,CUST103793,PROD1137,2022-05-20,1,3649.67,0.12,3211.71,Cash on Delivery,Online
ORD101506,CUST107817,PROD1172,2024-03-14,1,3051.89,0.05,2899.3,Credit Card,Online
ORD101507,CUST102837,PROD1070,2022-05-02,3,3731.49,0.07,10410.86,UPI,Online
ORD101508,CUST102386,PROD1014,2023-06-07,3,2197.11,0.22,5141.24,UPI,Store
ORD101509,CUST107396,PROD1106,2023-01-19,4,822.51,0.02,3224.24,UPI,Online
ORD101510,CUST101841,PROD1158,2024-08-20,1,611.58,0.15,519.84,UPI,Store
ORD101511,CUST109394,PROD1125,2022-10-10,3,4537.33,0.11,12114.67,Net Banking,Online
ORD101512,CUST105366,PROD1135,2024-02-03,1,3539.91,0.24,2690.33,UPI,Store
ORD101513,CUST108064,PROD1029,2023-03-23,2,935.53,0.24,1422.01,Credit Card,Store
ORD101514,CUST104769,PROD1097,2024-08-24,2,2401.45,0.21,3794.29,Cash on Delivery,Store
ORD101515,CUST108921,PROD1096,2022-07-13,4,4510.68,0.12,15877.59,Cash on Delivery,Store
ORD101516,CUST100316,PROD1000,2024-04-21,3,1986.03,0.19,4826.05,Credit Card,Online
ORD101517,CUST107453,PROD1015,2023-12-08,1,3483.28,0.19,2821.46,Debit Card,Store
ORD101518,CUST100075,PROD1113,2023-08-16,2,2996.04,0.1,5392.87,Debit Card,Store
ORD101519,CUST105069,PROD1010,2023-09-11,3,794.74,0.26,1764.32,Debit Card,Online
ORD101520,CUST100203,PROD1154,2024-04-12,2,1389.72,0.3,1945.61,Debit Card,Store
ORD101521,CUST107895,PROD1085,2024-07-18,2,657.06,0.09,1195.85,Net Banking,Online
ORD101522,CUST106567,PROD1167,2024-08-30,3,3946.83,0.24,8998.77,Net Banking,Online
ORD101523,CUST107460,PROD1171,2022-07-25,2,4945.55,0.15,8407.44,Cash on Delivery,Online
ORD101524,CUST103775,PROD1069,2023-12-22,3,3553.73,0.14,9168.62,Cash on Delivery,Online
ORD101525,CUST108078,PROD1119,2023-10-01,4,3955.63,0.12,13923.82,Net Banking,Online
ORD101526,CUST106924,PROD1184,2023-06-30,3,4915.01,0.09,13417.98,Net Banking,Online
ORD101527,CUST107580,PROD1175,2022-03-05,2,2304.65,0.28,3318.7,Cash on Delivery,Online
ORD101528,CUST105558,PROD1167,2022-01-17,2,3946.83,0.22,6157.05,Credit Card,Store
ORD101529,CUST104355,PROD1038,2023-03-11,1,2162.08,0.13,1881.01,Net Banking,Store
ORD101530,CUST103051,PROD1130,2024-01-31,4,1651.44,0.23,5086.44,Credit Card,Online
ORD101531,CUST102663,PROD1182,2022-04-15,2,572.67,0.22,893.37,UPI,Store
ORD101532,CUST108623,PROD1000,2023-03-16,4,1986.03,0.08,7308.59,Credit Card,Online
ORD101533,CUST107384,PROD1022,2024-05-06,1,1744.61,0.05,1657.38,Credit Card,Online
ORD101534,CUST103162,PROD1194,2023-09-12,4,270.22,0.25,810.66,Net Banking,Store
ORD101535,CUST108389,PROD1189,2024-01-04,3,4197.72,0.24,9570.8,UPI,Online
ORD101536,CUST105078,PROD1114,2023-11-19,4,671.01,0.3,1878.83,Debit Card,Online
ORD101537,CUST100038,PROD1161,2022-08-16,2,4435.03,0.01,8781.36,Credit Card,Online
ORD101538,CUST108920,PROD1144,2023-12-03,2,1220.66,0.16,2050.71,UPI,Store
ORD101539,CUST103165,PROD1047,2024-08-09,3,3493.68,0.21,8280.02,UPI,Store
ORD101540,CUST104779,PROD1090,2023-01-30,2,2110.16,0.17,3502.87,Net Banking,Store
ORD101541,CUST106186,PROD1052,2022-08-01,1,2302.12,0.21,1818.67,UPI,Online
ORD101542,CUST102124,PROD1060,2024-07-04,2,4998.52,0.04,9597.16,Debit Card,Store
ORD101543,CUST107399,PROD1102,2024-01-03,1,3752.53,0.0,3752.53,Net Banking,Online
ORD101544,CUST104134,PROD1101,2024-04-15,4,3236.62,0.03,12558.09,Credit Card,Store
ORD101545,CUST106294,PROD1138,2023-11-05,4,3504.61,0.11,12476.41,Net Banking,Online
ORD101546,CUST103771,PROD1142,2022-10-25,2,1570.45,0.1,2826.81,Credit Card,Store
ORD101547,CUST105538,PROD1089,2023-03-01,2,1920.59,0.26,2842.47,Net Banking,Store
ORD101548,CUST103257,PROD1117,2024-01-31,3,2765.48,0.03,8047.55,UPI,Store
ORD101549,CUST106461,PROD1138,2023-12-03,4,3504.61,0.13,12196.04,Debit Card,Store
ORD101550,CUST105388,PROD1134,2023-02-05,1,3708.05,0.29,2632.72,Net Banking,Online
ORD101551,CUST107900,PROD1046,2023-06-08,3,3362.42,0.15,8574.17,Cash on Delivery,Online
ORD101552,CUST101244,PROD1135,2023-08-03,3,3539.91,0.04,10194.94,UPI,Store
ORD101553,CUST100657,PROD1004,2023-07-07,4,1760.0,0.09,6406.4,Net Banking,Store
ORD101554,CUST101699,PROD1086,2023-02-02,3,4422.95,0.19,10747.77,UPI,Store
ORD101555,CUST104456,PROD1193,2022-09-17,1,4987.26,0.0,4987.26,Cash on Delivery,Online
ORD101556,CUST106068,PROD1090,2022-05-06,3,2110.16,0.29,4494.64,UPI,Online
ORD101557,CUST108047,PROD1062,2022-08-14,1,4227.41,0.17,3508.75,UPI,Online
ORD101558,CUST109991,PROD1020,2023-12-23,1,319.32,0.21,252.26,Net Banking,Online
ORD101559,CUST105963,PROD1198,2022-11-29,2,1926.28,0.15,3274.68,UPI,Online
ORD101560,CUST106235,PROD1118,2022-11-26,4,833.05,0.29,2365.86,Net Banking,Online
ORD101561,CUST104535,PROD1120,2024-06-28,4,1608.36,0.18,5275.42,Debit Card,Online
ORD101562,CUST107273,PROD1101,2022-09-22,4,3236.62,0.2,10357.18,Cash on Delivery,Store
ORD101563,CUST101976,PROD1089,2022-06-20,4,1920.59,0.26,5684.95,Credit Card,Store
ORD101564,CUST107937,PROD1139,2024-07-04,1,3501.6,0.26,2591.18,Cash on Delivery,Online
ORD101565,CUST103669,PROD1111,2022-01-01,4,1904.48,0.01,7541.74,UPI,Store
ORD101566,CUST104192,PROD1138,2024-05-25,4,3504.61,0.08,12896.96,Net Banking,Online
ORD101567,CUST100937,PROD1181,2024-05-10,1,2171.47,0.07,2019.47,Credit Card,Online
ORD101568,CUST105596,PROD1137,2023-12-22,2,3649.67,0.0,7299.34,Credit Card,Online
ORD101569,CUST101289,PROD1118,2022-08-29,4,833.05,0.26,2465.83,UPI,Store
ORD101570,CUST104670,PROD1015,2023-08-07,3,3483.28,0.1,9404.86,Credit Card,Online
ORD101571,CUST102150,PROD1142,2024-02-24,2,1570.45,0.1,2826.81,Net Banking,Online
ORD101572,CUST107421,PROD1185,2024-09-07,2,2516.6,0.03,4882.2,UPI,Online
ORD101573,CUST108704,PROD1118,2023-08-24,2,833.05,0.3,1166.27,Cash on Delivery,Online
ORD101574,CUST101516,PROD1083,2022-01-20,4,1976.87,0.25,5930.61,UPI,Store
ORD101575,CUST101404,PROD1131,2022-11-11,1,768.23,0.17,637.63,UPI,Store
ORD101576,CUST104492,PROD1021,2023-04-18,4,1572.17,0.23,4842.28,Credit Card,Store
ORD101577,CUST106170,PROD1162,2024-09-07,4,307.56,0.23,947.28,Debit Card,Store
ORD101578,CUST102353,PROD1141,2022-05-21,2,1551.56,0.2,2482.5,Credit Card,Store
ORD101579,CUST100580,PROD1093,2024-06-07,1,3090.85,0.05,2936.31,Debit Card,Online
ORD101580,CUST103329,PROD1030,2022-11-29,4,3330.72,0.22,10391.85,UPI,Store
ORD101581,CUST108293,PROD1069,2023-11-18,4,3553.73,0.17,11798.38,UPI,Store
ORD101582,CUST104550,PROD1090,2022-02-19,4,2110.16,0.22,6583.7,Cash on Delivery,Store
ORD101583,CUST102963,PROD1127,2023-08-29,4,509.27,0.16,1711.15,Credit Card,Store
ORD101584,CUST100298,PROD1010,2023-04-06,1,794.74,0.29,564.27,Cash on Delivery,Store
ORD101585,CUST104116,PROD1035,2023-11-11,1,1309.41,0.19,1060.62,Net Banking,Store
ORD101586,CUST100044,PROD1079,2023-01-26,1,127.55,0.17,105.87,UPI,Online
ORD101587,CUST107647,PROD1023,2022-02-24,3,554.45,0.25,1247.51,Cash on Delivery,Store
ORD101588,CUST102543,PROD1167,2022-02-20,1,3946.83,0.11,3512.68,Net Banking,Online
ORD101589,CUST103859,PROD1112,2023-05-05,1,441.15,0.09,401.45,Debit Card,Store
ORD101590,CUST104778,PROD1041,2022-11-28,2,4320.12,0.15,7344.2,Credit Card,Online
ORD101591,CUST104394,PROD1020,2024-06-16,4,319.32,0.18,1047.37,Net Banking,Online
ORD101592,CUST103552,PROD1095,2022-09-27,4,4205.79,0.07,15645.54,Credit Card,Online
ORD101593,CUST103155,PROD1050,2022-12-28,2,4767.36,0.2,7627.78,UPI,Store
ORD101594,CUST100287,PROD1080,2022-05-25,1,760.03,0.24,577.62,Debit Card,Online
ORD101595,CUST103705,PROD1054,2023-08-12,4,584.36,0.17,1940.08,UPI,Store
ORD101596,CUST100516,PROD1123,2022-05-09,3,4620.97,0.16,11644.84,Net Banking,Online
ORD101597,CUST102201,PROD1131,2023-01-10,3,768.23,0.09,2097.27,Debit Card,Online
ORD101598,CUST106577,PROD1061,2023-05-20,2,1679.78,0.27,2452.48,Net Banking,Store
ORD101599,CUST108102,PROD1086,2023-09-15,3,4422.95,0.23,10217.01,Credit Card,Online
ORD101600,CUST103658,PROD1152,2022-01-01,2,3367.3,0.14,5791.76,UPI,Store
ORD101601,CUST106922,PROD1197,2023-01-02,3,2029.94,0.2,4871.86,Credit Card,Online
ORD101602,CUST104286,PROD1141,2023-06-22,3,1551.56,0.1,4189.21,Debit Card,Store
ORD101603,CUST103936,PROD1040,2023-09-20,3,331.95,0.02,975.93,Cash on Delivery,Online
ORD101604,CUST109361,PROD1184,2023-05-10,2,4915.01,0.06,9240.22,Credit Card,Online
ORD101605,CUST100990,PROD1165,2022-06-23,4,4146.73,0.02,16255.18,Debit Card,Online
ORD101606,CUST104971,PROD1189,2023-06-09,2,4197.72,0.15,7136.12,Debit Card,Online
ORD101607,CUST107721,PROD1040,2022-02-03,1,331.95,0.19,268.88,Net Banking,Online
ORD101608,CUST101851,PROD1044,2022-11-14,1,452.32,0.11,402.56,Credit Card,Online
ORD101609,CUST108189,PROD1125,2024-01-14,3,4537.33,0.16,11434.07,UPI,Online
ORD101610,CUST102709,PROD1095,2023-08-08,3,4205.79,0.03,12238.85,Credit Card,Online
ORD101611,CUST104007,PROD1143,2023-07-17,4,3731.95,0.23,11494.41,Net Banking,Online
ORD101612,CUST102621,PROD1018,2022-07-30,4,4703.75,0.01,18626.85,Debit Card,Store
ORD101613,CUST102178,PROD1036,2023-12-28,4,924.34,0.19,2994.86,UPI,Store
ORD101614,CUST100838,PROD1084,2023-07-07,3,1758.62,0.13,4590.0,Cash on Delivery,Store
ORD101615,CUST109747,PROD1188,2022-11-07,2,2539.12,0.06,4773.55,UPI,Online
ORD101616,CUST109414,PROD1025,2024-07-12,3,1799.14,0.16,4533.83,Credit Card,Online
ORD101617,CUST104934,PROD1093,2022-04-04,1,3090.85,0.23,2379.95,UPI,Online
ORD101618,CUST109625,PROD1103,2022-07-08,3,472.31,0.12,1246.9,Credit Card,Store
ORD101619,CUST108104,PROD1191,2023-10-09,4,598.34,0.11,2130.09,UPI,Store
ORD101620,CUST107338,PROD1124,2023-12-19,1,1557.13,0.04,1494.84,Credit Card,Store
ORD101621,CUST101168,PROD1140,2023-05-29,3,4426.54,0.18,10889.29,Debit Card,Online
ORD101622,CUST107348,PROD1090,2022-07-23,4,2110.16,0.25,6330.48,Debit Card,Online
ORD101623,CUST100947,PROD1086,2023-05-06,3,4422.95,0.17,11013.15,Credit Card,Online
ORD101624,CUST100160,PROD1161,2024-01-23,3,4435.03,0.05,12639.84,Credit Card,Store
ORD101625,CUST102627,PROD1122,2024-02-09,4,2405.73,0.2,7698.34,Cash on Delivery,Store
ORD101626,CUST102535,PROD1097,2023-10-30,1,2401.45,0.01,2377.44,Credit Card,Store
ORD101627,CUST102272,PROD1022,2022-02-23,1,1744.61,0.25,1308.46,Net Banking,Store
ORD101628,CUST103463,PROD1107,2023-04-21,2,2161.29,0.28,3112.26,Credit Card,Online
ORD101629,CUST104804,PROD1147,2024-08-29,1,1570.61,0.18,1287.9,Debit Card,Online
ORD101630,CUST100160,PROD1053,2022-04-04,3,1312.97,0.26,2914.79,UPI,Online
ORD101631,CUST101784,PROD1185,2022-11-10,4,2516.6,0.03,9764.41,Debit Card,Store
ORD101632,CUST106598,PROD1058,2024-07-31,1,1109.98,0.07,1032.28,Net Banking,Online
ORD101633,CUST103182,PROD1147,2023-07-27,3,1570.61,0.1,4240.65,UPI,Store
ORD101634,CUST103624,PROD1038,2022-12-26,3,2162.08,0.23,4994.4,Debit Card,Store
ORD101635,CUST108958,PROD1077,2022-06-17,1,4838.73,0.15,4112.92,Credit Card,Store
ORD101636,CUST102027,PROD1090,2024-09-08,4,2110.16,0.1,7596.58,Credit Card,Online
ORD101637,CUST108376,PROD1159,2024-02-25,4,464.94,0.05,1766.77,UPI,Online
ORD101638,CUST101896,PROD1168,2023-02-02,2,736.02,0.24,1118.75,Cash on Delivery,Online
ORD101639,CUST102404,PROD1068,2023-06-21,4,3161.5,0.01,12519.54,Net Banking,Online
ORD101640,CUST102539,PROD1067,2023-01-29,4,1221.16,0.1,4396.18,Debit Card,Online
ORD101641,CUST100732,PROD1086,2022-12-22,1,4422.95,0.07,4113.34,Debit Card,Online
ORD101642,CUST109813,PROD1020,2022-02-17,1,319.32,0.04,306.55,Net Banking,Online
ORD101643,CUST100577,PROD1151,2023-03-08,3,4916.65,0.05,14012.45,Debit Card,Store
ORD101644,CUST102161,PROD1143,2023-12-02,1,3731.95,0.15,3172.16,UPI,Online
ORD101645,CUST108569,PROD1031,2022-02-22,2,3607.34,0.13,6276.77,Cash on Delivery,Online
ORD101646,CUST103848,PROD1153,2022-08-29,3,656.81,0.16,1655.16,UPI,Online
ORD101647,CUST101308,PROD1002,2024-06-23,4,1666.73,0.22,5200.2,Cash on Delivery,Online
ORD101648,CUST100841,PROD1081,2023-01-30,1,473.74,0.27,345.83,Credit Card,Store
ORD101649,CUST102171,PROD1120,2022-01-27,2,1608.36,0.04,3088.05,Cash on Delivery,Online
ORD101650,CUST108347,PROD1115,2022-02-28,3,3741.78,0.02,11000.83,Cash on Delivery,Store
ORD101651,CUST106253,PROD1134,2022-07-05,2,3708.05,0.1,6674.49,Cash on Delivery,Store
ORD101652,CUST109894,PROD1087,2022-05-21,2,3115.6,0.16,5234.21,Debit Card,Online
ORD101653,CUST103385,PROD1143,2024-08-18,4,3731.95,0.03,14479.97,Cash on Delivery,Online
ORD101654,CUST104821,PROD1052,2024-09-25,3,2302.12,0.21,5456.02,Net Banking,Online
ORD101655,CUST105813,PROD1003,2024-06-25,1,1363.94,0.17,1132.07,Credit Card,Online
ORD101656,CUST101413,PROD1172,2022-02-26,4,3051.89,0.22,9521.9,Credit Card,Online
ORD101657,CUST100044,PROD1031,2023-12-08,2,3607.34,0.11,6421.07,Debit Card,Store
ORD101658,CUST101686,PROD1082,2023-03-26,3,595.95,0.12,1573.31,UPI,Online
ORD101659,CUST105236,PROD1101,2024-05-27,4,3236.62,0.24,9839.32,Net Banking,Online
ORD101660,CUST106625,PROD1057,2022-04-16,1,2667.72,0.08,2454.3,UPI,Store
ORD101661,CUST102725,PROD1012,2022-10-07,2,1673.76,0.11,2979.29,Cash on Delivery,Store
ORD101662,CUST109615,PROD1149,2023-04-13,3,1630.37,0.0,4891.11,UPI,Store
ORD101663,CUST108009,PROD1043,2023-03-09,4,1864.75,0.17,6190.97,Net Banking,Store
ORD101664,CUST104014,PROD1171,2023-11-11,4,4945.55,0.26,14638.83,Debit Card,Online
ORD101665,CUST105780,PROD1029,2024-04-26,2,935.53,0.01,1852.35,Debit Card,Online
ORD101666,CUST104595,PROD1150,2024-01-28,4,4820.06,0.18,15809.8,Cash on Delivery,Online
ORD101667,CUST108265,PROD1011,2024-08-23,1,1834.14,0.25,1375.6,Net Banking,Online
ORD101668,CUST103018,PROD1013,2022-12-06,1,4691.44,0.15,3987.72,Debit Card,Store
ORD101669,CUST106292,PROD1035,2023-12-27,1,1309.41,0.09,1191.56,Cash on Delivery,Online
ORD101670,CUST101560,PROD1044,2023-05-29,3,452.32,0.3,949.87,UPI,Store
ORD101671,CUST109083,PROD1199,2024-08-07,4,4504.11,0.02,17656.11,Net Banking,Store
ORD101672,CUST109438,PROD1023,2023-02-03,1,554.45,0.06,521.18,Debit Card,Online
ORD101673,CUST100472,PROD1118,2024-03-26,1,833.05,0.27,608.13,Net Banking,Online
ORD101674,CUST105435,PROD1130,2024-05-15,3,1651.44,0.09,4508.43,Debit Card,Online
ORD101675,CUST102217,PROD1077,2022-07-01,4,4838.73,0.25,14516.19,Debit Card,Online
ORD101676,CUST108892,PROD1178,2022-10-29,1,4804.5,0.1,4324.05,Net Banking,Online
ORD101677,CUST100052,PROD1182,2024-08-10,1,572.67,0.24,435.23,Debit Card,Store
ORD101678,CUST102987,PROD1037,2022-07-02,1,3402.6,0.21,2688.05,UPI,Store
ORD101679,CUST108330,PROD1091,2024-08-13,3,1656.34,0.14,4273.36,Cash on Delivery,Online
ORD101680,CUST109589,PROD1086,2023-05-25,4,4422.95,0.16,14861.11,Credit Card,Online
ORD101681,CUST102137,PROD1019,2022-04-05,1,1794.76,0.05,1705.02,Net Banking,Online
ORD101682,CUST100827,PROD1096,2023-02-18,2,4510.68,0.03,8750.72,Net Banking,Store
ORD101683,CUST108164,PROD1001,2022-06-05,3,2108.14,0.22,4933.05,Cash on Delivery,Store
ORD101684,CUST101248,PROD1153,2023-11-23,2,656.81,0.25,985.21,UPI,Online
ORD101685,CUST104835,PROD1001,2022-04-07,4,2108.14,0.22,6577.4,Credit Card,Online
ORD101686,CUST108377,PROD1194,2024-07-25,3,270.22,0.27,591.78,UPI,Online
ORD101687,CUST103442,PROD1041,2023-01-04,3,4320.12,0.27,9461.06,Net Banking,Store
ORD101688,CUST107402,PROD1039,2024-02-28,3,2735.18,0.23,6318.27,Credit Card,Online
ORD101689,CUST103193,PROD1136,2022-08-26,4,4779.14,0.27,13955.09,Debit Card,Store
ORD101690,CUST104928,PROD1129,2024-05-04,2,1033.9,0.05,1964.41,Net Banking,Online
ORD101691,CUST109604,PROD1155,2024-03-20,1,2625.54,0.22,2047.92,UPI,Online
ORD101692,CUST107596,PROD1002,2022-01-13,4,1666.73,0.23,5133.53,Cash on Delivery,Online
ORD101693,CUST102916,PROD1015,2022-10-28,1,3483.28,0.05,3309.12,Debit Card,Online
ORD101694,CUST109207,PROD1131,2024-05-07,1,768.23,0.27,560.81,Credit Card,Online
ORD101695,CUST104537,PROD1022,2022-07-01,1,1744.61,0.0,1744.61,Net Banking,Store
ORD101696,CUST107051,PROD1101,2024-07-03,3,3236.62,0.13,8447.58,Cash on Delivery,Store
ORD101697,CUST105645,PROD1076,2022-06-04,3,4330.45,0.01,12861.44,Cash on Delivery,Store
ORD101698,CUST104261,PROD1133,2024-07-24,2,1474.25,0.16,2476.74,UPI,Store
ORD101699,CUST101935,PROD1054,2024-02-02,4,584.36,0.12,2056.95,Cash on Delivery,Online
ORD101700,CUST108041,PROD1135,2023-01-26,1,3539.91,0.19,2867.33,UPI,Store
ORD101701,CUST109660,PROD1072,2024-03-03,4,4258.76,0.23,13116.98,Credit Card,Online
ORD101702,CUST104538,PROD1097,2022-06-26,4,2401.45,0.23,7396.47,Net Banking,Online
ORD101703,CUST104426,PROD1080,2024-05-21,4,760.03,0.22,2371.29,Credit Card,Online
ORD101704,CUST101358,PROD1113,2024-07-20,3,2996.04,0.03,8718.48,UPI,Online
ORD101705,CUST101769,PROD1191,2023-08-06,1,598.34,0.13,520.56,Credit Card,Online
ORD101706,CUST109381,PROD1066,2024-06-05,1,3804.6,0.24,2891.5,Net Banking,Online
ORD101707,CUST101192,PROD1040,2023-08-19,4,331.95,0.2,1062.24,Net Banking,Online
ORD101708,CUST102816,PROD1039,2024-07-08,2,2735.18,0.2,4376.29,Cash on Delivery,Store
ORD101709,CUST106267,PROD1102,2023-12-02,3,3752.53,0.07,10469.56,UPI,Store
ORD101710,CUST107025,PROD1154,2023-08-27,4,1389.72,0.1,5002.99,Credit Card,Store
ORD101711,CUST104856,PROD1038,2024-05-30,4,2162.08,0.29,6140.31,Cash on Delivery,Store
ORD101712,CUST105217,PROD1052,2022-03-10,1,2302.12,0.25,1726.59,Cash on Delivery,Online
ORD101713,CUST101042,PROD1039,2022-11-04,2,2735.18,0.05,5196.84,Credit Card,Store
ORD101714,CUST105243,PROD1051,2023-11-07,4,2585.17,0.16,8686.17,UPI,Online
ORD101715,CUST108417,PROD1036,2024-09-17,2,924.34,0.15,1571.38,UPI,Store
ORD101716,CUST106755,PROD1066,2023-11-22,1,3804.6,0.13,3310.0,Net Banking,Online
ORD101717,CUST106467,PROD1146,2023-06-29,1,2720.43,0.14,2339.57,UPI,Store
ORD101718,CUST103977,PROD1161,2022-02-22,4,4435.03,0.19,14369.5,Cash on Delivery,Store
ORD101719,CUST101883,PROD1084,2022-08-04,2,1758.62,0.29,2497.24,Net Banking,Online
ORD101720,CUST100540,PROD1065,2023-12-15,4,1779.33,0.26,5266.82,Debit Card,Store
ORD101721,CUST108837,PROD1137,2022-02-07,4,3649.67,0.26,10803.02,Net Banking,Online
ORD101722,CUST105085,PROD1051,2023-03-04,4,2585.17,0.21,8169.14,Cash on Delivery,Online
ORD101723,CUST104801,PROD1169,2022-09-18,4,2046.46,0.01,8103.98,Credit Card,Online
ORD101724,CUST104726,PROD1187,2023-01-09,2,4781.3,0.13,8319.46,Credit Card,Store
ORD101725,CUST107022,PROD1001,2022-01-31,4,2108.14,0.15,7167.68,Credit Card,Online
ORD101726,CUST101688,PROD1128,2023-01-28,1,3522.95,0.25,2642.21,Cash on Delivery,Store
ORD101727,CUST109046,PROD1177,2024-03-10,1,3377.85,0.28,2432.05,Net Banking,Store
ORD101728,CUST106634,PROD1163,2023-03-01,2,1140.38,0.14,1961.45,Credit Card,Store
ORD101729,CUST100404,PROD1096,2022-01-05,4,4510.68,0.09,16418.88,UPI,Store
ORD101730,CUST103343,PROD1021,2023-11-22,4,1572.17,0.1,5659.81,Debit Card,Store
ORD101731,CUST107811,PROD1112,2022-02-23,3,441.15,0.17,1098.46,Credit Card,Store
ORD101732,CUST107018,PROD1081,2024-01-01,4,473.74,0.08,1743.36,Credit Card,Store
ORD101733,CUST108711,PROD1163,2023-05-19,2,1140.38,0.27,1664.95,Debit Card,Store
ORD101734,CUST101407,PROD1120,2024-03-06,2,1608.36,0.13,2798.55,UPI,Online
ORD101735,CUST109012,PROD1002,2024-07-27,3,1666.73,0.3,3500.13,Debit Card,Store
ORD101736,CUST107030,PROD1171,2023-05-23,1,4945.55,0.03,4797.18,Credit Card,Online
ORD101737,CUST107359,PROD1117,2024-02-19,2,2765.48,0.06,5199.1,Credit Card,Store
ORD101738,CUST104530,PROD1143,2023-03-29,4,3731.95,0.15,12688.63,Net Banking,Store
ORD101739,CUST107928,PROD1138,2022-07-19,4,3504.61,0.26,10373.65,Cash on Delivery,Store
ORD101740,CUST104067,PROD1009,2022-09-30,1,3453.81,0.11,3073.89,Net Banking,Store
ORD101741,CUST106206,PROD1178,2024-02-15,3,4804.5,0.25,10810.12,Net Banking,Store
ORD101742,CUST102181,PROD1169,2022-08-14,2,2046.46,0.13,3560.84,Net Banking,Online
ORD101743,CUST103232,PROD1024,2023-04-16,4,3137.89,0.26,9288.15,Net Banking,Online
ORD101744,CUST108616,PROD1119,2022-01-18,1,3955.63,0.08,3639.18,Net Banking,Store
ORD101745,CUST101551,PROD1005,2024-01-25,1,900.54,0.14,774.46,UPI,Store
ORD101746,CUST100357,PROD1109,2023-09-21,1,4287.18,0.08,3944.21,Cash on Delivery,Online
ORD101747,CUST101594,PROD1171,2022-01-10,4,4945.55,0.06,18595.27,Cash on Delivery,Online
ORD101748,CUST105128,PROD1007,2022-02-08,1,4532.56,0.13,3943.33,Cash on Delivery,Store
ORD101749,CUST109202,PROD1161,2022-02-10,1,4435.03,0.1,3991.53,UPI,Store
ORD101750,CUST108388,PROD1040,2023-09-12,1,331.95,0.24,252.28,UPI,Online
ORD101751,CUST109225,PROD1109,2022-02-13,2,4287.18,0.22,6688.0,UPI,Online
ORD101752,CUST109053,PROD1000,2022-07-16,4,1986.03,0.11,7070.27,Credit Card,Online
ORD101753,CUST100348,PROD1130,2022-10-26,2,1651.44,0.3,2312.02,Cash on Delivery,Store
ORD101754,CUST101658,PROD1051,2022-07-28,3,2585.17,0.29,5506.41,Debit Card,Store
ORD101755,CUST108766,PROD1101,2024-07-31,1,3236.62,0.28,2330.37,Net Banking,Store
ORD101756,CUST101819,PROD1076,2023-04-04,4,4330.45,0.18,14203.88,Credit Card,Online
ORD101757,CUST106471,PROD1170,2024-05-28,3,4925.25,0.12,13002.66,Credit Card,Store
ORD101758,CUST105881,PROD1046,2023-11-19,2,3362.42,0.09,6119.6,Net Banking,Store
ORD101759,CUST106655,PROD1113,2024-02-26,3,2996.04,0.0,8988.12,Credit Card,Store
ORD101760,CUST109122,PROD1082,2024-02-28,2,595.95,0.19,965.44,UPI,Store
ORD101761,CUST104008,PROD1018,2022-08-24,4,4703.75,0.17,15616.45,Credit Card,Store
ORD101762,CUST106043,PROD1069,2023-05-30,2,3553.73,0.19,5757.04,Cash on Delivery,Online
ORD101763,CUST100483,PROD1046,2022-12-26,3,3362.42,0.17,8372.43,Cash on Delivery,Online
ORD101764,CUST103912,PROD1116,2024-04-03,2,4033.51,0.04,7744.34,Debit Card,Store
ORD101765,CUST100357,PROD1077,2023-01-18,2,4838.73,0.21,7645.19,Cash on Delivery,Store
ORD101766,CUST108445,PROD1004,2023-03-03,3,1760.0,0.11,4699.2,Net Banking,Store
ORD101767,CUST109026,PROD1063,2024-06-15,3,4377.63,0.15,11162.96,Net Banking,Online
ORD101768,CUST101190,PROD1106,2022-12-10,1,822.51,0.11,732.03,Cash on Delivery,Store
ORD101769,CUST109895,PROD1172,2022-09-11,3,3051.89,0.01,9064.11,UPI,Online
ORD101770,CUST104564,PROD1191,2023-07-02,2,598.34,0.26,885.54,Cash on Delivery,Online
ORD101771,CUST105979,PROD1172,2023-05-22,4,3051.89,0.04,11719.26,UPI,Store
ORD101772,CUST108684,PROD1035,2023-06-02,4,1309.41,0.17,4347.24,Net Banking,Store
ORD101773,CUST103409,PROD1136,2022-11-26,1,4779.14,0.26,3536.56,Cash on Delivery,Store
ORD101774,CUST108243,PROD1150,2023-05-03,2,4820.06,0.07,8965.31,Debit Card,Store
ORD101775,CUST108453,PROD1159,2024-03-24,3,464.94,0.12,1227.44,Net Banking,Store
ORD101776,CUST101908,PROD1172,2023-04-27,2,3051.89,0.11,5432.36,Debit Card,Store
ORD101777,CUST103646,PROD1155,2023-04-17,3,2625.54,0.03,7640.32,Net Banking,Online
ORD101778,CUST107715,PROD1179,2024-07-07,3,3516.31,0.13,9177.57,Credit Card,Online
ORD101779,CUST102377,PROD1010,2023-06-16,3,794.74,0.14,2050.43,Credit Card,Store
ORD101780,CUST104336,PROD1146,2023-03-13,1,2720.43,0.01,2693.23,Credit Card,Online
ORD101781,CUST105404,PROD1063,2023-02-26,3,4377.63,0.15,11162.96,Debit Card,Online
ORD101782,CUST105958,PROD1064,2024-03-13,2,4980.76,0.03,9662.67,UPI,Store
ORD101783,CUST101625,PROD1072,2022-06-11,1,4258.76,0.27,3108.89,Net Banking,Store
ORD101784,CUST105418,PROD1056,2024-01-20,1,1642.96,0.2,1314.37,Credit Card,Store
ORD101785,CUST109420,PROD1065,2023-03-10,4,1779.33,0.02,6974.97,Debit Card,Online
ORD101786,CUST104386,PROD1131,2023-07-13,1,768.23,0.25,576.17,Net Banking,Online
ORD101787,CUST106354,PROD1156,2024-03-14,2,4272.09,0.11,7604.32,Credit Card,Online
ORD101788,CUST101389,PROD1003,2022-01-16,4,1363.94,0.07,5073.86,Credit Card,Store
ORD101789,CUST105909,PROD1123,2024-09-09,3,4620.97,0.08,12753.88,Credit Card,Store
ORD101790,CUST101487,PROD1128,2023-09-12,4,3522.95,0.18,11555.28,Debit Card,Store
ORD101791,CUST106501,PROD1091,2023-11-20,1,1656.34,0.02,1623.21,UPI,Store
ORD101792,CUST109108,PROD1017,2022-03-06,3,791.05,0.02,2325.69,Credit Card,Store
ORD101793,CUST100710,PROD1140,2023-07-29,3,4426.54,0.19,10756.49,Credit Card,Online
ORD101794,CUST101886,PROD1069,2024-03-30,2,3553.73,0.29,5046.3,UPI,Online
ORD101795,CUST102216,PROD1176,2022-03-14,1,770.65,0.15,655.05,UPI,Online
ORD101796,CUST101320,PROD1174,2022-07-23,2,4761.29,0.12,8379.87,Cash on Delivery,Online
ORD101797,CUST107906,PROD1102,2022-09-11,1,3752.53,0.28,2701.82,Credit Card,Online
ORD101798,CUST104445,PROD1085,2023-07-26,1,657.06,0.07,611.07,Net Banking,Online
ORD101799,CUST104831,PROD1029,2023-09-05,3,935.53,0.07,2610.13,Cash on Delivery,Store
ORD101800,CUST107817,PROD1154,2023-06-13,3,1389.72,0.27,3043.49,Net Banking,Store
ORD101801,CUST106984,PROD1199,2022-07-14,4,4504.11,0.19,14593.32,UPI,Online
ORD101802,CUST108592,PROD1106,2022-09-08,1,822.51,0.02,806.06,Cash on Delivery,Online
ORD101803,CUST100750,PROD1155,2023-07-04,1,2625.54,0.2,2100.43,Debit Card,Online
ORD101804,CUST105594,PROD1129,2022-10-12,3,1033.9,0.25,2326.28,Cash on Delivery,Store
ORD101805,CUST107171,PROD1019,2023-06-27,1,1794.76,0.08,1651.18,Cash on Delivery,Online
ORD101806,CUST107491,PROD1077,2023-04-28,1,4838.73,0.11,4306.47,UPI,Online
ORD101807,CUST101887,PROD1151,2024-08-12,1,4916.65,0.06,4621.65,Credit Card,Store
ORD101808,CUST103685,PROD1076,2022-11-06,2,4330.45,0.19,7015.33,UPI,Store
ORD101809,CUST101418,PROD1071,2024-05-19,4,1115.14,0.2,3568.45,UPI,Online
ORD101810,CUST102603,PROD1171,2022-06-30,4,4945.55,0.02,19386.56,UPI,Online
ORD101811,CUST103771,PROD1148,2024-03-04,1,3902.89,0.2,3122.31,Net Banking,Store
ORD101812,CUST105100,PROD1149,2023-10-15,1,1630.37,0.2,1304.3,Debit Card,Store
ORD101813,CUST109837,PROD1072,2022-09-02,3,4258.76,0.01,12648.52,Net Banking,Online
ORD101814,CUST103487,PROD1185,2023-03-17,4,2516.6,0.17,8355.11,Cash on Delivery,Online
ORD101815,CUST109005,PROD1105,2022-10-02,4,850.29,0.18,2788.95,UPI,Online
ORD101816,CUST105910,PROD1127,2022-08-12,3,509.27,0.13,1329.19,Credit Card,Online
ORD101817,CUST106308,PROD1106,2023-01-02,4,822.51,0.27,2401.73,UPI,Online
ORD101818,CUST104733,PROD1010,2023-06-23,2,794.74,0.1,1430.53,Net Banking,Store
ORD101819,CUST103169,PROD1079,2022-09-07,3,127.55,0.02,375.0,Debit Card,Online
ORD101820,CUST101023,PROD1180,2024-01-13,1,4036.27,0.2,3229.02,Net Banking,Online
ORD101821,CUST109701,PROD1008,2022-01-13,2,1199.69,0.18,1967.49,UPI,Online
ORD101822,CUST101393,PROD1194,2022-11-04,4,270.22,0.3,756.62,Debit Card,Online
ORD101823,CUST105239,PROD1099,2023-09-02,1,4731.44,0.07,4400.24,Credit Card,Store
ORD101824,CUST102346,PROD1051,2022-07-11,4,2585.17,0.12,9099.8,Net Banking,Store
ORD101825,CUST100855,PROD1114,2023-11-29,4,671.01,0.14,2308.27,Net Banking,Online
ORD101826,CUST109358,PROD1140,2022-01-19,1,4426.54,0.26,3275.64,Cash on Delivery,Store
ORD101827,CUST102754,PROD1128,2022-12-05,1,3522.95,0.12,3100.2,Debit Card,Store
ORD101828,CUST101665,PROD1171,2024-02-10,2,4945.55,0.23,7616.15,Net Banking,Store
ORD101829,CUST104038,PROD1074,2023-08-02,4,1160.21,0.05,4408.8,Cash on Delivery,Store
ORD101830,CUST103687,PROD1151,2022-01-26,3,4916.65,0.12,12979.96,Credit Card,Store
ORD101831,CUST101116,PROD1132,2022-01-06,3,1728.02,0.05,4924.86,Net Banking,Store
ORD101832,CUST104542,PROD1193,2022-05-21,3,4987.26,0.28,10772.48,Net Banking,Online
ORD101833,CUST100733,PROD1147,2024-01-20,4,1570.61,0.05,5968.32,UPI,Online
ORD101834,CUST102921,PROD1191,2024-01-12,4,598.34,0.13,2082.22,Net Banking,Online
ORD101835,CUST109898,PROD1142,2022-01-27,1,1570.45,0.02,1539.04,Credit Card,Store
ORD101836,CUST103498,PROD1067,2022-04-15,2,1221.16,0.28,1758.47,Cash on Delivery,Online
ORD101837,CUST109316,PROD1053,2024-05-05,4,1312.97,0.19,4254.02,Debit Card,Online
ORD101838,CUST104717,PROD1010,2023-06-06,3,794.74,0.29,1692.8,Credit Card,Store
ORD101839,CUST104854,PROD1150,2024-02-23,4,4820.06,0.01,19087.44,Debit Card,Store
ORD101840,CUST101858,PROD1128,2022-10-06,2,3522.95,0.05,6693.6,Credit Card,Store
ORD101841,CUST105473,PROD1169,2022-10-30,4,2046.46,0.11,7285.4,Cash on Delivery,Store
ORD101842,CUST102513,PROD1046,2022-01-12,2,3362.42,0.19,5447.12,UPI,Store
ORD101843,CUST104960,PROD1114,2023-10-30,1,671.01,0.1,603.91,Cash on Delivery,Store
ORD101844,CUST103515,PROD1195,2022-03-18,2,4224.79,0.21,6675.17,Debit Card,Online
ORD101845,CUST109989,PROD1037,2022-01-18,3,3402.6,0.05,9697.41,Debit Card,Online
ORD101846,CUST102316,PROD1129,2023-07-24,4,1033.9,0.18,3391.19,Net Banking,Store
ORD101847,CUST102014,PROD1044,2023-10-04,4,452.32,0.12,1592.17,UPI,Online
ORD101848,CUST102167,PROD1154,2022-06-23,3,1389.72,0.15,3543.79,Cash on Delivery,Store
ORD101849,CUST103028,PROD1060,2023-02-05,2,4998.52,0.17,8297.54,Cash on Delivery,Store
ORD101850,CUST109335,PROD1081,2022-03-28,4,473.74,0.02,1857.06,Debit Card,Store
ORD101851,CUST104231,PROD1010,2024-04-11,4,794.74,0.28,2288.85,UPI,Online
ORD101852,CUST103148,PROD1196,2022-12-09,2,1253.86,0.24,1905.87,Cash on Delivery,Online
ORD101853,CUST107521,PROD1156,2023-03-25,2,4272.09,0.13,7433.44,UPI,Store
ORD101854,CUST109127,PROD1024,2022-02-23,2,3137.89,0.16,5271.66,UPI,Store
ORD101855,CUST100000,PROD1077,2023-03-03,4,4838.73,0.01,19161.37,Cash on Delivery,Online
ORD101856,CUST108268,PROD1181,2022-03-19,3,2171.47,0.15,5537.25,UPI,Store
ORD101857,CUST107611,PROD1175,2023-12-17,3,2304.65,0.13,6015.14,Credit Card,Store
ORD101858,CUST102628,PROD1173,2023-03-15,1,3575.41,0.11,3182.11,Debit Card,Store
ORD101859,CUST106134,PROD1040,2024-02-21,2,331.95,0.24,504.56,UPI,Store
ORD101860,CUST100573,PROD1040,2023-05-12,3,331.95,0.05,946.06,UPI,Store
ORD101861,CUST101548,PROD1188,2022-06-21,2,2539.12,0.05,4824.33,Credit Card,Online
ORD101862,CUST108377,PROD1100,2023-07-04,4,3701.69,0.16,12437.68,Net Banking,Store
ORD101863,CUST106045,PROD1138,2023-11-29,3,3504.61,0.21,8305.93,UPI,Store
ORD101864,CUST103492,PROD1171,2022-12-27,4,4945.55,0.01,19584.38,Cash on Delivery,Online
ORD101865,CUST108225,PROD1031,2022-08-24,1,3607.34,0.16,3030.17,Net Banking,Online
ORD101866,CUST107839,PROD1048,2023-03-09,3,3417.13,0.09,9328.76,Net Banking,Online
ORD101867,CUST109812,PROD1005,2022-01-16,3,900.54,0.23,2080.25,Credit Card,Store
ORD101868,CUST105689,PROD1056,2024-01-08,1,1642.96,0.14,1412.95,Cash on Delivery,Store
ORD101869,CUST101896,PROD1005,2024-04-29,2,900.54,0.25,1350.81,Net Banking,Store
ORD101870,CUST102455,PROD1046,2023-05-11,3,3362.42,0.12,8876.79,UPI,Store
ORD101871,CUST109992,PROD1062,2023-08-09,1,4227.41,0.25,3170.56,Credit Card,Online
ORD101872,CUST105416,PROD1176,2022-07-30,4,770.65,0.21,2435.25,Credit Card,Store
ORD101873,CUST105383,PROD1149,2024-03-08,1,1630.37,0.25,1222.78,Credit Card,Store
ORD101874,CUST101405,PROD1066,2024-04-15,4,3804.6,0.24,11565.98,Debit Card,Online
ORD101875,CUST104538,PROD1146,2022-11-23,1,2720.43,0.15,2312.37,Net Banking,Store
ORD101876,CUST101186,PROD1182,2024-04-27,3,572.67,0.11,1529.03,Cash on Delivery,Online
ORD101877,CUST102139,PROD1161,2023-09-19,2,4435.03,0.23,6829.95,Cash on Delivery,Online
ORD101878,CUST102678,PROD1040,2022-09-04,3,331.95,0.11,886.31,Debit Card,Online
ORD101879,CUST103794,PROD1104,2023-07-03,3,431.37,0.03,1255.29,UPI,Online
ORD101880,CUST102719,PROD1006,2024-08-22,4,2076.92,0.26,6147.68,Net Banking,Online
ORD101881,CUST108048,PROD1056,2023-05-18,3,1642.96,0.12,4337.41,Credit Card,Online
ORD101882,CUST104602,PROD1015,2023-07-21,1,3483.28,0.04,3343.95,Debit Card,Store
ORD101883,CUST104450,PROD1058,2022-06-16,2,1109.98,0.19,1798.17,Debit Card,Store
ORD101884,CUST103957,PROD1165,2023-03-17,3,4146.73,0.27,9081.34,Net Banking,Store
ORD101885,CUST106069,PROD1136,2023-11-20,2,4779.14,0.26,7073.13,Cash on Delivery,Online
ORD101886,CUST108679,PROD1033,2022-12-19,4,647.39,0.17,2149.33,Net Banking,Store
ORD101887,CUST100278,PROD1045,2023-12-04,3,770.29,0.03,2241.54,Cash on Delivery,Store
ORD101888,CUST102591,PROD1164,2022-04-09,2,3496.96,0.21,5525.2,Net Banking,Online
ORD101889,CUST108841,PROD1042,2023-09-16,1,935.8,0.18,767.36,Cash on Delivery,Store
ORD101890,CUST100354,PROD1046,2022-04-28,2,3362.42,0.06,6321.35,Debit Card,Online
ORD101891,CUST102242,PROD1133,2023-11-05,1,1474.25,0.27,1076.2,Cash on Delivery,Store
ORD101892,CUST104899,PROD1165,2023-07-23,1,4146.73,0.03,4022.33,Net Banking,Online
ORD101893,CUST106236,PROD1111,2022-12-19,4,1904.48,0.11,6779.95,UPI,Online
ORD101894,CUST102480,PROD1122,2023-07-28,2,2405.73,0.03,4667.12,Net Banking,Online
ORD101895,CUST100557,PROD1060,2023-05-16,3,4998.52,0.27,10946.76,Debit Card,Store
ORD101896,CUST103486,PROD1131,2022-02-08,3,768.23,0.01,2281.64,Cash on Delivery,Online
ORD101897,CUST100161,PROD1132,2022-11-26,3,1728.02,0.13,4510.13,Cash on Delivery,Store
ORD101898,CUST106244,PROD1069,2022-11-19,3,3553.73,0.26,7889.28,Cash on Delivery,Online
ORD101899,CUST100698,PROD1059,2024-08-15,2,4207.05,0.08,7740.97,Debit Card,Store
ORD101900,CUST103544,PROD1087,2023-05-13,4,3115.6,0.03,12088.53,Net Banking,Store
ORD101901,CUST103777,PROD1091,2022-01-29,3,1656.34,0.04,4770.26,Cash on Delivery,Store
ORD101902,CUST102205,PROD1076,2024-01-09,3,4330.45,0.12,11432.39,UPI,Store
ORD101903,CUST100491,PROD1105,2023-06-27,1,850.29,0.13,739.75,UPI,Online
ORD101904,CUST101992,PROD1183,2022-11-12,2,927.52,0.22,1446.93,Credit Card,Online
ORD101905,CUST101032,PROD1081,2023-07-05,1,473.74,0.07,440.58,UPI,Store
ORD101906,CUST103283,PROD1186,2024-09-01,1,158.9,0.21,125.53,Credit Card,Store
ORD101907,CUST106016,PROD1006,2023-05-28,4,2076.92,0.3,5815.38,Cash on Delivery,Online
ORD101908,CUST104919,PROD1195,2023-07-22,3,4224.79,0.26,9379.03,Debit Card,Online
ORD101909,CUST105974,PROD1030,2023-04-12,3,3330.72,0.19,8093.65,Debit Card,Online
ORD101910,CUST108977,PROD1084,2024-05-18,2,1758.62,0.28,2532.41,Debit Card,Online
ORD101911,CUST101833,PROD1047,2023-11-29,1,3493.68,0.3,2445.58,Cash on Delivery,Store
ORD101912,CUST100991,PROD1041,2023-08-26,3,4320.12,0.17,10757.1,Cash on Delivery,Store
ORD101913,CUST106984,PROD1089,2024-07-05,4,1920.59,0.08,7067.77,Net Banking,Online
ORD101914,CUST106346,PROD1029,2024-08-07,1,935.53,0.27,682.94,UPI,Store
ORD101915,CUST101783,PROD1116,2022-07-18,4,4033.51,0.25,12100.53,Cash on Delivery,Store
ORD101916,CUST105184,PROD1125,2023-11-14,4,4537.33,0.03,17604.84,UPI,Store
ORD101917,CUST101184,PROD1050,2024-01-07,4,4767.36,0.28,13730.0,Debit Card,Online
ORD101918,CUST101668,PROD1162,2022-07-01,3,307.56,0.11,821.19,UPI,Store
ORD101919,CUST106833,PROD1189,2022-05-10,4,4197.72,0.1,15111.79,Net Banking,Store
ORD101920,CUST105824,PROD1050,2023-10-16,4,4767.36,0.1,17162.5,Debit Card,Store
ORD101921,CUST100571,PROD1119,2024-05-23,3,3955.63,0.1,10680.2,UPI,Store
ORD101922,CUST104300,PROD1108,2022-05-11,3,871.28,0.15,2221.76,Net Banking,Online
ORD101923,CUST103738,PROD1177,2023-10-16,3,3377.85,0.17,8410.85,UPI,Store
ORD101924,CUST100583,PROD1157,2022-01-05,2,1005.94,0.13,1750.34,Net Banking,Online
ORD101925,CUST107323,PROD1146,2024-04-28,1,2720.43,0.12,2393.98,UPI,Store
ORD101926,CUST108499,PROD1049,2022-06-16,1,2805.47,0.22,2188.27,Debit Card,Store
ORD101927,CUST108253,PROD1181,2023-01-20,2,2171.47,0.0,4342.94,Debit Card,Store
ORD101928,CUST107540,PROD1082,2023-09-24,2,595.95,0.28,858.17,Credit Card,Store
ORD101929,CUST105579,PROD1085,2023-07-09,2,657.06,0.21,1038.15,Net Banking,Store
ORD101930,CUST104570,PROD1131,2022-04-02,3,768.23,0.21,1820.71,UPI,Store
ORD101931,CUST105691,PROD1011,2024-01-12,4,1834.14,0.13,6382.81,UPI,Store
ORD101932,CUST101959,PROD1142,2024-01-22,3,1570.45,0.29,3345.06,UPI,Store
ORD101933,CUST108030,PROD1142,2022-07-06,4,1570.45,0.0,6281.8,Cash on Delivery,Online
ORD101934,CUST105126,PROD1137,2023-08-13,1,3649.67,0.02,3576.68,Net Banking,Store
ORD101935,CUST103762,PROD1117,2023-04-10,4,2765.48,0.24,8407.06,UPI,Online
ORD101936,CUST102786,PROD1060,2024-02-22,2,4998.52,0.22,7797.69,Credit Card,Online
ORD101937,CUST101542,PROD1146,2023-07-12,1,2720.43,0.08,2502.8,Debit Card,Store
ORD101938,CUST101675,PROD1180,2023-06-03,4,4036.27,0.18,13238.97,Cash on Delivery,Online
ORD101939,CUST100033,PROD1199,2023-11-13,2,4504.11,0.16,7566.9,Cash on Delivery,Store
ORD101940,CUST102799,PROD1056,2022-04-25,4,1642.96,0.16,5520.35,Debit Card,Online
ORD101941,CUST107496,PROD1008,2022-09-20,4,1199.69,0.18,3934.98,Cash on Delivery,Online
ORD101942,CUST101855,PROD1028,2024-07-31,4,4912.04,0.3,13753.71,Credit Card,Online
ORD101943,CUST106923,PROD1006,2022-12-10,1,2076.92,0.3,1453.84,Credit Card,Store
ORD101944,CUST102685,PROD1199,2024-05-07,4,4504.11,0.29,12791.67,Debit Card,Store
ORD101945,CUST101057,PROD1104,2024-08-31,2,431.37,0.16,724.7,Net Banking,Online
ORD101946,CUST106938,PROD1144,2022-08-27,4,1220.66,0.1,4394.38,Cash on Delivery,Online
ORD101947,CUST104501,PROD1078,2024-02-26,2,3766.22,0.17,6251.93,UPI,Store
ORD101948,CUST107597,PROD1143,2022-11-05,3,3731.95,0.19,9068.64,UPI,Online
ORD101949,CUST106571,PROD1198,2024-05-07,1,1926.28,0.09,1752.91,Credit Card,Store
ORD101950,CUST104388,PROD1105,2022-01-16,3,850.29,0.19,2066.2,Net Banking,Store
ORD101951,CUST106022,PROD1082,2024-09-20,3,595.95,0.19,1448.16,Net Banking,Store
ORD101952,CUST102627,PROD1165,2022-03-03,1,4146.73,0.27,3027.11,Cash on Delivery,Online
ORD101953,CUST103820,PROD1088,2023-12-07,3,4002.67,0.07,11167.45,Cash on Delivery,Online
ORD101954,CUST107247,PROD1075,2022-11-17,2,2758.4,0.21,4358.27,Debit Card,Online
ORD101955,CUST103643,PROD1174,2023-01-03,2,4761.29,0.14,8189.42,Credit Card,Online
ORD101956,CUST106191,PROD1009,2023-03-11,2,3453.81,0.04,6631.32,Debit Card,Store
ORD101957,CUST103762,PROD1151,2022-10-19,2,4916.65,0.09,8948.3,Debit Card,Online
ORD101958,CUST105987,PROD1049,2022-06-12,3,2805.47,0.02,8248.08,Net Banking,Store
ORD101959,CUST108798,PROD1195,2024-01-17,1,4224.79,0.1,3802.31,Cash on Delivery,Store
ORD101960,CUST102355,PROD1125,2024-03-02,3,4537.33,0.02,13339.75,UPI,Store
ORD101961,CUST101333,PROD1042,2022-08-29,1,935.8,0.28,673.78,Debit Card,Store
ORD101962,CUST104008,PROD1164,2022-11-21,1,3496.96,0.03,3392.05,Credit Card,Online
ORD101963,CUST102473,PROD1172,2023-01-10,3,3051.89,0.25,6866.75,Debit Card,Store
ORD101964,CUST106143,PROD1053,2024-07-13,3,1312.97,0.27,2875.4,UPI,Store
ORD101965,CUST103733,PROD1042,2024-01-15,2,935.8,0.14,1609.58,UPI,Online
ORD101966,CUST102086,PROD1195,2022-05-09,1,4224.79,0.02,4140.29,Credit Card,Store
ORD101967,CUST103350,PROD1036,2024-08-10,1,924.34,0.18,757.96,UPI,Online
ORD101968,CUST108567,PROD1168,2022-05-03,4,736.02,0.07,2737.99,UPI,Store
ORD101969,CUST101952,PROD1127,2023-10-11,1,509.27,0.05,483.81,UPI,Online
ORD101970,CUST103710,PROD1128,2024-05-17,2,3522.95,0.17,5848.1,Debit Card,Online
ORD101971,CUST101693,PROD1092,2023-04-09,1,2248.29,0.11,2000.98,Credit Card,Store
ORD101972,CUST108263,PROD1015,2023-06-11,4,3483.28,0.22,10867.83,Debit Card,Online
ORD101973,CUST101774,PROD1036,2024-04-21,4,924.34,0.18,3031.84,Credit Card,Store
ORD101974,CUST100573,PROD1164,2022-08-17,1,3496.96,0.25,2622.72,UPI,Store
ORD101975,CUST106485,PROD1134,2022-05-24,2,3708.05,0.02,7267.78,UPI,Online
ORD101976,CUST104664,PROD1039,2024-01-12,4,2735.18,0.07,10174.87,Cash on Delivery,Online
ORD101977,CUST105059,PROD1178,2022-06-25,4,4804.5,0.17,15950.94,UPI,Online
ORD101978,CUST105362,PROD1063,2024-03-14,4,4377.63,0.26,12957.78,Credit Card,Online
ORD101979,CUST104066,PROD1113,2024-01-28,3,2996.04,0.24,6830.97,Net Banking,Online
ORD101980,CUST106471,PROD1021,2022-02-22,2,1572.17,0.2,2515.47,Credit Card,Store
ORD101981,CUST106113,PROD1042,2022-12-01,2,935.8,0.17,1553.43,UPI,Store
ORD101982,CUST108344,PROD1061,2024-06-17,3,1679.78,0.19,4081.87,UPI,Online
ORD101983,CUST105374,PROD1181,2023-10-21,1,2171.47,0.06,2041.18,Net Banking,Online
ORD101984,CUST108920,PROD1154,2023-07-07,4,1389.72,0.18,4558.28,UPI,Store
ORD101985,CUST109744,PROD1028,2022-10-20,4,4912.04,0.15,16700.94,Cash on Delivery,Store
ORD101986,CUST103663,PROD1015,2022-08-28,3,3483.28,0.12,9195.86,Net Banking,Online
ORD101987,CUST106694,PROD1138,2023-03-19,1,3504.61,0.27,2558.37,Debit Card,Store
ORD101988,CUST106141,PROD1020,2023-12-08,2,319.32,0.25,478.98,Cash on Delivery,Online
ORD101989,CUST106286,PROD1136,2022-05-16,1,4779.14,0.02,4683.56,Credit Card,Online
ORD101990,CUST106160,PROD1026,2023-08-23,2,3182.76,0.3,4455.86,Cash on Delivery,Store
ORD101991,CUST109191,PROD1126,2024-02-21,4,362.9,0.07,1349.99,Cash on Delivery,Store
ORD101992,CUST107142,PROD1085,2024-02-05,1,657.06,0.06,617.64,UPI,Store
ORD101993,CUST105021,PROD1106,2023-12-02,2,822.51,0.28,1184.41,Debit Card,Online
ORD101994,CUST106870,PROD1150,2024-03-13,1,4820.06,0.13,4193.45,Net Banking,Store
ORD101995,CUST106308,PROD1050,2024-06-30,1,4767.36,0.24,3623.19,Cash on Delivery,Online
ORD101996,CUST109326,PROD1079,2022-03-12,1,127.55,0.09,116.07,UPI,Store
ORD101997,CUST104742,PROD1130,2024-01-15,3,1651.44,0.26,3666.2,Cash on Delivery,Online
ORD101998,CUST103145,PROD1143,2024-07-19,2,3731.95,0.25,5597.92,Debit Card,Online
ORD101999,CUST108143,PROD1135,2022-01-08,2,3539.91,0.16,5947.05,Net Banking,Online
ORD102000,CUST102715,PROD1089,2024-08-13,4,1920.59,0.21,6069.06,UPI,Store
ORD102001,CUST108545,PROD1169,2024-02-19,2,2046.46,0.29,2905.97,Cash on Delivery,Store
ORD102002,CUST105393,PROD1162,2023-03-09,4,307.56,0.14,1058.01,Debit Card,Online
ORD102003,CUST109494,PROD1198,2024-05-27,3,1926.28,0.15,4912.01,Credit Card,Store
ORD102004,CUST104082,PROD1199,2022-12-02,4,4504.11,0.22,14052.82,Credit Card,Store
ORD102005,CUST103731,PROD1047,2023-09-19,4,3493.68,0.12,12297.75,Debit Card,Online
ORD102006,CUST108701,PROD1053,2024-04-15,3,1312.97,0.29,2796.63,Net Banking,Store
ORD102007,CUST101537,PROD1102,2023-02-23,3,3752.53,0.01,11145.01,Cash on Delivery,Store
ORD102008,CUST108092,PROD1035,2022-10-28,3,1309.41,0.12,3456.84,Cash on Delivery,Online
ORD102009,CUST100177,PROD1005,2024-03-19,1,900.54,0.21,711.43,Debit Card,Store
ORD102010,CUST102376,PROD1198,2022-08-25,2,1926.28,0.13,3351.73,Cash on Delivery,Online
ORD102011,CUST107738,PROD1011,2024-04-08,1,1834.14,0.08,1687.41,Net Banking,Store
ORD102012,CUST108992,PROD1102,2024-09-18,4,3752.53,0.12,13208.91,Debit Card,Store
ORD102013,CUST106831,PROD1186,2023-08-11,3,158.9,0.26,352.76,Credit Card,Store
ORD102014,CUST103243,PROD1064,2023-05-21,3,4980.76,0.16,12551.52,Credit Card,Store
ORD102015,CUST103666,PROD1177,2024-09-07,1,3377.85,0.1,3040.06,UPI,Online
ORD102016,CUST100937,PROD1170,2023-02-03,4,4925.25,0.2,15760.8,Credit Card,Online
ORD102017,CUST103027,PROD1170,2023-09-03,2,4925.25,0.18,8077.41,Cash on Delivery,Store
ORD102018,CUST102020,PROD1176,2022-11-19,4,770.65,0.17,2558.56,Net Banking,Store
ORD102019,CUST107202,PROD1088,2024-08-12,3,4002.67,0.12,10567.05,Net Banking,Store
ORD102020,CUST101974,PROD1182,2022-01-02,4,572.67,0.02,2244.87,UPI,Store
ORD102021,CUST109710,PROD1090,2023-09-26,1,2110.16,0.19,1709.23,Cash on Delivery,Store
ORD102022,CUST101258,PROD1086,2024-06-20,4,4422.95,0.13,15391.87,Debit Card,Online
ORD102023,CUST107052,PROD1177,2022-07-04,1,3377.85,0.13,2938.73,UPI,Store
ORD102024,CUST103110,PROD1020,2022-01-16,4,319.32,0.07,1187.87,Cash on Delivery,Store
ORD102025,CUST109434,PROD1087,2022-10-06,4,3115.6,0.07,11590.03,Debit Card,Store
ORD102026,CUST102753,PROD1012,2022-12-17,1,1673.76,0.24,1272.06,Credit Card,Online
ORD102027,CUST105794,PROD1169,2023-01-05,1,2046.46,0.14,1759.96,Credit Card,Online
ORD102028,CUST102675,PROD1119,2023-07-07,2,3955.63,0.03,7673.92,Debit Card,Online
ORD102029,CUST100419,PROD1142,2024-07-14,2,1570.45,0.01,3109.49,UPI,Online
ORD102030,CUST108844,PROD1177,2024-08-20,4,3377.85,0.07,12565.6,Debit Card,Store
ORD102031,CUST102871,PROD1128,2024-06-05,3,3522.95,0.15,8983.52,Cash on Delivery,Online
ORD102032,CUST100867,PROD1050,2023-01-13,3,4767.36,0.19,11584.68,Debit Card,Online
ORD102033,CUST108365,PROD1161,2022-02-24,2,4435.03,0.04,8515.26,Cash on Delivery,Store
ORD102034,CUST108004,PROD1041,2022-07-27,2,4320.12,0.13,7517.01,Cash on Delivery,Online
ORD102035,CUST104732,PROD1061,2022-05-12,4,1679.78,0.02,6584.74,Credit Card,Store
ORD102036,CUST109751,PROD1094,2023-01-01,1,2515.62,0.01,2490.46,Cash on Delivery,Online
ORD102037,CUST104127,PROD1159,2022-12-22,1,464.94,0.26,344.06,Net Banking,Online
ORD102038,CUST104592,PROD1099,2024-03-06,1,4731.44,0.2,3785.15,Credit Card,Online
ORD102039,CUST102242,PROD1060,2022-06-27,3,4998.52,0.23,11546.58,Credit Card,Store
ORD102040,CUST102488,PROD1092,2022-08-30,3,2248.29,0.05,6407.63,Debit Card,Online
ORD102041,CUST101512,PROD1181,2024-01-24,3,2171.47,0.1,5862.97,Cash on Delivery,Store
ORD102042,CUST105616,PROD1185,2022-10-11,3,2516.6,0.13,6568.33,Debit Card,Online
ORD102043,CUST102771,PROD1151,2023-09-27,1,4916.65,0.2,3933.32,Cash on Delivery,Online
ORD102044,CUST101643,PROD1154,2023-03-13,4,1389.72,0.16,4669.46,Credit Card,Store
ORD102045,CUST100023,PROD1020,2024-08-20,4,319.32,0.17,1060.14,Net Banking,Online
ORD102046,CUST102337,PROD1017,2024-03-04,3,791.05,0.05,2254.49,Credit Card,Online
ORD102047,CUST102943,PROD1054,2023-11-10,3,584.36,0.14,1507.65,UPI,Store
ORD102048,CUST108022,PROD1067,2023-06-09,1,1221.16,0.25,915.87,Debit Card,Store
ORD102049,CUST104726,PROD1046,2022-03-12,1,3362.42,0.15,2858.06,Net Banking,Online
ORD102050,CUST101716,PROD1053,2022-02-23,4,1312.97,0.06,4936.77,Debit Card,Store
ORD102051,CUST107094,PROD1017,2022-01-13,2,791.05,0.12,1392.25,Cash on Delivery,Store
ORD102052,CUST104133,PROD1127,2023-01-11,4,509.27,0.23,1568.55,Debit Card,Store
ORD102053,CUST106529,PROD1191,2023-07-25,4,598.34,0.04,2297.63,Credit Card,Online
ORD102054,CUST100744,PROD1048,2022-09-17,4,3417.13,0.17,11344.87,Credit Card,Online
ORD102055,CUST104177,PROD1093,2022-03-21,1,3090.85,0.29,2194.5,Debit Card,Store
ORD102056,CUST108185,PROD1162,2024-08-10,3,307.56,0.11,821.19,Cash on Delivery,Online
ORD102057,CUST105940,PROD1166,2023-04-21,1,4056.26,0.01,4015.7,Cash on Delivery,Online
ORD102058,CUST100049,PROD1185,2022-03-01,3,2516.6,0.19,6115.34,Net Banking,Store
ORD102059,CUST106812,PROD1056,2022-02-16,2,1642.96,0.01,3253.06,Credit Card,Online
ORD102060,CUST106217,PROD1005,2024-04-24,2,900.54,0.06,1693.02,Debit Card,Store
ORD102061,CUST103049,PROD1077,2023-05-05,2,4838.73,0.01,9580.69,Net Banking,Store
ORD102062,CUST105225,PROD1019,2023-12-15,3,1794.76,0.05,5115.07,UPI,Online
ORD102063,CUST107868,PROD1049,2024-02-12,4,2805.47,0.26,8304.19,Net Banking,Online
ORD102064,CUST103889,PROD1008,2022-02-05,3,1199.69,0.22,2807.27,UPI,Store
ORD102065,CUST107951,PROD1141,2023-06-15,2,1551.56,0.1,2792.81,UPI,Online
ORD102066,CUST109814,PROD1119,2022-09-13,4,3955.63,0.27,11550.44,Net Banking,Store
ORD102067,CUST109979,PROD1150,2022-10-13,2,4820.06,0.2,7712.1,Credit Card,Online
ORD102068,CUST107635,PROD1047,2023-01-02,3,3493.68,0.13,9118.5,Net Banking,Store
ORD102069,CUST105775,PROD1079,2023-07-07,4,127.55,0.02,500.0,Net Banking,Online
ORD102070,CUST103355,PROD1055,2024-08-01,3,2785.96,0.22,6519.15,Credit Card,Store
ORD102071,CUST109205,PROD1120,2024-03-06,3,1608.36,0.11,4294.32,Credit Card,Online
ORD102072,CUST108345,PROD1039,2024-03-09,3,2735.18,0.09,7467.04,Credit Card,Store
ORD102073,CUST106261,PROD1096,2022-08-16,4,4510.68,0.09,16418.88,Credit Card,Store
ORD102074,CUST102314,PROD1196,2024-08-10,2,1253.86,0.0,2507.72,Credit Card,Online
ORD102075,CUST103456,PROD1166,2022-06-20,2,4056.26,0.22,6327.77,Credit Card,Online
ORD102076,CUST107408,PROD1085,2023-05-12,4,657.06,0.04,2523.11,Net Banking,Store
ORD102077,CUST104266,PROD1042,2022-09-02,1,935.8,0.16,786.07,Debit Card,Store
ORD102078,CUST108808,PROD1121,2024-08-18,4,1191.0,0.0,4764.0,Debit Card,Online
ORD102079,CUST103049,PROD1158,2023-01-28,1,611.58,0.19,495.38,Debit Card,Online
ORD102080,CUST104643,PROD1069,2023-06-08,3,3553.73,0.11,9488.46,Net Banking,Store
ORD102081,CUST105304,PROD1099,2023-12-28,2,4731.44,0.19,7664.93,Credit Card,Store
ORD102082,CUST101925,PROD1130,2023-10-14,3,1651.44,0.03,4805.69,UPI,Online
ORD102083,CUST106845,PROD1131,2022-10-25,1,768.23,0.08,706.77,Credit Card,Online
ORD102084,CUST106810,PROD1154,2023-04-02,4,1389.72,0.03,5392.11,Cash on Delivery,Store
ORD102085,CUST102457,PROD1088,2023-03-13,3,4002.67,0.19,9726.49,Credit Card,Store
ORD102086,CUST106882,PROD1026,2022-12-12,4,3182.76,0.03,12349.11,Debit Card,Store
ORD102087,CUST107820,PROD1104,2023-04-23,4,431.37,0.19,1397.64,Credit Card,Store
ORD102088,CUST109803,PROD1099,2022-07-04,1,4731.44,0.04,4542.18,Credit Card,Online
ORD102089,CUST104241,PROD1174,2023-12-25,4,4761.29,0.28,13712.52,Cash on Delivery,Store
ORD102090,CUST103109,PROD1059,2022-09-29,1,4207.05,0.12,3702.2,UPI,Online
ORD102091,CUST105245,PROD1035,2023-04-06,4,1309.41,0.04,5028.13,UPI,Store
ORD102092,CUST109819,PROD1117,2022-04-09,4,2765.48,0.01,10951.3,Debit Card,Online
ORD102093,CUST107963,PROD1173,2023-03-10,4,3575.41,0.1,12871.48,UPI,Store
ORD102094,CUST104440,PROD1060,2023-10-06,2,4998.52,0.27,7297.84,Debit Card,Online
ORD102095,CUST107610,PROD1169,2023-09-19,4,2046.46,0.04,7858.41,Net Banking,Store
ORD102096,CUST101998,PROD1006,2023-04-18,3,2076.92,0.24,4735.38,Cash on Delivery,Store
ORD102097,CUST101131,PROD1157,2022-09-26,2,1005.94,0.13,1750.34,Credit Card,Online
ORD102098,CUST101992,PROD1049,2023-07-26,1,2805.47,0.24,2132.16,Cash on Delivery,Online
ORD102099,CUST108047,PROD1115,2024-03-06,4,3741.78,0.26,11075.67,UPI,Online
ORD102100,CUST108705,PROD1174,2023-09-13,1,4761.29,0.3,3332.9,Credit Card,Store
ORD102101,CUST105040,PROD1167,2023-01-31,3,3946.83,0.02,11603.68,Cash on Delivery,Online
ORD102102,CUST100712,PROD1127,2023-02-12,3,509.27,0.24,1161.14,Cash on Delivery,Store
ORD102103,CUST100214,PROD1004,2024-05-09,3,1760.0,0.02,5174.4,Debit Card,Online
ORD102104,CUST105746,PROD1069,2024-06-15,3,3553.73,0.09,9701.68,Net Banking,Store
ORD102105,CUST108795,PROD1185,2024-07-18,4,2516.6,0.19,8153.78,Cash on Delivery,Online
ORD102106,CUST106981,PROD1171,2023-01-22,1,4945.55,0.13,4302.63,Credit Card,Online
ORD102107,CUST103769,PROD1198,2023-06-18,1,1926.28,0.17,1598.81,Net Banking,Online
ORD102108,CUST104867,PROD1031,2022-12-07,1,3607.34,0.29,2561.21,Net Banking,Online
ORD102109,CUST108861,PROD1078,2023-06-23,2,3766.22,0.25,5649.33,Credit Card,Store
ORD102110,CUST101080,PROD1114,2024-07-05,2,671.01,0.11,1194.4,Net Banking,Store
ORD102111,CUST109617,PROD1076,2022-08-02,4,4330.45,0.18,14203.88,UPI,Store
ORD102112,CUST100474,PROD1073,2023-02-01,2,2162.76,0.01,4282.26,Net Banking,Store
ORD102113,CUST109323,PROD1167,2022-02-13,3,3946.83,0.14,10182.82,Debit Card,Online
ORD102114,CUST100862,PROD1056,2023-08-15,4,1642.96,0.18,5388.91,Net Banking,Store
ORD102115,CUST109003,PROD1010,2023-01-01,4,794.74,0.21,2511.38,Cash on Delivery,Store
ORD102116,CUST104272,PROD1167,2024-03-02,4,3946.83,0.27,11524.74,Net Banking,Store
ORD102117,CUST108678,PROD1103,2022-06-23,1,472.31,0.08,434.53,Debit Card,Online
ORD102118,CUST108883,PROD1174,2022-09-30,2,4761.29,0.27,6951.48,Debit Card,Store
ORD102119,CUST103108,PROD1129,2024-02-12,3,1033.9,0.2,2481.36,Net Banking,Store
ORD102120,CUST100267,PROD1179,2023-07-04,4,3516.31,0.02,13783.94,UPI,Store
ORD102121,CUST108976,PROD1117,2023-07-25,3,2765.48,0.11,7383.83,Net Banking,Store
ORD102122,CUST103873,PROD1119,2023-05-05,4,3955.63,0.14,13607.37,Credit Card,Online
ORD102123,CUST106531,PROD1199,2024-07-11,3,4504.11,0.11,12025.97,Debit Card,Online
ORD102124,CUST102401,PROD1048,2022-07-01,1,3417.13,0.03,3314.62,Net Banking,Online
ORD102125,CUST104909,PROD1186,2023-09-09,3,158.9,0.17,395.66,UPI,Online
ORD102126,CUST102316,PROD1037,2022-04-06,2,3402.6,0.04,6532.99,UPI,Store
ORD102127,CUST108176,PROD1015,2023-08-25,3,3483.28,0.27,7628.38,UPI,Store
ORD102128,CUST107609,PROD1119,2022-03-12,4,3955.63,0.26,11708.66,Cash on Delivery,Store
ORD102129,CUST101201,PROD1087,2023-09-04,4,3115.6,0.14,10717.66,Cash on Delivery,Online
ORD102130,CUST105186,PROD1118,2022-11-07,1,833.05,0.02,816.39,Cash on Delivery,Store
ORD102131,CUST100276,PROD1077,2022-11-23,1,4838.73,0.17,4016.15,Credit Card,Online
ORD102132,CUST105327,PROD1026,2023-11-14,4,3182.76,0.18,10439.45,Credit Card,Store
ORD102133,CUST108498,PROD1073,2022-12-13,4,2162.76,0.27,6315.26,Net Banking,Store
ORD102134,CUST100630,PROD1122,2022-06-15,3,2405.73,0.02,7072.85,Cash on Delivery,Online
ORD102135,CUST102585,PROD1155,2024-05-29,4,2625.54,0.21,8296.71,Cash on Delivery,Store
ORD102136,CUST106661,PROD1193,2024-01-22,1,4987.26,0.17,4139.43,Credit Card,Store
ORD102137,CUST107441,PROD1044,2022-08-04,1,452.32,0.05,429.7,UPI,Store
ORD102138,CUST107400,PROD1160,2022-12-10,2,2584.14,0.04,4961.55,UPI,Store
ORD102139,CUST101137,PROD1127,2022-03-02,2,509.27,0.21,804.65,Debit Card,Online
ORD102140,CUST106968,PROD1059,2024-07-29,4,4207.05,0.1,15145.38,Net Banking,Store
ORD102141,CUST101713,PROD1177,2022-07-05,3,3377.85,0.3,7093.48,Net Banking,Online
ORD102142,CUST109240,PROD1125,2022-12-30,4,4537.33,0.27,13249.0,Cash on Delivery,Store
ORD102143,CUST109775,PROD1173,2024-07-13,1,3575.41,0.17,2967.59,Credit Card,Online
ORD102144,CUST103351,PROD1034,2022-07-01,1,847.63,0.19,686.58,Net Banking,Store
ORD102145,CUST108093,PROD1040,2024-01-01,1,331.95,0.05,315.35,UPI,Store
ORD102146,CUST106215,PROD1185,2022-02-03,4,2516.6,0.27,7348.47,Credit Card,Online
ORD102147,CUST109143,PROD1182,2023-02-09,4,572.67,0.14,1969.98,Cash on Delivery,Online
ORD102148,CUST101224,PROD1132,2023-07-11,2,1728.02,0.16,2903.07,Cash on Delivery,Store
ORD102149,CUST105445,PROD1004,2024-06-15,1,1760.0,0.26,1302.4,Net Banking,Online
ORD102150,CUST108224,PROD1149,2022-05-18,2,1630.37,0.0,3260.74,Net Banking,Store
ORD102151,CUST100096,PROD1033,2023-11-29,1,647.39,0.15,550.28,Debit Card,Store
ORD102152,CUST104358,PROD1192,2024-05-11,2,3116.29,0.19,5048.39,Net Banking,Store
ORD102153,CUST103141,PROD1186,2022-01-28,4,158.9,0.05,603.82,Net Banking,Online
ORD102154,CUST107980,PROD1144,2024-08-14,3,1220.66,0.02,3588.74,UPI,Online
ORD102155,CUST100171,PROD1050,2022-04-16,3,4767.36,0.16,12013.75,UPI,Store
ORD102156,CUST104853,PROD1176,2024-03-08,1,770.65,0.16,647.35,Credit Card,Store
ORD102157,CUST109092,PROD1136,2024-03-06,4,4779.14,0.1,17204.9,Net Banking,Store
ORD102158,CUST108933,PROD1124,2022-06-06,1,1557.13,0.26,1152.28,Net Banking,Store
ORD102159,CUST105431,PROD1142,2024-03-09,2,1570.45,0.09,2858.22,Cash on Delivery,Online
ORD102160,CUST107537,PROD1108,2022-04-17,4,871.28,0.15,2962.35,UPI,Online
ORD102161,CUST108582,PROD1156,2022-08-21,2,4272.09,0.06,8031.53,Cash on Delivery,Store
ORD102162,CUST100958,PROD1180,2022-07-15,2,4036.27,0.0,8072.54,Net Banking,Online
ORD102163,CUST104670,PROD1152,2024-04-30,1,3367.3,0.13,2929.55,UPI,Online
ORD102164,CUST108535,PROD1084,2022-07-21,2,1758.62,0.16,2954.48,Net Banking,Store
ORD102165,CUST103481,PROD1027,2022-04-19,1,133.03,0.23,102.43,Debit Card,Store
ORD102166,CUST101569,PROD1150,2023-06-27,2,4820.06,0.13,8386.9,Cash on Delivery,Store
ORD102167,CUST107931,PROD1102,2024-01-08,1,3752.53,0.08,3452.33,UPI,Online
ORD102168,CUST108647,PROD1099,2022-02-10,2,4731.44,0.18,7759.56,UPI,Store
ORD102169,CUST105542,PROD1002,2022-03-05,2,1666.73,0.11,2966.78,Net Banking,Online
ORD102170,CUST108635,PROD1032,2024-01-13,2,940.88,0.07,1750.04,Net Banking,Store
ORD102171,CUST103481,PROD1198,2024-06-08,1,1926.28,0.27,1406.18,Credit Card,Store
ORD102172,CUST107931,PROD1068,2023-11-13,4,3161.5,0.16,10622.64,Credit Card,Store
ORD102173,CUST105693,PROD1089,2024-03-22,3,1920.59,0.06,5416.06,Cash on Delivery,Online
ORD102174,CUST101417,PROD1016,2023-02-19,3,3052.07,0.2,7324.97,UPI,Online
ORD102175,CUST105856,PROD1080,2023-01-07,1,760.03,0.24,577.62,Net Banking,Online
ORD102176,CUST107676,PROD1110,2023-10-13,1,2932.67,0.23,2258.16,Cash on Delivery,Store
ORD102177,CUST107011,PROD1066,2024-03-14,3,3804.6,0.18,9359.32,UPI,Store
ORD102178,CUST106709,PROD1066,2022-12-30,4,3804.6,0.16,12783.46,Net Banking,Store
ORD102179,CUST100670,PROD1033,2022-08-24,4,647.39,0.23,1993.96,Credit Card,Store
ORD102180,CUST105413,PROD1007,2024-03-10,3,4532.56,0.21,10742.17,UPI,Store
ORD102181,CUST106001,PROD1044,2023-04-16,2,452.32,0.17,750.85,Net Banking,Store
ORD102182,CUST102284,PROD1059,2024-05-21,2,4207.05,0.2,6731.28,Cash on Delivery,Store
ORD102183,CUST105440,PROD1183,2023-05-15,1,927.52,0.05,881.14,Cash on Delivery,Online
ORD102184,CUST108291,PROD1069,2023-02-27,3,3553.73,0.01,10554.58,Debit Card,Online
ORD102185,CUST102787,PROD1100,2023-08-02,3,3701.69,0.28,7995.65,UPI,Online
ORD102186,CUST107857,PROD1108,2022-07-07,1,871.28,0.28,627.32,Cash on Delivery,Store
ORD102187,CUST100407,PROD1149,2024-05-09,4,1630.37,0.24,4956.32,UPI,Online
ORD102188,CUST100977,PROD1160,2024-03-03,4,2584.14,0.11,9199.54,Cash on Delivery,Online
ORD102189,CUST105553,PROD1177,2023-06-24,3,3377.85,0.05,9626.87,UPI,Store
ORD102190,CUST108334,PROD1198,2023-02-07,2,1926.28,0.11,3428.78,UPI,Store
ORD102191,CUST107452,PROD1111,2023-05-09,3,1904.48,0.22,4456.48,UPI,Online
ORD102192,CUST108911,PROD1173,2023-12-24,3,3575.41,0.1,9653.61,Debit Card,Online
ORD102193,CUST109651,PROD1051,2022-08-22,2,2585.17,0.24,3929.46,Credit Card,Online
ORD102194,CUST108609,PROD1118,2023-05-07,3,833.05,0.2,1999.32,UPI,Online
ORD102195,CUST109296,PROD1073,2024-07-13,4,2162.76,0.19,7007.34,Credit Card,Online
ORD102196,CUST100544,PROD1065,2024-08-03,4,1779.33,0.28,5124.47,Credit Card,Store
ORD102197,CUST107153,PROD1148,2023-06-15,2,3902.89,0.27,5698.22,Credit Card,Online
ORD102198,CUST106960,PROD1151,2022-11-08,4,4916.65,0.21,15536.61,Cash on Delivery,Online
ORD102199,CUST107544,PROD1175,2024-07-02,2,2304.65,0.06,4332.74,Net Banking,Online
ORD102200,CUST106302,PROD1120,2024-07-29,2,1608.36,0.28,2316.04,Credit Card,Store
ORD102201,CUST105905,PROD1012,2022-04-23,3,1673.76,0.07,4669.79,UPI,Online
ORD102202,CUST108964,PROD1063,2023-05-16,2,4377.63,0.11,7792.18,Net Banking,Store
ORD102203,CUST109885,PROD1004,2022-12-10,4,1760.0,0.25,5280.0,Cash on Delivery,Store
ORD102204,CUST109260,PROD1145,2022-12-24,4,4568.9,0.06,17179.06,Debit Card,Online
ORD102205,CUST104223,PROD1115,2022-05-06,1,3741.78,0.19,3030.84,Credit Card,Online
ORD102206,CUST101573,PROD1036,2023-12-21,4,924.34,0.14,3179.73,Credit Card,Store
ORD102207,CUST104972,PROD1053,2022-03-23,3,1312.97,0.19,3190.52,Cash on Delivery,Store
ORD102208,CUST103793,PROD1031,2022-09-09,2,3607.34,0.29,5122.42,UPI,Store
ORD102209,CUST107519,PROD1027,2023-07-07,4,133.03,0.24,404.41,UPI,Store
ORD102210,CUST102653,PROD1085,2023-01-17,1,657.06,0.09,597.92,Net Banking,Online
ORD102211,CUST100540,PROD1044,2024-02-20,1,452.32,0.02,443.27,Net Banking,Store
ORD102212,CUST102211,PROD1027,2024-08-21,2,133.03,0.29,188.9,UPI,Online
ORD102213,CUST109750,PROD1064,2023-12-18,4,4980.76,0.18,16336.89,Debit Card,Store
ORD102214,CUST108322,PROD1069,2022-04-09,4,3553.73,0.05,13504.17,UPI,Store
ORD102215,CUST105543,PROD1041,2023-03-28,1,4320.12,0.19,3499.3,Debit Card,Store
ORD102216,CUST103820,PROD1160,2023-08-18,4,2584.14,0.01,10233.19,Cash on Delivery,Online
ORD102217,CUST102231,PROD1015,2022-01-24,4,3483.28,0.06,13097.13,Debit Card,Online
ORD102218,CUST109017,PROD1140,2023-02-21,2,4426.54,0.19,7170.99,Cash on Delivery,Store
ORD102219,CUST102718,PROD1148,2022-12-19,4,3902.89,0.12,13738.17,Credit Card,Online
ORD102220,CUST107690,PROD1058,2022-03-14,4,1109.98,0.1,3995.93,UPI,Online
ORD102221,CUST101022,PROD1046,2023-11-26,1,3362.42,0.2,2689.94,Net Banking,Online
ORD102222,CUST105354,PROD1166,2023-05-30,3,4056.26,0.26,9004.9,Credit Card,Store
ORD102223,CUST104226,PROD1109,2024-02-10,4,4287.18,0.2,13718.98,Net Banking,Online
ORD102224,CUST108888,PROD1125,2022-01-30,2,4537.33,0.14,7804.21,Debit Card,Store
ORD102225,CUST109229,PROD1042,2023-10-20,1,935.8,0.2,748.64,UPI,Online
ORD102226,CUST100813,PROD1154,2023-03-26,1,1389.72,0.21,1097.88,UPI,Store
ORD102227,CUST103837,PROD1108,2023-04-25,2,871.28,0.23,1341.77,UPI,Online
ORD102228,CUST108850,PROD1164,2024-07-27,3,3496.96,0.09,9546.7,Credit Card,Store
ORD102229,CUST101083,PROD1113,2023-04-02,4,2996.04,0.03,11624.64,Cash on Delivery,Online
ORD102230,CUST102974,PROD1002,2024-04-13,4,1666.73,0.2,5333.54,Debit Card,Online
ORD102231,CUST109375,PROD1075,2023-12-25,2,2758.4,0.04,5296.13,Credit Card,Online
ORD102232,CUST105566,PROD1006,2022-01-27,1,2076.92,0.14,1786.15,Credit Card,Online
ORD102233,CUST106681,PROD1185,2022-12-22,2,2516.6,0.07,4680.88,Cash on Delivery,Store
ORD102234,CUST102624,PROD1019,2023-09-09,3,1794.76,0.1,4845.85,Net Banking,Store
ORD102235,CUST105505,PROD1078,2023-09-14,1,3766.22,0.14,3238.95,Net Banking,Online
ORD102236,CUST107549,PROD1064,2022-01-19,3,4980.76,0.27,10907.86,UPI,Online
ORD102237,CUST102732,PROD1114,2023-06-12,3,671.01,0.2,1610.42,Credit Card,Store
ORD102238,CUST101997,PROD1141,2024-03-04,1,1551.56,0.05,1473.98,Cash on Delivery,Store
ORD102239,CUST109440,PROD1097,2022-09-27,3,2401.45,0.26,5331.22,Cash on Delivery,Online
ORD102240,CUST107675,PROD1048,2023-07-13,1,3417.13,0.15,2904.56,Net Banking,Online
ORD102241,CUST107777,PROD1073,2022-05-26,3,2162.76,0.06,6098.98,Cash on Delivery,Store
ORD102242,CUST104343,PROD1036,2023-10-30,3,924.34,0.16,2329.34,Net Banking,Online
ORD102243,CUST108203,PROD1133,2024-05-28,1,1474.25,0.06,1385.79,Net Banking,Online
ORD102244,CUST103607,PROD1005,2024-07-03,3,900.54,0.11,2404.44,Credit Card,Online
ORD102245,CUST108928,PROD1027,2023-06-26,3,133.03,0.24,303.31,Debit Card,Store
ORD102246,CUST100509,PROD1101,2023-09-09,4,3236.62,0.2,10357.18,UPI,Online
ORD102247,CUST109460,PROD1120,2022-05-29,3,1608.36,0.14,4149.57,Debit Card,Store
ORD102248,CUST106094,PROD1140,2024-07-05,2,4426.54,0.07,8233.36,Cash on Delivery,Store
ORD102249,CUST105745,PROD1012,2023-07-14,3,1673.76,0.08,4619.58,Debit Card,Online
ORD102250,CUST104816,PROD1122,2022-07-02,2,2405.73,0.29,3416.14,Debit Card,Store
ORD102251,CUST103042,PROD1009,2023-11-01,1,3453.81,0.1,3108.43,Net Banking,Store
ORD102252,CUST104910,PROD1079,2022-02-11,1,127.55,0.18,104.59,Credit Card,Store
ORD102253,CUST106572,PROD1166,2022-06-14,4,4056.26,0.15,13791.28,Cash on Delivery,Online
ORD102254,CUST101058,PROD1098,2024-03-19,1,1274.77,0.01,1262.02,UPI,Online
ORD102255,CUST104300,PROD1150,2023-11-17,2,4820.06,0.28,6940.89,Net Banking,Store
ORD102256,CUST109081,PROD1036,2024-05-13,1,924.34,0.03,896.61,UPI,Store
ORD102257,CUST105503,PROD1120,2022-04-04,1,1608.36,0.2,1286.69,Credit Card,Online
ORD102258,CUST102952,PROD1007,2022-08-02,3,4532.56,0.24,10334.24,Debit Card,Online
ORD102259,CUST105696,PROD1187,2022-07-07,2,4781.3,0.22,7458.83,Debit Card,Online
ORD102260,CUST107610,PROD1085,2022-03-29,2,657.06,0.24,998.73,Credit Card,Online
ORD102261,CUST102744,PROD1004,2023-04-03,2,1760.0,0.22,2745.6,Cash on Delivery,Online
ORD102262,CUST109700,PROD1121,2023-04-17,1,1191.0,0.13,1036.17,Net Banking,Online
ORD102263,CUST107637,PROD1026,2024-02-08,2,3182.76,0.27,4646.83,Debit Card,Online
ORD102264,CUST103033,PROD1123,2024-01-30,1,4620.97,0.27,3373.31,Credit Card,Online
ORD102265,CUST106034,PROD1146,2022-02-23,1,2720.43,0.13,2366.77,Net Banking,Store
ORD102266,CUST109959,PROD1170,2023-01-07,4,4925.25,0.15,16745.85,Net Banking,Store
ORD102267,CUST109324,PROD1042,2024-03-13,4,935.8,0.15,3181.72,Credit Card,Online
ORD102268,CUST101201,PROD1034,2023-10-18,1,847.63,0.08,779.82,Debit Card,Store
ORD102269,CUST100248,PROD1054,2023-06-01,1,584.36,0.03,566.83,Cash on Delivery,Online
ORD102270,CUST108003,PROD1060,2024-07-15,3,4998.52,0.08,13795.92,Debit Card,Online
ORD102271,CUST105276,PROD1046,2022-12-31,4,3362.42,0.25,10087.26,Debit Card,Store
ORD102272,CUST108421,PROD1101,2022-02-06,2,3236.62,0.16,5437.52,Debit Card,Store
ORD102273,CUST102675,PROD1076,2022-04-29,4,4330.45,0.26,12818.13,Debit Card,Store
ORD102274,CUST109476,PROD1055,2023-02-13,4,2785.96,0.22,8692.2,UPI,Store
ORD102275,CUST102875,PROD1081,2022-12-29,4,473.74,0.1,1705.46,Credit Card,Online
ORD102276,CUST108512,PROD1145,2023-01-04,2,4568.9,0.06,8589.53,Cash on Delivery,Store
ORD102277,CUST107294,PROD1192,2024-08-15,1,3116.29,0.17,2586.52,Cash on Delivery,Online
ORD102278,CUST100027,PROD1052,2022-06-02,4,2302.12,0.28,6630.11,UPI,Online
ORD102279,CUST100509,PROD1088,2022-11-19,4,4002.67,0.25,12008.01,Cash on Delivery,Online
ORD102280,CUST100640,PROD1084,2024-01-28,1,1758.62,0.23,1354.14,UPI,Store
ORD102281,CUST103250,PROD1138,2022-10-21,1,3504.61,0.23,2698.55,UPI,Store
ORD102282,CUST103747,PROD1111,2023-04-25,3,1904.48,0.16,4799.29,Cash on Delivery,Store
ORD102283,CUST102719,PROD1128,2024-08-01,4,3522.95,0.05,13387.21,Cash on Delivery,Store
ORD102284,CUST103903,PROD1095,2023-12-25,1,4205.79,0.09,3827.27,Debit Card,Store
ORD102285,CUST105005,PROD1007,2023-04-23,2,4532.56,0.17,7524.05,UPI,Store
ORD102286,CUST109503,PROD1146,2023-03-24,2,2720.43,0.09,4951.18,Net Banking,Store
ORD102287,CUST103336,PROD1182,2022-05-10,3,572.67,0.23,1322.87,Credit Card,Online
ORD102288,CUST109682,PROD1015,2023-12-05,4,3483.28,0.11,12400.48,Debit Card,Online
ORD102289,CUST101418,PROD1065,2023-12-10,1,1779.33,0.03,1725.95,UPI,Online
ORD102290,CUST107599,PROD1011,2024-02-07,2,1834.14,0.23,2824.58,Debit Card,Store
ORD102291,CUST109650,PROD1092,2024-09-05,3,2248.29,0.21,5328.45,Debit Card,Online
ORD102292,CUST103459,PROD1073,2023-10-22,4,2162.76,0.08,7958.96,Credit Card,Online
ORD102293,CUST104904,PROD1189,2022-12-08,2,4197.72,0.29,5960.76,Cash on Delivery,Online
ORD102294,CUST107312,PROD1085,2022-09-24,3,657.06,0.12,1734.64,Cash on Delivery,Online
ORD102295,CUST107342,PROD1097,2024-06-05,1,2401.45,0.2,1921.16,Credit Card,Store
ORD102296,CUST109529,PROD1185,2022-12-04,2,2516.6,0.27,3674.24,Debit Card,Online
ORD102297,CUST105248,PROD1020,2023-04-20,4,319.32,0.05,1213.42,UPI,Store
ORD102298,CUST103081,PROD1036,2023-02-19,2,924.34,0.26,1368.02,Cash on Delivery,Store
ORD102299,CUST100346,PROD1004,2022-10-18,1,1760.0,0.21,1390.4,Net Banking,Online
ORD102300,CUST100116,PROD1197,2022-06-21,1,2029.94,0.05,1928.44,UPI,Online
ORD102301,CUST109612,PROD1159,2023-03-15,3,464.94,0.2,1115.86,Debit Card,Store
ORD102302,CUST103082,PROD1066,2022-10-28,1,3804.6,0.26,2815.4,Net Banking,Online
ORD102303,CUST101631,PROD1009,2022-05-29,4,3453.81,0.24,10499.58,UPI,Online
ORD102304,CUST101999,PROD1196,2024-08-05,4,1253.86,0.23,3861.89,Credit Card,Store
ORD102305,CUST108059,PROD1087,2023-10-22,2,3115.6,0.05,5919.64,Net Banking,Store
ORD102306,CUST107269,PROD1083,2022-09-22,2,1976.87,0.06,3716.52,Debit Card,Store
ORD102307,CUST108132,PROD1061,2022-04-05,1,1679.78,0.16,1411.02,Net Banking,Online
ORD102308,CUST106098,PROD1036,2024-06-23,1,924.34,0.17,767.2,Credit Card,Online
ORD102309,CUST108998,PROD1174,2023-11-29,1,4761.29,0.28,3428.13,Cash on Delivery,Store
ORD102310,CUST107003,PROD1048,2024-08-24,1,3417.13,0.14,2938.73,Cash on Delivery,Online
ORD102311,CUST101691,PROD1023,2023-02-21,2,554.45,0.09,1009.1,Cash on Delivery,Store
ORD102312,CUST102704,PROD1081,2022-09-14,4,473.74,0.06,1781.26,Credit Card,Store
ORD102313,CUST105540,PROD1153,2023-12-24,3,656.81,0.02,1931.02,UPI,Store
ORD102314,CUST103435,PROD1105,2023-05-30,2,850.29,0.02,1666.57,Credit Card,Online
ORD102315,CUST108402,PROD1054,2023-11-10,2,584.36,0.17,970.04,Net Banking,Online
ORD102316,CUST109882,PROD1006,2024-06-26,4,2076.92,0.05,7892.3,UPI,Online
ORD102317,CUST101777,PROD1168,2022-12-16,3,736.02,0.26,1633.96,Cash on Delivery,Store
ORD102318,CUST103147,PROD1129,2024-06-30,4,1033.9,0.18,3391.19,Credit Card,Store
ORD102319,CUST108057,PROD1157,2022-07-24,1,1005.94,0.26,744.4,Debit Card,Store
ORD102320,CUST102499,PROD1122,2023-11-21,3,2405.73,0.13,6278.96,Cash on Delivery,Store
ORD102321,CUST100686,PROD1019,2022-12-10,2,1794.76,0.18,2943.41,Debit Card,Online
ORD102322,CUST105066,PROD1055,2023-04-10,1,2785.96,0.16,2340.21,UPI,Online
ORD102323,CUST109121,PROD1023,2023-06-23,1,554.45,0.3,388.12,Cash on Delivery,Store
ORD102324,CUST109506,PROD1107,2022-01-29,1,2161.29,0.24,1642.58,Credit Card,Online
ORD102325,CUST102833,PROD1139,2023-10-01,1,3501.6,0.18,2871.31,Debit Card,Store
ORD102326,CUST109965,PROD1090,2023-01-11,1,2110.16,0.18,1730.33,Credit Card,Online
ORD102327,CUST102245,PROD1014,2022-04-15,1,2197.11,0.07,2043.31,Cash on Delivery,Online
ORD102328,CUST101185,PROD1072,2022-11-30,3,4258.76,0.22,9965.5,Credit Card,Online
ORD102329,CUST102464,PROD1175,2022-03-10,1,2304.65,0.29,1636.3,Cash on Delivery,Store
ORD102330,CUST108575,PROD1060,2022-04-17,3,4998.52,0.04,14395.74,Net Banking,Online
ORD102331,CUST101521,PROD1198,2023-11-23,3,1926.28,0.19,4680.86,Credit Card,Online
ORD102332,CUST100979,PROD1027,2022-04-12,4,133.03,0.16,446.98,Net Banking,Online
ORD102333,CUST104177,PROD1109,2022-09-19,4,4287.18,0.26,12690.05,Debit Card,Store
ORD102334,CUST103610,PROD1002,2023-10-26,3,1666.73,0.0,5000.19,Credit Card,Online
ORD102335,CUST107471,PROD1015,2023-07-06,1,3483.28,0.04,3343.95,Credit Card,Store
ORD102336,CUST105700,PROD1163,2022-10-16,4,1140.38,0.01,4515.9,Debit Card,Store
ORD102337,CUST107573,PROD1131,2022-05-17,1,768.23,0.05,729.82,Credit Card,Store
ORD102338,CUST101953,PROD1008,2023-05-05,1,1199.69,0.21,947.76,Cash on Delivery,Store
ORD102339,CUST105546,PROD1109,2023-11-20,4,4287.18,0.04,16462.77,Net Banking,Store
ORD102340,CUST109676,PROD1011,2022-03-08,4,1834.14,0.19,5942.61,UPI,Store
ORD102341,CUST100883,PROD1073,2022-05-31,4,2162.76,0.26,6401.77,Cash on Delivery,Store
ORD102342,CUST104823,PROD1043,2024-09-07,1,1864.75,0.01,1846.1,UPI,Store
ORD102343,CUST100123,PROD1107,2022-10-05,2,2161.29,0.01,4279.35,Debit Card,Online
ORD102344,CUST100525,PROD1193,2024-04-19,2,4987.26,0.3,6982.16,Debit Card,Online
ORD102345,CUST102086,PROD1146,2022-07-31,4,2720.43,0.2,8705.38,Credit Card,Online
ORD102346,CUST106411,PROD1012,2024-04-25,1,1673.76,0.04,1606.81,Cash on Delivery,Store
ORD102347,CUST106099,PROD1182,2022-12-16,2,572.67,0.09,1042.26,UPI,Store
ORD102348,CUST109568,PROD1064,2023-09-20,4,4980.76,0.3,13946.13,Net Banking,Store
ORD102349,CUST104406,PROD1091,2023-10-10,1,1656.34,0.07,1540.4,Cash on Delivery,Store
ORD102350,CUST104135,PROD1103,2022-05-27,1,472.31,0.23,363.68,Debit Card,Store
ORD102351,CUST108026,PROD1197,2022-12-31,1,2029.94,0.07,1887.84,Cash on Delivery,Store
ORD102352,CUST104876,PROD1115,2023-11-09,1,3741.78,0.12,3292.77,Net Banking,Online
ORD102353,CUST108772,PROD1130,2022-08-16,1,1651.44,0.26,1222.07,Cash on Delivery,Online
ORD102354,CUST101993,PROD1108,2023-10-08,1,871.28,0.01,862.57,Credit Card,Online
ORD102355,CUST104525,PROD1152,2023-11-23,1,3367.3,0.09,3064.24,Net Banking,Store
ORD102356,CUST108648,PROD1120,2022-10-17,4,1608.36,0.15,5468.42,UPI,Online
ORD102357,CUST109643,PROD1107,2022-11-26,4,2161.29,0.19,7002.58,Debit Card,Online
ORD102358,CUST100203,PROD1179,2024-05-12,3,3516.31,0.01,10443.44,Cash on Delivery,Store
ORD102359,CUST104213,PROD1015,2023-01-30,4,3483.28,0.12,12261.15,Net Banking,Store
ORD102360,CUST105923,PROD1042,2023-07-09,4,935.8,0.1,3368.88,Credit Card,Store
ORD102361,CUST106365,PROD1055,2024-03-13,3,2785.96,0.01,8274.3,Credit Card,Online
ORD102362,CUST104992,PROD1195,2022-05-19,4,4224.79,0.11,15040.25,UPI,Online
ORD102363,CUST106206,PROD1135,2023-02-28,2,3539.91,0.28,5097.47,Debit Card,Online
ORD102364,CUST107501,PROD1102,2022-09-10,2,3752.53,0.08,6904.66,Credit Card,Online
ORD102365,CUST107459,PROD1171,2023-02-20,4,4945.55,0.18,16221.4,Debit Card,Online
ORD102366,CUST102192,PROD1165,2024-08-02,4,4146.73,0.09,15094.1,Net Banking,Store
ORD102367,CUST105049,PROD1150,2023-05-22,4,4820.06,0.03,18701.83,Cash on Delivery,Online
ORD102368,CUST102709,PROD1005,2022-12-12,4,900.54,0.09,3277.97,UPI,Store
ORD102369,CUST109374,PROD1042,2024-09-08,3,935.8,0.14,2414.36,Credit Card,Store
ORD102370,CUST102828,PROD1043,2023-11-28,3,1864.75,0.09,5090.77,Cash on Delivery,Online
ORD102371,CUST109150,PROD1117,2023-07-31,4,2765.48,0.19,8960.16,Credit Card,Store
ORD102372,CUST104074,PROD1079,2024-03-26,4,127.55,0.28,367.34,UPI,Online
ORD102373,CUST105950,PROD1022,2024-09-15,3,1744.61,0.02,5129.15,Credit Card,Store
ORD102374,CUST100068,PROD1143,2022-06-29,2,3731.95,0.22,5821.84,UPI,Online
ORD102375,CUST101637,PROD1008,2024-03-17,1,1199.69,0.0,1199.69,Cash on Delivery,Store
ORD102376,CUST105663,PROD1136,2022-08-02,4,4779.14,0.0,19116.56,Net Banking,Online
ORD102377,CUST108393,PROD1185,2023-03-14,2,2516.6,0.04,4831.87,UPI,Online
ORD102378,CUST108457,PROD1192,2023-04-25,1,3116.29,0.14,2680.01,Net Banking,Store
ORD102379,CUST106251,PROD1058,2022-06-02,1,1109.98,0.01,1098.88,Debit Card,Online
ORD102380,CUST103125,PROD1150,2024-05-21,2,4820.06,0.22,7519.29,Cash on Delivery,Store
ORD102381,CUST107094,PROD1068,2024-07-29,4,3161.5,0.01,12519.54,UPI,Store
ORD102382,CUST107505,PROD1146,2023-02-17,1,2720.43,0.15,2312.37,Cash on Delivery,Online
ORD102383,CUST106333,PROD1034,2024-05-18,4,847.63,0.2,2712.42,Net Banking,Online
ORD102384,CUST100238,PROD1096,2024-03-10,4,4510.68,0.07,16779.73,Net Banking,Store
ORD102385,CUST105046,PROD1182,2022-05-03,2,572.67,0.17,950.63,Cash on Delivery,Online
ORD102386,CUST108017,PROD1109,2023-08-29,3,4287.18,0.08,11832.62,Cash on Delivery,Store
ORD102387,CUST100290,PROD1039,2024-06-10,4,2735.18,0.06,10284.28,Net Banking,Store
ORD102388,CUST106464,PROD1141,2024-06-09,3,1551.56,0.25,3491.01,Cash on Delivery,Online
ORD102389,CUST101808,PROD1083,2023-08-17,2,1976.87,0.1,3558.37,Net Banking,Online
ORD102390,CUST100954,PROD1115,2023-09-12,2,3741.78,0.24,5687.51,Debit Card,Online
ORD102391,CUST107032,PROD1012,2024-01-22,2,1673.76,0.07,3113.19,Net Banking,Online
ORD102392,CUST101930,PROD1052,2023-08-02,2,2302.12,0.11,4097.77,Credit Card,Store
ORD102393,CUST106989,PROD1079,2024-02-19,1,127.55,0.03,123.72,Net Banking,Store
ORD102394,CUST108475,PROD1094,2024-08-11,3,2515.62,0.15,6414.83,Debit Card,Online
ORD102395,CUST108998,PROD1038,2022-08-31,2,2162.08,0.11,3848.5,Net Banking,Store
ORD102396,CUST107779,PROD1083,2024-02-27,2,1976.87,0.0,3953.74,Cash on Delivery,Online
ORD102397,CUST105130,PROD1120,2022-11-02,4,1608.36,0.14,5532.76,Debit Card,Store
ORD102398,CUST106585,PROD1064,2022-05-16,3,4980.76,0.02,14643.43,UPI,Store
ORD102399,CUST102676,PROD1183,2022-06-08,2,927.52,0.25,1391.28,Net Banking,Store
ORD102400,CUST103571,PROD1039,2022-06-01,3,2735.18,0.15,6974.71,Cash on Delivery,Store
ORD102401,CUST103759,PROD1173,2024-06-12,3,3575.41,0.21,8473.72,UPI,Store
ORD102402,CUST109810,PROD1134,2024-06-27,2,3708.05,0.25,5562.08,UPI,Online
ORD102403,CUST105121,PROD1044,2023-04-01,1,452.32,0.02,443.27,UPI,Store
ORD102404,CUST109000,PROD1021,2023-07-08,2,1572.17,0.1,2829.91,Credit Card,Online
ORD102405,CUST103786,PROD1134,2022-11-30,1,3708.05,0.01,3670.97,Cash on Delivery,Store
ORD102406,CUST100941,PROD1121,2023-04-08,2,1191.0,0.01,2358.18,Credit Card,Online
ORD102407,CUST108231,PROD1051,2023-04-14,1,2585.17,0.01,2559.32,Cash on Delivery,Store
ORD102408,CUST101338,PROD1099,2024-04-26,4,4731.44,0.14,16276.15,Cash on Delivery,Online
ORD102409,CUST104652,PROD1067,2022-01-26,3,1221.16,0.14,3150.59,Debit Card,Store
ORD102410,CUST101321,PROD1197,2022-06-15,3,2029.94,0.02,5968.02,UPI,Store
ORD102411,CUST101654,PROD1066,2023-01-01,2,3804.6,0.08,7000.46,Net Banking,Online
ORD102412,CUST103068,PROD1002,2024-03-16,2,1666.73,0.07,3100.12,Debit Card,Online
ORD102413,CUST104738,PROD1057,2023-03-15,1,2667.72,0.09,2427.63,Net Banking,Store
ORD102414,CUST106593,PROD1119,2022-04-07,1,3955.63,0.19,3204.06,UPI,Online
ORD102415,CUST108586,PROD1194,2023-01-29,1,270.22,0.21,213.47,Cash on Delivery,Online
ORD102416,CUST100791,PROD1099,2023-04-12,1,4731.44,0.1,4258.3,Debit Card,Online
ORD102417,CUST106676,PROD1181,2022-09-24,1,2171.47,0.24,1650.32,Credit Card,Online
ORD102418,CUST100743,PROD1008,2024-06-17,2,1199.69,0.13,2087.46,Cash on Delivery,Store
ORD102419,CUST106524,PROD1181,2022-05-03,3,2171.47,0.16,5472.1,Credit Card,Store
ORD102420,CUST106574,PROD1178,2023-06-19,1,4804.5,0.04,4612.32,Cash on Delivery,Store
ORD102421,CUST100193,PROD1015,2024-04-09,3,3483.28,0.07,9718.35,Cash on Delivery,Store
ORD102422,CUST107894,PROD1011,2022-07-17,3,1834.14,0.22,4291.89,UPI,Store
ORD102423,CUST104274,PROD1101,2022-02-10,2,3236.62,0.29,4596.0,Debit Card,Store
ORD102424,CUST103897,PROD1147,2022-05-01,4,1570.61,0.21,4963.13,Net Banking,Online
ORD102425,CUST108409,PROD1180,2023-03-01,1,4036.27,0.02,3955.54,UPI,Online
ORD102426,CUST103582,PROD1030,2024-05-10,1,3330.72,0.04,3197.49,Net Banking,Online
ORD102427,CUST105083,PROD1020,2022-01-04,1,319.32,0.13,277.81,Cash on Delivery,Store
ORD102428,CUST108129,PROD1130,2022-09-12,1,1651.44,0.22,1288.12,Credit Card,Store
ORD102429,CUST105343,PROD1020,2023-10-05,2,319.32,0.05,606.71,Net Banking,Store
ORD102430,CUST107517,PROD1091,2023-04-13,4,1656.34,0.23,5101.53,Credit Card,Store
ORD102431,CUST107789,PROD1027,2024-03-29,2,133.03,0.17,220.83,Net Banking,Store
ORD102432,CUST103903,PROD1132,2022-07-02,1,1728.02,0.23,1330.58,Credit Card,Store
ORD102433,CUST101785,PROD1070,2022-04-17,1,3731.49,0.17,3097.14,UPI,Store
ORD102434,CUST107962,PROD1196,2023-05-14,3,1253.86,0.18,3084.5,Net Banking,Store
ORD102435,CUST109374,PROD1072,2023-03-23,3,4258.76,0.07,11881.94,UPI,Online
ORD102436,CUST100523,PROD1174,2022-06-26,4,4761.29,0.22,14855.22,UPI,Online
ORD102437,CUST103296,PROD1147,2022-03-13,1,1570.61,0.25,1177.96,Credit Card,Store
ORD102438,CUST106956,PROD1165,2022-03-11,1,4146.73,0.26,3068.58,Net Banking,Online
ORD102439,CUST104479,PROD1115,2023-08-04,4,3741.78,0.01,14817.45,Net Banking,Store
ORD102440,CUST107711,PROD1164,2024-02-15,3,3496.96,0.19,8497.61,Debit Card,Online
ORD102441,CUST105685,PROD1057,2022-05-03,3,2667.72,0.3,5602.21,Credit Card,Store
ORD102442,CUST106647,PROD1144,2023-01-27,1,1220.66,0.18,1000.94,Net Banking,Online
ORD102443,CUST108560,PROD1041,2022-08-15,3,4320.12,0.05,12312.34,Cash on Delivery,Online
ORD102444,CUST107794,PROD1096,2024-07-03,4,4510.68,0.26,13351.61,Debit Card,Store
ORD102445,CUST105590,PROD1159,2023-01-03,2,464.94,0.08,855.49,Net Banking,Store
ORD102446,CUST104383,PROD1061,2023-04-03,3,1679.78,0.01,4988.95,Credit Card,Store
ORD102447,CUST100398,PROD1095,2022-07-02,4,4205.79,0.13,14636.15,Cash on Delivery,Online
ORD102448,CUST102151,PROD1111,2022-08-15,1,1904.48,0.03,1847.35,Net Banking,Store
ORD102449,CUST105430,PROD1119,2024-08-26,2,3955.63,0.03,7673.92,UPI,Store
ORD102450,CUST103880,PROD1086,2022-03-13,4,4422.95,0.14,15214.95,UPI,Store
ORD102451,CUST100126,PROD1148,2023-05-27,2,3902.89,0.18,6400.74,Cash on Delivery,Online
ORD102452,CUST102087,PROD1160,2022-01-08,3,2584.14,0.27,5659.27,Cash on Delivery,Online
ORD102453,CUST101770,PROD1194,2024-08-10,1,270.22,0.21,213.47,Cash on Delivery,Online
ORD102454,CUST107025,PROD1133,2022-03-13,3,1474.25,0.25,3317.06,Cash on Delivery,Store
ORD102455,CUST108438,PROD1112,2023-12-25,3,441.15,0.12,1164.64,Credit Card,Online
ORD102456,CUST105925,PROD1091,2024-02-14,4,1656.34,0.1,5962.82,UPI,Store
ORD102457,CUST103318,PROD1065,2022-02-15,4,1779.33,0.18,5836.2,Net Banking,Store
ORD102458,CUST102081,PROD1031,2022-05-30,3,3607.34,0.21,8549.4,Net Banking,Online
ORD102459,CUST102057,PROD1063,2023-08-16,4,4377.63,0.17,14533.73,UPI,Online
ORD102460,CUST105287,PROD1153,2024-07-28,4,656.81,0.08,2417.06,Net Banking,Store
ORD102461,CUST105903,PROD1189,2024-02-12,2,4197.72,0.11,7471.94,UPI,Online
ORD102462,CUST105335,PROD1004,2023-04-27,3,1760.0,0.13,4593.6,Debit Card,Store
ORD102463,CUST102989,PROD1138,2023-02-13,3,3504.61,0.0,10513.83,UPI,Store
ORD102464,CUST107575,PROD1127,2022-06-24,4,509.27,0.26,1507.44,Net Banking,Online
ORD102465,CUST105721,PROD1073,2023-03-03,3,2162.76,0.15,5515.04,Debit Card,Store
ORD102466,CUST107078,PROD1176,2023-10-17,3,770.65,0.23,1780.2,Net Banking,Online
ORD102467,CUST100339,PROD1091,2023-12-05,4,1656.34,0.05,6294.09,Credit Card,Online
ORD102468,CUST102728,PROD1189,2023-11-02,1,4197.72,0.17,3484.11,Net Banking,Store
ORD102469,CUST101591,PROD1059,2022-08-25,4,4207.05,0.28,12116.3,Debit Card,Store
ORD102470,CUST107843,PROD1001,2023-08-18,1,2108.14,0.06,1981.65,UPI,Online
ORD102471,CUST105783,PROD1088,2024-03-22,1,4002.67,0.1,3602.4,Net Banking,Online
ORD102472,CUST103161,PROD1186,2024-09-17,2,158.9,0.12,279.66,UPI,Online
ORD102473,CUST109500,PROD1106,2023-11-18,1,822.51,0.11,732.03,Net Banking,Online
ORD102474,CUST108175,PROD1114,2022-05-20,3,671.01,0.18,1650.68,Cash on Delivery,Online
ORD102475,CUST104629,PROD1075,2022-03-05,4,2758.4,0.12,9709.57,Net Banking,Online
ORD102476,CUST106901,PROD1152,2022-10-06,3,3367.3,0.2,8081.52,Cash on Delivery,Online
ORD102477,CUST102297,PROD1195,2022-02-19,1,4224.79,0.15,3591.07,Net Banking,Online
ORD102478,CUST105450,PROD1169,2022-08-03,4,2046.46,0.05,7776.55,Net Banking,Store
ORD102479,CUST107290,PROD1075,2023-09-29,4,2758.4,0.28,7944.19,Cash on Delivery,Store
ORD102480,CUST104944,PROD1198,2022-02-05,4,1926.28,0.07,7165.76,Credit Card,Online
ORD102481,CUST109701,PROD1182,2023-10-13,4,572.67,0.17,1901.26,UPI,Online
ORD102482,CUST105318,PROD1165,2023-08-21,2,4146.73,0.02,8127.59,Debit Card,Store
ORD102483,CUST103807,PROD1170,2023-03-07,2,4925.25,0.28,7092.36,Net Banking,Online
ORD102484,CUST100012,PROD1197,2023-05-20,2,2029.94,0.28,2923.11,Debit Card,Online
ORD102485,CUST104034,PROD1180,2023-07-22,4,4036.27,0.11,14369.12,Credit Card,Store
ORD102486,CUST105530,PROD1127,2022-09-06,3,509.27,0.04,1466.7,Net Banking,Store
ORD102487,CUST109772,PROD1020,2024-01-04,1,319.32,0.23,245.88,Cash on Delivery,Store
ORD102488,CUST103433,PROD1147,2024-04-16,2,1570.61,0.08,2889.92,Cash on Delivery,Store
ORD102489,CUST104633,PROD1018,2024-03-15,3,4703.75,0.21,11147.89,Net Banking,Online
ORD102490,CUST102051,PROD1160,2023-04-13,2,2584.14,0.27,3772.84,Cash on Delivery,Store
ORD102491,CUST103876,PROD1062,2024-01-31,2,4227.41,0.18,6932.95,Credit Card,Store
ORD102492,CUST105908,PROD1195,2023-05-25,1,4224.79,0.26,3126.34,UPI,Store
ORD102493,CUST106130,PROD1187,2023-01-29,4,4781.3,0.07,17786.44,UPI,Online
ORD102494,CUST106427,PROD1018,2023-03-16,3,4703.75,0.27,10301.21,Credit Card,Store
ORD102495,CUST101823,PROD1112,2023-12-27,2,441.15,0.07,820.54,Cash on Delivery,Online
ORD102496,CUST103430,PROD1155,2024-03-20,4,2625.54,0.07,9767.01,UPI,Store
ORD102497,CUST102740,PROD1021,2022-06-07,3,1572.17,0.26,3490.22,Cash on Delivery,Online
ORD102498,CUST101788,PROD1050,2022-04-04,2,4767.36,0.17,7913.82,Cash on Delivery,Store
ORD102499,CUST101952,PROD1087,2024-02-29,4,3115.6,0.24,9471.42,Debit Card,Store
ORD102500,CUST109143,PROD1122,2023-05-01,1,2405.73,0.24,1828.35,UPI,Store
ORD102501,CUST103420,PROD1062,2024-09-24,2,4227.41,0.19,6848.4,Cash on Delivery,Online
ORD102502,CUST103027,PROD1061,2023-03-15,4,1679.78,0.06,6315.97,Debit Card,Store
ORD102503,CUST103101,PROD1156,2022-06-15,1,4272.09,0.21,3374.95,Credit Card,Store
ORD102504,CUST105873,PROD1073,2022-02-25,4,2162.76,0.02,8478.02,UPI,Store
ORD102505,CUST103588,PROD1031,2023-03-31,2,3607.34,0.06,6781.8,Credit Card,Online
ORD102506,CUST103845,PROD1152,2023-01-05,1,3367.3,0.19,2727.51,Credit Card,Store
ORD102507,CUST105737,PROD1143,2023-01-13,2,3731.95,0.27,5448.65,Net Banking,Store
ORD102508,CUST109339,PROD1014,2024-07-20,4,2197.11,0.23,6767.1,UPI,Store
ORD102509,CUST101417,PROD1186,2024-04-25,4,158.9,0.1,572.04,Credit Card,Store
ORD102510,CUST103909,PROD1047,2023-01-30,2,3493.68,0.25,5240.52,Credit Card,Online
ORD102511,CUST104745,PROD1017,2023-01-26,2,791.05,0.29,1123.29,Credit Card,Online
ORD102512,CUST102772,PROD1022,2022-12-18,3,1744.61,0.1,4710.45,Cash on Delivery,Store
ORD102513,CUST105175,PROD1054,2022-03-23,3,584.36,0.06,1647.9,UPI,Store
ORD102514,CUST106275,PROD1041,2023-06-30,2,4320.12,0.06,8121.83,UPI,Online
ORD102515,CUST102249,PROD1130,2022-03-04,4,1651.44,0.12,5813.07,UPI,Online
ORD102516,CUST103858,PROD1198,2023-05-29,4,1926.28,0.02,7551.02,UPI,Online
ORD102517,CUST101625,PROD1102,2023-12-03,4,3752.53,0.15,12758.6,UPI,Online
ORD102518,CUST102749,PROD1051,2024-06-21,3,2585.17,0.22,6049.3,Credit Card,Online
ORD102519,CUST102605,PROD1010,2023-07-09,4,794.74,0.16,2670.33,Debit Card,Online
ORD102520,CUST101847,PROD1054,2023-08-30,3,584.36,0.29,1244.69,Net Banking,Store
ORD102521,CUST107207,PROD1087,2024-02-25,4,3115.6,0.14,10717.66,UPI,Store
ORD102522,CUST108770,PROD1113,2022-05-28,2,2996.04,0.0,5992.08,Cash on Delivery,Online
ORD102523,CUST101136,PROD1024,2023-06-03,4,3137.89,0.14,10794.34,Debit Card,Online
ORD102524,CUST103133,PROD1091,2023-12-27,2,1656.34,0.28,2385.13,Cash on Delivery,Online
ORD102525,CUST101157,PROD1086,2022-11-04,2,4422.95,0.03,8580.52,Credit Card,Online
ORD102526,CUST107452,PROD1080,2023-05-20,4,760.03,0.07,2827.31,Net Banking,Store
ORD102527,CUST109841,PROD1168,2024-03-15,3,736.02,0.21,1744.37,Credit Card,Online
ORD102528,CUST107275,PROD1164,2022-04-08,3,3496.96,0.09,9546.7,Credit Card,Store
ORD102529,CUST105413,PROD1182,2022-10-29,3,572.67,0.23,1322.87,UPI,Store
ORD102530,CUST104372,PROD1008,2024-05-20,4,1199.69,0.13,4174.92,Cash on Delivery,Online
ORD102531,CUST105611,PROD1098,2022-02-11,2,1274.77,0.24,1937.65,UPI,Online
ORD102532,CUST101586,PROD1035,2022-11-12,3,1309.41,0.17,3260.43,Credit Card,Online
ORD102533,CUST102323,PROD1056,2024-01-24,3,1642.96,0.02,4830.3,Net Banking,Store
ORD102534,CUST100233,PROD1062,2023-01-19,1,4227.41,0.12,3720.12,Debit Card,Online
ORD102535,CUST109457,PROD1081,2022-04-14,4,473.74,0.1,1705.46,Credit Card,Store
ORD102536,CUST107916,PROD1019,2024-01-29,4,1794.76,0.24,5456.07,Credit Card,Online
ORD102537,CUST100031,PROD1046,2022-12-02,4,3362.42,0.19,10894.24,Credit Card,Online
ORD102538,CUST109563,PROD1019,2023-08-13,1,1794.76,0.23,1381.97,Cash on Delivery,Online
ORD102539,CUST108951,PROD1005,2023-09-28,2,900.54,0.11,1602.96,Debit Card,Store
ORD102540,CUST103203,PROD1072,2022-02-01,2,4258.76,0.21,6728.84,Net Banking,Online
ORD102541,CUST105894,PROD1106,2024-07-22,3,822.51,0.02,2418.18,Credit Card,Store
ORD102542,CUST101794,PROD1092,2023-11-10,1,2248.29,0.01,2225.81,Debit Card,Store
ORD102543,CUST100761,PROD1028,2022-10-09,1,4912.04,0.09,4469.96,Credit Card,Online
ORD102544,CUST104080,PROD1099,2022-01-30,2,4731.44,0.23,7286.42,Debit Card,Online
ORD102545,CUST100281,PROD1110,2024-02-05,3,2932.67,0.16,7390.33,Debit Card,Store
ORD102546,CUST104071,PROD1120,2023-11-12,4,1608.36,0.12,5661.43,Cash on Delivery,Store
ORD102547,CUST104625,PROD1048,2024-05-20,4,3417.13,0.27,9978.02,Cash on Delivery,Store
ORD102548,CUST105978,PROD1107,2023-01-28,4,2161.29,0.15,7348.39,Debit Card,Online
ORD102549,CUST109007,PROD1133,2022-02-01,2,1474.25,0.18,2417.77,UPI,Online
ORD102550,CUST104559,PROD1038,2023-11-27,4,2162.08,0.3,6053.82,Credit Card,Online
ORD102551,CUST101470,PROD1031,2023-07-19,3,3607.34,0.16,9090.5,Cash on Delivery,Online
ORD102552,CUST103287,PROD1176,2024-06-21,1,770.65,0.24,585.69,Debit Card,Online
ORD102553,CUST104259,PROD1042,2024-08-29,3,935.8,0.12,2470.51,UPI,Online
ORD102554,CUST105706,PROD1107,2024-07-07,1,2161.29,0.01,2139.68,Debit Card,Store
ORD102555,CUST100510,PROD1027,2024-04-28,4,133.03,0.25,399.09,Net Banking,Online
ORD102556,CUST107961,PROD1044,2024-08-05,1,452.32,0.28,325.67,Debit Card,Store
ORD102557,CUST108746,PROD1064,2022-05-29,4,4980.76,0.13,17333.04,Net Banking,Store
ORD102558,CUST106784,PROD1049,2022-03-17,1,2805.47,0.15,2384.65,Cash on Delivery,Online
ORD102559,CUST109498,PROD1053,2024-09-08,2,1312.97,0.13,2284.57,Cash on Delivery,Store
ORD102560,CUST105493,PROD1050,2023-02-11,2,4767.36,0.3,6674.3,Debit Card,Online
ORD102561,CUST100258,PROD1042,2023-08-04,2,935.8,0.27,1366.27,Cash on Delivery,Store
ORD102562,CUST106588,PROD1063,2022-10-01,3,4377.63,0.01,13001.56,Debit Card,Online
ORD102563,CUST109416,PROD1029,2024-01-11,2,935.53,0.23,1440.72,Debit Card,Online
ORD102564,CUST101665,PROD1169,2023-07-03,1,2046.46,0.18,1678.1,Net Banking,Store
ORD102565,CUST109595,PROD1165,2023-10-09,4,4146.73,0.01,16421.05,Credit Card,Store
ORD102566,CUST101865,PROD1086,2022-03-02,2,4422.95,0.13,7695.93,Debit Card,Online
ORD102567,CUST100765,PROD1065,2022-05-11,4,1779.33,0.04,6832.63,Credit Card,Store
ORD102568,CUST108256,PROD1068,2023-05-28,1,3161.5,0.26,2339.51,UPI,Store
ORD102569,CUST103449,PROD1014,2022-03-01,2,2197.11,0.0,4394.22,Cash on Delivery,Store
ORD102570,CUST102705,PROD1188,2024-06-20,3,2539.12,0.26,5636.85,UPI,Store
ORD102571,CUST105765,PROD1109,2023-01-15,3,4287.18,0.28,9260.31,UPI,Store
ORD102572,CUST104974,PROD1133,2024-04-18,1,1474.25,0.02,1444.76,Debit Card,Online
ORD102573,CUST100195,PROD1023,2022-12-13,2,554.45,0.22,864.94,UPI,Online
ORD102574,CUST101383,PROD1120,2023-03-18,2,1608.36,0.16,2702.04,Debit Card,Store
ORD102575,CUST102435,PROD1084,2023-06-27,1,1758.62,0.29,1248.62,Cash on Delivery,Store
ORD102576,CUST101450,PROD1141,2024-02-15,3,1551.56,0.24,3537.56,Cash on Delivery,Store
ORD102577,CUST108414,PROD1139,2024-08-31,2,3501.6,0.21,5532.53,UPI,Online
ORD102578,CUST107924,PROD1182,2024-06-05,2,572.67,0.28,824.64,Debit Card,Online
ORD102579,CUST107058,PROD1067,2023-02-03,2,1221.16,0.05,2320.2,Net Banking,Store
ORD102580,CUST107316,PROD1121,2022-01-07,4,1191.0,0.11,4239.96,Net Banking,Online
ORD102581,CUST105628,PROD1043,2023-01-26,4,1864.75,0.25,5594.25,Credit Card,Online
ORD102582,CUST100441,PROD1084,2024-07-17,3,1758.62,0.03,5117.58,Credit Card,Online
ORD102583,CUST109629,PROD1178,2024-07-25,2,4804.5,0.28,6918.48,Credit Card,Store
ORD102584,CUST102367,PROD1165,2024-08-10,3,4146.73,0.22,9703.35,UPI,Online
ORD102585,CUST104865,PROD1040,2022-05-15,4,331.95,0.13,1155.19,Debit Card,Store
ORD102586,CUST109074,PROD1121,2024-08-12,4,1191.0,0.1,4287.6,Credit Card,Store
ORD102587,CUST107159,PROD1043,2022-01-20,2,1864.75,0.04,3580.32,Debit Card,Online
ORD102588,CUST100450,PROD1074,2022-11-23,3,1160.21,0.03,3376.21,UPI,Online
ORD102589,CUST107039,PROD1091,2023-03-10,1,1656.34,0.13,1441.02,Debit Card,Store
ORD102590,CUST105198,PROD1015,2023-10-16,3,3483.28,0.25,7837.38,Debit Card,Online
ORD102591,CUST108934,PROD1177,2023-01-09,1,3377.85,0.16,2837.39,UPI,Online
ORD102592,CUST107286,PROD1165,2022-05-23,2,4146.73,0.14,7132.38,Net Banking,Store
ORD102593,CUST109736,PROD1085,2023-12-23,4,657.06,0.1,2365.42,Debit Card,Store
ORD102594,CUST103350,PROD1132,2023-01-29,2,1728.02,0.05,3283.24,Debit Card,Store
ORD102595,CUST102829,PROD1136,2023-04-28,4,4779.14,0.3,13381.59,Cash on Delivery,Online
ORD102596,CUST102613,PROD1076,2024-09-13,2,4330.45,0.01,8574.29,Cash on Delivery,Online
ORD102597,CUST101915,PROD1038,2023-09-29,1,2162.08,0.09,1967.49,Credit Card,Store
ORD102598,CUST107212,PROD1086,2023-05-06,2,4422.95,0.23,6811.34,Credit Card,Online
ORD102599,CUST109440,PROD1154,2022-11-17,3,1389.72,0.16,3502.09,UPI,Store
ORD102600,CUST100527,PROD1159,2024-08-08,3,464.94,0.09,1269.29,UPI,Online
ORD102601,CUST104819,PROD1063,2023-02-16,1,4377.63,0.3,3064.34,Cash on Delivery,Store
ORD102602,CUST107879,PROD1160,2022-12-20,3,2584.14,0.19,6279.46,Cash on Delivery,Online
ORD102603,CUST108432,PROD1105,2023-03-08,1,850.29,0.09,773.76,Credit Card,Store
ORD102604,CUST108556,PROD1089,2022-01-03,1,1920.59,0.25,1440.44,Cash on Delivery,Store
ORD102605,CUST101208,PROD1145,2024-08-13,4,4568.9,0.05,17361.82,Debit Card,Store
ORD102606,CUST104120,PROD1066,2022-05-11,4,3804.6,0.14,13087.82,Debit Card,Online
ORD102607,CUST106476,PROD1004,2022-03-16,2,1760.0,0.25,2640.0,Cash on Delivery,Online
ORD102608,CUST102961,PROD1058,2022-11-20,4,1109.98,0.3,3107.94,UPI,Store
ORD102609,CUST104776,PROD1075,2023-04-23,1,2758.4,0.11,2454.98,Credit Card,Online
ORD102610,CUST102417,PROD1003,2024-07-23,4,1363.94,0.04,5237.53,Debit Card,Online
ORD102611,CUST101616,PROD1015,2024-08-07,3,3483.28,0.17,8673.37,UPI,Store
ORD102612,CUST109227,PROD1074,2022-06-09,3,1160.21,0.28,2506.05,Cash on Delivery,Online
ORD102613,CUST108911,PROD1099,2024-02-23,2,4731.44,0.2,7570.3,Credit Card,Online
ORD102614,CUST104682,PROD1120,2022-01-17,1,1608.36,0.18,1318.86,Credit Card,Online
ORD102615,CUST109165,PROD1175,2023-01-30,2,2304.65,0.09,4194.46,UPI,Store
ORD102616,CUST106825,PROD1065,2022-12-22,2,1779.33,0.18,2918.1,UPI,Store
ORD102617,CUST101846,PROD1135,2022-02-01,4,3539.91,0.27,10336.54,UPI,Online
ORD102618,CUST101371,PROD1171,2024-06-07,2,4945.55,0.11,8803.08,Cash on Delivery,Online
ORD102619,CUST101466,PROD1020,2023-04-28,4,319.32,0.07,1187.87,Cash on Delivery,Online
ORD102620,CUST108882,PROD1025,2024-06-04,4,1799.14,0.14,6189.04,UPI,Online
ORD102621,CUST100087,PROD1162,2022-06-04,2,307.56,0.11,547.46,Cash on Delivery,Store
ORD102622,CUST102512,PROD1142,2023-09-16,2,1570.45,0.14,2701.17,Credit Card,Online
ORD102623,CUST108685,PROD1167,2023-09-02,1,3946.83,0.03,3828.43,Net Banking,Store
ORD102624,CUST101245,PROD1029,2024-02-12,4,935.53,0.1,3367.91,Cash on Delivery,Store
ORD102625,CUST106116,PROD1065,2024-05-06,3,1779.33,0.25,4003.49,Credit Card,Store
ORD102626,CUST109333,PROD1079,2023-08-27,1,127.55,0.12,112.24,Net Banking,Online
ORD102627,CUST104231,PROD1012,2023-10-20,4,1673.76,0.29,4753.48,Net Banking,Online
ORD102628,CUST100977,PROD1000,2023-05-30,4,1986.03,0.21,6275.85,UPI,Online
ORD102629,CUST108733,PROD1170,2024-03-06,4,4925.25,0.11,17533.89,UPI,Store
ORD102630,CUST106722,PROD1155,2024-08-19,4,2625.54,0.08,9661.99,Credit Card,Online
ORD102631,CUST109594,PROD1128,2024-03-12,4,3522.95,0.21,11132.52,UPI,Store
ORD102632,CUST109002,PROD1167,2022-12-08,1,3946.83,0.09,3591.62,Net Banking,Online
ORD102633,CUST104507,PROD1161,2023-02-10,4,4435.03,0.28,12772.89,Credit Card,Online
ORD102634,CUST103492,PROD1140,2023-01-08,2,4426.54,0.03,8587.49,Credit Card,Online
ORD102635,CUST104925,PROD1060,2022-10-13,3,4998.52,0.01,14845.6,Credit Card,Store
ORD102636,CUST101133,PROD1116,2024-09-20,1,4033.51,0.07,3751.16,UPI,Store
ORD102637,CUST104865,PROD1065,2023-07-14,1,1779.33,0.18,1459.05,UPI,Online
ORD102638,CUST107769,PROD1122,2023-07-31,3,2405.73,0.25,5412.89,UPI,Online
ORD102639,CUST108760,PROD1003,2022-08-09,1,1363.94,0.05,1295.74,Cash on Delivery,Online
ORD102640,CUST103000,PROD1140,2024-08-14,4,4426.54,0.18,14519.05,Cash on Delivery,Store
ORD102641,CUST109513,PROD1035,2022-05-27,4,1309.41,0.04,5028.13,Cash on Delivery,Online
ORD102642,CUST107666,PROD1095,2024-09-05,3,4205.79,0.17,10472.42,Credit Card,Online
ORD102643,CUST106704,PROD1188,2022-06-29,1,2539.12,0.01,2513.73,UPI,Store
ORD102644,CUST107365,PROD1185,2023-05-25,2,2516.6,0.17,4177.56,Cash on Delivery,Store
ORD102645,CUST106632,PROD1084,2022-10-24,3,1758.62,0.16,4431.72,Credit Card,Store
ORD102646,CUST101767,PROD1142,2022-12-15,1,1570.45,0.01,1554.75,Net Banking,Online
ORD102647,CUST102074,PROD1089,2023-05-06,1,1920.59,0.21,1517.27,Cash on Delivery,Store
ORD102648,CUST101141,PROD1084,2022-12-19,3,1758.62,0.17,4378.96,Credit Card,Store
ORD102649,CUST101077,PROD1011,2022-03-22,4,1834.14,0.19,5942.61,Debit Card,Store
ORD102650,CUST104599,PROD1075,2024-05-19,3,2758.4,0.16,6951.17,Cash on Delivery,Store
ORD102651,CUST106120,PROD1068,2023-12-06,3,3161.5,0.22,7397.91,Net Banking,Online
ORD102652,CUST108343,PROD1188,2023-03-10,3,2539.12,0.16,6398.58,Credit Card,Store
ORD102653,CUST104832,PROD1041,2024-03-19,3,4320.12,0.28,9331.46,Cash on Delivery,Store
ORD102654,CUST108670,PROD1159,2022-05-03,3,464.94,0.28,1004.27,Cash on Delivery,Online
ORD102655,CUST101685,PROD1129,2022-10-16,4,1033.9,0.22,3225.77,Debit Card,Online
ORD102656,CUST103491,PROD1007,2024-01-10,2,4532.56,0.27,6617.54,Credit Card,Store
ORD102657,CUST101371,PROD1053,2023-04-15,4,1312.97,0.28,3781.35,Credit Card,Store
ORD102658,CUST105459,PROD1135,2023-05-25,2,3539.91,0.08,6513.43,Credit Card,Store
ORD102659,CUST103423,PROD1087,2023-08-17,4,3115.6,0.3,8723.68,UPI,Online
ORD102660,CUST109888,PROD1140,2024-07-01,3,4426.54,0.08,12217.25,Debit Card,Online
ORD102661,CUST103976,PROD1028,2023-04-25,1,4912.04,0.01,4862.92,Credit Card,Online
ORD102662,CUST101398,PROD1012,2023-08-19,2,1673.76,0.29,2376.74,Debit Card,Online
ORD102663,CUST105361,PROD1057,2024-01-25,2,2667.72,0.07,4961.96,UPI,Online
ORD102664,CUST101401,PROD1062,2023-03-15,1,4227.41,0.18,3466.48,Credit Card,Online
ORD102665,CUST109900,PROD1086,2023-12-28,2,4422.95,0.29,6280.59,Debit Card,Store
ORD102666,CUST101412,PROD1174,2024-09-14,4,4761.29,0.01,18854.71,Debit Card,Online
ORD102667,CUST106430,PROD1086,2022-06-23,2,4422.95,0.08,8138.23,UPI,Online
ORD102668,CUST103230,PROD1073,2022-12-12,4,2162.76,0.18,7093.85,Debit Card,Store
ORD102669,CUST107521,PROD1037,2024-08-12,3,3402.6,0.23,7860.01,UPI,Store
ORD102670,CUST105849,PROD1068,2024-04-18,2,3161.5,0.24,4805.48,Cash on Delivery,Online
ORD102671,CUST106056,PROD1068,2022-04-15,2,3161.5,0.27,4615.79,Debit Card,Store
ORD102672,CUST104722,PROD1167,2023-07-23,2,3946.83,0.05,7498.98,UPI,Online
ORD102673,CUST108109,PROD1128,2024-02-27,4,3522.95,0.11,12541.7,Net Banking,Store
ORD102674,CUST101264,PROD1129,2023-11-12,3,1033.9,0.21,2450.34,Credit Card,Store
ORD102675,CUST102259,PROD1112,2024-01-21,1,441.15,0.21,348.51,Credit Card,Online
ORD102676,CUST100362,PROD1028,2023-08-10,1,4912.04,0.09,4469.96,Credit Card,Online
ORD102677,CUST106276,PROD1121,2023-03-31,1,1191.0,0.09,1083.81,UPI,Online
ORD102678,CUST109724,PROD1006,2022-10-21,4,2076.92,0.1,7476.91,UPI,Online
ORD102679,CUST106420,PROD1184,2024-03-05,1,4915.01,0.27,3587.96,Credit Card,Online
ORD102680,CUST105384,PROD1054,2023-01-28,2,584.36,0.27,853.17,UPI,Online
ORD102681,CUST106748,PROD1163,2022-07-15,3,1140.38,0.0,3421.14,Debit Card,Online
ORD102682,CUST109575,PROD1006,2023-02-26,3,2076.92,0.1,5607.68,Debit Card,Store
ORD102683,CUST107831,PROD1091,2023-04-22,4,1656.34,0.12,5830.32,Debit Card,Online
ORD102684,CUST100666,PROD1009,2024-05-30,2,3453.81,0.29,4904.41,Cash on Delivery,Online
ORD102685,CUST102812,PROD1079,2022-08-06,1,127.55,0.28,91.84,Credit Card,Online
ORD102686,CUST102475,PROD1073,2022-06-02,3,2162.76,0.19,5255.51,Net Banking,Store
ORD102687,CUST106973,PROD1166,2024-02-21,2,4056.26,0.01,8031.39,Credit Card,Online
ORD102688,CUST103100,PROD1057,2022-02-06,2,2667.72,0.06,5015.31,Debit Card,Online
ORD102689,CUST103401,PROD1089,2023-11-21,4,1920.59,0.13,6683.65,Credit Card,Store
ORD102690,CUST105015,PROD1097,2022-12-14,4,2401.45,0.29,6820.12,Cash on Delivery,Online
ORD102691,CUST102551,PROD1039,2023-12-13,2,2735.18,0.03,5306.25,Debit Card,Store
ORD102692,CUST102151,PROD1141,2022-06-19,4,1551.56,0.24,4716.74,Cash on Delivery,Online
ORD102693,CUST106637,PROD1128,2024-08-28,2,3522.95,0.06,6623.15,Cash on Delivery,Online
ORD102694,CUST100387,PROD1144,2022-11-06,4,1220.66,0.15,4150.24,Cash on Delivery,Store
ORD102695,CUST105864,PROD1048,2023-09-29,3,3417.13,0.23,7893.57,Debit Card,Online
ORD102696,CUST103161,PROD1085,2023-11-06,4,657.06,0.21,2076.31,Cash on Delivery,Store
ORD102697,CUST102380,PROD1143,2024-06-09,2,3731.95,0.23,5747.2,Cash on Delivery,Online
ORD102698,CUST108568,PROD1134,2024-03-09,3,3708.05,0.24,8454.35,Net Banking,Store
ORD102699,CUST104335,PROD1142,2022-12-20,2,1570.45,0.09,2858.22,Credit Card,Store
ORD102700,CUST101280,PROD1114,2022-09-07,2,671.01,0.11,1194.4,Net Banking,Online
ORD102701,CUST100743,PROD1020,2023-01-14,4,319.32,0.24,970.73,Credit Card,Store
ORD102702,CUST107356,PROD1065,2024-07-30,3,1779.33,0.01,5284.61,Debit Card,Store
ORD102703,CUST103486,PROD1186,2024-01-10,2,158.9,0.15,270.13,Net Banking,Online
ORD102704,CUST108023,PROD1175,2022-05-25,1,2304.65,0.28,1659.35,UPI,Online
ORD102705,CUST101068,PROD1088,2023-09-17,4,4002.67,0.27,11687.8,Debit Card,Online
ORD102706,CUST109200,PROD1177,2024-05-02,3,3377.85,0.24,7701.5,Debit Card,Store
ORD102707,CUST106971,PROD1137,2024-05-07,3,3649.67,0.01,10839.52,Credit Card,Store
ORD102708,CUST107526,PROD1051,2023-05-04,2,2585.17,0.27,3774.35,Credit Card,Store
ORD102709,CUST108534,PROD1195,2022-04-02,3,4224.79,0.27,9252.29,Cash on Delivery,Online
ORD102710,CUST100630,PROD1157,2022-06-30,3,1005.94,0.2,2414.26,UPI,Online
ORD102711,CUST100297,PROD1033,2022-05-08,1,647.39,0.09,589.12,Debit Card,Store
ORD102712,CUST108148,PROD1093,2022-10-05,3,3090.85,0.15,7881.67,Debit Card,Store
ORD102713,CUST108889,PROD1085,2023-03-18,1,657.06,0.23,505.94,Net Banking,Store
ORD102714,CUST105316,PROD1064,2023-11-12,4,4980.76,0.24,15141.51,Credit Card,Store
ORD102715,CUST101505,PROD1059,2022-09-16,4,4207.05,0.1,15145.38,Net Banking,Store
ORD102716,CUST102825,PROD1135,2022-12-14,4,3539.91,0.1,12743.68,Credit Card,Online
ORD102717,CUST108570,PROD1074,2023-07-29,3,1160.21,0.22,2714.89,Credit Card,Online
ORD102718,CUST108897,PROD1192,2023-04-29,4,3116.29,0.21,9847.48,Net Banking,Online
ORD102719,CUST102414,PROD1068,2024-04-13,1,3161.5,0.15,2687.28,Net Banking,Online
ORD102720,CUST105656,PROD1184,2022-10-29,3,4915.01,0.13,12828.18,Net Banking,Online
ORD102721,CUST108962,PROD1044,2022-07-31,3,452.32,0.2,1085.57,Credit Card,Online
ORD102722,CUST109286,PROD1048,2023-05-03,1,3417.13,0.01,3382.96,UPI,Online
ORD102723,CUST105147,PROD1061,2024-01-24,1,1679.78,0.02,1646.18,Net Banking,Online
ORD102724,CUST104444,PROD1166,2023-04-29,1,4056.26,0.17,3366.7,Credit Card,Store
ORD102725,CUST107547,PROD1148,2023-10-10,4,3902.89,0.06,14674.87,Net Banking,Online
ORD102726,CUST109423,PROD1120,2023-07-05,3,1608.36,0.23,3715.31,UPI,Online
ORD102727,CUST101446,PROD1052,2024-07-09,2,2302.12,0.23,3545.26,UPI,Online
ORD102728,CUST102402,PROD1172,2023-04-08,2,3051.89,0.21,4821.99,Cash on Delivery,Store
ORD102729,CUST105642,PROD1096,2022-12-16,3,4510.68,0.27,9878.39,Cash on Delivery,Store
ORD102730,CUST101826,PROD1120,2022-10-30,3,1608.36,0.04,4632.08,UPI,Store
ORD102731,CUST107918,PROD1155,2023-02-22,1,2625.54,0.08,2415.5,Net Banking,Online
ORD102732,CUST103847,PROD1052,2022-03-09,4,2302.12,0.08,8471.8,Cash on Delivery,Online
ORD102733,CUST101092,PROD1008,2022-02-26,1,1199.69,0.23,923.76,Credit Card,Online
ORD102734,CUST104677,PROD1074,2023-04-15,1,1160.21,0.16,974.58,UPI,Store
ORD102735,CUST101720,PROD1103,2022-06-02,2,472.31,0.08,869.05,Net Banking,Online
ORD102736,CUST100882,PROD1092,2022-07-20,4,2248.29,0.04,8633.43,Credit Card,Store
ORD102737,CUST100123,PROD1123,2023-08-22,3,4620.97,0.27,10119.92,UPI,Online
ORD102738,CUST103490,PROD1121,2024-04-09,3,1191.0,0.21,2822.67,UPI,Online
ORD102739,CUST105797,PROD1198,2022-02-08,2,1926.28,0.16,3236.15,Net Banking,Online
ORD102740,CUST100602,PROD1060,2023-05-27,1,4998.52,0.29,3548.95,Net Banking,Store
ORD102741,CUST103831,PROD1154,2022-09-05,4,1389.72,0.25,4169.16,Debit Card,Online
ORD102742,CUST105460,PROD1123,2022-04-24,1,4620.97,0.05,4389.92,Net Banking,Online
ORD102743,CUST108496,PROD1149,2023-01-13,4,1630.37,0.15,5543.26,Credit Card,Store
ORD102744,CUST106946,PROD1094,2023-12-17,1,2515.62,0.15,2138.28,Cash on Delivery,Online
ORD102745,CUST103228,PROD1029,2023-12-19,4,935.53,0.25,2806.59,Net Banking,Store
ORD102746,CUST109443,PROD1091,2022-05-15,1,1656.34,0.04,1590.09,Net Banking,Store
ORD102747,CUST109128,PROD1083,2024-05-12,2,1976.87,0.14,3400.22,Cash on Delivery,Online
ORD102748,CUST106508,PROD1014,2024-02-13,4,2197.11,0.19,7118.64,Cash on Delivery,Store
ORD102749,CUST102313,PROD1142,2024-09-09,1,1570.45,0.28,1130.72,UPI,Store
ORD102750,CUST103289,PROD1052,2024-08-07,4,2302.12,0.27,6722.19,UPI,Store
ORD102751,CUST106996,PROD1022,2022-05-03,1,1744.61,0.16,1465.47,Cash on Delivery,Store
ORD102752,CUST104844,PROD1069,2023-08-18,2,3553.73,0.18,5828.12,Cash on Delivery,Online
ORD102753,CUST102198,PROD1108,2022-08-01,4,871.28,0.26,2578.99,Cash on Delivery,Store
ORD102754,CUST108877,PROD1143,2024-02-26,1,3731.95,0.22,2910.92,Credit Card,Online
ORD102755,CUST104235,PROD1086,2023-05-17,2,4422.95,0.26,6545.97,Debit Card,Online
ORD102756,CUST108246,PROD1192,2022-06-24,1,3116.29,0.27,2274.89,Credit Card,Store
ORD102757,CUST103212,PROD1172,2022-10-02,3,3051.89,0.25,6866.75,Debit Card,Online
ORD102758,CUST104169,PROD1006,2022-08-24,1,2076.92,0.0,2076.92,UPI,Store
ORD102759,CUST103206,PROD1172,2023-06-30,3,3051.89,0.09,8331.66,Cash on Delivery,Online
ORD102760,CUST100641,PROD1038,2022-06-20,2,2162.08,0.12,3805.26,Credit Card,Store
ORD102761,CUST104839,PROD1103,2023-10-15,1,472.31,0.2,377.85,Cash on Delivery,Store
ORD102762,CUST106169,PROD1049,2023-02-24,4,2805.47,0.09,10211.91,Cash on Delivery,Online
ORD102763,CUST107655,PROD1176,2023-06-21,4,770.65,0.1,2774.34,Cash on Delivery,Store
ORD102764,CUST100061,PROD1047,2022-04-07,4,3493.68,0.12,12297.75,Credit Card,Store
ORD102765,CUST101223,PROD1048,2024-04-03,4,3417.13,0.29,9704.65,Cash on Delivery,Store
ORD102766,CUST100492,PROD1167,2022-01-21,1,3946.83,0.13,3433.74,UPI,Online
ORD102767,CUST106822,PROD1166,2022-10-17,1,4056.26,0.04,3894.01,Debit Card,Online
ORD102768,CUST106611,PROD1184,2023-09-14,3,4915.01,0.0,14745.03,Net Banking,Online
ORD102769,CUST101139,PROD1081,2024-03-03,1,473.74,0.07,440.58,UPI,Store
ORD102770,CUST105490,PROD1062,2022-03-23,2,4227.41,0.28,6087.47,Debit Card,Store
ORD102771,CUST106794,PROD1183,2022-04-17,4,927.52,0.29,2634.16,Net Banking,Online
ORD102772,CUST101255,PROD1129,2024-02-18,1,1033.9,0.16,868.48,Cash on Delivery,Online
ORD102773,CUST102495,PROD1111,2024-02-26,2,1904.48,0.19,3085.26,UPI,Online
ORD102774,CUST103285,PROD1153,2023-11-20,3,656.81,0.24,1497.53,Net Banking,Online
ORD102775,CUST102255,PROD1095,2024-08-02,2,4205.79,0.02,8243.35,Net Banking,Online
ORD102776,CUST109193,PROD1150,2024-07-18,3,4820.06,0.11,12869.56,Net Banking,Online
ORD102777,CUST101125,PROD1120,2024-06-16,4,1608.36,0.19,5211.09,Cash on Delivery,Store
ORD102778,CUST103881,PROD1017,2022-10-13,3,791.05,0.27,1732.4,Debit Card,Online
ORD102779,CUST104105,PROD1087,2023-09-13,3,3115.6,0.22,7290.5,Debit Card,Store
ORD102780,CUST101146,PROD1067,2023-07-04,2,1221.16,0.11,2173.66,UPI,Online
ORD102781,CUST100786,PROD1059,2024-02-22,4,4207.05,0.27,12284.59,Cash on Delivery,Online
ORD102782,CUST100258,PROD1129,2022-11-27,2,1033.9,0.2,1654.24,Debit Card,Store
ORD102783,CUST103849,PROD1093,2023-12-29,4,3090.85,0.25,9272.55,UPI,Online
ORD102784,CUST106430,PROD1048,2024-04-07,2,3417.13,0.12,6014.15,Debit Card,Online
ORD102785,CUST106174,PROD1165,2022-05-12,1,4146.73,0.0,4146.73,Credit Card,Store
ORD102786,CUST104616,PROD1158,2022-12-05,2,611.58,0.05,1162.0,Cash on Delivery,Store
ORD102787,CUST108180,PROD1167,2022-08-09,3,3946.83,0.28,8525.15,Credit Card,Online
ORD102788,CUST100715,PROD1079,2024-02-21,2,127.55,0.01,252.55,Debit Card,Store
ORD102789,CUST101643,PROD1126,2024-05-31,3,362.9,0.18,892.73,Debit Card,Store
ORD102790,CUST100123,PROD1052,2024-04-28,2,2302.12,0.12,4051.73,Credit Card,Online
ORD102791,CUST101773,PROD1063,2024-02-15,2,4377.63,0.13,7617.08,Cash on Delivery,Online
ORD102792,CUST109113,PROD1032,2022-03-18,3,940.88,0.12,2483.92,UPI,Online
ORD102793,CUST102177,PROD1057,2023-12-28,4,2667.72,0.02,10457.46,Net Banking,Store
ORD102794,CUST106889,PROD1049,2023-08-28,2,2805.47,0.04,5386.5,Credit Card,Online
ORD102795,CUST101503,PROD1063,2024-05-28,1,4377.63,0.02,4290.08,Cash on Delivery,Online
ORD102796,CUST105661,PROD1130,2023-10-13,1,1651.44,0.02,1618.41,Cash on Delivery,Store
ORD102797,CUST107094,PROD1124,2023-08-15,3,1557.13,0.03,4531.25,Net Banking,Store
ORD102798,CUST102124,PROD1060,2022-02-19,3,4998.52,0.21,11846.49,UPI,Store
ORD102799,CUST103254,PROD1123,2024-01-18,3,4620.97,0.03,13447.02,UPI,Online
ORD102800,CUST102413,PROD1137,2022-12-09,1,3649.67,0.08,3357.7,Debit Card,Online
ORD102801,CUST104387,PROD1065,2022-11-28,3,1779.33,0.2,4270.39,Debit Card,Online
ORD102802,CUST106089,PROD1178,2022-10-21,3,4804.5,0.03,13981.1,Credit Card,Store
ORD102803,CUST105833,PROD1029,2022-06-01,4,935.53,0.27,2731.75,UPI,Online
ORD102804,CUST100156,PROD1024,2022-04-05,1,3137.89,0.14,2698.59,Credit Card,Store
ORD102805,CUST109315,PROD1170,2023-11-09,4,4925.25,0.29,13987.71,Debit Card,Online
ORD102806,CUST105003,PROD1119,2024-09-22,4,3955.63,0.06,14873.17,Credit Card,Store
ORD102807,CUST105753,PROD1087,2023-01-16,3,3115.6,0.01,9253.33,Net Banking,Online
ORD102808,CUST100917,PROD1191,2024-08-15,4,598.34,0.18,1962.56,Credit Card,Online
ORD102809,CUST106253,PROD1186,2023-03-16,2,158.9,0.1,286.02,Debit Card,Online
ORD102810,CUST101702,PROD1189,2022-11-17,2,4197.72,0.17,6968.22,Debit Card,Online
ORD102811,CUST101665,PROD1009,2022-03-31,2,3453.81,0.14,5940.55,Net Banking,Online
ORD102812,CUST105389,PROD1191,2023-06-13,4,598.34,0.14,2058.29,Net Banking,Online
ORD102813,CUST107163,PROD1093,2024-05-17,2,3090.85,0.26,4574.46,UPI,Online
ORD102814,CUST105807,PROD1125,2024-07-01,1,4537.33,0.06,4265.09,Net Banking,Store
ORD102815,CUST102111,PROD1187,2024-01-11,2,4781.3,0.15,8128.21,Net Banking,Store
ORD102816,CUST103714,PROD1098,2022-10-10,2,1274.77,0.12,2243.6,UPI,Store
ORD102817,CUST106983,PROD1087,2022-12-11,4,3115.6,0.2,9969.92,Net Banking,Store
ORD102818,CUST105110,PROD1019,2024-01-04,1,1794.76,0.02,1758.86,Cash on Delivery,Store
ORD102819,CUST102397,PROD1116,2022-08-21,4,4033.51,0.16,13552.59,Cash on Delivery,Online
ORD102820,CUST105454,PROD1102,2024-03-03,1,3752.53,0.14,3227.18,Cash on Delivery,Store
ORD102821,CUST101555,PROD1176,2024-05-19,1,770.65,0.29,547.16,Net Banking,Store
ORD102822,CUST104502,PROD1098,2022-12-18,4,1274.77,0.23,3926.29,Debit Card,Online
ORD102823,CUST100343,PROD1122,2023-12-17,2,2405.73,0.05,4570.89,Debit Card,Store
ORD102824,CUST101544,PROD1073,2023-03-09,3,2162.76,0.15,5515.04,UPI,Store
ORD102825,CUST103996,PROD1154,2022-11-10,3,1389.72,0.24,3168.56,Debit Card,Store
ORD102826,CUST106848,PROD1050,2024-09-07,2,4767.36,0.16,8009.16,Debit Card,Store
ORD102827,CUST108230,PROD1184,2024-09-20,3,4915.01,0.11,13123.08,UPI,Online
ORD102828,CUST104382,PROD1078,2023-01-15,3,3766.22,0.11,10055.81,Cash on Delivery,Store
ORD102829,CUST108046,PROD1164,2022-09-14,1,3496.96,0.11,3112.29,UPI,Online
ORD102830,CUST104986,PROD1002,2023-02-01,4,1666.73,0.01,6600.25,Debit Card,Store
ORD102831,CUST103423,PROD1156,2024-08-06,4,4272.09,0.22,13328.92,Debit Card,Store
ORD102832,CUST109220,PROD1195,2024-02-28,2,4224.79,0.18,6928.66,UPI,Store
ORD102833,CUST100235,PROD1174,2022-09-14,2,4761.29,0.08,8760.77,Net Banking,Online
ORD102834,CUST107993,PROD1079,2024-08-30,4,127.55,0.19,413.26,Debit Card,Store
ORD102835,CUST109160,PROD1068,2022-06-08,3,3161.5,0.09,8630.9,Debit Card,Online
ORD102836,CUST105224,PROD1020,2024-04-08,2,319.32,0.07,593.94,UPI,Store
ORD102837,CUST101230,PROD1041,2024-09-09,1,4320.12,0.22,3369.69,Debit Card,Store
ORD102838,CUST100238,PROD1117,2024-02-10,4,2765.48,0.24,8407.06,Net Banking,Store
ORD102839,CUST104924,PROD1020,2022-07-22,3,319.32,0.19,775.95,Net Banking,Store
ORD102840,CUST100051,PROD1129,2023-02-17,1,1033.9,0.24,785.76,UPI,Online
ORD102841,CUST109572,PROD1196,2023-11-19,4,1253.86,0.11,4463.74,Credit Card,Online
ORD102842,CUST101056,PROD1134,2022-03-23,4,3708.05,0.02,14535.56,Cash on Delivery,Store
ORD102843,CUST108213,PROD1034,2023-03-22,3,847.63,0.18,2085.17,Net Banking,Store
ORD102844,CUST108498,PROD1029,2022-01-25,2,935.53,0.08,1721.38,Net Banking,Online
ORD102845,CUST107609,PROD1171,2024-07-18,1,4945.55,0.23,3808.07,Cash on Delivery,Online
ORD102846,CUST102609,PROD1173,2022-01-18,1,3575.41,0.11,3182.11,UPI,Online
ORD102847,CUST103600,PROD1054,2023-05-12,1,584.36,0.2,467.49,Debit Card,Store
ORD102848,CUST101965,PROD1000,2024-08-18,4,1986.03,0.17,6593.62,UPI,Store
ORD102849,CUST106532,PROD1124,2024-03-06,3,1557.13,0.25,3503.54,Credit Card,Store
ORD102850,CUST103578,PROD1181,2024-02-11,3,2171.47,0.25,4885.81,Credit Card,Online
ORD102851,CUST105561,PROD1110,2024-06-05,4,2932.67,0.02,11496.07,Cash on Delivery,Online
ORD102852,CUST102543,PROD1128,2022-04-26,1,3522.95,0.09,3205.88,Credit Card,Store
ORD102853,CUST100504,PROD1062,2022-05-29,1,4227.41,0.26,3128.28,Credit Card,Online
ORD102854,CUST108328,PROD1182,2022-11-22,3,572.67,0.12,1511.85,Cash on Delivery,Online
ORD102855,CUST105084,PROD1085,2022-01-21,2,657.06,0.15,1117.0,Cash on Delivery,Online
ORD102856,CUST109494,PROD1076,2024-09-23,4,4330.45,0.06,16282.49,Cash on Delivery,Store
ORD102857,CUST104014,PROD1121,2023-08-29,2,1191.0,0.17,1977.06,Cash on Delivery,Online
ORD102858,CUST106307,PROD1154,2022-05-28,1,1389.72,0.08,1278.54,Cash on Delivery,Online
ORD102859,CUST103614,PROD1014,2023-09-30,4,2197.11,0.25,6591.33,Net Banking,Store
ORD102860,CUST105142,PROD1126,2024-07-25,4,362.9,0.06,1364.5,Debit Card,Store
ORD102861,CUST106071,PROD1136,2024-01-06,2,4779.14,0.11,8506.87,Cash on Delivery,Store
ORD102862,CUST104806,PROD1068,2024-08-06,4,3161.5,0.03,12266.62,Debit Card,Store
ORD102863,CUST100506,PROD1058,2023-09-25,3,1109.98,0.18,2730.55,Credit Card,Store
ORD102864,CUST109725,PROD1150,2023-10-02,2,4820.06,0.28,6940.89,Net Banking,Online
ORD102865,CUST104003,PROD1107,2023-03-22,3,2161.29,0.05,6159.68,Cash on Delivery,Online
ORD102866,CUST108899,PROD1112,2022-10-14,1,441.15,0.01,436.74,Net Banking,Online
ORD102867,CUST109815,PROD1106,2024-05-17,2,822.51,0.13,1431.17,UPI,Store
ORD102868,CUST107611,PROD1138,2023-10-27,4,3504.61,0.22,10934.38,Debit Card,Online
ORD102869,CUST101707,PROD1023,2022-11-21,2,554.45,0.29,787.32,Cash on Delivery,Online
ORD102870,CUST108493,PROD1071,2022-07-19,3,1115.14,0.02,3278.51,Debit Card,Store
ORD102871,CUST102444,PROD1110,2024-02-24,3,2932.67,0.24,6686.49,Debit Card,Store
ORD102872,CUST108509,PROD1181,2024-09-01,1,2171.47,0.11,1932.61,UPI,Online
ORD102873,CUST105906,PROD1105,2022-05-28,4,850.29,0.05,3231.1,Debit Card,Store
ORD102874,CUST102955,PROD1158,2024-03-23,4,611.58,0.06,2299.54,Credit Card,Online
ORD102875,CUST102927,PROD1149,2023-01-02,1,1630.37,0.28,1173.87,Debit Card,Online
ORD102876,CUST100857,PROD1013,2022-08-09,3,4691.44,0.24,10696.48,UPI,Store
ORD102877,CUST102720,PROD1004,2022-08-16,4,1760.0,0.09,6406.4,UPI,Store
ORD102878,CUST103022,PROD1126,2022-11-02,4,362.9,0.28,1045.15,Cash on Delivery,Store
ORD102879,CUST108868,PROD1016,2022-06-28,3,3052.07,0.03,8881.52,Credit Card,Store
ORD102880,CUST100378,PROD1081,2024-06-06,1,473.74,0.1,426.37,Debit Card,Online
ORD102881,CUST108408,PROD1070,2023-04-21,3,3731.49,0.2,8955.58,UPI,Online
ORD102882,CUST106058,PROD1089,2024-08-25,4,1920.59,0.3,5377.65,UPI,Online
ORD102883,CUST107418,PROD1171,2024-08-31,2,4945.55,0.14,8506.35,Debit Card,Online
ORD102884,CUST104963,PROD1078,2023-02-21,1,3766.22,0.24,2862.33,Debit Card,Store
ORD102885,CUST104851,PROD1092,2023-09-02,2,2248.29,0.27,3282.5,Cash on Delivery,Online
ORD102886,CUST102989,PROD1176,2023-09-20,3,770.65,0.0,2311.95,Cash on Delivery,Store
ORD102887,CUST103830,PROD1064,2022-05-03,1,4980.76,0.09,4532.49,Credit Card,Store
ORD102888,CUST105403,PROD1131,2022-10-12,1,768.23,0.03,745.18,Cash on Delivery,Store
ORD102889,CUST109698,PROD1008,2024-07-06,1,1199.69,0.23,923.76,Cash on Delivery,Online
ORD102890,CUST106850,PROD1035,2023-12-08,3,1309.41,0.17,3260.43,Net Banking,Store
ORD102891,CUST109482,PROD1178,2024-01-22,1,4804.5,0.03,4660.36,Debit Card,Online
ORD102892,CUST101939,PROD1121,2023-12-28,1,1191.0,0.13,1036.17,Cash on Delivery,Store
ORD102893,CUST104694,PROD1159,2022-01-03,4,464.94,0.15,1580.8,Net Banking,Online
ORD102894,CUST107325,PROD1087,2024-01-30,1,3115.6,0.21,2461.32,Net Banking,Online
ORD102895,CUST107715,PROD1120,2022-09-19,4,1608.36,0.23,4953.75,Cash on Delivery,Store
ORD102896,CUST108427,PROD1145,2023-11-11,1,4568.9,0.03,4431.83,UPI,Store
ORD102897,CUST109975,PROD1142,2023-04-16,3,1570.45,0.15,4004.65,Cash on Delivery,Online
ORD102898,CUST107627,PROD1019,2022-11-28,1,1794.76,0.05,1705.02,Cash on Delivery,Store
ORD102899,CUST104195,PROD1057,2024-08-22,1,2667.72,0.23,2054.14,Debit Card,Store
ORD102900,CUST102786,PROD1039,2022-09-18,3,2735.18,0.2,6564.43,UPI,Store
ORD102901,CUST101377,PROD1065,2022-01-03,1,1779.33,0.22,1387.88,Credit Card,Online
ORD102902,CUST102755,PROD1088,2024-02-11,2,4002.67,0.02,7845.23,Cash on Delivery,Online
ORD102903,CUST102083,PROD1140,2023-03-23,1,4426.54,0.15,3762.56,Cash on Delivery,Store
ORD102904,CUST104409,PROD1012,2022-08-04,1,1673.76,0.25,1255.32,Debit Card,Store
ORD102905,CUST106570,PROD1061,2024-02-12,4,1679.78,0.21,5308.1,Credit Card,Store
ORD102906,CUST104612,PROD1155,2024-08-14,4,2625.54,0.26,7771.6,Net Banking,Online
ORD102907,CUST106107,PROD1045,2023-04-24,2,770.29,0.06,1448.15,UPI,Online
ORD102908,CUST104104,PROD1142,2023-07-23,3,1570.45,0.09,4287.33,Credit Card,Store
ORD102909,CUST103549,PROD1092,2024-05-16,1,2248.29,0.13,1956.01,Cash on Delivery,Store
ORD102910,CUST104152,PROD1171,2023-11-13,4,4945.55,0.16,16617.05,Net Banking,Store
ORD102911,CUST107657,PROD1022,2023-08-18,2,1744.61,0.08,3210.08,Debit Card,Store
ORD102912,CUST105478,PROD1100,2023-03-16,3,3701.69,0.11,9883.51,Cash on Delivery,Store
ORD102913,CUST102641,PROD1066,2022-07-19,4,3804.6,0.21,12022.54,Debit Card,Store
ORD102914,CUST105025,PROD1113,2023-10-30,3,2996.04,0.19,7280.38,UPI,Online
ORD102915,CUST107764,PROD1065,2024-04-02,2,1779.33,0.03,3451.9,Debit Card,Store
ORD102916,CUST102112,PROD1049,2024-07-22,3,2805.47,0.3,5891.49,Credit Card,Online
ORD102917,CUST103500,PROD1140,2022-10-06,3,4426.54,0.17,11022.08,Credit Card,Store
ORD102918,CUST105987,PROD1001,2022-05-15,2,2108.14,0.15,3583.84,UPI,Store
ORD102919,CUST107624,PROD1033,2022-10-21,3,647.39,0.29,1378.94,UPI,Store
ORD102920,CUST109201,PROD1039,2022-07-24,2,2735.18,0.04,5251.55,UPI,Online
ORD102921,CUST101629,PROD1068,2024-05-26,3,3161.5,0.16,7966.98,Credit Card,Online
ORD102922,CUST109041,PROD1188,2023-11-28,4,2539.12,0.24,7718.92,Cash on Delivery,Store
ORD102923,CUST107361,PROD1152,2022-03-26,4,3367.3,0.12,11852.9,Credit Card,Store
ORD102924,CUST106260,PROD1076,2022-10-20,4,4330.45,0.22,13511.0,Debit Card,Online
ORD102925,CUST106922,PROD1190,2023-01-25,4,2787.44,0.27,8139.32,UPI,Store
ORD102926,CUST107166,PROD1027,2022-05-18,2,133.03,0.08,244.78,Net Banking,Online
ORD102927,CUST100478,PROD1112,2023-02-15,3,441.15,0.07,1230.81,Credit Card,Store
ORD102928,CUST101310,PROD1055,2023-05-24,2,2785.96,0.11,4959.01,Net Banking,Online
ORD102929,CUST102143,PROD1111,2024-06-02,1,1904.48,0.13,1656.9,Cash on Delivery,Store
ORD102930,CUST100413,PROD1153,2022-08-06,3,656.81,0.03,1911.32,Credit Card,Store
ORD102931,CUST109848,PROD1154,2023-09-10,2,1389.72,0.07,2584.88,Cash on Delivery,Online
ORD102932,CUST103936,PROD1025,2022-02-26,3,1799.14,0.26,3994.09,Cash on Delivery,Store
ORD102933,CUST108187,PROD1014,2022-04-02,3,2197.11,0.17,5470.8,Credit Card,Online
ORD102934,CUST101394,PROD1049,2024-02-23,1,2805.47,0.08,2581.03,Credit Card,Online
ORD102935,CUST102623,PROD1133,2023-01-05,4,1474.25,0.28,4245.84,Cash on Delivery,Online
ORD102936,CUST102290,PROD1067,2023-07-25,3,1221.16,0.23,2820.88,UPI,Online
ORD102937,CUST100638,PROD1131,2023-02-16,3,768.23,0.11,2051.17,Credit Card,Online
ORD102938,CUST100352,PROD1157,2024-02-10,1,1005.94,0.23,774.57,Cash on Delivery,Online
ORD102939,CUST100139,PROD1076,2024-08-10,2,4330.45,0.18,7101.94,Debit Card,Online
ORD102940,CUST108443,PROD1008,2022-07-12,4,1199.69,0.21,3791.02,Net Banking,Store
ORD102941,CUST108860,PROD1169,2022-04-27,2,2046.46,0.1,3683.63,Debit Card,Online
ORD102942,CUST103842,PROD1013,2023-12-08,2,4691.44,0.06,8819.91,Credit Card,Online
ORD102943,CUST108508,PROD1039,2023-11-01,2,2735.18,0.08,5032.73,Credit Card,Online
ORD102944,CUST104018,PROD1130,2022-10-02,4,1651.44,0.03,6407.59,Credit Card,Store
ORD102945,CUST102926,PROD1168,2022-12-19,2,736.02,0.14,1265.95,Credit Card,Online
ORD102946,CUST106892,PROD1032,2024-06-22,2,940.88,0.12,1655.95,Debit Card,Online
ORD102947,CUST107242,PROD1078,2023-03-22,4,3766.22,0.0,15064.88,UPI,Store
ORD102948,CUST101052,PROD1059,2024-02-26,4,4207.05,0.26,12452.87,Cash on Delivery,Store
ORD102949,CUST103563,PROD1063,2022-02-05,1,4377.63,0.2,3502.1,Cash on Delivery,Online
ORD102950,CUST109315,PROD1061,2023-09-16,2,1679.78,0.13,2922.82,Cash on Delivery,Store
ORD102951,CUST101343,PROD1078,2024-01-11,1,3766.22,0.29,2674.02,Net Banking,Store
ORD102952,CUST100569,PROD1134,2022-07-16,3,3708.05,0.28,8009.39,Credit Card,Store
ORD102953,CUST107690,PROD1075,2024-04-07,1,2758.4,0.03,2675.65,Debit Card,Store
ORD102954,CUST103916,PROD1049,2022-10-17,1,2805.47,0.18,2300.49,Debit Card,Online
ORD102955,CUST109192,PROD1038,2023-11-26,1,2162.08,0.25,1621.56,Debit Card,Online
ORD102956,CUST102923,PROD1198,2023-05-01,1,1926.28,0.05,1829.97,UPI,Online
ORD102957,CUST104545,PROD1174,2024-02-05,2,4761.29,0.04,9141.68,Credit Card,Online
ORD102958,CUST103925,PROD1104,2023-02-15,3,431.37,0.08,1190.58,Cash on Delivery,Online
ORD102959,CUST103252,PROD1069,2023-02-27,3,3553.73,0.08,9808.29,Cash on Delivery,Online
ORD102960,CUST107558,PROD1025,2022-08-27,4,1799.14,0.29,5109.56,Credit Card,Online
ORD102961,CUST103392,PROD1057,2022-10-25,3,2667.72,0.23,6162.43,Cash on Delivery,Online
ORD102962,CUST102617,PROD1072,2022-02-11,1,4258.76,0.02,4173.58,Cash on Delivery,Store
ORD102963,CUST105935,PROD1178,2022-03-29,4,4804.5,0.24,14605.68,Credit Card,Store
ORD102964,CUST104355,PROD1051,2022-06-25,1,2585.17,0.05,2455.91,Debit Card,Store
ORD102965,CUST102013,PROD1143,2024-07-15,2,3731.95,0.11,6642.87,Net Banking,Online
ORD102966,CUST101927,PROD1047,2022-10-05,2,3493.68,0.1,6288.62,Credit Card,Online
ORD102967,CUST105332,PROD1026,2022-12-09,3,3182.76,0.08,8784.42,Cash on Delivery,Online
ORD102968,CUST106258,PROD1160,2022-10-24,1,2584.14,0.09,2351.57,Cash on Delivery,Online
ORD102969,CUST104547,PROD1150,2022-10-07,1,4820.06,0.23,3711.45,Net Banking,Online
ORD102970,CUST106915,PROD1172,2023-02-28,1,3051.89,0.08,2807.74,Net Banking,Online
ORD102971,CUST103719,PROD1099,2023-02-20,4,4731.44,0.24,14383.58,Net Banking,Online
ORD102972,CUST109743,PROD1021,2024-03-29,4,1572.17,0.03,6100.02,Credit Card,Online
ORD102973,CUST101682,PROD1041,2022-02-02,4,4320.12,0.18,14169.99,Debit Card,Store
ORD102974,CUST100384,PROD1108,2022-01-28,3,871.28,0.26,1934.24,Net Banking,Online
ORD102975,CUST104708,PROD1032,2022-07-28,3,940.88,0.02,2766.19,UPI,Online
ORD102976,CUST103036,PROD1108,2023-08-25,1,871.28,0.19,705.74,Debit Card,Online
ORD102977,CUST107023,PROD1137,2023-08-17,1,3649.67,0.15,3102.22,Net Banking,Online
ORD102978,CUST104652,PROD1046,2022-09-05,3,3362.42,0.1,9078.53,Cash on Delivery,Online
ORD102979,CUST104445,PROD1095,2023-01-13,4,4205.79,0.03,16318.47,Credit Card,Online
ORD102980,CUST100389,PROD1124,2024-04-26,4,1557.13,0.2,4982.82,Cash on Delivery,Store
ORD102981,CUST102918,PROD1078,2022-12-24,4,3766.22,0.09,13709.04,Cash on Delivery,Store
ORD102982,CUST102113,PROD1038,2023-12-04,4,2162.08,0.1,7783.49,Credit Card,Online
ORD102983,CUST101142,PROD1121,2024-02-29,4,1191.0,0.22,3715.92,Debit Card,Store
ORD102984,CUST100745,PROD1045,2022-01-18,3,770.29,0.28,1663.83,Cash on Delivery,Online
ORD102985,CUST106151,PROD1071,2022-08-01,2,1115.14,0.1,2007.25,Debit Card,Store
ORD102986,CUST101730,PROD1050,2023-12-24,2,4767.36,0.22,7437.08,Credit Card,Store
ORD102987,CUST104385,PROD1024,2023-05-29,2,3137.89,0.29,4455.8,Net Banking,Store
ORD102988,CUST104123,PROD1081,2022-04-04,1,473.74,0.03,459.53,Cash on Delivery,Online
ORD102989,CUST103230,PROD1142,2024-05-06,1,1570.45,0.16,1319.18,Cash on Delivery,Store
ORD102990,CUST102514,PROD1057,2024-07-10,4,2667.72,0.0,10670.88,Credit Card,Online
ORD102991,CUST101769,PROD1186,2024-03-17,1,158.9,0.25,119.18,Credit Card,Online
ORD102992,CUST108299,PROD1025,2022-01-17,3,1799.14,0.09,4911.65,Net Banking,Online
ORD102993,CUST102486,PROD1040,2022-08-27,2,331.95,0.1,597.51,Credit Card,Store
ORD102994,CUST104298,PROD1043,2023-06-12,3,1864.75,0.21,4419.46,UPI,Store
ORD102995,CUST108968,PROD1084,2023-10-29,3,1758.62,0.24,4009.65,UPI,Online
ORD102996,CUST107992,PROD1021,2022-06-26,3,1572.17,0.12,4150.53,Credit Card,Store
ORD102997,CUST106444,PROD1109,2022-05-11,4,4287.18,0.2,13718.98,Net Banking,Store
ORD102998,CUST106021,PROD1036,2022-10-25,4,924.34,0.29,2625.13,UPI,Online
ORD102999,CUST106046,PROD1117,2022-03-04,4,2765.48,0.27,8075.2,Cash on Delivery,Online
ORD103000,CUST108629,PROD1100,2024-09-24,1,3701.69,0.21,2924.34,Net Banking,Online
ORD103001,CUST109226,PROD1141,2024-03-07,4,1551.56,0.28,4468.49,Credit Card,Store
ORD103002,CUST100836,PROD1003,2022-05-10,1,1363.94,0.26,1009.32,UPI,Store
ORD103003,CUST104702,PROD1023,2022-12-29,3,554.45,0.22,1297.41,Net Banking,Store
ORD103004,CUST100641,PROD1193,2023-09-08,2,4987.26,0.28,7181.65,Cash on Delivery,Online
ORD103005,CUST103174,PROD1190,2022-09-27,4,2787.44,0.25,8362.32,Credit Card,Store
ORD103006,CUST101808,PROD1064,2022-09-25,1,4980.76,0.15,4233.65,Debit Card,Store
ORD103007,CUST107653,PROD1065,2023-05-15,1,1779.33,0.15,1512.43,UPI,Online
ORD103008,CUST106253,PROD1012,2024-03-02,4,1673.76,0.0,6695.04,Cash on Delivery,Store
ORD103009,CUST103875,PROD1026,2023-06-24,4,3182.76,0.01,12603.73,Net Banking,Online
ORD103010,CUST108834,PROD1115,2023-05-02,3,3741.78,0.22,8755.77,UPI,Store
ORD103011,CUST108894,PROD1080,2024-07-02,1,760.03,0.17,630.82,UPI,Store
ORD103012,CUST102848,PROD1120,2022-08-05,2,1608.36,0.23,2476.87,Credit Card,Online
ORD103013,CUST103612,PROD1108,2022-12-23,3,871.28,0.28,1881.96,Cash on Delivery,Store
ORD103014,CUST107062,PROD1144,2023-10-08,1,1220.66,0.14,1049.77,UPI,Online
ORD103015,CUST109914,PROD1068,2022-10-13,3,3161.5,0.03,9199.96,UPI,Store
ORD103016,CUST109040,PROD1056,2023-04-24,3,1642.96,0.19,3992.39,Cash on Delivery,Online
ORD103017,CUST102554,PROD1071,2023-06-30,4,1115.14,0.03,4326.74,Net Banking,Online
ORD103018,CUST106320,PROD1107,2023-12-24,2,2161.29,0.19,3501.29,Credit Card,Online
ORD103019,CUST101462,PROD1072,2023-11-29,2,4258.76,0.16,7154.72,UPI,Online
ORD103020,CUST105962,PROD1017,2023-02-16,1,791.05,0.21,624.93,Cash on Delivery,Store
ORD103021,CUST106811,PROD1015,2024-08-25,3,3483.28,0.11,9300.36,Debit Card,Online
ORD103022,CUST100510,PROD1178,2022-11-27,4,4804.5,0.04,18449.28,Net Banking,Online
ORD103023,CUST102156,PROD1095,2023-11-24,1,4205.79,0.07,3911.38,Credit Card,Store
ORD103024,CUST102919,PROD1039,2024-02-23,1,2735.18,0.21,2160.79,Debit Card,Online
ORD103025,CUST105191,PROD1038,2024-07-10,1,2162.08,0.14,1859.39,Net Banking,Store
ORD103026,CUST106632,PROD1055,2023-03-25,2,2785.96,0.16,4680.41,UPI,Online
ORD103027,CUST108924,PROD1116,2023-11-28,3,4033.51,0.1,10890.48,Credit Card,Online
ORD103028,CUST101237,PROD1053,2024-07-15,3,1312.97,0.25,2954.18,Net Banking,Online
ORD103029,CUST101480,PROD1171,2022-01-27,4,4945.55,0.3,13847.54,Net Banking,Online
ORD103030,CUST102010,PROD1045,2022-04-22,2,770.29,0.09,1401.93,Net Banking,Store
ORD103031,CUST106897,PROD1159,2023-05-07,2,464.94,0.22,725.31,Net Banking,Online
ORD103032,CUST105629,PROD1175,2024-03-27,1,2304.65,0.05,2189.42,Debit Card,Store
ORD103033,CUST104757,PROD1188,2022-05-17,4,2539.12,0.22,7922.05,Credit Card,Online
ORD103034,CUST107490,PROD1193,2023-06-22,1,4987.26,0.13,4338.92,UPI,Store
ORD103035,CUST102735,PROD1165,2022-09-19,4,4146.73,0.18,13601.27,Credit Card,Store
ORD103036,CUST104199,PROD1042,2023-10-09,4,935.8,0.07,3481.18,Debit Card,Store
ORD103037,CUST107286,PROD1003,2024-02-20,2,1363.94,0.26,2018.63,Credit Card,Online
ORD103038,CUST106200,PROD1004,2023-11-20,2,1760.0,0.05,3344.0,Debit Card,Online
ORD103039,CUST100577,PROD1112,2023-06-06,3,441.15,0.28,952.88,Debit Card,Online
ORD103040,CUST108079,PROD1057,2022-10-26,3,2667.72,0.02,7843.1,Debit Card,Store
ORD103041,CUST100818,PROD1036,2022-04-20,3,924.34,0.09,2523.45,Debit Card,Store
ORD103042,CUST107188,PROD1153,2023-03-09,2,656.81,0.17,1090.3,Net Banking,Online
ORD103043,CUST104174,PROD1008,2023-04-24,1,1199.69,0.26,887.77,Credit Card,Online
ORD103044,CUST101889,PROD1014,2023-09-16,4,2197.11,0.17,7294.41,Cash on Delivery,Online
ORD103045,CUST100558,PROD1087,2023-09-05,4,3115.6,0.06,11714.66,Debit Card,Online
ORD103046,CUST102933,PROD1098,2024-02-25,3,1274.77,0.26,2829.99,Debit Card,Online
ORD103047,CUST109811,PROD1104,2022-09-24,4,431.37,0.18,1414.89,Credit Card,Store
ORD103048,CUST106831,PROD1153,2024-02-17,4,656.81,0.07,2443.33,Net Banking,Online
ORD103049,CUST105949,PROD1190,2023-10-30,2,2787.44,0.17,4627.15,UPI,Online
ORD103050,CUST107643,PROD1197,2022-08-01,2,2029.94,0.2,3247.9,Debit Card,Online
ORD103051,CUST100069,PROD1104,2022-11-05,4,431.37,0.2,1380.38,Net Banking,Online
ORD103052,CUST101189,PROD1026,2022-02-23,1,3182.76,0.22,2482.55,Net Banking,Online
ORD103053,CUST102902,PROD1181,2023-10-27,3,2171.47,0.27,4755.52,Cash on Delivery,Online
ORD103054,CUST104340,PROD1082,2024-02-13,4,595.95,0.25,1787.85,Debit Card,Online
ORD103055,CUST108875,PROD1158,2024-05-23,4,611.58,0.18,2005.98,Net Banking,Online
ORD103056,CUST105895,PROD1031,2023-01-30,3,3607.34,0.01,10713.8,Cash on Delivery,Online
ORD103057,CUST107550,PROD1129,2023-05-27,2,1033.9,0.22,1612.88,Net Banking,Store
ORD103058,CUST105697,PROD1017,2024-03-11,3,791.05,0.29,1684.94,Cash on Delivery,Online
ORD103059,CUST103910,PROD1027,2022-11-21,1,133.03,0.09,121.06,Cash on Delivery,Online
ORD103060,CUST108262,PROD1070,2024-01-08,4,3731.49,0.18,12239.29,Cash on Delivery,Online
ORD103061,CUST105984,PROD1116,2022-04-06,4,4033.51,0.23,12423.21,Net Banking,Store
ORD103062,CUST107715,PROD1099,2022-06-23,4,4731.44,0.19,15329.87,UPI,Online
ORD103063,CUST109454,PROD1087,2022-12-10,3,3115.6,0.28,6729.7,Credit Card,Store
ORD103064,CUST107747,PROD1091,2022-07-24,1,1656.34,0.14,1424.45,Cash on Delivery,Online
ORD103065,CUST102155,PROD1152,2022-02-24,4,3367.3,0.16,11314.13,Debit Card,Online
ORD103066,CUST107956,PROD1038,2024-01-17,2,2162.08,0.01,4280.92,Credit Card,Online
ORD103067,CUST109563,PROD1176,2023-12-11,1,770.65,0.27,562.57,UPI,Online
ORD103068,CUST101915,PROD1131,2022-08-14,1,768.23,0.08,706.77,Credit Card,Store
ORD103069,CUST107918,PROD1051,2022-11-03,1,2585.17,0.29,1835.47,Credit Card,Online
ORD103070,CUST104351,PROD1121,2022-10-08,1,1191.0,0.06,1119.54,UPI,Online
ORD103071,CUST107468,PROD1067,2023-09-09,2,1221.16,0.08,2246.93,Debit Card,Online
ORD103072,CUST107067,PROD1056,2024-03-01,1,1642.96,0.15,1396.52,Cash on Delivery,Store
ORD103073,CUST105264,PROD1012,2023-11-21,2,1673.76,0.2,2678.02,Net Banking,Store
ORD103074,CUST105795,PROD1192,2022-10-29,3,3116.29,0.13,8133.52,Debit Card,Store
ORD103075,CUST109739,PROD1062,2022-07-24,3,4227.41,0.11,11287.18,Debit Card,Store
ORD103076,CUST104455,PROD1070,2022-08-08,3,3731.49,0.16,9403.35,Cash on Delivery,Online
ORD103077,CUST107691,PROD1152,2023-03-04,3,3367.3,0.29,7172.35,Debit Card,Store
ORD103078,CUST101213,PROD1022,2022-05-21,2,1744.61,0.29,2477.35,Debit Card,Online
ORD103079,CUST106439,PROD1029,2023-03-31,4,935.53,0.1,3367.91,Credit Card,Online
ORD103080,CUST109052,PROD1112,2024-08-01,2,441.15,0.2,705.84,Credit Card,Online
ORD103081,CUST109181,PROD1188,2022-05-25,3,2539.12,0.22,5941.54,UPI,Online
ORD103082,CUST102923,PROD1134,2024-08-26,4,3708.05,0.2,11865.76,UPI,Store
ORD103083,CUST101432,PROD1053,2023-06-10,4,1312.97,0.03,5094.32,UPI,Store
ORD103084,CUST100340,PROD1108,2022-06-07,4,871.28,0.16,2927.5,Net Banking,Online
ORD103085,CUST107381,PROD1144,2022-04-15,4,1220.66,0.23,3759.63,Cash on Delivery,Store
ORD103086,CUST101198,PROD1096,2024-01-12,1,4510.68,0.06,4240.04,Net Banking,Store
ORD103087,CUST109659,PROD1059,2024-06-08,3,4207.05,0.1,11359.04,Net Banking,Store
ORD103088,CUST104296,PROD1065,2024-07-14,3,1779.33,0.06,5017.71,UPI,Store
ORD103089,CUST108186,PROD1165,2022-10-16,3,4146.73,0.27,9081.34,Cash on Delivery,Online
ORD103090,CUST104193,PROD1140,2023-09-24,2,4426.54,0.26,6551.28,Net Banking,Store
ORD103091,CUST108113,PROD1051,2023-11-25,3,2585.17,0.05,7367.73,Credit Card,Store
ORD103092,CUST109483,PROD1179,2022-07-04,3,3516.31,0.23,8122.68,Net Banking,Store
ORD103093,CUST104934,PROD1031,2022-08-05,3,3607.34,0.11,9631.6,Credit Card,Store
ORD103094,CUST108543,PROD1008,2022-01-31,2,1199.69,0.21,1895.51,Net Banking,Store
ORD103095,CUST106610,PROD1016,2022-10-06,3,3052.07,0.15,7782.78,Cash on Delivery,Online
ORD103096,CUST109493,PROD1125,2024-08-05,3,4537.33,0.14,11706.31,Credit Card,Store
ORD103097,CUST103087,PROD1081,2023-04-20,1,473.74,0.26,350.57,Credit Card,Online
ORD103098,CUST106073,PROD1039,2022-08-13,3,2735.18,0.19,6646.49,UPI,Store
ORD103099,CUST100455,PROD1103,2024-06-01,4,472.31,0.07,1756.99,Credit Card,Online
ORD103100,CUST105853,PROD1181,2024-04-01,2,2171.47,0.03,4212.65,Net Banking,Store
ORD103101,CUST103250,PROD1127,2023-11-18,4,509.27,0.28,1466.7,Net Banking,Store
ORD103102,CUST109349,PROD1181,2022-06-26,1,2171.47,0.05,2062.9,UPI,Online
ORD103103,CUST100257,PROD1155,2022-03-25,3,2625.54,0.22,6143.76,Debit Card,Online
ORD103104,CUST100481,PROD1199,2023-07-22,2,4504.11,0.15,7656.99,Credit Card,Online
ORD103105,CUST104730,PROD1177,2022-04-02,1,3377.85,0.04,3242.74,Credit Card,Store
ORD103106,CUST101396,PROD1017,2022-01-08,2,791.05,0.23,1218.22,Credit Card,Store
ORD103107,CUST105418,PROD1140,2023-10-24,4,4426.54,0.27,12925.5,Net Banking,Store
ORD103108,CUST105171,PROD1160,2023-07-28,1,2584.14,0.04,2480.77,Cash on Delivery,Online
ORD103109,CUST106073,PROD1142,2022-02-23,2,1570.45,0.02,3078.08,Cash on Delivery,Online
ORD103110,CUST107059,PROD1165,2022-06-12,4,4146.73,0.25,12440.19,Cash on Delivery,Online
ORD103111,CUST106455,PROD1005,2023-09-23,1,900.54,0.15,765.46,UPI,Online
ORD103112,CUST106202,PROD1044,2023-04-24,3,452.32,0.2,1085.57,UPI,Online
ORD103113,CUST106178,PROD1186,2022-04-18,3,158.9,0.13,414.73,Net Banking,Store
ORD103114,CUST100647,PROD1097,2024-05-05,4,2401.45,0.12,8453.1,Cash on Delivery,Online
ORD103115,CUST101611,PROD1118,2022-09-28,3,833.05,0.09,2274.23,Debit Card,Store
ORD103116,CUST103884,PROD1077,2023-09-18,3,4838.73,0.17,12048.44,Credit Card,Online
ORD103117,CUST104982,PROD1047,2022-08-25,1,3493.68,0.05,3319.0,Cash on Delivery,Online
ORD103118,CUST103586,PROD1110,2024-09-17,1,2932.67,0.22,2287.48,Debit Card,Online
ORD103119,CUST107673,PROD1168,2022-09-18,1,736.02,0.16,618.26,Credit Card,Store
ORD103120,CUST106080,PROD1082,2024-09-08,1,595.95,0.25,446.96,Credit Card,Store
ORD103121,CUST100758,PROD1103,2023-06-13,1,472.31,0.28,340.06,UPI,Online
ORD103122,CUST100632,PROD1073,2023-08-27,1,2162.76,0.27,1578.81,Debit Card,Online
ORD103123,CUST107848,PROD1054,2023-09-21,3,584.36,0.18,1437.53,Cash on Delivery,Store
ORD103124,CUST100329,PROD1060,2023-01-22,1,4998.52,0.1,4498.67,Cash on Delivery,Store
ORD103125,CUST105446,PROD1001,2023-02-07,2,2108.14,0.11,3752.49,Net Banking,Online
ORD103126,CUST108201,PROD1115,2022-12-24,2,3741.78,0.2,5986.85,Debit Card,Online
ORD103127,CUST100984,PROD1001,2022-08-07,4,2108.14,0.21,6661.72,Credit Card,Online
ORD103128,CUST100668,PROD1075,2023-04-10,2,2758.4,0.05,5240.96,UPI,Store
ORD103129,CUST100441,PROD1009,2024-09-18,1,3453.81,0.3,2417.67,Net Banking,Online
ORD103130,CUST102925,PROD1075,2023-02-25,3,2758.4,0.03,8026.94,UPI,Store
ORD103131,CUST104020,PROD1166,2022-05-29,2,4056.26,0.18,6652.27,Credit Card,Online
ORD103132,CUST105677,PROD1001,2022-12-23,1,2108.14,0.16,1770.84,Credit Card,Online
ORD103133,CUST108465,PROD1120,2022-02-20,1,1608.36,0.18,1318.86,UPI,Online
ORD103134,CUST104713,PROD1064,2022-02-23,3,4980.76,0.16,12551.52,Net Banking,Store
ORD103135,CUST109218,PROD1193,2022-05-19,1,4987.26,0.02,4887.51,Credit Card,Online
ORD103136,CUST102373,PROD1080,2024-08-18,1,760.03,0.3,532.02,Cash on Delivery,Store
ORD103137,CUST109749,PROD1179,2023-11-01,2,3516.31,0.29,4993.16,Cash on Delivery,Store
ORD103138,CUST103126,PROD1084,2024-05-07,2,1758.62,0.16,2954.48,Cash on Delivery,Store
ORD103139,CUST102933,PROD1043,2024-01-19,4,1864.75,0.06,7011.46,Net Banking,Store
ORD103140,CUST108639,PROD1033,2022-04-23,4,647.39,0.05,2460.08,Net Banking,Store
ORD103141,CUST103368,PROD1072,2023-03-03,2,4258.76,0.02,8347.17,Debit Card,Online
ORD103142,CUST106516,PROD1105,2023-05-13,2,850.29,0.18,1394.48,Debit Card,Online
ORD103143,CUST103806,PROD1172,2022-10-19,4,3051.89,0.14,10498.5,Cash on Delivery,Store
ORD103144,CUST105255,PROD1159,2022-12-12,4,464.94,0.12,1636.59,UPI,Online
ORD103145,CUST108066,PROD1004,2023-05-26,2,1760.0,0.16,2956.8,UPI,Store
ORD103146,CUST108261,PROD1109,2023-03-17,1,4287.18,0.26,3172.51,Cash on Delivery,Online
ORD103147,CUST104585,PROD1190,2024-01-16,1,2787.44,0.02,2731.69,Debit Card,Store
ORD103148,CUST104598,PROD1068,2023-09-24,3,3161.5,0.16,7966.98,Net Banking,Store
ORD103149,CUST105817,PROD1053,2023-08-26,2,1312.97,0.21,2074.49,UPI,Online
ORD103150,CUST100116,PROD1037,2024-07-10,2,3402.6,0.29,4831.69,Net Banking,Store
ORD103151,CUST101813,PROD1136,2023-12-23,2,4779.14,0.22,7455.46,Cash on Delivery,Online
ORD103152,CUST100903,PROD1060,2023-04-26,2,4998.52,0.16,8397.51,Net Banking,Online
ORD103153,CUST108685,PROD1094,2022-08-16,2,2515.62,0.23,3874.05,UPI,Online
ORD103154,CUST106205,PROD1020,2024-09-23,4,319.32,0.3,894.1,Debit Card,Store
ORD103155,CUST103858,PROD1035,2023-09-02,4,1309.41,0.27,3823.48,UPI,Store
ORD103156,CUST102683,PROD1000,2024-04-07,1,1986.03,0.03,1926.45,Credit Card,Online
ORD103157,CUST104175,PROD1149,2022-03-31,1,1630.37,0.17,1353.21,Net Banking,Store
ORD103158,CUST103730,PROD1142,2024-02-29,2,1570.45,0.24,2387.08,Net Banking,Store
ORD103159,CUST106628,PROD1045,2023-06-20,4,770.29,0.2,2464.93,Net Banking,Online
ORD103160,CUST105141,PROD1064,2023-01-31,1,4980.76,0.13,4333.26,Cash on Delivery,Store
ORD103161,CUST105443,PROD1005,2022-03-16,2,900.54,0.1,1620.97,Cash on Delivery,Store
ORD103162,CUST101540,PROD1167,2024-04-07,3,3946.83,0.19,9590.8,UPI,Store
ORD103163,CUST108088,PROD1162,2023-10-23,2,307.56,0.12,541.31,Debit Card,Online
ORD103164,CUST107959,PROD1080,2022-12-02,3,760.03,0.12,2006.48,Credit Card,Store
ORD103165,CUST100625,PROD1188,2022-06-13,3,2539.12,0.25,5713.02,Debit Card,Store
ORD103166,CUST105972,PROD1150,2023-06-03,2,4820.06,0.09,8772.51,Debit Card,Online
ORD103167,CUST106162,PROD1147,2024-08-14,2,1570.61,0.19,2544.39,Credit Card,Online
ORD103168,CUST106797,PROD1027,2023-07-19,2,133.03,0.26,196.88,Cash on Delivery,Store
ORD103169,CUST104858,PROD1164,2022-06-05,2,3496.96,0.19,5665.08,Net Banking,Store
ORD103170,CUST100837,PROD1134,2024-03-02,1,3708.05,0.15,3151.84,Cash on Delivery,Online
ORD103171,CUST102015,PROD1048,2023-05-18,1,3417.13,0.01,3382.96,Net Banking,Online
ORD103172,CUST105156,PROD1023,2024-03-31,3,554.45,0.2,1330.68,Net Banking,Online
ORD103173,CUST108263,PROD1079,2024-02-20,2,127.55,0.3,178.57,Cash on Delivery,Store
ORD103174,CUST107234,PROD1012,2022-11-30,1,1673.76,0.24,1272.06,Debit Card,Online
ORD103175,CUST104748,PROD1091,2023-05-06,1,1656.34,0.19,1341.64,Net Banking,Store
ORD103176,CUST100063,PROD1134,2023-08-30,4,3708.05,0.14,12755.69,Cash on Delivery,Online
ORD103177,CUST108221,PROD1014,2022-11-24,4,2197.11,0.07,8173.25,Debit Card,Store
ORD103178,CUST104652,PROD1086,2022-01-01,1,4422.95,0.21,3494.13,Credit Card,Store
ORD103179,CUST106789,PROD1150,2022-12-26,3,4820.06,0.05,13737.17,Net Banking,Store
ORD103180,CUST107183,PROD1123,2023-09-19,1,4620.97,0.27,3373.31,Debit Card,Store
ORD103181,CUST102325,PROD1068,2022-12-03,2,3161.5,0.11,5627.47,Net Banking,Store
ORD103182,CUST105850,PROD1090,2023-07-07,1,2110.16,0.12,1856.94,Debit Card,Store
ORD103183,CUST104372,PROD1059,2022-07-06,4,4207.05,0.06,15818.51,Credit Card,Online
ORD103184,CUST106364,PROD1009,2022-09-26,4,3453.81,0.14,11881.11,Net Banking,Store
ORD103185,CUST104765,PROD1050,2024-08-07,2,4767.36,0.2,7627.78,Cash on Delivery,Online
ORD103186,CUST107191,PROD1063,2023-03-07,1,4377.63,0.09,3983.64,Debit Card,Online
ORD103187,CUST102879,PROD1105,2023-06-23,2,850.29,0.21,1343.46,Credit Card,Online
ORD103188,CUST102188,PROD1198,2024-08-30,3,1926.28,0.19,4680.86,Net Banking,Online
ORD103189,CUST102781,PROD1055,2022-05-03,4,2785.96,0.11,9918.02,Credit Card,Store
ORD103190,CUST102145,PROD1159,2023-07-06,1,464.94,0.09,423.1,Credit Card,Online
ORD103191,CUST100275,PROD1150,2022-08-07,1,4820.06,0.26,3566.84,Net Banking,Online
ORD103192,CUST101266,PROD1181,2023-02-20,3,2171.47,0.0,6514.41,Net Banking,Store
ORD103193,CUST106576,PROD1090,2024-02-05,3,2110.16,0.21,5001.08,Debit Card,Store
ORD103194,CUST104104,PROD1084,2022-07-05,4,1758.62,0.13,6120.0,Cash on Delivery,Online
ORD103195,CUST102319,PROD1106,2023-08-11,3,822.51,0.22,1924.67,Credit Card,Online
ORD103196,CUST100031,PROD1197,2024-07-27,4,2029.94,0.15,6901.8,Net Banking,Store
ORD103197,CUST100851,PROD1188,2023-07-18,4,2539.12,0.03,9851.79,Credit Card,Online
ORD103198,CUST108796,PROD1078,2022-07-24,2,3766.22,0.29,5348.03,Debit Card,Store
ORD103199,CUST105868,PROD1108,2022-12-02,2,871.28,0.03,1690.28,Debit Card,Store
ORD103200,CUST107720,PROD1101,2024-03-12,4,3236.62,0.05,12299.16,Debit Card,Online
ORD103201,CUST101807,PROD1147,2023-01-25,1,1570.61,0.13,1366.43,Cash on Delivery,Online
ORD103202,CUST106195,PROD1180,2022-10-31,2,4036.27,0.28,5812.23,UPI,Online
ORD103203,CUST106331,PROD1142,2024-07-02,1,1570.45,0.09,1429.11,UPI,Online
ORD103204,CUST106063,PROD1028,2024-04-28,3,4912.04,0.17,12230.98,UPI,Store
ORD103205,CUST107411,PROD1069,2023-11-10,1,3553.73,0.16,2985.13,Cash on Delivery,Store
ORD103206,CUST103562,PROD1079,2023-05-27,3,127.55,0.1,344.38,Cash on Delivery,Store
ORD103207,CUST103198,PROD1064,2024-08-31,4,4980.76,0.21,15739.2,Credit Card,Store
ORD103208,CUST104504,PROD1189,2024-02-14,4,4197.72,0.15,14272.25,Credit Card,Store
ORD103209,CUST107985,PROD1197,2024-02-13,4,2029.94,0.17,6739.4,Debit Card,Online
ORD103210,CUST106734,PROD1015,2024-08-29,3,3483.28,0.06,9822.85,Cash on Delivery,Online
ORD103211,CUST106989,PROD1053,2022-08-14,1,1312.97,0.28,945.34,UPI,Online
ORD103212,CUST102947,PROD1096,2024-03-31,2,4510.68,0.03,8750.72,UPI,Store
ORD103213,CUST104123,PROD1006,2023-05-28,2,2076.92,0.21,3281.53,Credit Card,Online
ORD103214,CUST104783,PROD1059,2022-01-29,1,4207.05,0.27,3071.15,Debit Card,Store
ORD103215,CUST105599,PROD1009,2023-08-27,2,3453.81,0.03,6700.39,Debit Card,Online
ORD103216,CUST100071,PROD1052,2024-08-22,3,2302.12,0.01,6837.3,Net Banking,Store
ORD103217,CUST109328,PROD1007,2024-09-07,3,4532.56,0.1,12237.91,Cash on Delivery,Online
ORD103218,CUST105516,PROD1125,2023-09-07,2,4537.33,0.24,6896.74,UPI,Store
ORD103219,CUST108234,PROD1084,2023-05-27,2,1758.62,0.22,2743.45,UPI,Online
ORD103220,CUST104360,PROD1089,2023-09-27,3,1920.59,0.25,4321.33,Credit Card,Online
ORD103221,CUST101831,PROD1036,2023-09-06,1,924.34,0.12,813.42,Credit Card,Store
ORD103222,CUST100045,PROD1131,2022-12-20,2,768.23,0.3,1075.52,Cash on Delivery,Store
ORD103223,CUST108174,PROD1083,2023-12-26,2,1976.87,0.11,3518.83,Credit Card,Store
ORD103224,CUST107392,PROD1103,2023-04-17,4,472.31,0.24,1435.82,Credit Card,Store
ORD103225,CUST106071,PROD1022,2023-11-20,4,1744.61,0.11,6210.81,UPI,Store
ORD103226,CUST101675,PROD1136,2022-11-11,1,4779.14,0.07,4444.6,Cash on Delivery,Online
ORD103227,CUST107268,PROD1165,2024-06-27,3,4146.73,0.1,11196.17,UPI,Store
ORD103228,CUST106381,PROD1044,2023-07-11,1,452.32,0.06,425.18,UPI,Online
ORD103229,CUST106744,PROD1172,2024-07-30,1,3051.89,0.04,2929.81,Credit Card,Store
ORD103230,CUST109461,PROD1145,2024-06-08,1,4568.9,0.11,4066.32,UPI,Store
ORD103231,CUST106834,PROD1045,2022-10-06,2,770.29,0.04,1478.96,Cash on Delivery,Store
ORD103232,CUST103023,PROD1001,2022-10-15,3,2108.14,0.15,5375.76,Credit Card,Store
ORD103233,CUST102790,PROD1175,2024-04-19,3,2304.65,0.01,6844.81,Cash on Delivery,Online
ORD103234,CUST106343,PROD1016,2023-01-02,2,3052.07,0.13,5310.6,Debit Card,Store
ORD103235,CUST101012,PROD1117,2022-11-27,1,2765.48,0.29,1963.49,Cash on Delivery,Online
ORD103236,CUST104589,PROD1015,2023-02-01,4,3483.28,0.11,12400.48,Cash on Delivery,Online
ORD103237,CUST103507,PROD1109,2024-03-31,2,4287.18,0.04,8231.39,Net Banking,Store
ORD103238,CUST104802,PROD1172,2024-02-27,1,3051.89,0.09,2777.22,Cash on Delivery,Online
ORD103239,CUST102071,PROD1047,2023-01-20,1,3493.68,0.24,2655.2,UPI,Store
ORD103240,CUST107530,PROD1151,2024-04-04,1,4916.65,0.09,4474.15,UPI,Online
ORD103241,CUST102317,PROD1094,2023-08-01,1,2515.62,0.12,2213.75,Credit Card,Online
ORD103242,CUST105347,PROD1192,2023-05-26,4,3116.29,0.24,9473.52,Debit Card,Online
ORD103243,CUST102175,PROD1091,2024-06-25,4,1656.34,0.08,6095.33,Credit Card,Online
ORD103244,CUST109978,PROD1160,2023-07-12,2,2584.14,0.14,4444.72,Cash on Delivery,Store
ORD103245,CUST102372,PROD1105,2022-01-30,1,850.29,0.02,833.28,Cash on Delivery,Online
ORD103246,CUST106802,PROD1102,2022-07-16,2,3752.53,0.05,7129.81,UPI,Online
ORD103247,CUST105225,PROD1131,2022-09-20,1,768.23,0.06,722.14,Cash on Delivery,Store
ORD103248,CUST109652,PROD1000,2023-02-12,4,1986.03,0.14,6831.94,Cash on Delivery,Online
ORD103249,CUST106228,PROD1032,2022-04-05,2,940.88,0.25,1411.32,UPI,Online
ORD103250,CUST105121,PROD1189,2024-08-01,3,4197.72,0.11,11207.91,Debit Card,Store
ORD103251,CUST108050,PROD1130,2024-09-16,2,1651.44,0.11,2939.56,Cash on Delivery,Online
ORD103252,CUST107732,PROD1100,2022-02-12,3,3701.69,0.09,10105.61,Net Banking,Online
ORD103253,CUST109656,PROD1044,2024-02-01,2,452.32,0.1,814.18,Debit Card,Store
ORD103254,CUST105144,PROD1020,2024-04-26,4,319.32,0.12,1124.01,Debit Card,Online
ORD103255,CUST109250,PROD1191,2022-02-05,3,598.34,0.27,1310.36,UPI,Store
ORD103256,CUST106812,PROD1072,2023-04-03,4,4258.76,0.01,16864.69,Credit Card,Store
ORD103257,CUST109163,PROD1056,2022-05-09,2,1642.96,0.19,2661.6,Cash on Delivery,Store
ORD103258,CUST107824,PROD1167,2023-06-03,4,3946.83,0.27,11524.74,Cash on Delivery,Online
ORD103259,CUST105455,PROD1061,2022-02-13,1,1679.78,0.13,1461.41,Credit Card,Store
ORD103260,CUST102504,PROD1170,2022-03-02,3,4925.25,0.2,11820.6,Cash on Delivery,Online
ORD103261,CUST109090,PROD1120,2023-06-22,1,1608.36,0.18,1318.86,Net Banking,Online
ORD103262,CUST101502,PROD1173,2022-12-29,3,3575.41,0.1,9653.61,Credit Card,Store
ORD103263,CUST107042,PROD1199,2024-05-24,4,4504.11,0.04,17295.78,UPI,Store
ORD103264,CUST108534,PROD1023,2022-05-01,4,554.45,0.07,2062.55,Credit Card,Store
ORD103265,CUST103860,PROD1151,2023-05-12,1,4916.65,0.02,4818.32,Debit Card,Store
ORD103266,CUST107858,PROD1137,2022-06-07,1,3649.67,0.23,2810.25,UPI,Store
ORD103267,CUST107519,PROD1098,2022-09-14,2,1274.77,0.16,2141.61,Debit Card,Store
ORD103268,CUST102860,PROD1067,2023-07-29,1,1221.16,0.24,928.08,UPI,Store
ORD103269,CUST101248,PROD1056,2022-09-28,3,1642.96,0.09,4485.28,Credit Card,Online
ORD103270,CUST107083,PROD1171,2024-08-16,3,4945.55,0.24,11275.85,Debit Card,Store
ORD103271,CUST109400,PROD1074,2022-11-07,3,1160.21,0.09,3167.37,UPI,Store
ORD103272,CUST105010,PROD1106,2022-11-09,2,822.51,0.04,1579.22,Cash on Delivery,Store
ORD103273,CUST106305,PROD1047,2022-04-27,2,3493.68,0.16,5869.38,Debit Card,Store
ORD103274,CUST105762,PROD1076,2024-02-27,3,4330.45,0.28,9353.77,Net Banking,Online
ORD103275,CUST104390,PROD1154,2024-07-06,1,1389.72,0.12,1222.95,UPI,Store
ORD103276,CUST102139,PROD1029,2022-12-11,4,935.53,0.15,3180.8,Cash on Delivery,Store
ORD103277,CUST109802,PROD1045,2022-06-27,2,770.29,0.14,1324.9,Cash on Delivery,Store
ORD103278,CUST107335,PROD1139,2022-04-27,1,3501.6,0.14,3011.38,Credit Card,Online
ORD103279,CUST108748,PROD1119,2023-11-07,2,3955.63,0.06,7436.58,Credit Card,Online
ORD103280,CUST106118,PROD1059,2024-01-25,2,4207.05,0.13,7320.27,Debit Card,Store
ORD103281,CUST103994,PROD1146,2022-06-14,4,2720.43,0.15,9249.46,Debit Card,Store
ORD103282,CUST101152,PROD1103,2022-06-23,2,472.31,0.22,736.8,Net Banking,Store
ORD103283,CUST103744,PROD1067,2023-09-23,2,1221.16,0.04,2344.63,Cash on Delivery,Online
ORD103284,CUST103621,PROD1181,2024-01-19,4,2171.47,0.17,7209.28,UPI,Online
ORD103285,CUST105890,PROD1161,2022-06-04,3,4435.03,0.2,10644.07,Net Banking,Online
ORD103286,CUST109164,PROD1117,2023-10-21,2,2765.48,0.11,4922.55,Net Banking,Store
ORD103287,CUST103907,PROD1123,2023-08-18,2,4620.97,0.16,7763.23,Net Banking,Store
ORD103288,CUST103728,PROD1116,2024-02-23,3,4033.51,0.21,9559.42,UPI,Store
ORD103289,CUST107747,PROD1006,2023-05-25,3,2076.92,0.14,5358.45,Net Banking,Online
ORD103290,CUST103066,PROD1081,2022-11-06,3,473.74,0.1,1279.1,Credit Card,Store
ORD103291,CUST109483,PROD1169,2023-12-26,3,2046.46,0.25,4604.54,Credit Card,Online
ORD103292,CUST102860,PROD1195,2024-01-07,1,4224.79,0.3,2957.35,Credit Card,Online
ORD103293,CUST100163,PROD1052,2022-08-22,3,2302.12,0.06,6491.98,Net Banking,Store
ORD103294,CUST101714,PROD1135,2022-12-17,3,3539.91,0.27,7752.4,Net Banking,Store
ORD103295,CUST103462,PROD1149,2022-06-11,3,1630.37,0.16,4108.53,Cash on Delivery,Online
ORD103296,CUST101440,PROD1025,2023-08-14,1,1799.14,0.13,1565.25,Debit Card,Online
ORD103297,CUST105313,PROD1190,2023-11-22,4,2787.44,0.27,8139.32,Cash on Delivery,Store
ORD103298,CUST108992,PROD1173,2022-10-19,3,3575.41,0.27,7830.15,Credit Card,Store
ORD103299,CUST106227,PROD1116,2022-05-07,1,4033.51,0.08,3710.83,Debit Card,Store
ORD103300,CUST102660,PROD1080,2023-11-24,2,760.03,0.11,1352.85,Cash on Delivery,Online
ORD103301,CUST101690,PROD1171,2023-08-25,4,4945.55,0.26,14638.83,UPI,Store
ORD103302,CUST100233,PROD1189,2022-04-04,1,4197.72,0.15,3568.06,UPI,Online
ORD103303,CUST101876,PROD1163,2023-03-22,3,1140.38,0.09,3113.24,UPI,Store
ORD103304,CUST109153,PROD1040,2024-07-15,4,331.95,0.29,942.74,Credit Card,Store
ORD103305,CUST103370,PROD1110,2022-03-30,1,2932.67,0.07,2727.38,Debit Card,Store
ORD103306,CUST106339,PROD1081,2023-01-23,1,473.74,0.18,388.47,Credit Card,Online
ORD103307,CUST105109,PROD1154,2024-02-19,1,1389.72,0.13,1209.06,UPI,Store
ORD103308,CUST101045,PROD1069,2022-09-06,1,3553.73,0.14,3056.21,Net Banking,Store
ORD103309,CUST106091,PROD1097,2022-06-30,1,2401.45,0.03,2329.41,Credit Card,Store
ORD103310,CUST104481,PROD1168,2022-03-02,1,736.02,0.08,677.14,Debit Card,Store
ORD103311,CUST104459,PROD1004,2022-05-27,1,1760.0,0.05,1672.0,Credit Card,Store
ORD103312,CUST108033,PROD1184,2023-09-23,1,4915.01,0.22,3833.71,Debit Card,Store
ORD103313,CUST106417,PROD1156,2023-11-27,2,4272.09,0.21,6749.9,Net Banking,Online
ORD103314,CUST101407,PROD1121,2024-02-16,2,1191.0,0.24,1810.32,Cash on Delivery,Online
ORD103315,CUST100207,PROD1011,2022-10-08,3,1834.14,0.21,4346.91,Debit Card,Store
ORD103316,CUST104370,PROD1152,2023-07-20,3,3367.3,0.04,9697.82,Debit Card,Store
ORD103317,CUST107150,PROD1161,2022-04-22,3,4435.03,0.29,9446.61,UPI,Online
ORD103318,CUST109944,PROD1074,2023-11-18,3,1160.21,0.06,3271.79,UPI,Store
ORD103319,CUST108687,PROD1023,2022-10-24,3,554.45,0.11,1480.38,Net Banking,Store
ORD103320,CUST100901,PROD1114,2023-11-22,3,671.01,0.21,1590.29,Credit Card,Store
ORD103321,CUST107083,PROD1112,2023-07-16,2,441.15,0.04,847.01,Cash on Delivery,Online
ORD103322,CUST101749,PROD1190,2022-04-27,2,2787.44,0.05,5296.14,Cash on Delivery,Online
ORD103323,CUST108651,PROD1062,2024-06-21,2,4227.41,0.26,6256.57,Net Banking,Online
ORD103324,CUST104489,PROD1137,2022-01-27,1,3649.67,0.1,3284.7,Cash on Delivery,Store
ORD103325,CUST109108,PROD1132,2023-03-08,1,1728.02,0.2,1382.42,Credit Card,Online
ORD103326,CUST106582,PROD1088,2024-05-28,3,4002.67,0.26,8885.93,UPI,Online
ORD103327,CUST108030,PROD1180,2022-11-07,4,4036.27,0.29,11463.01,Net Banking,Store
ORD103328,CUST104734,PROD1027,2023-12-04,2,133.03,0.06,250.1,Cash on Delivery,Store
ORD103329,CUST104665,PROD1192,2024-05-24,4,3116.29,0.04,11966.55,Net Banking,Online
ORD103330,CUST102194,PROD1044,2023-01-25,3,452.32,0.22,1058.43,Net Banking,Online
ORD103331,CUST107126,PROD1193,2023-11-06,2,4987.26,0.06,9376.05,Debit Card,Store
ORD103332,CUST100959,PROD1176,2024-07-16,4,770.65,0.17,2558.56,Debit Card,Store
ORD103333,CUST108585,PROD1110,2023-04-07,2,2932.67,0.16,4926.89,Net Banking,Online
ORD103334,CUST104538,PROD1167,2022-01-06,4,3946.83,0.17,13103.48,Debit Card,Online
ORD103335,CUST104058,PROD1193,2023-12-04,3,4987.26,0.19,12119.04,Cash on Delivery,Store
ORD103336,CUST104842,PROD1123,2023-06-14,3,4620.97,0.26,10258.55,Net Banking,Store
ORD103337,CUST102177,PROD1090,2022-06-08,1,2110.16,0.08,1941.35,Debit Card,Online
ORD103338,CUST101799,PROD1135,2022-11-04,4,3539.91,0.17,11752.5,Cash on Delivery,Online
ORD103339,CUST107570,PROD1026,2023-10-18,2,3182.76,0.1,5728.97,UPI,Online
ORD103340,CUST108696,PROD1144,2024-08-09,4,1220.66,0.1,4394.38,UPI,Store
ORD103341,CUST100719,PROD1195,2022-07-14,1,4224.79,0.01,4182.54,Net Banking,Online
ORD103342,CUST101987,PROD1171,2023-04-24,1,4945.55,0.18,4055.35,Credit Card,Online
ORD103343,CUST105773,PROD1030,2022-08-18,1,3330.72,0.29,2364.81,Cash on Delivery,Online
ORD103344,CUST109066,PROD1004,2023-05-21,1,1760.0,0.23,1355.2,Net Banking,Store
ORD103345,CUST102878,PROD1059,2023-12-03,2,4207.05,0.07,7825.11,Debit Card,Online
ORD103346,CUST108825,PROD1088,2022-12-03,2,4002.67,0.21,6324.22,UPI,Online
ORD103347,CUST102420,PROD1146,2023-11-23,1,2720.43,0.09,2475.59,Debit Card,Online
ORD103348,CUST101324,PROD1100,2022-05-13,2,3701.69,0.23,5700.6,Cash on Delivery,Store
ORD103349,CUST101008,PROD1041,2024-08-06,1,4320.12,0.26,3196.89,Net Banking,Online
ORD103350,CUST109331,PROD1022,2023-12-21,3,1744.61,0.1,4710.45,UPI,Online
ORD103351,CUST100403,PROD1120,2023-10-19,1,1608.36,0.0,1608.36,Cash on Delivery,Store
ORD103352,CUST106233,PROD1108,2022-06-08,3,871.28,0.09,2378.59,UPI,Store
ORD103353,CUST108887,PROD1076,2022-09-29,1,4330.45,0.06,4070.62,UPI,Online
ORD103354,CUST109099,PROD1016,2024-08-10,1,3052.07,0.19,2472.18,Net Banking,Store
ORD103355,CUST106772,PROD1113,2023-06-17,2,2996.04,0.09,5452.79,Net Banking,Store
ORD103356,CUST106590,PROD1057,2023-11-12,3,2667.72,0.01,7923.13,Credit Card,Store
ORD103357,CUST100120,PROD1176,2022-10-22,2,770.65,0.16,1294.69,Credit Card,Store
ORD103358,CUST106460,PROD1130,2024-03-15,1,1651.44,0.26,1222.07,Credit Card,Store
ORD103359,CUST106281,PROD1095,2024-07-25,3,4205.79,0.14,10850.94,Credit Card,Online
ORD103360,CUST105862,PROD1044,2024-03-31,1,452.32,0.11,402.56,Debit Card,Store
ORD103361,CUST102865,PROD1034,2022-11-26,3,847.63,0.05,2415.75,Credit Card,Online
ORD103362,CUST103731,PROD1001,2024-03-10,4,2108.14,0.12,7420.65,Debit Card,Online
ORD103363,CUST103591,PROD1046,2022-10-08,3,3362.42,0.1,9078.53,UPI,Online
ORD103364,CUST104486,PROD1002,2023-03-13,4,1666.73,0.3,4666.84,Debit Card,Store
ORD103365,CUST107172,PROD1156,2022-03-05,1,4272.09,0.01,4229.37,UPI,Online
ORD103366,CUST102414,PROD1127,2024-07-17,1,509.27,0.07,473.62,Credit Card,Online
ORD103367,CUST109032,PROD1019,2022-12-25,2,1794.76,0.02,3517.73,Debit Card,Store
ORD103368,CUST106635,PROD1161,2022-08-17,4,4435.03,0.26,13127.69,UPI,Online
ORD103369,CUST102805,PROD1039,2023-09-06,2,2735.18,0.13,4759.21,Credit Card,Store
ORD103370,CUST106665,PROD1108,2024-03-16,4,871.28,0.24,2648.69,UPI,Online
ORD103371,CUST105361,PROD1064,2022-09-04,1,4980.76,0.21,3934.8,Net Banking,Online
ORD103372,CUST101465,PROD1089,2022-04-02,2,1920.59,0.28,2765.65,UPI,Store
ORD103373,CUST100403,PROD1062,2024-04-26,4,4227.41,0.01,16740.54,Credit Card,Store
ORD103374,CUST106570,PROD1055,2023-10-10,2,2785.96,0.06,5237.6,Cash on Delivery,Store
ORD103375,CUST108604,PROD1159,2022-01-01,1,464.94,0.21,367.3,Net Banking,Store
ORD103376,CUST109729,PROD1065,2024-08-27,4,1779.33,0.18,5836.2,Debit Card,Online
ORD103377,CUST104249,PROD1095,2022-11-11,3,4205.79,0.21,9967.72,Net Banking,Store
ORD103378,CUST106346,PROD1168,2022-10-18,4,736.02,0.17,2443.59,Credit Card,Online
ORD103379,CUST108408,PROD1156,2022-09-03,1,4272.09,0.17,3545.83,UPI,Online
ORD103380,CUST106625,PROD1115,2022-08-28,4,3741.78,0.28,10776.33,Cash on Delivery,Store
ORD103381,CUST109216,PROD1086,2023-04-26,2,4422.95,0.28,6369.05,Credit Card,Online
ORD103382,CUST102813,PROD1050,2022-09-29,1,4767.36,0.01,4719.69,UPI,Store
ORD103383,CUST100805,PROD1011,2023-10-16,1,1834.14,0.12,1614.04,Credit Card,Store
ORD103384,CUST103349,PROD1043,2023-06-01,3,1864.75,0.15,4755.11,Cash on Delivery,Online
ORD103385,CUST107361,PROD1137,2024-04-27,3,3649.67,0.11,9744.62,UPI,Store
ORD103386,CUST102816,PROD1082,2024-02-28,2,595.95,0.01,1179.98,Cash on Delivery,Online
ORD103387,CUST109463,PROD1089,2022-11-10,2,1920.59,0.14,3303.41,UPI,Online
ORD103388,CUST106231,PROD1008,2023-07-23,4,1199.69,0.29,3407.12,Net Banking,Store
ORD103389,CUST108625,PROD1156,2022-05-19,2,4272.09,0.02,8373.3,Credit Card,Store
ORD103390,CUST107420,PROD1156,2023-05-13,2,4272.09,0.25,6408.14,Debit Card,Store
ORD103391,CUST108620,PROD1091,2022-11-23,2,1656.34,0.06,3113.92,Debit Card,Online
ORD103392,CUST109379,PROD1188,2022-05-01,4,2539.12,0.17,8429.88,Credit Card,Store
ORD103393,CUST104257,PROD1124,2023-01-27,1,1557.13,0.12,1370.27,Debit Card,Online
ORD103394,CUST102312,PROD1063,2023-04-10,1,4377.63,0.1,3939.87,Cash on Delivery,Online
ORD103395,CUST101995,PROD1130,2024-09-16,4,1651.44,0.26,4888.26,Debit Card,Online
ORD103396,CUST104995,PROD1114,2024-06-28,2,671.01,0.29,952.83,Credit Card,Online
ORD103397,CUST101742,PROD1122,2022-06-26,3,2405.73,0.12,6351.13,Net Banking,Online
ORD103398,CUST109534,PROD1131,2022-12-30,4,768.23,0.19,2489.07,Credit Card,Online
ORD103399,CUST101155,PROD1182,2023-05-13,3,572.67,0.17,1425.95,Credit Card,Online
ORD103400,CUST103204,PROD1141,2022-06-10,2,1551.56,0.02,3041.06,UPI,Store
ORD103401,CUST108585,PROD1101,2023-10-26,1,3236.62,0.01,3204.25,Debit Card,Online
ORD103402,CUST106763,PROD1076,2024-08-24,3,4330.45,0.23,10003.34,Debit Card,Store
ORD103403,CUST106947,PROD1155,2023-07-04,3,2625.54,0.12,6931.43,UPI,Online
ORD103404,CUST107202,PROD1062,2022-12-01,3,4227.41,0.09,11540.83,Cash on Delivery,Store
ORD103405,CUST104817,PROD1166,2022-02-19,3,4056.26,0.3,8518.15,Cash on Delivery,Store
ORD103406,CUST102040,PROD1107,2024-01-17,1,2161.29,0.03,2096.45,UPI,Store
ORD103407,CUST102078,PROD1191,2022-03-30,1,598.34,0.08,550.47,Debit Card,Store
ORD103408,CUST102864,PROD1187,2023-07-30,3,4781.3,0.26,10614.49,Cash on Delivery,Store
ORD103409,CUST105829,PROD1147,2024-06-11,4,1570.61,0.12,5528.55,Cash on Delivery,Online
ORD103410,CUST106249,PROD1027,2023-12-22,1,133.03,0.18,109.08,Net Banking,Online
ORD103411,CUST107442,PROD1123,2022-08-13,1,4620.97,0.01,4574.76,Cash on Delivery,Online
ORD103412,CUST105215,PROD1141,2023-01-21,2,1551.56,0.28,2234.25,Debit Card,Store
ORD103413,CUST105112,PROD1076,2022-06-16,2,4330.45,0.04,8314.46,Net Banking,Online
ORD103414,CUST106937,PROD1074,2023-12-15,4,1160.21,0.06,4362.39,Net Banking,Store
ORD103415,CUST104256,PROD1101,2023-10-16,4,3236.62,0.05,12299.16,Debit Card,Store
ORD103416,CUST109521,PROD1185,2024-06-26,2,2516.6,0.15,4278.22,UPI,Store
ORD103417,CUST109838,PROD1038,2022-12-03,2,2162.08,0.25,3243.12,Credit Card,Store
ORD103418,CUST107891,PROD1185,2023-08-13,3,2516.6,0.08,6945.82,Cash on Delivery,Online
ORD103419,CUST106339,PROD1142,2023-03-11,2,1570.45,0.04,3015.26,UPI,Online
ORD103420,CUST102385,PROD1072,2023-06-06,4,4258.76,0.12,14990.84,Credit Card,Store
ORD103421,CUST105429,PROD1130,2022-09-05,4,1651.44,0.29,4690.09,Debit Card,Store
ORD103422,CUST105298,PROD1004,2022-02-13,2,1760.0,0.0,3520.0,Cash on Delivery,Online
ORD103423,CUST103305,PROD1091,2023-05-02,4,1656.34,0.15,5631.56,UPI,Store
ORD103424,CUST103320,PROD1169,2024-03-18,1,2046.46,0.2,1637.17,Credit Card,Online
ORD103425,CUST106275,PROD1142,2023-04-22,4,1570.45,0.24,4774.17,Debit Card,Online
ORD103426,CUST106392,PROD1002,2022-04-19,3,1666.73,0.22,3900.15,Net Banking,Online
ORD103427,CUST103526,PROD1162,2023-12-01,1,307.56,0.02,301.41,Net Banking,Online
ORD103428,CUST106642,PROD1134,2022-03-11,1,3708.05,0.14,3188.92,Net Banking,Online
ORD103429,CUST104914,PROD1093,2024-01-14,1,3090.85,0.02,3029.03,Debit Card,Online
ORD103430,CUST109463,PROD1151,2023-06-27,2,4916.65,0.19,7964.97,Credit Card,Store
ORD103431,CUST101287,PROD1158,2024-03-15,3,611.58,0.02,1798.05,Debit Card,Online
ORD103432,CUST104944,PROD1077,2024-08-26,2,4838.73,0.01,9580.69,Net Banking,Store
ORD103433,CUST100360,PROD1079,2023-11-29,3,127.55,0.09,348.21,Debit Card,Online
ORD103434,CUST101974,PROD1114,2023-11-14,4,671.01,0.28,1932.51,Cash on Delivery,Online
ORD103435,CUST103464,PROD1003,2022-04-19,4,1363.94,0.21,4310.05,Credit Card,Store
ORD103436,CUST102226,PROD1130,2023-09-01,4,1651.44,0.0,6605.76,Cash on Delivery,Online
ORD103437,CUST105044,PROD1127,2024-04-18,1,509.27,0.09,463.44,Net Banking,Online
ORD103438,CUST105625,PROD1008,2023-07-04,4,1199.69,0.01,4750.77,Credit Card,Store
ORD103439,CUST101850,PROD1067,2022-09-21,3,1221.16,0.09,3333.77,Cash on Delivery,Online
ORD103440,CUST105932,PROD1117,2022-10-17,1,2765.48,0.21,2184.73,Debit Card,Store
ORD103441,CUST103905,PROD1087,2022-05-25,2,3115.6,0.23,4798.02,UPI,Online
ORD103442,CUST103775,PROD1187,2023-06-13,1,4781.3,0.24,3633.79,Debit Card,Store
ORD103443,CUST100817,PROD1138,2022-04-04,2,3504.61,0.27,5116.73,Net Banking,Online
ORD103444,CUST102146,PROD1163,2022-12-04,2,1140.38,0.11,2029.88,UPI,Online
ORD103445,CUST107774,PROD1124,2023-07-19,2,1557.13,0.26,2304.55,Credit Card,Online
ORD103446,CUST108372,PROD1071,2024-09-25,1,1115.14,0.22,869.81,UPI,Online
ORD103447,CUST107096,PROD1129,2024-06-29,4,1033.9,0.16,3473.9,Credit Card,Store
ORD103448,CUST107833,PROD1049,2024-04-11,2,2805.47,0.29,3983.77,Cash on Delivery,Store
ORD103449,CUST104469,PROD1002,2023-09-13,3,1666.73,0.28,3600.14,Cash on Delivery,Store
ORD103450,CUST105955,PROD1066,2023-07-23,3,3804.6,0.27,8332.07,Cash on Delivery,Store
ORD103451,CUST104719,PROD1084,2023-10-22,3,1758.62,0.06,4959.31,Cash on Delivery,Store
ORD103452,CUST107850,PROD1114,2022-03-02,3,671.01,0.06,1892.25,Cash on Delivery,Online
ORD103453,CUST106014,PROD1061,2023-06-21,2,1679.78,0.27,2452.48,UPI,Online
ORD103454,CUST104958,PROD1013,2022-03-19,3,4691.44,0.12,12385.4,Credit Card,Online
ORD103455,CUST106265,PROD1121,2023-06-23,1,1191.0,0.24,905.16,Cash on Delivery,Store
ORD103456,CUST100441,PROD1022,2023-03-07,3,1744.61,0.21,4134.73,Cash on Delivery,Store
ORD103457,CUST107884,PROD1122,2022-04-09,3,2405.73,0.23,5557.24,Credit Card,Online
ORD103458,CUST109854,PROD1076,2023-06-24,4,4330.45,0.01,17148.58,UPI,Store
ORD103459,CUST107658,PROD1015,2023-10-08,1,3483.28,0.13,3030.45,Cash on Delivery,Store
ORD103460,CUST109062,PROD1145,2024-03-19,1,4568.9,0.26,3380.99,UPI,Online
ORD103461,CUST103212,PROD1012,2022-11-11,4,1673.76,0.15,5690.78,Cash on Delivery,Store
ORD103462,CUST109848,PROD1124,2022-08-11,3,1557.13,0.21,3690.4,UPI,Store
ORD103463,CUST101896,PROD1055,2024-04-25,2,2785.96,0.23,4290.38,Net Banking,Online
ORD103464,CUST101089,PROD1172,2022-07-08,1,3051.89,0.04,2929.81,Cash on Delivery,Online
ORD103465,CUST108674,PROD1039,2024-09-02,2,2735.18,0.05,5196.84,Cash on Delivery,Store
ORD103466,CUST100308,PROD1102,2022-11-01,2,3752.53,0.22,5853.95,Debit Card,Online
ORD103467,CUST108784,PROD1158,2024-05-25,3,611.58,0.02,1798.05,Debit Card,Store
ORD103468,CUST101018,PROD1103,2022-12-22,2,472.31,0.1,850.16,UPI,Online
ORD103469,CUST104493,PROD1031,2024-02-12,2,3607.34,0.28,5194.57,Debit Card,Online
ORD103470,CUST103261,PROD1128,2023-04-25,2,3522.95,0.17,5848.1,UPI,Online
ORD103471,CUST107084,PROD1034,2024-02-18,4,847.63,0.27,2475.08,Cash on Delivery,Store
ORD103472,CUST104290,PROD1035,2024-05-03,4,1309.41,0.09,4766.25,Cash on Delivery,Store
ORD103473,CUST107101,PROD1091,2024-01-17,3,1656.34,0.19,4024.91,Net Banking,Online
ORD103474,CUST101357,PROD1065,2022-02-09,1,1779.33,0.09,1619.19,Net Banking,Store
ORD103475,CUST100082,PROD1028,2023-04-21,3,4912.04,0.03,14294.04,Debit Card,Store
ORD103476,CUST108442,PROD1170,2022-04-24,1,4925.25,0.3,3447.68,Cash on Delivery,Store
ORD103477,CUST109285,PROD1156,2022-11-22,2,4272.09,0.05,8116.97,UPI,Store
ORD103478,CUST105411,PROD1042,2023-11-10,1,935.8,0.06,879.65,Debit Card,Store
ORD103479,CUST102387,PROD1018,2024-04-17,1,4703.75,0.25,3527.81,Net Banking,Online
ORD103480,CUST101408,PROD1120,2023-09-14,1,1608.36,0.24,1222.35,Credit Card,Online
ORD103481,CUST109673,PROD1191,2023-06-16,1,598.34,0.29,424.82,UPI,Store
ORD103482,CUST109290,PROD1097,2022-08-18,4,2401.45,0.02,9413.68,Credit Card,Store
ORD103483,CUST103728,PROD1030,2023-01-23,2,3330.72,0.03,6461.6,Debit Card,Store
ORD103484,CUST105294,PROD1100,2024-09-11,1,3701.69,0.13,3220.47,Debit Card,Store
ORD103485,CUST108924,PROD1018,2024-02-20,1,4703.75,0.18,3857.08,Credit Card,Online
ORD103486,CUST100322,PROD1028,2022-11-01,2,4912.04,0.01,9725.84,Debit Card,Online
ORD103487,CUST102057,PROD1072,2022-03-17,1,4258.76,0.05,4045.82,Debit Card,Online
ORD103488,CUST103060,PROD1134,2022-09-22,3,3708.05,0.21,8788.08,Cash on Delivery,Store
ORD103489,CUST103700,PROD1185,2022-11-11,1,2516.6,0.2,2013.28,UPI,Store
ORD103490,CUST105635,PROD1075,2023-09-20,3,2758.4,0.03,8026.94,Net Banking,Store
ORD103491,CUST103384,PROD1187,2023-05-30,3,4781.3,0.28,10327.61,Cash on Delivery,Store
ORD103492,CUST109453,PROD1178,2024-09-18,3,4804.5,0.08,13260.42,Debit Card,Online
ORD103493,CUST108997,PROD1081,2023-06-07,4,473.74,0.27,1383.32,Net Banking,Store
ORD103494,CUST109725,PROD1049,2022-09-18,4,2805.47,0.28,8079.75,Debit Card,Store
ORD103495,CUST104225,PROD1148,2024-07-19,2,3902.89,0.15,6634.91,UPI,Online
ORD103496,CUST103456,PROD1136,2023-01-04,3,4779.14,0.12,12616.93,Debit Card,Store
ORD103497,CUST103664,PROD1161,2023-10-26,4,4435.03,0.08,16320.91,Credit Card,Online
ORD103498,CUST103096,PROD1033,2023-12-11,3,647.39,0.24,1476.05,Credit Card,Online
ORD103499,CUST107428,PROD1046,2022-03-23,4,3362.42,0.06,12642.7,Credit Card,Online
ORD103500,CUST107565,PROD1023,2023-09-29,2,554.45,0.19,898.21,Credit Card,Online
ORD103501,CUST104659,PROD1079,2022-08-18,2,127.55,0.17,211.73,Net Banking,Online
ORD103502,CUST109545,PROD1027,2023-10-08,4,133.03,0.07,494.87,Credit Card,Store
ORD103503,CUST100148,PROD1173,2023-08-21,4,3575.41,0.29,10154.16,Debit Card,Online
ORD103504,CUST105730,PROD1050,2022-10-25,3,4767.36,0.25,10726.56,Cash on Delivery,Online
ORD103505,CUST107163,PROD1110,2023-07-09,2,2932.67,0.01,5806.69,Debit Card,Store
ORD103506,CUST109975,PROD1005,2024-06-28,1,900.54,0.13,783.47,Debit Card,Online
ORD103507,CUST106262,PROD1190,2023-12-17,3,2787.44,0.11,7442.46,Debit Card,Online
ORD103508,CUST105553,PROD1117,2022-10-08,4,2765.48,0.26,8185.82,Debit Card,Store
ORD103509,CUST100614,PROD1052,2023-04-13,3,2302.12,0.08,6353.85,Cash on Delivery,Store
ORD103510,CUST108431,PROD1191,2023-06-14,1,598.34,0.3,418.84,Credit Card,Online
ORD103511,CUST100912,PROD1179,2023-02-12,2,3516.31,0.06,6610.66,UPI,Online
ORD103512,CUST103013,PROD1059,2023-12-04,1,4207.05,0.07,3912.56,Net Banking,Online
ORD103513,CUST105409,PROD1168,2024-09-01,4,736.02,0.2,2355.26,Cash on Delivery,Store
ORD103514,CUST100158,PROD1010,2022-08-11,4,794.74,0.05,3020.01,Cash on Delivery,Online
ORD103515,CUST100547,PROD1003,2024-05-23,4,1363.94,0.27,3982.7,Cash on Delivery,Store
ORD103516,CUST105132,PROD1013,2024-02-08,4,4691.44,0.03,18202.79,Net Banking,Online
ORD103517,CUST102900,PROD1140,2022-01-15,4,4426.54,0.29,12571.37,Debit Card,Online
ORD103518,CUST107674,PROD1142,2023-11-25,1,1570.45,0.26,1162.13,Net Banking,Store
ORD103519,CUST102265,PROD1112,2023-06-30,2,441.15,0.25,661.72,Cash on Delivery,Online
ORD103520,CUST108946,PROD1007,2022-06-29,2,4532.56,0.12,7977.31,Debit Card,Store
ORD103521,CUST100734,PROD1087,2022-01-02,3,3115.6,0.15,7944.78,Cash on Delivery,Online
ORD103522,CUST103791,PROD1010,2024-07-20,3,794.74,0.14,2050.43,UPI,Online
ORD103523,CUST104317,PROD1111,2022-05-31,3,1904.48,0.3,3999.41,Credit Card,Store
ORD103524,CUST101924,PROD1098,2024-07-08,4,1274.77,0.01,5048.09,Credit Card,Online
ORD103525,CUST100523,PROD1022,2022-04-20,2,1744.61,0.11,3105.41,Cash on Delivery,Online
ORD103526,CUST109702,PROD1108,2024-07-16,4,871.28,0.29,2474.44,Debit Card,Online
ORD103527,CUST105924,PROD1006,2022-11-03,3,2076.92,0.11,5545.38,UPI,Store
ORD103528,CUST108809,PROD1068,2024-03-24,4,3161.5,0.12,11128.48,UPI,Store
ORD103529,CUST100860,PROD1159,2023-02-01,1,464.94,0.19,376.6,Debit Card,Store
ORD103530,CUST106184,PROD1171,2024-05-14,3,4945.55,0.27,10830.75,Debit Card,Online
ORD103531,CUST107492,PROD1130,2023-09-10,2,1651.44,0.09,3005.62,UPI,Store
ORD103532,CUST105880,PROD1093,2024-02-06,2,3090.85,0.28,4450.82,Credit Card,Online
ORD103533,CUST107901,PROD1121,2022-01-14,3,1191.0,0.08,3287.16,Credit Card,Online
ORD103534,CUST101307,PROD1043,2022-09-30,2,1864.75,0.24,2834.42,UPI,Store
ORD103535,CUST106346,PROD1196,2023-01-13,2,1253.86,0.08,2307.1,Net Banking,Online
ORD103536,CUST102821,PROD1050,2023-10-18,3,4767.36,0.02,14016.04,UPI,Online
ORD103537,CUST103865,PROD1060,2024-07-16,3,4998.52,0.24,11396.63,Cash on Delivery,Store
ORD103538,CUST106925,PROD1050,2022-07-26,4,4767.36,0.14,16399.72,Net Banking,Store
ORD103539,CUST108226,PROD1160,2023-09-11,4,2584.14,0.12,9096.17,Debit Card,Online
ORD103540,CUST102100,PROD1019,2022-09-04,1,1794.76,0.13,1561.44,UPI,Online
ORD103541,CUST109571,PROD1029,2024-01-05,2,935.53,0.18,1534.27,UPI,Store
ORD103542,CUST100436,PROD1120,2024-02-19,3,1608.36,0.08,4439.07,Net Banking,Store
ORD103543,CUST102572,PROD1043,2024-01-07,1,1864.75,0.07,1734.22,UPI,Online
ORD103544,CUST104362,PROD1085,2023-01-22,2,657.06,0.15,1117.0,Cash on Delivery,Store
ORD103545,CUST100308,PROD1156,2022-03-16,2,4272.09,0.01,8458.74,Credit Card,Store
ORD103546,CUST100491,PROD1148,2024-08-06,1,3902.89,0.19,3161.34,UPI,Store
ORD103547,CUST105308,PROD1180,2022-02-12,2,4036.27,0.25,6054.4,Credit Card,Store
ORD103548,CUST100521,PROD1111,2022-05-13,3,1904.48,0.22,4456.48,Debit Card,Store
ORD103549,CUST101914,PROD1138,2023-03-07,1,3504.61,0.14,3013.96,Debit Card,Store
ORD103550,CUST102925,PROD1009,2024-03-05,1,3453.81,0.17,2866.66,UPI,Online
ORD103551,CUST109560,PROD1034,2024-06-13,4,847.63,0.01,3356.61,Debit Card,Online
ORD103552,CUST103290,PROD1153,2023-03-12,3,656.81,0.27,1438.41,UPI,Online
ORD103553,CUST103229,PROD1122,2022-02-25,4,2405.73,0.17,7987.02,Credit Card,Online
ORD103554,CUST103577,PROD1113,2022-07-27,1,2996.04,0.09,2726.4,Net Banking,Online
ORD103555,CUST105609,PROD1171,2024-01-09,3,4945.55,0.09,13501.35,UPI,Store
ORD103556,CUST102571,PROD1131,2022-04-14,3,768.23,0.2,1843.75,Net Banking,Store
ORD103557,CUST100232,PROD1073,2023-04-09,4,2162.76,0.18,7093.85,Credit Card,Online
ORD103558,CUST109814,PROD1184,2024-04-27,2,4915.01,0.06,9240.22,Credit Card,Store
ORD103559,CUST102652,PROD1038,2023-04-15,2,2162.08,0.12,3805.26,Net Banking,Online
ORD103560,CUST106250,PROD1168,2023-08-03,2,736.02,0.2,1177.63,UPI,Online
ORD103561,CUST101216,PROD1093,2022-09-07,4,3090.85,0.09,11250.69,Net Banking,Store
ORD103562,CUST103539,PROD1066,2024-09-18,2,3804.6,0.15,6467.82,UPI,Store
ORD103563,CUST100521,PROD1088,2023-08-26,4,4002.67,0.08,14729.83,UPI,Store
ORD103564,CUST103066,PROD1101,2024-02-22,4,3236.62,0.02,12687.55,Net Banking,Store
ORD103565,CUST100340,PROD1105,2023-02-07,2,850.29,0.12,1496.51,Credit Card,Store
ORD103566,CUST108250,PROD1035,2022-01-26,4,1309.41,0.22,4085.36,Cash on Delivery,Online
ORD103567,CUST103253,PROD1003,2023-12-20,4,1363.94,0.06,5128.41,Debit Card,Store
ORD103568,CUST104681,PROD1073,2024-07-29,3,2162.76,0.23,4995.98,Cash on Delivery,Online
ORD103569,CUST105633,PROD1012,2024-02-03,1,1673.76,0.2,1339.01,Credit Card,Store
ORD103570,CUST100242,PROD1069,2022-01-10,4,3553.73,0.15,12082.68,Debit Card,Online
ORD103571,CUST100227,PROD1006,2023-09-02,1,2076.92,0.29,1474.61,Net Banking,Online
ORD103572,CUST106703,PROD1155,2023-09-06,2,2625.54,0.27,3833.29,Cash on Delivery,Online
ORD103573,CUST102602,PROD1186,2023-05-12,3,158.9,0.17,395.66,UPI,Store
ORD103574,CUST108318,PROD1121,2023-02-14,3,1191.0,0.17,2965.59,Credit Card,Store
ORD103575,CUST104430,PROD1036,2022-05-16,4,924.34,0.08,3401.57,Credit Card,Store
ORD103576,CUST104853,PROD1142,2024-04-27,3,1570.45,0.28,3392.17,Credit Card,Store
ORD103577,CUST109623,PROD1029,2022-08-09,1,935.53,0.27,682.94,Cash on Delivery,Store
ORD103578,CUST102168,PROD1103,2023-06-28,4,472.31,0.22,1473.61,UPI,Store
ORD103579,CUST102748,PROD1073,2022-10-04,3,2162.76,0.04,6228.75,Cash on Delivery,Store
ORD103580,CUST101308,PROD1011,2022-04-06,2,1834.14,0.21,2897.94,UPI,Online
ORD103581,CUST101593,PROD1080,2024-03-23,4,760.03,0.08,2796.91,Debit Card,Online
ORD103582,CUST101493,PROD1111,2023-03-15,3,1904.48,0.06,5370.63,Net Banking,Store
ORD103583,CUST107883,PROD1029,2023-05-23,4,935.53,0.23,2881.43,Credit Card,Store
ORD103584,CUST104777,PROD1128,2024-02-19,2,3522.95,0.29,5002.59,UPI,Store
ORD103585,CUST106438,PROD1035,2023-11-19,4,1309.41,0.03,5080.51,Cash on Delivery,Store
ORD103586,CUST107108,PROD1122,2023-09-07,1,2405.73,0.05,2285.44,Cash on Delivery,Store
ORD103587,CUST108438,PROD1087,2022-07-06,1,3115.6,0.07,2897.51,Credit Card,Online
ORD103588,CUST101082,PROD1020,2024-04-21,3,319.32,0.29,680.15,Credit Card,Online
ORD103589,CUST109673,PROD1105,2024-04-17,1,850.29,0.21,671.73,Credit Card,Online
ORD103590,CUST100010,PROD1031,2022-02-06,1,3607.34,0.2,2885.87,Debit Card,Store
ORD103591,CUST102006,PROD1062,2022-07-29,4,4227.41,0.15,14373.19,Net Banking,Store
ORD103592,CUST103529,PROD1140,2024-05-29,4,4426.54,0.16,14873.17,UPI,Store
ORD103593,CUST102292,PROD1164,2023-02-19,3,3496.96,0.09,9546.7,Credit Card,Online
ORD103594,CUST100944,PROD1043,2024-09-21,1,1864.75,0.05,1771.51,UPI,Online
ORD103595,CUST108626,PROD1148,2024-02-06,2,3902.89,0.23,6010.45,Cash on Delivery,Store
ORD103596,CUST106248,PROD1145,2022-05-11,3,4568.9,0.14,11787.76,Net Banking,Online
ORD103597,CUST102289,PROD1045,2024-04-16,2,770.29,0.08,1417.33,Net Banking,Online
ORD103598,CUST103343,PROD1174,2022-04-08,1,4761.29,0.19,3856.64,UPI,Store
ORD103599,CUST102566,PROD1153,2023-03-19,3,656.81,0.06,1852.2,Cash on Delivery,Store
ORD103600,CUST101759,PROD1004,2023-06-29,2,1760.0,0.15,2992.0,Cash on Delivery,Online
ORD103601,CUST105163,PROD1132,2022-02-05,3,1728.02,0.06,4873.02,Debit Card,Online
ORD103602,CUST103875,PROD1030,2024-08-27,4,3330.72,0.23,10258.62,Credit Card,Online
ORD103603,CUST102228,PROD1155,2024-01-19,4,2625.54,0.1,9451.94,Cash on Delivery,Store
ORD103604,CUST108459,PROD1076,2023-05-30,2,4330.45,0.13,7534.98,Credit Card,Store
ORD103605,CUST107019,PROD1074,2024-08-28,4,1160.21,0.23,3573.45,Credit Card,Online
ORD103606,CUST104477,PROD1126,2023-10-05,4,362.9,0.2,1161.28,UPI,Online
ORD103607,CUST105917,PROD1192,2022-08-08,2,3116.29,0.12,5484.67,Credit Card,Store
ORD103608,CUST100514,PROD1012,2022-12-28,3,1673.76,0.02,4920.85,UPI,Online
ORD103609,CUST101743,PROD1121,2024-08-12,2,1191.0,0.28,1715.04,Net Banking,Store
ORD103610,CUST109121,PROD1145,2023-11-25,4,4568.9,0.0,18275.6,Cash on Delivery,Store
ORD103611,CUST107856,PROD1151,2022-01-28,3,4916.65,0.22,11504.96,UPI,Online
ORD103612,CUST101448,PROD1156,2024-06-23,4,4272.09,0.28,12303.62,Debit Card,Store
ORD103613,CUST103887,PROD1155,2023-06-22,1,2625.54,0.09,2389.24,UPI,Online
ORD103614,CUST100198,PROD1101,2023-10-31,2,3236.62,0.02,6343.78,Credit Card,Store
ORD103615,CUST101780,PROD1172,2023-06-06,2,3051.89,0.07,5676.52,Debit Card,Store
ORD103616,CUST104900,PROD1116,2024-07-11,2,4033.51,0.09,7340.99,Credit Card,Store
ORD103617,CUST104422,PROD1083,2024-08-16,2,1976.87,0.14,3400.22,Debit Card,Online
ORD103618,CUST109905,PROD1010,2022-04-19,1,794.74,0.16,667.58,UPI,Online
ORD103619,CUST105713,PROD1050,2024-04-09,3,4767.36,0.22,11155.62,Credit Card,Online
ORD103620,CUST105743,PROD1058,2023-08-31,3,1109.98,0.27,2430.86,UPI,Store
ORD103621,CUST103504,PROD1083,2023-10-20,3,1976.87,0.14,5100.32,Cash on Delivery,Store
ORD103622,CUST107672,PROD1104,2022-06-30,1,431.37,0.22,336.47,Debit Card,Store
ORD103623,CUST102567,PROD1012,2022-07-29,1,1673.76,0.04,1606.81,Net Banking,Online
ORD103624,CUST109121,PROD1046,2022-12-08,3,3362.42,0.1,9078.53,Net Banking,Online
ORD103625,CUST104625,PROD1087,2023-10-19,3,3115.6,0.04,8972.93,UPI,Online
ORD103626,CUST107090,PROD1170,2022-02-18,1,4925.25,0.21,3890.95,Debit Card,Online
ORD103627,CUST105352,PROD1151,2023-04-18,4,4916.65,0.27,14356.62,Debit Card,Online
ORD103628,CUST101419,PROD1175,2023-10-28,1,2304.65,0.27,1682.39,UPI,Online
ORD103629,CUST109522,PROD1062,2024-02-12,2,4227.41,0.1,7609.34,Net Banking,Store
ORD103630,CUST102557,PROD1144,2022-11-25,3,1220.66,0.07,3405.64,Cash on Delivery,Online
ORD103631,CUST107870,PROD1068,2023-07-10,4,3161.5,0.08,11634.32,Net Banking,Store
ORD103632,CUST100423,PROD1053,2022-08-24,3,1312.97,0.09,3584.41,Credit Card,Store
ORD103633,CUST100149,PROD1141,2024-07-08,4,1551.56,0.02,6082.12,Net Banking,Online
ORD103634,CUST109705,PROD1014,2023-03-17,3,2197.11,0.04,6327.68,Credit Card,Online
ORD103635,CUST108095,PROD1137,2022-05-01,3,3649.67,0.06,10292.07,Credit Card,Online
ORD103636,CUST100138,PROD1149,2022-09-05,3,1630.37,0.0,4891.11,Cash on Delivery,Store
ORD103637,CUST107065,PROD1094,2023-06-03,2,2515.62,0.01,4980.93,Cash on Delivery,Online
ORD103638,CUST101870,PROD1012,2022-01-20,1,1673.76,0.21,1322.27,Net Banking,Store
ORD103639,CUST102061,PROD1080,2023-11-27,4,760.03,0.19,2462.5,UPI,Online
ORD103640,CUST108120,PROD1064,2023-05-18,2,4980.76,0.28,7172.29,Net Banking,Store
ORD103641,CUST108181,PROD1141,2022-12-30,2,1551.56,0.12,2730.75,Cash on Delivery,Store
ORD103642,CUST104280,PROD1043,2023-05-04,3,1864.75,0.13,4867.0,Credit Card,Store
ORD103643,CUST105696,PROD1166,2022-07-19,4,4056.26,0.02,15900.54,Credit Card,Online
ORD103644,CUST100742,PROD1162,2024-02-05,4,307.56,0.05,1168.73,UPI,Store
ORD103645,CUST106424,PROD1116,2023-02-07,4,4033.51,0.21,12745.89,Net Banking,Online
ORD103646,CUST104181,PROD1192,2022-09-02,4,3116.29,0.07,11592.6,UPI,Online
ORD103647,CUST108268,PROD1026,2023-04-28,4,3182.76,0.23,9802.9,UPI,Store
ORD103648,CUST101991,PROD1172,2023-07-30,2,3051.89,0.21,4821.99,Net Banking,Store
ORD103649,CUST105256,PROD1056,2024-03-21,4,1642.96,0.22,5126.04,Debit Card,Online
ORD103650,CUST103705,PROD1021,2024-03-22,2,1572.17,0.21,2484.03,Net Banking,Store
ORD103651,CUST101016,PROD1033,2023-10-27,4,647.39,0.21,2045.75,UPI,Online
ORD103652,CUST108288,PROD1136,2022-01-17,3,4779.14,0.16,12043.43,Debit Card,Store
ORD103653,CUST100994,PROD1049,2022-02-08,2,2805.47,0.2,4488.75,UPI,Store
ORD103654,CUST109746,PROD1053,2023-10-27,2,1312.97,0.16,2205.79,UPI,Store
ORD103655,CUST106941,PROD1185,2024-05-16,4,2516.6,0.06,9462.42,UPI,Online
ORD103656,CUST109224,PROD1099,2022-10-22,4,4731.44,0.07,17600.96,Credit Card,Store
ORD103657,CUST108274,PROD1061,2022-02-08,1,1679.78,0.12,1478.21,Net Banking,Store
ORD103658,CUST109727,PROD1165,2022-07-06,3,4146.73,0.0,12440.19,Cash on Delivery,Online
ORD103659,CUST104525,PROD1083,2024-01-20,3,1976.87,0.27,4329.35,Credit Card,Online
ORD103660,CUST105209,PROD1026,2024-08-19,2,3182.76,0.08,5856.28,Net Banking,Store
ORD103661,CUST100512,PROD1124,2024-02-23,3,1557.13,0.02,4577.96,Credit Card,Store
ORD103662,CUST101922,PROD1063,2022-11-05,1,4377.63,0.13,3808.54,Net Banking,Online
ORD103663,CUST101697,PROD1130,2022-12-28,4,1651.44,0.24,5020.38,Debit Card,Store
ORD103664,CUST101914,PROD1126,2023-04-07,4,362.9,0.12,1277.41,Cash on Delivery,Online
ORD103665,CUST104753,PROD1010,2023-10-31,4,794.74,0.08,2924.64,Debit Card,Store
ORD103666,CUST106816,PROD1023,2022-08-19,2,554.45,0.16,931.48,Debit Card,Store
ORD103667,CUST108838,PROD1028,2023-12-07,1,4912.04,0.17,4076.99,Net Banking,Store
ORD103668,CUST100797,PROD1196,2022-09-07,2,1253.86,0.23,1930.94,UPI,Store
ORD103669,CUST108268,PROD1007,2024-02-17,2,4532.56,0.24,6889.49,UPI,Store
ORD103670,CUST106224,PROD1018,2022-01-02,3,4703.75,0.21,11147.89,UPI,Online
ORD103671,CUST106697,PROD1067,2023-04-20,3,1221.16,0.0,3663.48,UPI,Store
ORD103672,CUST108933,PROD1098,2023-10-15,2,1274.77,0.0,2549.54,Cash on Delivery,Store
ORD103673,CUST101225,PROD1196,2022-07-01,1,1253.86,0.29,890.24,Debit Card,Online
ORD103674,CUST105566,PROD1123,2022-01-02,2,4620.97,0.08,8502.58,Credit Card,Online
ORD103675,CUST109156,PROD1047,2022-06-19,2,3493.68,0.08,6428.37,Cash on Delivery,Online
ORD103676,CUST105922,PROD1167,2022-09-27,2,3946.83,0.22,6157.05,Net Banking,Online
ORD103677,CUST105036,PROD1101,2024-09-03,4,3236.62,0.17,10745.58,Cash on Delivery,Online
ORD103678,CUST108503,PROD1194,2022-11-03,4,270.22,0.14,929.56,Cash on Delivery,Online
ORD103679,CUST102646,PROD1143,2024-05-25,1,3731.95,0.03,3619.99,Net Banking,Online
ORD103680,CUST107684,PROD1063,2022-02-18,3,4377.63,0.02,12870.23,Credit Card,Online
ORD103681,CUST102731,PROD1007,2023-02-26,3,4532.56,0.21,10742.17,Debit Card,Store
ORD103682,CUST108824,PROD1108,2024-09-22,1,871.28,0.04,836.43,Cash on Delivery,Online
ORD103683,CUST104694,PROD1132,2024-07-18,3,1728.02,0.13,4510.13,Net Banking,Online
ORD103684,CUST105545,PROD1122,2022-10-12,2,2405.73,0.22,3752.94,Net Banking,Online
ORD103685,CUST103681,PROD1199,2024-05-28,4,4504.11,0.28,12971.84,Credit Card,Online
ORD103686,CUST100414,PROD1152,2023-01-15,4,3367.3,0.26,9967.21,Cash on Delivery,Online
ORD103687,CUST109734,PROD1052,2024-04-11,3,2302.12,0.26,5110.71,Net Banking,Online
ORD103688,CUST108963,PROD1048,2024-03-01,3,3417.13,0.11,9123.74,Credit Card,Online
ORD103689,CUST104479,PROD1071,2024-03-01,1,1115.14,0.28,802.9,Credit Card,Store
ORD103690,CUST107199,PROD1148,2023-05-19,1,3902.89,0.21,3083.28,Net Banking,Online
ORD103691,CUST108678,PROD1050,2024-02-23,2,4767.36,0.27,6960.35,Net Banking,Online
ORD103692,CUST109971,PROD1173,2023-07-10,2,3575.41,0.03,6936.3,Cash on Delivery,Online
ORD103693,CUST107532,PROD1008,2023-07-26,3,1199.69,0.01,3563.08,Cash on Delivery,Online
ORD103694,CUST106407,PROD1063,2022-07-18,1,4377.63,0.13,3808.54,Debit Card,Online
ORD103695,CUST107309,PROD1022,2022-04-19,4,1744.61,0.25,5233.83,Net Banking,Online
ORD103696,CUST108221,PROD1187,2022-03-06,1,4781.3,0.12,4207.54,UPI,Online
ORD103697,CUST108321,PROD1186,2024-07-03,2,158.9,0.27,231.99,UPI,Online
ORD103698,CUST107945,PROD1135,2023-11-16,3,3539.91,0.07,9876.35,Debit Card,Store
ORD103699,CUST105189,PROD1191,2022-12-19,3,598.34,0.01,1777.07,Net Banking,Online
ORD103700,CUST104214,PROD1053,2022-04-08,1,1312.97,0.23,1010.99,Credit Card,Store
ORD103701,CUST102374,PROD1091,2022-05-09,1,1656.34,0.19,1341.64,UPI,Store
ORD103702,CUST103983,PROD1014,2022-09-25,1,2197.11,0.13,1911.49,Cash on Delivery,Store
ORD103703,CUST100207,PROD1051,2023-02-13,1,2585.17,0.25,1938.88,UPI,Online
ORD103704,CUST108139,PROD1178,2022-03-28,2,4804.5,0.25,7206.75,Net Banking,Online
ORD103705,CUST109173,PROD1003,2023-08-24,2,1363.94,0.1,2455.09,UPI,Online
ORD103706,CUST104302,PROD1161,2024-09-17,1,4435.03,0.25,3326.27,Debit Card,Online
ORD103707,CUST106911,PROD1100,2024-05-05,3,3701.69,0.1,9994.56,Cash on Delivery,Online
ORD103708,CUST106690,PROD1151,2023-01-29,4,4916.65,0.19,15929.95,Debit Card,Online
ORD103709,CUST100111,PROD1148,2023-03-26,4,3902.89,0.06,14674.87,Credit Card,Store
ORD103710,CUST107153,PROD1129,2024-07-17,2,1033.9,0.08,1902.38,Credit Card,Store
ORD103711,CUST104709,PROD1006,2024-01-11,1,2076.92,0.13,1806.92,Credit Card,Store
ORD103712,CUST105040,PROD1183,2023-04-16,1,927.52,0.09,844.04,Credit Card,Store
ORD103713,CUST101409,PROD1074,2023-10-04,4,1160.21,0.04,4455.21,Net Banking,Online
ORD103714,CUST108897,PROD1075,2023-10-06,3,2758.4,0.14,7116.67,Net Banking,Store
ORD103715,CUST105872,PROD1195,2024-07-07,4,4224.79,0.15,14364.29,Net Banking,Online
ORD103716,CUST108132,PROD1034,2024-02-04,3,847.63,0.05,2415.75,Debit Card,Store
ORD103717,CUST106275,PROD1153,2022-04-20,4,656.81,0.05,2495.88,Debit Card,Online
ORD103718,CUST106993,PROD1145,2024-03-19,1,4568.9,0.01,4523.21,UPI,Online
ORD103719,CUST104199,PROD1063,2022-10-21,2,4377.63,0.01,8667.71,Cash on Delivery,Store
ORD103720,CUST102600,PROD1121,2022-08-03,2,1191.0,0.11,2119.98,Debit Card,Store
ORD103721,CUST104857,PROD1055,2022-11-08,3,2785.96,0.04,8023.56,UPI,Store
ORD103722,CUST107806,PROD1054,2022-07-23,2,584.36,0.28,841.48,Credit Card,Store
ORD103723,CUST106805,PROD1139,2023-03-04,2,3501.6,0.06,6583.01,Credit Card,Online
ORD103724,CUST107498,PROD1036,2024-08-17,2,924.34,0.02,1811.71,Debit Card,Online
ORD103725,CUST105039,PROD1051,2023-06-20,4,2585.17,0.12,9099.8,Net Banking,Store
ORD103726,CUST109039,PROD1146,2022-04-03,1,2720.43,0.06,2557.2,UPI,Online
ORD103727,CUST102943,PROD1014,2023-11-12,4,2197.11,0.02,8612.67,Cash on Delivery,Store
ORD103728,CUST108067,PROD1126,2022-01-28,1,362.9,0.23,279.43,UPI,Online
ORD103729,CUST108360,PROD1085,2022-11-14,2,657.06,0.17,1090.72,Net Banking,Online
ORD103730,CUST106700,PROD1083,2023-02-03,4,1976.87,0.02,7749.33,Net Banking,Online
ORD103731,CUST100984,PROD1106,2023-12-03,1,822.51,0.14,707.36,Debit Card,Online
ORD103732,CUST101107,PROD1179,2022-09-23,4,3516.31,0.01,13924.59,Net Banking,Store
ORD103733,CUST108298,PROD1076,2024-06-14,3,4330.45,0.11,11562.3,Net Banking,Store
ORD103734,CUST107432,PROD1153,2024-09-20,4,656.81,0.11,2338.24,Cash on Delivery,Online
ORD103735,CUST104342,PROD1044,2022-10-12,2,452.32,0.25,678.48,Net Banking,Store
ORD103736,CUST101553,PROD1095,2024-07-15,4,4205.79,0.22,13122.06,Credit Card,Online
ORD103737,CUST102002,PROD1020,2022-03-04,2,319.32,0.27,466.21,Net Banking,Store
ORD103738,CUST108104,PROD1080,2023-08-22,3,760.03,0.04,2188.89,Credit Card,Online
ORD103739,CUST100497,PROD1052,2024-07-02,2,2302.12,0.16,3867.56,Cash on Delivery,Store
ORD103740,CUST104949,PROD1156,2023-06-03,2,4272.09,0.01,8458.74,Debit Card,Online
ORD103741,CUST101421,PROD1175,2023-10-29,2,2304.65,0.25,3456.98,Credit Card,Store
ORD103742,CUST103474,PROD1112,2024-06-23,4,441.15,0.11,1570.49,Debit Card,Store
ORD103743,CUST105980,PROD1146,2022-01-20,3,2720.43,0.02,7998.06,Debit Card,Store
ORD103744,CUST104373,PROD1181,2024-02-03,4,2171.47,0.1,7817.29,Credit Card,Store
ORD103745,CUST108733,PROD1077,2024-06-03,1,4838.73,0.09,4403.24,UPI,Online
ORD103746,CUST107310,PROD1126,2024-09-07,4,362.9,0.23,1117.73,Net Banking,Store
ORD103747,CUST108980,PROD1118,2022-12-14,1,833.05,0.04,799.73,Cash on Delivery,Online
ORD103748,CUST108547,PROD1102,2022-02-19,2,3752.53,0.17,6229.2,Debit Card,Store
ORD103749,CUST105643,PROD1086,2022-07-08,1,4422.95,0.24,3361.44,UPI,Online
ORD103750,CUST109418,PROD1104,2022-03-08,2,431.37,0.22,672.94,Debit Card,Store
ORD103751,CUST108441,PROD1001,2022-12-31,3,2108.14,0.28,4553.58,UPI,Online
ORD103752,CUST106178,PROD1114,2022-07-21,3,671.01,0.0,2013.03,Cash on Delivery,Online
ORD103753,CUST100531,PROD1031,2024-07-01,2,3607.34,0.11,6421.07,UPI,Store
ORD103754,CUST108750,PROD1101,2022-04-09,2,3236.62,0.11,5761.18,Cash on Delivery,Online
ORD103755,CUST101619,PROD1061,2023-10-23,2,1679.78,0.01,3325.96,Net Banking,Online
ORD103756,CUST101291,PROD1096,2024-08-26,1,4510.68,0.25,3383.01,UPI,Store
ORD103757,CUST103124,PROD1121,2024-09-03,3,1191.0,0.21,2822.67,Debit Card,Store
ORD103758,CUST104880,PROD1134,2022-06-09,2,3708.05,0.16,6229.52,Net Banking,Store
ORD103759,CUST104113,PROD1097,2024-03-26,1,2401.45,0.12,2113.28,Debit Card,Store
ORD103760,CUST109319,PROD1195,2023-11-09,2,4224.79,0.27,6168.19,Debit Card,Online
ORD103761,CUST103911,PROD1083,2022-01-28,3,1976.87,0.08,5456.16,Net Banking,Online
ORD103762,CUST107159,PROD1149,2023-04-11,4,1630.37,0.1,5869.33,Net Banking,Online
ORD103763,CUST101107,PROD1156,2023-12-01,3,4272.09,0.29,9099.55,Cash on Delivery,Store
ORD103764,CUST105427,PROD1106,2024-04-17,4,822.51,0.02,3224.24,UPI,Store
ORD103765,CUST105270,PROD1100,2024-04-05,3,3701.69,0.23,8550.9,Cash on Delivery,Store
ORD103766,CUST106496,PROD1130,2022-07-17,2,1651.44,0.22,2576.25,Credit Card,Online
ORD103767,CUST101687,PROD1021,2022-07-28,3,1572.17,0.27,3443.05,Credit Card,Store
ORD103768,CUST105987,PROD1083,2023-03-13,2,1976.87,0.03,3835.13,Cash on Delivery,Online
ORD103769,CUST104471,PROD1088,2022-09-23,1,4002.67,0.29,2841.9,Cash on Delivery,Store
ORD103770,CUST105681,PROD1105,2024-02-09,4,850.29,0.01,3367.15,UPI,Online
ORD103771,CUST103475,PROD1180,2024-09-19,4,4036.27,0.1,14530.57,Net Banking,Online
ORD103772,CUST102577,PROD1092,2023-05-06,1,2248.29,0.03,2180.84,Credit Card,Store
ORD103773,CUST102532,PROD1184,2023-02-13,4,4915.01,0.02,19266.84,Net Banking,Store
ORD103774,CUST104217,PROD1137,2024-07-22,1,3649.67,0.29,2591.27,Debit Card,Online
ORD103775,CUST106937,PROD1102,2022-09-14,2,3752.53,0.22,5853.95,Debit Card,Online
ORD103776,CUST102029,PROD1100,2022-12-02,3,3701.69,0.15,9439.31,Net Banking,Store
ORD103777,CUST109335,PROD1039,2024-05-07,4,2735.18,0.03,10612.5,Debit Card,Store
ORD103778,CUST105958,PROD1113,2022-08-21,3,2996.04,0.16,7550.02,Credit Card,Online
ORD103779,CUST105418,PROD1147,2023-12-17,2,1570.61,0.1,2827.1,Credit Card,Store
ORD103780,CUST106190,PROD1124,2022-03-14,4,1557.13,0.08,5730.24,Debit Card,Store
ORD103781,CUST107764,PROD1086,2022-01-13,1,4422.95,0.19,3582.59,Credit Card,Store
ORD103782,CUST109939,PROD1010,2023-08-06,1,794.74,0.24,604.0,Debit Card,Online
ORD103783,CUST104819,PROD1135,2023-05-20,4,3539.91,0.13,12318.89,UPI,Online
ORD103784,CUST105919,PROD1092,2022-01-01,2,2248.29,0.15,3822.09,UPI,Online
ORD103785,CUST108409,PROD1035,2022-06-08,3,1309.41,0.2,3142.58,Net Banking,Online
ORD103786,CUST102810,PROD1152,2023-05-24,3,3367.3,0.04,9697.82,Debit Card,Online
ORD103787,CUST103415,PROD1166,2023-04-28,3,4056.26,0.25,9126.59,UPI,Online
ORD103788,CUST105952,PROD1097,2022-08-04,4,2401.45,0.25,7204.35,UPI,Online
ORD103789,CUST105433,PROD1110,2022-07-14,3,2932.67,0.16,7390.33,Credit Card,Store
ORD103790,CUST101716,PROD1095,2022-11-08,1,4205.79,0.06,3953.44,Net Banking,Store
ORD103791,CUST107897,PROD1061,2023-02-07,3,1679.78,0.15,4283.44,Net Banking,Online
ORD103792,CUST100289,PROD1104,2022-01-04,2,431.37,0.03,836.86,UPI,Store
ORD103793,CUST104697,PROD1148,2024-02-04,3,3902.89,0.23,9015.68,UPI,Online
ORD103794,CUST100609,PROD1146,2024-03-06,1,2720.43,0.09,2475.59,Net Banking,Online
ORD103795,CUST102353,PROD1152,2024-03-22,3,3367.3,0.09,9192.73,Credit Card,Store
ORD103796,CUST107645,PROD1086,2023-06-26,3,4422.95,0.28,9553.57,Cash on Delivery,Online
ORD103797,CUST100535,PROD1132,2024-03-14,4,1728.02,0.13,6013.51,Credit Card,Store
ORD103798,CUST103291,PROD1126,2024-08-06,2,362.9,0.24,551.61,Cash on Delivery,Online
ORD103799,CUST103757,PROD1082,2022-04-16,3,595.95,0.19,1448.16,Net Banking,Store
ORD103800,CUST108948,PROD1011,2022-05-02,3,1834.14,0.09,5007.2,Net Banking,Store
ORD103801,CUST107157,PROD1102,2024-08-12,4,3752.53,0.04,14409.72,Net Banking,Online
ORD103802,CUST103849,PROD1152,2023-12-09,2,3367.3,0.24,5118.3,Debit Card,Online
ORD103803,CUST108069,PROD1004,2024-09-09,2,1760.0,0.23,2710.4,Debit Card,Store
ORD103804,CUST108545,PROD1075,2023-12-16,4,2758.4,0.05,10481.92,Debit Card,Store
ORD103805,CUST104830,PROD1154,2024-02-11,2,1389.72,0.07,2584.88,Net Banking,Online
ORD103806,CUST104330,PROD1003,2022-09-24,2,1363.94,0.23,2100.47,UPI,Store
ORD103807,CUST108497,PROD1115,2022-08-29,1,3741.78,0.3,2619.25,Net Banking,Online
ORD103808,CUST105229,PROD1082,2022-02-22,3,595.95,0.25,1340.89,Cash on Delivery,Online
ORD103809,CUST102995,PROD1172,2022-05-04,3,3051.89,0.21,7232.98,Credit Card,Online
ORD103810,CUST106970,PROD1174,2022-03-29,1,4761.29,0.27,3475.74,Cash on Delivery,Online
ORD103811,CUST102214,PROD1105,2022-11-06,2,850.29,0.09,1547.53,Credit Card,Online
ORD103812,CUST109401,PROD1155,2024-01-26,3,2625.54,0.0,7876.62,Cash on Delivery,Store
ORD103813,CUST100275,PROD1034,2024-05-01,2,847.63,0.1,1525.73,Credit Card,Store
ORD103814,CUST106153,PROD1143,2023-07-11,2,3731.95,0.29,5299.37,UPI,Online
ORD103815,CUST106553,PROD1139,2024-07-01,4,3501.6,0.26,10364.74,Credit Card,Online
ORD103816,CUST108338,PROD1079,2023-07-30,1,127.55,0.02,125.0,Net Banking,Store
ORD103817,CUST103548,PROD1074,2023-11-29,4,1160.21,0.15,3944.71,Cash on Delivery,Online
ORD103818,CUST106972,PROD1042,2022-01-13,1,935.8,0.02,917.08,Debit Card,Store
ORD103819,CUST100851,PROD1027,2022-07-28,2,133.03,0.24,202.21,UPI,Online
ORD103820,CUST104523,PROD1080,2023-03-11,3,760.03,0.11,2029.28,Cash on Delivery,Store
ORD103821,CUST108679,PROD1018,2022-02-21,2,4703.75,0.27,6867.48,UPI,Online
ORD103822,CUST101553,PROD1195,2024-06-29,3,4224.79,0.02,12420.88,Debit Card,Online
ORD103823,CUST101761,PROD1073,2024-06-18,2,2162.76,0.22,3373.91,Debit Card,Store
ORD103824,CUST108775,PROD1122,2024-04-29,2,2405.73,0.12,4234.08,Debit Card,Online
ORD103825,CUST106799,PROD1054,2022-04-17,3,584.36,0.08,1612.83,Debit Card,Online
ORD103826,CUST104310,PROD1082,2023-06-05,4,595.95,0.16,2002.39,Debit Card,Online
ORD103827,CUST104605,PROD1163,2023-09-16,1,1140.38,0.15,969.32,Net Banking,Online
ORD103828,CUST108702,PROD1061,2022-04-30,1,1679.78,0.1,1511.8,Credit Card,Store
ORD103829,CUST107756,PROD1106,2022-03-08,2,822.51,0.19,1332.47,Debit Card,Store
ORD103830,CUST103813,PROD1166,2024-09-13,3,4056.26,0.2,9735.02,Cash on Delivery,Store
ORD103831,CUST105891,PROD1115,2022-03-23,1,3741.78,0.02,3666.94,Cash on Delivery,Store
ORD103832,CUST106888,PROD1040,2024-09-03,3,331.95,0.18,816.6,Debit Card,Store
ORD103833,CUST106194,PROD1187,2023-12-15,4,4781.3,0.21,15108.91,UPI,Online
ORD103834,CUST108147,PROD1085,2023-11-28,4,657.06,0.02,2575.68,Debit Card,Store
ORD103835,CUST103202,PROD1065,2024-05-18,1,1779.33,0.2,1423.46,Net Banking,Store
ORD103836,CUST100342,PROD1186,2024-06-06,3,158.9,0.24,362.29,Credit Card,Online
ORD103837,CUST107745,PROD1096,2023-10-31,2,4510.68,0.25,6766.02,Cash on Delivery,Store
ORD103838,CUST101423,PROD1167,2024-07-31,4,3946.83,0.01,15629.45,Debit Card,Online
ORD103839,CUST108337,PROD1018,2023-09-20,3,4703.75,0.21,11147.89,Credit Card,Online
ORD103840,CUST104557,PROD1054,2022-04-24,2,584.36,0.24,888.23,Credit Card,Store
ORD103841,CUST109107,PROD1111,2023-10-07,1,1904.48,0.12,1675.94,Debit Card,Online
ORD103842,CUST106647,PROD1045,2024-01-30,3,770.29,0.16,1941.13,Credit Card,Store
ORD103843,CUST101911,PROD1003,2023-09-15,4,1363.94,0.08,5019.3,Cash on Delivery,Online
ORD103844,CUST101339,PROD1189,2023-03-30,1,4197.72,0.09,3819.93,Debit Card,Store
ORD103845,CUST102246,PROD1024,2024-08-17,1,3137.89,0.15,2667.21,UPI,Store
ORD103846,CUST106446,PROD1062,2022-08-20,2,4227.41,0.05,8032.08,Debit Card,Store
ORD103847,CUST102951,PROD1197,2023-07-25,4,2029.94,0.11,7226.59,Cash on Delivery,Store
ORD103848,CUST100497,PROD1110,2024-03-13,4,2932.67,0.09,10674.92,Debit Card,Store
ORD103849,CUST100790,PROD1012,2024-02-12,3,1673.76,0.07,4669.79,Debit Card,Online
ORD103850,CUST108201,PROD1114,2023-07-16,2,671.01,0.15,1140.72,Debit Card,Store
ORD103851,CUST103098,PROD1085,2022-11-12,3,657.06,0.25,1478.38,Net Banking,Store
ORD103852,CUST108184,PROD1003,2024-02-22,1,1363.94,0.07,1268.46,Net Banking,Store
ORD103853,CUST102816,PROD1001,2023-04-20,1,2108.14,0.2,1686.51,Cash on Delivery,Store
ORD103854,CUST100326,PROD1066,2024-05-25,3,3804.6,0.08,10500.7,Credit Card,Store
ORD103855,CUST100882,PROD1109,2023-01-06,4,4287.18,0.04,16462.77,Debit Card,Store
ORD103856,CUST101671,PROD1029,2023-09-07,4,935.53,0.28,2694.33,Debit Card,Store
ORD103857,CUST105002,PROD1131,2024-09-19,1,768.23,0.19,622.27,Net Banking,Online
ORD103858,CUST108929,PROD1047,2023-10-26,1,3493.68,0.03,3388.87,UPI,Online
ORD103859,CUST102174,PROD1042,2023-06-17,2,935.8,0.19,1516.0,Net Banking,Online
ORD103860,CUST105235,PROD1092,2022-09-15,1,2248.29,0.05,2135.88,Credit Card,Store
ORD103861,CUST100923,PROD1172,2023-12-24,1,3051.89,0.27,2227.88,Debit Card,Store
ORD103862,CUST104266,PROD1140,2023-03-05,1,4426.54,0.07,4116.68,Debit Card,Store
ORD103863,CUST108112,PROD1046,2023-05-15,3,3362.42,0.24,7666.32,Cash on Delivery,Store
ORD103864,CUST102824,PROD1027,2023-08-17,1,133.03,0.06,125.05,UPI,Store
ORD103865,CUST105107,PROD1036,2022-01-10,2,924.34,0.17,1534.4,Cash on Delivery,Online
ORD103866,CUST106869,PROD1027,2024-07-29,2,133.03,0.27,194.22,UPI,Store
ORD103867,CUST105720,PROD1154,2023-11-08,2,1389.72,0.09,2529.29,UPI,Online
ORD103868,CUST109345,PROD1157,2023-10-25,2,1005.94,0.02,1971.64,UPI,Store
ORD103869,CUST102070,PROD1133,2023-11-16,1,1474.25,0.17,1223.63,UPI,Store
ORD103870,CUST107346,PROD1119,2023-03-01,2,3955.63,0.05,7515.7,Cash on Delivery,Store
ORD103871,CUST106544,PROD1008,2023-07-31,3,1199.69,0.22,2807.27,Debit Card,Store
ORD103872,CUST104600,PROD1133,2024-02-01,3,1474.25,0.18,3626.66,Debit Card,Online
ORD103873,CUST100920,PROD1156,2023-05-27,4,4272.09,0.1,15379.52,Cash on Delivery,Store
ORD103874,CUST106091,PROD1069,2022-11-13,4,3553.73,0.21,11229.79,Net Banking,Store
ORD103875,CUST103482,PROD1085,2023-09-22,1,657.06,0.07,611.07,Credit Card,Online
ORD103876,CUST106472,PROD1065,2022-05-14,4,1779.33,0.28,5124.47,UPI,Store
ORD103877,CUST101443,PROD1094,2024-08-18,3,2515.62,0.1,6792.17,Cash on Delivery,Online
ORD103878,CUST102801,PROD1180,2022-01-18,3,4036.27,0.23,9323.78,UPI,Online
ORD103879,CUST101775,PROD1069,2022-12-13,1,3553.73,0.08,3269.43,UPI,Online
ORD103880,CUST108220,PROD1004,2023-01-03,4,1760.0,0.21,5561.6,UPI,Store
ORD103881,CUST102292,PROD1019,2024-02-06,1,1794.76,0.01,1776.81,Cash on Delivery,Online
ORD103882,CUST103703,PROD1139,2022-06-17,2,3501.6,0.09,6372.91,Debit Card,Online
ORD103883,CUST100825,PROD1101,2024-07-22,2,3236.62,0.03,6279.04,Net Banking,Store
ORD103884,CUST107711,PROD1101,2024-07-29,4,3236.62,0.14,11133.97,Net Banking,Online
ORD103885,CUST103741,PROD1135,2022-01-17,1,3539.91,0.13,3079.72,Cash on Delivery,Store
ORD103886,CUST108330,PROD1119,2024-09-12,3,3955.63,0.11,10561.53,Credit Card,Online
ORD103887,CUST104452,PROD1185,2024-06-27,1,2516.6,0.29,1786.79,Net Banking,Online
ORD103888,CUST102259,PROD1048,2023-06-06,2,3417.13,0.07,6355.86,Net Banking,Store
ORD103889,CUST101162,PROD1063,2023-05-22,1,4377.63,0.24,3327.0,UPI,Store
ORD103890,CUST103439,PROD1177,2024-01-12,1,3377.85,0.13,2938.73,Cash on Delivery,Store
ORD103891,CUST102533,PROD1096,2023-04-19,4,4510.68,0.1,16238.45,Debit Card,Online
ORD103892,CUST105612,PROD1038,2023-06-27,3,2162.08,0.06,6097.07,Cash on Delivery,Online
ORD103893,CUST109551,PROD1039,2023-12-28,1,2735.18,0.19,2215.5,Cash on Delivery,Online
ORD103894,CUST107930,PROD1030,2022-11-02,2,3330.72,0.1,5995.3,Net Banking,Store
ORD103895,CUST102225,PROD1002,2023-01-14,1,1666.73,0.24,1266.71,UPI,Online
ORD103896,CUST103672,PROD1071,2022-12-06,3,1115.14,0.29,2375.25,Cash on Delivery,Store
ORD103897,CUST102160,PROD1029,2022-05-31,1,935.53,0.07,870.04,Debit Card,Store
ORD103898,CUST108474,PROD1094,2022-02-14,3,2515.62,0.04,7244.99,UPI,Online
ORD103899,CUST109331,PROD1028,2024-09-13,1,4912.04,0.09,4469.96,UPI,Store
ORD103900,CUST101797,PROD1197,2022-07-26,4,2029.94,0.14,6982.99,Debit Card,Online
ORD103901,CUST109382,PROD1055,2023-02-26,3,2785.96,0.09,7605.67,Debit Card,Online
ORD103902,CUST101244,PROD1193,2022-05-19,1,4987.26,0.29,3540.95,Debit Card,Store
ORD103903,CUST107069,PROD1086,2023-01-27,1,4422.95,0.23,3405.67,Cash on Delivery,Online
ORD103904,CUST107893,PROD1107,2024-04-25,1,2161.29,0.29,1534.52,UPI,Store
ORD103905,CUST104408,PROD1062,2023-01-19,1,4227.41,0.11,3762.39,UPI,Store
ORD103906,CUST101930,PROD1029,2024-02-20,1,935.53,0.09,851.33,Credit Card,Online
ORD103907,CUST102518,PROD1052,2023-12-27,2,2302.12,0.12,4051.73,Credit Card,Online
ORD103908,CUST100047,PROD1045,2023-11-05,4,770.29,0.16,2588.17,Credit Card,Store
ORD103909,CUST100133,PROD1102,2023-03-25,2,3752.53,0.22,5853.95,Cash on Delivery,Store
ORD103910,CUST105675,PROD1136,2024-05-18,1,4779.14,0.26,3536.56,Cash on Delivery,Online
ORD103911,CUST102364,PROD1006,2024-09-18,3,2076.92,0.14,5358.45,Debit Card,Online
ORD103912,CUST103509,PROD1062,2022-07-22,3,4227.41,0.09,11540.83,Cash on Delivery,Online
ORD103913,CUST107153,PROD1174,2022-01-10,2,4761.29,0.1,8570.32,UPI,Store
ORD103914,CUST104094,PROD1043,2022-12-16,2,1864.75,0.21,2946.3,UPI,Online
ORD103915,CUST102537,PROD1176,2022-03-17,2,770.65,0.17,1279.28,Net Banking,Store
ORD103916,CUST107996,PROD1078,2024-01-16,4,3766.22,0.15,12805.15,Net Banking,Store
ORD103917,CUST105984,PROD1189,2024-01-15,4,4197.72,0.06,15783.43,Cash on Delivery,Online
ORD103918,CUST102471,PROD1058,2024-01-08,3,1109.98,0.26,2464.16,Net Banking,Online
ORD103919,CUST102434,PROD1074,2024-06-05,2,1160.21,0.23,1786.72,Cash on Delivery,Store
ORD103920,CUST105021,PROD1083,2022-08-05,4,1976.87,0.04,7591.18,Debit Card,Store
ORD103921,CUST104335,PROD1012,2022-10-19,2,1673.76,0.11,2979.29,Debit Card,Online
ORD103922,CUST103522,PROD1157,2022-01-04,2,1005.94,0.16,1689.98,Net Banking,Online
ORD103923,CUST102305,PROD1103,2023-01-13,4,472.31,0.14,1624.75,Cash on Delivery,Online
ORD103924,CUST105287,PROD1102,2023-10-23,1,3752.53,0.12,3302.23,Net Banking,Store
ORD103925,CUST100663,PROD1083,2024-06-11,1,1976.87,0.22,1541.96,UPI,Store
ORD103926,CUST105681,PROD1108,2023-12-02,2,871.28,0.02,1707.71,Cash on Delivery,Online
ORD103927,CUST107443,PROD1042,2023-08-29,3,935.8,0.14,2414.36,Credit Card,Store
ORD103928,CUST105944,PROD1178,2022-02-07,4,4804.5,0.08,17680.56,UPI,Store
ORD103929,CUST107774,PROD1101,2023-08-11,1,3236.62,0.03,3139.52,Cash on Delivery,Store
ORD103930,CUST104849,PROD1007,2022-10-22,4,4532.56,0.14,15592.01,Net Banking,Online
ORD103931,CUST104200,PROD1036,2022-03-30,4,924.34,0.05,3512.49,Net Banking,Store
ORD103932,CUST107097,PROD1105,2024-04-01,2,850.29,0.08,1564.53,Net Banking,Store
ORD103933,CUST105022,PROD1096,2024-04-09,1,4510.68,0.15,3834.08,Cash on Delivery,Online
ORD103934,CUST103492,PROD1089,2022-10-02,4,1920.59,0.29,5454.48,Net Banking,Online
ORD103935,CUST105468,PROD1107,2023-05-29,3,2161.29,0.21,5122.26,Cash on Delivery,Online
ORD103936,CUST107939,PROD1119,2022-05-30,2,3955.63,0.08,7278.36,Cash on Delivery,Store
ORD103937,CUST109145,PROD1191,2023-08-29,2,598.34,0.11,1065.05,Net Banking,Online
ORD103938,CUST101673,PROD1038,2022-11-09,1,2162.08,0.12,1902.63,Debit Card,Store
ORD103939,CUST101342,PROD1135,2022-04-10,2,3539.91,0.05,6725.83,Debit Card,Online
ORD103940,CUST108431,PROD1061,2022-09-16,1,1679.78,0.05,1595.79,UPI,Store
ORD103941,CUST106570,PROD1038,2022-10-06,4,2162.08,0.04,8302.39,Cash on Delivery,Store
ORD103942,CUST103049,PROD1141,2022-01-04,3,1551.56,0.16,3909.93,Net Banking,Store
ORD103943,CUST106283,PROD1051,2023-02-16,1,2585.17,0.2,2068.14,Net Banking,Online
ORD103944,CUST104247,PROD1056,2023-08-13,4,1642.96,0.18,5388.91,Net Banking,Store
ORD103945,CUST106574,PROD1148,2023-12-11,4,3902.89,0.29,11084.21,Debit Card,Store
ORD103946,CUST109655,PROD1022,2022-11-22,4,1744.61,0.04,6699.3,Credit Card,Online
ORD103947,CUST105331,PROD1131,2024-07-25,2,768.23,0.3,1075.52,Cash on Delivery,Store
ORD103948,CUST100399,PROD1170,2023-11-08,3,4925.25,0.14,12707.14,UPI,Store
ORD103949,CUST101937,PROD1138,2023-06-03,3,3504.61,0.07,9777.86,UPI,Store
ORD103950,CUST108373,PROD1083,2024-08-30,3,1976.87,0.28,4270.04,UPI,Store
ORD103951,CUST101074,PROD1018,2022-01-01,1,4703.75,0.14,4045.22,Cash on Delivery,Online
ORD103952,CUST102573,PROD1064,2023-08-23,3,4980.76,0.1,13448.05,Cash on Delivery,Store
ORD103953,CUST102397,PROD1094,2023-02-22,4,2515.62,0.06,9458.73,UPI,Online
ORD103954,CUST109273,PROD1129,2022-06-29,2,1033.9,0.08,1902.38,UPI,Store
ORD103955,CUST100418,PROD1104,2022-01-10,3,431.37,0.29,918.82,Net Banking,Online
ORD103956,CUST109352,PROD1176,2023-01-10,4,770.65,0.09,2805.17,Credit Card,Online
ORD103957,CUST100639,PROD1196,2024-08-13,3,1253.86,0.29,2670.72,Debit Card,Online
ORD103958,CUST102084,PROD1161,2023-10-08,1,4435.03,0.1,3991.53,Cash on Delivery,Store
ORD103959,CUST104589,PROD1003,2023-03-28,4,1363.94,0.07,5073.86,Credit Card,Online
ORD103960,CUST100358,PROD1038,2024-08-25,1,2162.08,0.06,2032.36,UPI,Online
ORD103961,CUST101803,PROD1048,2022-04-20,2,3417.13,0.12,6014.15,UPI,Store
ORD103962,CUST105204,PROD1130,2022-05-05,2,1651.44,0.07,3071.68,UPI,Online
ORD103963,CUST107889,PROD1153,2023-03-08,1,656.81,0.21,518.88,UPI,Store
ORD103964,CUST100538,PROD1040,2023-12-20,3,331.95,0.07,926.14,Net Banking,Online
ORD103965,CUST104439,PROD1064,2022-10-28,1,4980.76,0.25,3735.57,Cash on Delivery,Online
ORD103966,CUST106888,PROD1121,2023-10-14,4,1191.0,0.25,3573.0,UPI,Online
ORD103967,CUST109905,PROD1143,2022-04-13,1,3731.95,0.09,3396.07,UPI,Online
ORD103968,CUST100865,PROD1185,2023-09-15,1,2516.6,0.23,1937.78,Cash on Delivery,Store
ORD103969,CUST106028,PROD1034,2022-03-11,2,847.63,0.26,1254.49,Debit Card,Online
ORD103970,CUST108967,PROD1143,2024-06-03,4,3731.95,0.18,12240.8,Net Banking,Online
ORD103971,CUST104671,PROD1032,2024-07-05,2,940.88,0.11,1674.77,Net Banking,Online
ORD103972,CUST101035,PROD1158,2022-04-20,4,611.58,0.13,2128.3,Credit Card,Store
ORD103973,CUST108552,PROD1149,2022-08-12,2,1630.37,0.24,2478.16,Net Banking,Store
ORD103974,CUST102819,PROD1060,2022-08-12,2,4998.52,0.09,9097.31,Credit Card,Store
ORD103975,CUST108487,PROD1107,2024-01-01,3,2161.29,0.1,5835.48,Debit Card,Store
ORD103976,CUST101426,PROD1191,2024-01-21,2,598.34,0.05,1136.85,Cash on Delivery,Store
ORD103977,CUST105494,PROD1197,2023-09-23,2,2029.94,0.12,3572.69,UPI,Store
ORD103978,CUST100692,PROD1162,2024-04-22,3,307.56,0.03,895.0,Credit Card,Store
ORD103979,CUST107593,PROD1038,2022-08-02,4,2162.08,0.1,7783.49,Net Banking,Store
ORD103980,CUST101067,PROD1130,2023-07-02,3,1651.44,0.11,4409.34,UPI,Store
ORD103981,CUST101132,PROD1095,2022-12-09,1,4205.79,0.08,3869.33,Debit Card,Store
ORD103982,CUST109313,PROD1140,2022-12-23,3,4426.54,0.03,12881.23,Cash on Delivery,Store
ORD103983,CUST107612,PROD1013,2024-03-01,3,4691.44,0.16,11822.43,Credit Card,Online
ORD103984,CUST109433,PROD1168,2023-03-15,2,736.02,0.26,1089.31,Net Banking,Online
ORD103985,CUST100946,PROD1135,2022-09-13,2,3539.91,0.1,6371.84,UPI,Store
ORD103986,CUST101615,PROD1110,2023-10-29,2,2932.67,0.07,5454.77,UPI,Online
ORD103987,CUST108254,PROD1018,2023-04-27,4,4703.75,0.09,17121.65,UPI,Online
ORD103988,CUST105715,PROD1108,2023-02-08,2,871.28,0.26,1289.49,Cash on Delivery,Store
ORD103989,CUST106069,PROD1141,2024-02-22,3,1551.56,0.16,3909.93,Credit Card,Online
ORD103990,CUST100393,PROD1177,2022-02-11,4,3377.85,0.04,12970.94,Cash on Delivery,Store
ORD103991,CUST109718,PROD1098,2023-01-23,2,1274.77,0.21,2014.14,Net Banking,Store
ORD103992,CUST107534,PROD1060,2022-01-29,4,4998.52,0.05,18994.38,Credit Card,Online
ORD103993,CUST109693,PROD1163,2023-11-26,2,1140.38,0.02,2235.14,Debit Card,Online
ORD103994,CUST107422,PROD1066,2024-09-26,1,3804.6,0.08,3500.23,Debit Card,Store
ORD103995,CUST106202,PROD1076,2022-07-22,3,4330.45,0.05,12341.78,Cash on Delivery,Store
ORD103996,CUST100519,PROD1091,2023-07-15,3,1656.34,0.18,4074.6,Cash on Delivery,Online
ORD103997,CUST100388,PROD1044,2022-11-23,3,452.32,0.15,1153.42,Cash on Delivery,Online
ORD103998,CUST100587,PROD1090,2024-04-22,1,2110.16,0.22,1645.92,Debit Card,Online
ORD103999,CUST103497,PROD1071,2022-02-23,3,1115.14,0.15,2843.61,Debit Card,Online
ORD104000,CUST107669,PROD1134,2023-05-05,3,3708.05,0.13,9678.01,Credit Card,Store
ORD104001,CUST102571,PROD1112,2023-02-21,4,441.15,0.16,1482.26,Credit Card,Online
ORD104002,CUST108471,PROD1021,2024-01-04,4,1572.17,0.13,5471.15,Cash on Delivery,Online
ORD104003,CUST106708,PROD1101,2024-05-13,2,3236.62,0.01,6408.51,UPI,Store
ORD104004,CUST108996,PROD1136,2022-12-26,3,4779.14,0.2,11469.94,Credit Card,Store
ORD104005,CUST108266,PROD1059,2023-07-03,2,4207.05,0.29,5974.01,Debit Card,Online
ORD104006,CUST102985,PROD1041,2022-07-24,4,4320.12,0.13,15034.02,Net Banking,Online
ORD104007,CUST100709,PROD1058,2024-06-21,1,1109.98,0.13,965.68,UPI,Online
ORD104008,CUST103662,PROD1167,2022-10-07,4,3946.83,0.01,15629.45,Debit Card,Online
ORD104009,CUST104630,PROD1028,2022-02-24,2,4912.04,0.27,7171.58,UPI,Online
ORD104010,CUST101430,PROD1182,2024-06-25,1,572.67,0.28,412.32,Net Banking,Store
ORD104011,CUST104991,PROD1191,2022-08-11,1,598.34,0.24,454.74,Cash on Delivery,Store
ORD104012,CUST105067,PROD1100,2022-04-18,1,3701.69,0.03,3590.64,UPI,Store
ORD104013,CUST108838,PROD1113,2023-12-19,2,2996.04,0.27,4374.22,Net Banking,Store
ORD104014,CUST102038,PROD1111,2023-11-15,1,1904.48,0.01,1885.44,Net Banking,Online
ORD104015,CUST104133,PROD1041,2023-08-25,4,4320.12,0.13,15034.02,UPI,Online
ORD104016,CUST105351,PROD1028,2023-05-24,4,4912.04,0.15,16700.94,UPI,Store
ORD104017,CUST102215,PROD1020,2024-08-18,2,319.32,0.25,478.98,UPI,Online
ORD104018,CUST103356,PROD1096,2022-01-06,4,4510.68,0.23,13892.89,UPI,Online
ORD104019,CUST100102,PROD1190,2023-05-22,2,2787.44,0.24,4236.91,Cash on Delivery,Store
ORD104020,CUST108336,PROD1122,2024-03-09,2,2405.73,0.26,3560.48,Debit Card,Online
ORD104021,CUST108946,PROD1062,2022-06-20,1,4227.41,0.14,3635.57,Credit Card,Store
ORD104022,CUST106803,PROD1037,2024-05-24,2,3402.6,0.23,5240.0,Cash on Delivery,Store
ORD104023,CUST104461,PROD1193,2022-09-25,4,4987.26,0.02,19550.06,UPI,Online
ORD104024,CUST106296,PROD1139,2022-07-12,2,3501.6,0.13,6092.78,Net Banking,Online
ORD104025,CUST106565,PROD1032,2024-01-26,1,940.88,0.01,931.47,Cash on Delivery,Store
ORD104026,CUST106462,PROD1000,2022-06-29,2,1986.03,0.27,2899.6,Credit Card,Online
ORD104027,CUST100082,PROD1195,2024-01-30,1,4224.79,0.29,2999.6,Credit Card,Online
ORD104028,CUST109503,PROD1027,2022-03-11,1,133.03,0.03,129.04,Cash on Delivery,Store
ORD104029,CUST107963,PROD1189,2024-01-03,1,4197.72,0.16,3526.08,Net Banking,Online
ORD104030,CUST105990,PROD1077,2022-01-30,2,4838.73,0.1,8709.71,Net Banking,Store
ORD104031,CUST105752,PROD1116,2022-04-29,2,4033.51,0.1,7260.32,Net Banking,Online
ORD104032,CUST106222,PROD1058,2023-12-18,3,1109.98,0.14,2863.75,Debit Card,Online
ORD104033,CUST103668,PROD1048,2023-05-25,3,3417.13,0.04,9841.33,Net Banking,Store
ORD104034,CUST101615,PROD1044,2024-01-04,3,452.32,0.05,1289.11,Credit Card,Online
ORD104035,CUST104246,PROD1122,2023-04-05,1,2405.73,0.17,1996.76,UPI,Store
ORD104036,CUST102062,PROD1133,2023-09-30,4,1474.25,0.01,5838.03,UPI,Online
ORD104037,CUST108971,PROD1114,2023-04-03,3,671.01,0.18,1650.68,Credit Card,Online
ORD104038,CUST107555,PROD1019,2023-07-21,2,1794.76,0.1,3230.57,Net Banking,Online
ORD104039,CUST101058,PROD1084,2022-02-08,1,1758.62,0.25,1318.96,UPI,Store
ORD104040,CUST102398,PROD1143,2024-08-27,1,3731.95,0.18,3060.2,Credit Card,Online
ORD104041,CUST102330,PROD1139,2024-04-29,2,3501.6,0.21,5532.53,Net Banking,Online
ORD104042,CUST101759,PROD1051,2022-09-19,3,2585.17,0.03,7522.84,Debit Card,Store
ORD104043,CUST100427,PROD1147,2022-07-03,3,1570.61,0.08,4334.88,UPI,Store
ORD104044,CUST105377,PROD1185,2023-06-04,4,2516.6,0.3,7046.48,Net Banking,Online
ORD104045,CUST105029,PROD1172,2024-09-06,2,3051.89,0.13,5310.29,Net Banking,Store
ORD104046,CUST103876,PROD1096,2024-04-02,2,4510.68,0.11,8029.01,UPI,Store
ORD104047,CUST102116,PROD1113,2024-05-22,3,2996.04,0.26,6651.21,Net Banking,Store
ORD104048,CUST100559,PROD1001,2023-06-12,4,2108.14,0.01,8348.23,Cash on Delivery,Online
ORD104049,CUST105441,PROD1033,2024-06-06,4,647.39,0.16,2175.23,Cash on Delivery,Online
ORD104050,CUST109577,PROD1025,2023-01-21,2,1799.14,0.06,3382.38,Debit Card,Online
ORD104051,CUST102617,PROD1160,2023-07-30,3,2584.14,0.11,6899.65,Credit Card,Store
ORD104052,CUST100589,PROD1169,2022-09-10,2,2046.46,0.06,3847.34,Cash on Delivery,Online
ORD104053,CUST100498,PROD1093,2022-01-11,3,3090.85,0.01,9179.82,Cash on Delivery,Online
ORD104054,CUST106347,PROD1064,2023-08-23,2,4980.76,0.12,8766.14,Debit Card,Store
ORD104055,CUST107904,PROD1109,2022-07-30,1,4287.18,0.24,3258.26,Cash on Delivery,Store
ORD104056,CUST109721,PROD1007,2023-05-31,1,4532.56,0.29,3218.12,Cash on Delivery,Store
ORD104057,CUST109830,PROD1064,2023-10-05,4,4980.76,0.19,16137.66,UPI,Online
ORD104058,CUST109324,PROD1109,2024-02-22,1,4287.18,0.12,3772.72,Debit Card,Store
ORD104059,CUST107432,PROD1137,2022-12-26,2,3649.67,0.23,5620.49,Net Banking,Online
ORD104060,CUST105956,PROD1031,2022-03-09,3,3607.34,0.15,9198.72,Net Banking,Store
ORD104061,CUST104483,PROD1050,2023-03-03,3,4767.36,0.11,12728.85,Credit Card,Store
ORD104062,CUST108607,PROD1184,2024-04-28,3,4915.01,0.05,14007.78,Credit Card,Store
ORD104063,CUST104996,PROD1167,2022-01-09,1,3946.83,0.24,2999.59,Cash on Delivery,Store
ORD104064,CUST101591,PROD1065,2023-06-21,1,1779.33,0.15,1512.43,Cash on Delivery,Store
ORD104065,CUST104407,PROD1030,2023-07-31,3,3330.72,0.29,7094.43,Net Banking,Online
ORD104066,CUST103883,PROD1190,2023-09-08,2,2787.44,0.24,4236.91,Debit Card,Online
ORD104067,CUST101607,PROD1067,2022-03-07,2,1221.16,0.13,2124.82,UPI,Online
ORD104068,CUST103724,PROD1183,2023-11-26,4,927.52,0.22,2893.86,Credit Card,Online
ORD104069,CUST107555,PROD1011,2022-06-22,3,1834.14,0.14,4732.08,Cash on Delivery,Store
ORD104070,CUST109907,PROD1030,2024-03-11,3,3330.72,0.02,9792.32,Credit Card,Store
ORD104071,CUST100202,PROD1022,2022-01-22,2,1744.61,0.16,2930.94,Net Banking,Store
ORD104072,CUST103854,PROD1160,2022-02-11,3,2584.14,0.26,5736.79,Debit Card,Online
ORD104073,CUST108301,PROD1007,2022-07-23,4,4532.56,0.26,13416.38,Net Banking,Store
ORD104074,CUST100768,PROD1189,2022-06-04,2,4197.72,0.17,6968.22,UPI,Online
ORD104075,CUST100138,PROD1123,2023-06-07,2,4620.97,0.11,8225.33,Debit Card,Online
ORD104076,CUST100220,PROD1079,2024-03-20,1,127.55,0.0,127.55,UPI,Online
ORD104077,CUST107356,PROD1014,2023-04-07,4,2197.11,0.09,7997.48,UPI,Online
ORD104078,CUST109052,PROD1168,2022-03-19,1,736.02,0.3,515.21,Debit Card,Online
ORD104079,CUST103927,PROD1103,2022-04-14,4,472.31,0.22,1473.61,UPI,Online
ORD104080,CUST102387,PROD1179,2022-10-05,1,3516.31,0.22,2742.72,Credit Card,Store
ORD104081,CUST102525,PROD1153,2023-10-11,3,656.81,0.23,1517.23,Cash on Delivery,Store
ORD104082,CUST105054,PROD1077,2023-12-20,2,4838.73,0.19,7838.74,Debit Card,Store
ORD104083,CUST109637,PROD1011,2024-02-02,3,1834.14,0.18,4511.98,Net Banking,Online
ORD104084,CUST106956,PROD1026,2024-01-07,3,3182.76,0.14,8211.52,Net Banking,Store
ORD104085,CUST101609,PROD1110,2022-02-26,4,2932.67,0.13,10205.69,Cash on Delivery,Online
ORD104086,CUST105443,PROD1195,2022-12-05,4,4224.79,0.26,12505.38,Net Banking,Online
ORD104087,CUST100198,PROD1157,2024-03-09,4,1005.94,0.12,3540.91,Cash on Delivery,Online
ORD104088,CUST105984,PROD1003,2022-10-01,3,1363.94,0.25,3068.86,Credit Card,Online
ORD104089,CUST109352,PROD1053,2024-06-26,2,1312.97,0.25,1969.46,Net Banking,Store
ORD104090,CUST101369,PROD1094,2023-11-11,1,2515.62,0.23,1937.03,Net Banking,Store
ORD104091,CUST103571,PROD1161,2024-06-08,4,4435.03,0.01,17562.72,Credit Card,Online
ORD104092,CUST100488,PROD1195,2024-05-18,2,4224.79,0.04,8111.6,Net Banking,Store
ORD104093,CUST103540,PROD1083,2023-11-16,2,1976.87,0.09,3597.9,Net Banking,Online
ORD104094,CUST109056,PROD1183,2023-03-09,4,927.52,0.25,2782.56,Credit Card,Store
ORD104095,CUST102180,PROD1145,2024-06-15,3,4568.9,0.26,10142.96,Credit Card,Online
ORD104096,CUST103328,PROD1174,2023-09-02,3,4761.29,0.01,14141.03,Credit Card,Store
ORD104097,CUST103634,PROD1199,2023-01-26,1,4504.11,0.1,4053.7,Net Banking,Store
ORD104098,CUST100655,PROD1187,2024-06-16,2,4781.3,0.26,7076.32,Cash on Delivery,Store
ORD104099,CUST105986,PROD1105,2024-06-07,1,850.29,0.07,790.77,Cash on Delivery,Store
ORD104100,CUST109571,PROD1186,2022-12-08,3,158.9,0.29,338.46,Debit Card,Online
ORD104101,CUST100235,PROD1129,2022-09-17,3,1033.9,0.15,2636.44,Debit Card,Online
ORD104102,CUST100988,PROD1120,2023-11-16,1,1608.36,0.28,1158.02,Net Banking,Store
ORD104103,CUST101382,PROD1072,2022-06-23,1,4258.76,0.13,3705.12,Net Banking,Online
ORD104104,CUST109006,PROD1015,2023-12-25,2,3483.28,0.1,6269.9,Cash on Delivery,Online
ORD104105,CUST109881,PROD1185,2022-07-14,1,2516.6,0.11,2239.77,UPI,Online
ORD104106,CUST105629,PROD1139,2024-02-16,1,3501.6,0.27,2556.17,Debit Card,Online
ORD104107,CUST102486,PROD1132,2024-09-04,2,1728.02,0.1,3110.44,Cash on Delivery,Online
ORD104108,CUST101665,PROD1166,2023-03-17,3,4056.26,0.2,9735.02,Net Banking,Online
ORD104109,CUST103986,PROD1142,2022-09-29,2,1570.45,0.14,2701.17,Debit Card,Store
ORD104110,CUST108186,PROD1071,2022-11-03,3,1115.14,0.28,2408.7,Debit Card,Store
ORD104111,CUST101823,PROD1087,2022-11-04,3,3115.6,0.05,8879.46,Debit Card,Store
ORD104112,CUST105828,PROD1146,2023-10-11,1,2720.43,0.13,2366.77,Net Banking,Store
ORD104113,CUST105430,PROD1100,2023-08-18,4,3701.69,0.04,14214.49,Cash on Delivery,Store
ORD104114,CUST105336,PROD1081,2024-06-20,1,473.74,0.17,393.2,UPI,Online
ORD104115,CUST104088,PROD1084,2023-07-10,4,1758.62,0.12,6190.34,Net Banking,Store
ORD104116,CUST100610,PROD1048,2022-07-26,4,3417.13,0.02,13395.15,Debit Card,Store
ORD104117,CUST109527,PROD1122,2022-04-27,1,2405.73,0.25,1804.3,Credit Card,Online
ORD104118,CUST103868,PROD1038,2024-06-20,1,2162.08,0.11,1924.25,Cash on Delivery,Store
ORD104119,CUST104325,PROD1077,2022-01-05,1,4838.73,0.15,4112.92,Net Banking,Online
ORD104120,CUST104435,PROD1142,2024-01-03,4,1570.45,0.12,5527.98,Debit Card,Online
ORD104121,CUST102163,PROD1122,2024-07-30,3,2405.73,0.15,6134.61,UPI,Store
ORD104122,CUST108262,PROD1054,2024-03-05,4,584.36,0.0,2337.44,Debit Card,Store
ORD104123,CUST101749,PROD1112,2023-05-14,2,441.15,0.24,670.55,Debit Card,Store
ORD104124,CUST104945,PROD1194,2023-09-18,1,270.22,0.1,243.2,Net Banking,Store
ORD104125,CUST105172,PROD1183,2024-02-01,4,927.52,0.22,2893.86,UPI,Online
ORD104126,CUST100341,PROD1044,2022-10-28,4,452.32,0.02,1773.09,Credit Card,Online
ORD104127,CUST104683,PROD1184,2023-03-01,3,4915.01,0.16,12385.83,Net Banking,Online
ORD104128,CUST103831,PROD1066,2022-03-31,1,3804.6,0.27,2777.36,Cash on Delivery,Store
ORD104129,CUST102379,PROD1005,2022-01-28,2,900.54,0.12,1584.95,UPI,Online
ORD104130,CUST106105,PROD1069,2024-08-07,3,3553.73,0.06,10021.52,Credit Card,Store
ORD104131,CUST103869,PROD1158,2023-06-28,4,611.58,0.03,2372.93,Credit Card,Online
ORD104132,CUST106068,PROD1021,2022-08-05,4,1572.17,0.26,4653.62,UPI,Online
ORD104133,CUST102439,PROD1084,2024-03-31,2,1758.62,0.07,3271.03,Cash on Delivery,Store
ORD104134,CUST107906,PROD1165,2022-03-12,4,4146.73,0.29,11776.71,Debit Card,Online
ORD104135,CUST107857,PROD1101,2024-02-03,4,3236.62,0.07,12040.23,Net Banking,Online
ORD104136,CUST105429,PROD1057,2022-01-30,1,2667.72,0.14,2294.24,Cash on Delivery,Store
ORD104137,CUST100471,PROD1197,2022-09-13,3,2029.94,0.14,5237.25,Credit Card,Store
ORD104138,CUST108059,PROD1156,2024-03-31,2,4272.09,0.02,8373.3,Cash on Delivery,Online
ORD104139,CUST103765,PROD1183,2023-11-02,1,927.52,0.16,779.12,Debit Card,Online
ORD104140,CUST107826,PROD1109,2023-01-31,1,4287.18,0.2,3429.74,Cash on Delivery,Online
ORD104141,CUST107912,PROD1138,2023-06-05,3,3504.61,0.22,8200.79,Cash on Delivery,Store
ORD104142,CUST108845,PROD1175,2024-09-20,1,2304.65,0.16,1935.91,Credit Card,Store
ORD104143,CUST100461,PROD1085,2022-11-19,4,657.06,0.24,1997.46,Cash on Delivery,Store
ORD104144,CUST101173,PROD1059,2024-07-21,2,4207.05,0.23,6478.86,Net Banking,Online
ORD104145,CUST101667,PROD1178,2023-01-05,1,4804.5,0.06,4516.23,UPI,Online
ORD104146,CUST103321,PROD1166,2022-06-05,2,4056.26,0.12,7139.02,Credit Card,Store
ORD104147,CUST108831,PROD1133,2022-08-02,2,1474.25,0.04,2830.56,UPI,Online
ORD104148,CUST104369,PROD1029,2023-10-28,2,935.53,0.04,1796.22,Cash on Delivery,Online
ORD104149,CUST108673,PROD1106,2022-03-24,4,822.51,0.21,2599.13,Debit Card,Store
ORD104150,CUST108273,PROD1128,2023-02-09,2,3522.95,0.16,5918.56,Credit Card,Store
ORD104151,CUST104126,PROD1085,2023-09-05,3,657.06,0.18,1616.37,Cash on Delivery,Online
ORD104152,CUST102793,PROD1008,2022-01-10,2,1199.69,0.22,1871.52,Cash on Delivery,Online
ORD104153,CUST109299,PROD1172,2024-04-27,4,3051.89,0.08,11230.96,Debit Card,Online
ORD104154,CUST106185,PROD1135,2022-10-07,4,3539.91,0.12,12460.48,Cash on Delivery,Online
ORD104155,CUST103785,PROD1033,2022-10-08,3,647.39,0.18,1592.58,Net Banking,Online
ORD104156,CUST100250,PROD1135,2023-11-23,3,3539.91,0.03,10301.14,Debit Card,Online
ORD104157,CUST101620,PROD1139,2022-03-31,4,3501.6,0.25,10504.8,Credit Card,Store
ORD104158,CUST109910,PROD1042,2022-05-09,4,935.8,0.1,3368.88,Credit Card,Online
ORD104159,CUST108457,PROD1104,2022-11-05,3,431.37,0.2,1035.29,UPI,Online
ORD104160,CUST100021,PROD1055,2024-08-21,4,2785.96,0.3,7800.69,Net Banking,Online
ORD104161,CUST102123,PROD1030,2023-04-30,1,3330.72,0.14,2864.42,Net Banking,Online
ORD104162,CUST101510,PROD1169,2022-04-17,2,2046.46,0.06,3847.34,Credit Card,Store
ORD104163,CUST103852,PROD1160,2024-08-31,4,2584.14,0.06,9716.37,Cash on Delivery,Online
ORD104164,CUST104775,PROD1018,2023-05-20,4,4703.75,0.02,18438.7,Net Banking,Online
ORD104165,CUST107008,PROD1112,2024-03-02,4,441.15,0.23,1358.74,Net Banking,Online
ORD104166,CUST103422,PROD1182,2022-10-10,1,572.67,0.09,521.13,Cash on Delivery,Store
ORD104167,CUST108431,PROD1003,2022-04-17,2,1363.94,0.05,2591.49,Debit Card,Online
ORD104168,CUST108242,PROD1011,2022-06-04,3,1834.14,0.21,4346.91,Cash on Delivery,Store
ORD104169,CUST103007,PROD1083,2024-05-05,1,1976.87,0.09,1798.95,UPI,Online
ORD104170,CUST108667,PROD1103,2022-08-20,1,472.31,0.18,387.29,UPI,Store
ORD104171,CUST100156,PROD1155,2023-03-25,3,2625.54,0.13,6852.66,Credit Card,Store
ORD104172,CUST106342,PROD1057,2023-01-15,3,2667.72,0.1,7202.84,Debit Card,Store
ORD104173,CUST107598,PROD1047,2024-03-17,4,3493.68,0.15,11878.51,Net Banking,Store
ORD104174,CUST104761,PROD1119,2022-11-29,3,3955.63,0.09,10798.87,Credit Card,Store
ORD104175,CUST102019,PROD1123,2023-08-19,1,4620.97,0.26,3419.52,Credit Card,Online
ORD104176,CUST105237,PROD1000,2024-05-19,4,1986.03,0.02,7785.24,Net Banking,Online
ORD104177,CUST109878,PROD1104,2024-07-20,3,431.37,0.01,1281.17,Net Banking,Online
ORD104178,CUST107923,PROD1043,2022-03-17,1,1864.75,0.12,1640.98,Cash on Delivery,Store
ORD104179,CUST104170,PROD1062,2024-08-22,2,4227.41,0.05,8032.08,UPI,Store
ORD104180,CUST105047,PROD1094,2022-09-18,3,2515.62,0.22,5886.55,Net Banking,Online
ORD104181,CUST102414,PROD1037,2022-12-03,1,3402.6,0.11,3028.31,Cash on Delivery,Online
ORD104182,CUST102155,PROD1008,2022-08-18,4,1199.69,0.08,4414.86,UPI,Store
ORD104183,CUST103757,PROD1005,2024-06-24,3,900.54,0.11,2404.44,Debit Card,Store
ORD104184,CUST100092,PROD1069,2024-02-23,3,3553.73,0.07,9914.91,Debit Card,Store
ORD104185,CUST106243,PROD1051,2024-09-10,4,2585.17,0.09,9410.02,Debit Card,Store
ORD104186,CUST108862,PROD1066,2022-08-09,4,3804.6,0.17,12631.27,Net Banking,Online
ORD104187,CUST102143,PROD1095,2023-11-24,1,4205.79,0.26,3112.28,UPI,Online
ORD104188,CUST108423,PROD1098,2023-02-02,4,1274.77,0.11,4538.18,UPI,Store
ORD104189,CUST105971,PROD1143,2023-12-15,1,3731.95,0.1,3358.76,Debit Card,Online
ORD104190,CUST101602,PROD1129,2024-03-07,1,1033.9,0.23,796.1,Credit Card,Store
ORD104191,CUST102951,PROD1035,2023-02-16,4,1309.41,0.01,5185.26,UPI,Online
ORD104192,CUST109964,PROD1104,2023-09-22,3,431.37,0.09,1177.64,UPI,Store
ORD104193,CUST101310,PROD1198,2023-09-21,4,1926.28,0.14,6626.4,Cash on Delivery,Online
ORD104194,CUST107967,PROD1034,2023-02-05,4,847.63,0.18,2780.23,Debit Card,Online
ORD104195,CUST106246,PROD1119,2023-12-10,2,3955.63,0.05,7515.7,Credit Card,Store
ORD104196,CUST100158,PROD1029,2023-12-07,2,935.53,0.13,1627.82,Cash on Delivery,Online
ORD104197,CUST103778,PROD1172,2024-03-14,4,3051.89,0.17,10132.27,Credit Card,Store
ORD104198,CUST101586,PROD1173,2023-05-13,3,3575.41,0.15,9117.3,Credit Card,Online
ORD104199,CUST100377,PROD1092,2023-09-08,3,2248.29,0.17,5598.24,Credit Card,Online
ORD104200,CUST103295,PROD1192,2022-06-23,1,3116.29,0.2,2493.03,Net Banking,Store
ORD104201,CUST108905,PROD1128,2022-10-28,4,3522.95,0.11,12541.7,UPI,Online
ORD104202,CUST108929,PROD1104,2022-04-13,4,431.37,0.02,1690.97,UPI,Store
ORD104203,CUST102500,PROD1184,2023-06-05,2,4915.01,0.02,9633.42,Cash on Delivery,Online
ORD104204,CUST101863,PROD1198,2022-06-13,2,1926.28,0.26,2850.89,Credit Card,Online
ORD104205,CUST107888,PROD1194,2022-01-05,2,270.22,0.2,432.35,Credit Card,Store
ORD104206,CUST100491,PROD1099,2024-04-26,1,4731.44,0.23,3643.21,UPI,Online
ORD104207,CUST108113,PROD1102,2024-04-20,4,3752.53,0.28,10807.29,Credit Card,Store
ORD104208,CUST107501,PROD1030,2023-08-24,2,3330.72,0.23,5129.31,Credit Card,Online
ORD104209,CUST109721,PROD1024,2022-06-27,4,3137.89,0.21,9915.73,Credit Card,Online
ORD104210,CUST107410,PROD1046,2024-03-06,1,3362.42,0.2,2689.94,Debit Card,Online
ORD104211,CUST107731,PROD1183,2022-01-27,3,927.52,0.08,2559.96,Debit Card,Store
ORD104212,CUST100945,PROD1000,2024-05-27,1,1986.03,0.29,1410.08,Debit Card,Online
ORD104213,CUST108893,PROD1101,2023-11-18,4,3236.62,0.16,10875.04,Cash on Delivery,Store
ORD104214,CUST102484,PROD1117,2022-06-10,4,2765.48,0.07,10287.59,Credit Card,Store
ORD104215,CUST102755,PROD1164,2022-04-25,4,3496.96,0.06,13148.57,Debit Card,Store
ORD104216,CUST107628,PROD1112,2023-01-13,3,441.15,0.24,1005.82,Debit Card,Online
ORD104217,CUST107817,PROD1194,2022-04-07,4,270.22,0.08,994.41,Net Banking,Store
ORD104218,CUST103033,PROD1139,2023-11-09,2,3501.6,0.01,6933.17,Cash on Delivery,Online
ORD104219,CUST100389,PROD1019,2022-05-16,3,1794.76,0.13,4684.32,Debit Card,Online
ORD104220,CUST107834,PROD1029,2023-01-23,3,935.53,0.25,2104.94,Debit Card,Store
ORD104221,CUST109435,PROD1191,2024-05-29,3,598.34,0.12,1579.62,Debit Card,Store
ORD104222,CUST103347,PROD1078,2022-06-13,1,3766.22,0.24,2862.33,Net Banking,Store
ORD104223,CUST100011,PROD1127,2024-05-24,1,509.27,0.25,381.95,Net Banking,Store
ORD104224,CUST109708,PROD1084,2023-02-19,1,1758.62,0.26,1301.38,Cash on Delivery,Online
ORD104225,CUST101620,PROD1063,2023-12-15,3,4377.63,0.18,10768.97,Credit Card,Store
ORD104226,CUST109949,PROD1017,2024-08-02,3,791.05,0.21,1874.79,Credit Card,Online
ORD104227,CUST108240,PROD1031,2023-11-12,4,3607.34,0.08,13275.01,Cash on Delivery,Online
ORD104228,CUST109907,PROD1146,2022-05-16,3,2720.43,0.03,7916.45,Credit Card,Online
ORD104229,CUST106153,PROD1093,2022-06-07,2,3090.85,0.16,5192.63,UPI,Online
ORD104230,CUST108178,PROD1032,2023-02-02,1,940.88,0.0,940.88,Credit Card,Store
ORD104231,CUST108452,PROD1189,2024-03-23,4,4197.72,0.14,14440.16,Net Banking,Store
ORD104232,CUST108511,PROD1149,2024-01-09,2,1630.37,0.03,3162.92,Net Banking,Online
ORD104233,CUST101927,PROD1108,2023-01-01,2,871.28,0.03,1690.28,Debit Card,Online
ORD104234,CUST106813,PROD1156,2022-10-29,2,4272.09,0.26,6322.69,Net Banking,Store
ORD104235,CUST102832,PROD1003,2024-08-20,3,1363.94,0.19,3314.37,UPI,Store
ORD104236,CUST106978,PROD1177,2022-12-15,1,3377.85,0.19,2736.06,UPI,Store
ORD104237,CUST104116,PROD1099,2024-02-23,2,4731.44,0.12,8327.33,UPI,Store
ORD104238,CUST100015,PROD1121,2023-01-29,4,1191.0,0.12,4192.32,Debit Card,Store
ORD104239,CUST103866,PROD1131,2022-11-20,1,768.23,0.09,699.09,Credit Card,Store
ORD104240,CUST102345,PROD1004,2024-08-05,1,1760.0,0.13,1531.2,Debit Card,Online
ORD104241,CUST109132,PROD1166,2022-02-19,3,4056.26,0.18,9978.4,Net Banking,Store
ORD104242,CUST108450,PROD1056,2022-11-20,2,1642.96,0.06,3088.76,UPI,Store
ORD104243,CUST101063,PROD1030,2023-05-29,4,3330.72,0.08,12257.05,Debit Card,Store
ORD104244,CUST100275,PROD1006,2024-04-22,3,2076.92,0.15,5296.15,Debit Card,Online
ORD104245,CUST102566,PROD1011,2023-04-08,1,1834.14,0.12,1614.04,UPI,Store
ORD104246,CUST104922,PROD1009,2022-03-16,2,3453.81,0.25,5180.72,Cash on Delivery,Store
ORD104247,CUST101930,PROD1156,2024-01-29,1,4272.09,0.25,3204.07,UPI,Online
ORD104248,CUST103582,PROD1140,2023-05-16,1,4426.54,0.1,3983.89,Cash on Delivery,Store
ORD104249,CUST101331,PROD1126,2023-12-28,3,362.9,0.14,936.28,UPI,Store
ORD104250,CUST108066,PROD1197,2024-01-12,4,2029.94,0.29,5765.03,Credit Card,Store
ORD104251,CUST109748,PROD1158,2024-01-24,2,611.58,0.25,917.37,Cash on Delivery,Store
ORD104252,CUST100479,PROD1136,2024-09-16,3,4779.14,0.06,13477.17,Cash on Delivery,Store
ORD104253,CUST104509,PROD1178,2022-07-07,4,4804.5,0.08,17680.56,Debit Card,Online
ORD104254,CUST103046,PROD1087,2024-08-03,3,3115.6,0.03,9066.4,Cash on Delivery,Online
ORD104255,CUST101488,PROD1143,2022-05-09,4,3731.95,0.2,11942.24,Net Banking,Online
ORD104256,CUST108152,PROD1186,2023-05-08,1,158.9,0.1,143.01,Debit Card,Online
ORD104257,CUST102092,PROD1185,2022-04-07,2,2516.6,0.16,4227.89,Debit Card,Store
ORD104258,CUST100829,PROD1010,2022-12-31,2,794.74,0.23,1223.9,Credit Card,Store
ORD104259,CUST107655,PROD1163,2023-05-16,2,1140.38,0.25,1710.57,Debit Card,Online
ORD104260,CUST102700,PROD1000,2022-06-14,3,1986.03,0.1,5362.28,Debit Card,Store
ORD104261,CUST108335,PROD1020,2024-07-07,3,319.32,0.07,890.9,Net Banking,Online
ORD104262,CUST104930,PROD1171,2022-06-26,4,4945.55,0.25,14836.65,Debit Card,Store
ORD104263,CUST102804,PROD1099,2023-09-21,3,4731.44,0.11,12632.94,Cash on Delivery,Store
ORD104264,CUST107990,PROD1164,2023-12-23,1,3496.96,0.25,2622.72,Credit Card,Online
ORD104265,CUST106336,PROD1005,2024-08-27,4,900.54,0.04,3458.07,Net Banking,Online
ORD104266,CUST108975,PROD1141,2024-08-17,3,1551.56,0.27,3397.92,UPI,Store
ORD104267,CUST106016,PROD1092,2022-09-30,2,2248.29,0.14,3867.06,UPI,Online
ORD104268,CUST104273,PROD1128,2022-11-23,1,3522.95,0.05,3346.8,UPI,Online
ORD104269,CUST106461,PROD1135,2023-02-03,2,3539.91,0.16,5947.05,Net Banking,Store
ORD104270,CUST107558,PROD1110,2023-07-17,4,2932.67,0.26,8680.7,UPI,Online
ORD104271,CUST102198,PROD1043,2023-02-15,4,1864.75,0.12,6563.92,Cash on Delivery,Online
ORD104272,CUST108802,PROD1122,2024-02-16,3,2405.73,0.05,6856.33,UPI,Store
ORD104273,CUST108732,PROD1086,2022-03-05,4,4422.95,0.17,14684.19,UPI,Store
ORD104274,CUST107375,PROD1102,2023-03-23,4,3752.53,0.25,11257.59,Credit Card,Online
ORD104275,CUST107889,PROD1104,2022-12-07,2,431.37,0.04,828.23,UPI,Online
ORD104276,CUST100412,PROD1074,2024-08-06,4,1160.21,0.01,4594.43,UPI,Store
ORD104277,CUST107256,PROD1154,2022-08-17,1,1389.72,0.02,1361.93,Debit Card,Online
ORD104278,CUST105868,PROD1035,2023-05-20,3,1309.41,0.07,3653.25,Cash on Delivery,Store
ORD104279,CUST109975,PROD1169,2024-05-10,4,2046.46,0.0,8185.84,Net Banking,Online
ORD104280,CUST105377,PROD1147,2024-03-20,1,1570.61,0.13,1366.43,Credit Card,Online
ORD104281,CUST109919,PROD1007,2024-01-19,3,4532.56,0.21,10742.17,Net Banking,Online
ORD104282,CUST105727,PROD1045,2024-01-07,1,770.29,0.21,608.53,UPI,Online
ORD104283,CUST101427,PROD1099,2023-09-21,1,4731.44,0.19,3832.47,Debit Card,Store
ORD104284,CUST103510,PROD1051,2022-09-07,4,2585.17,0.09,9410.02,UPI,Store
ORD104285,CUST101637,PROD1025,2022-03-11,2,1799.14,0.22,2806.66,UPI,Store
ORD104286,CUST104576,PROD1034,2023-05-27,3,847.63,0.17,2110.6,Credit Card,Store
ORD104287,CUST108371,PROD1187,2022-12-11,4,4781.3,0.26,14152.65,Credit Card,Store
ORD104288,CUST103396,PROD1130,2023-07-01,4,1651.44,0.14,5680.95,Net Banking,Store
ORD104289,CUST104677,PROD1122,2022-09-30,3,2405.73,0.05,6856.33,UPI,Online
ORD104290,CUST105525,PROD1131,2023-07-10,3,768.23,0.19,1866.8,Net Banking,Online
ORD104291,CUST107122,PROD1061,2024-09-13,4,1679.78,0.05,6383.16,UPI,Online
ORD104292,CUST101642,PROD1063,2024-07-27,1,4377.63,0.29,3108.12,Credit Card,Store
ORD104293,CUST101294,PROD1177,2024-05-21,2,3377.85,0.21,5337.0,Debit Card,Online
ORD104294,CUST109774,PROD1146,2022-12-11,2,2720.43,0.23,4189.46,Net Banking,Online
ORD104295,CUST103536,PROD1170,2023-04-05,3,4925.25,0.2,11820.6,Net Banking,Store
ORD104296,CUST107787,PROD1081,2022-04-17,3,473.74,0.03,1378.58,Cash on Delivery,Online
ORD104297,CUST108555,PROD1013,2024-06-04,1,4691.44,0.14,4034.64,Cash on Delivery,Online
ORD104298,CUST102116,PROD1013,2024-01-11,1,4691.44,0.2,3753.15,Debit Card,Online
ORD104299,CUST102561,PROD1053,2024-02-03,4,1312.97,0.07,4884.25,Cash on Delivery,Store
ORD104300,CUST106039,PROD1156,2023-05-03,1,4272.09,0.2,3417.67,Debit Card,Online
ORD104301,CUST107400,PROD1130,2022-02-13,2,1651.44,0.25,2477.16,UPI,Online
ORD104302,CUST107868,PROD1097,2023-05-17,1,2401.45,0.08,2209.33,Cash on Delivery,Store
ORD104303,CUST106265,PROD1103,2024-07-22,1,472.31,0.06,443.97,Cash on Delivery,Store
ORD104304,CUST102542,PROD1004,2023-03-01,1,1760.0,0.26,1302.4,Net Banking,Store
ORD104305,CUST106720,PROD1004,2024-07-09,3,1760.0,0.0,5280.0,Debit Card,Online
ORD104306,CUST104020,PROD1116,2022-02-18,1,4033.51,0.08,3710.83,Net Banking,Online
ORD104307,CUST100883,PROD1044,2022-03-01,3,452.32,0.12,1194.12,Cash on Delivery,Online
ORD104308,CUST101172,PROD1191,2022-09-15,2,598.34,0.2,957.34,UPI,Store
ORD104309,CUST109976,PROD1191,2023-07-31,2,598.34,0.3,837.68,Credit Card,Store
ORD104310,CUST107038,PROD1170,2022-04-24,3,4925.25,0.11,13150.42,Debit Card,Online
ORD104311,CUST105595,PROD1170,2024-02-10,3,4925.25,0.28,10638.54,Debit Card,Store
ORD104312,CUST104674,PROD1115,2022-12-15,1,3741.78,0.11,3330.18,UPI,Store
ORD104313,CUST107738,PROD1050,2023-02-02,1,4767.36,0.21,3766.21,UPI,Online
ORD104314,CUST108304,PROD1012,2024-07-29,2,1673.76,0.05,3180.14,Debit Card,Online
ORD104315,CUST106688,PROD1072,2023-11-05,2,4258.76,0.14,7325.07,Debit Card,Online
ORD104316,CUST106542,PROD1067,2023-04-15,2,1221.16,0.26,1807.32,UPI,Store
ORD104317,CUST108983,PROD1068,2023-11-07,2,3161.5,0.1,5690.7,UPI,Online
ORD104318,CUST101315,PROD1134,2022-01-15,4,3708.05,0.03,14387.23,UPI,Store
ORD104319,CUST103233,PROD1091,2023-07-03,1,1656.34,0.16,1391.33,Cash on Delivery,Online
ORD104320,CUST100050,PROD1103,2022-05-18,1,472.31,0.13,410.91,Debit Card,Online
ORD104321,CUST100143,PROD1077,2022-09-22,4,4838.73,0.07,18000.08,Debit Card,Store
ORD104322,CUST103687,PROD1169,2024-03-28,2,2046.46,0.27,2987.83,UPI,Store
ORD104323,CUST105801,PROD1101,2024-07-19,1,3236.62,0.18,2654.03,Net Banking,Store
ORD104324,CUST105252,PROD1004,2023-07-12,1,1760.0,0.1,1584.0,Credit Card,Store
ORD104325,CUST105618,PROD1174,2023-09-10,3,4761.29,0.3,9998.71,Debit Card,Store
ORD104326,CUST104485,PROD1047,2022-03-22,4,3493.68,0.04,13415.73,Cash on Delivery,Online
ORD104327,CUST107337,PROD1122,2022-10-30,3,2405.73,0.25,5412.89,Credit Card,Online
ORD104328,CUST108151,PROD1091,2022-10-01,4,1656.34,0.07,6161.58,Net Banking,Online
ORD104329,CUST108116,PROD1174,2022-04-23,4,4761.29,0.07,17712.0,Cash on Delivery,Online
ORD104330,CUST103730,PROD1135,2023-02-13,4,3539.91,0.15,12035.69,UPI,Store
ORD104331,CUST108940,PROD1148,2024-07-19,2,3902.89,0.2,6244.62,Net Banking,Online
ORD104332,CUST109066,PROD1087,2023-12-21,4,3115.6,0.21,9845.3,UPI,Online
ORD104333,CUST102944,PROD1117,2024-03-29,2,2765.48,0.01,5475.65,Cash on Delivery,Store
ORD104334,CUST104803,PROD1023,2022-12-31,4,554.45,0.09,2018.2,Cash on Delivery,Online
ORD104335,CUST101208,PROD1140,2022-08-29,2,4426.54,0.2,7082.46,UPI,Store
ORD104336,CUST103733,PROD1112,2022-03-30,2,441.15,0.27,644.08,Credit Card,Online
ORD104337,CUST100213,PROD1142,2023-11-26,2,1570.45,0.2,2512.72,Debit Card,Store
ORD104338,CUST106566,PROD1109,2022-09-29,1,4287.18,0.08,3944.21,Debit Card,Store
ORD104339,CUST101818,PROD1088,2022-09-12,3,4002.67,0.15,10206.81,Cash on Delivery,Store
ORD104340,CUST103494,PROD1108,2023-05-04,3,871.28,0.19,2117.21,Net Banking,Store
ORD104341,CUST100485,PROD1052,2024-05-05,3,2302.12,0.04,6630.11,UPI,Online
ORD104342,CUST107544,PROD1199,2022-09-02,1,4504.11,0.16,3783.45,Net Banking,Online
ORD104343,CUST103015,PROD1158,2024-02-19,1,611.58,0.14,525.96,UPI,Store
ORD104344,CUST103479,PROD1198,2022-04-09,1,1926.28,0.1,1733.65,Net Banking,Store
ORD104345,CUST106929,PROD1050,2023-07-25,4,4767.36,0.19,15446.25,UPI,Store
ORD104346,CUST106414,PROD1174,2022-03-14,4,4761.29,0.19,15426.58,Cash on Delivery,Store
ORD104347,CUST105216,PROD1166,2023-09-16,4,4056.26,0.29,11519.78,Credit Card,Store
ORD104348,CUST104937,PROD1116,2023-11-08,4,4033.51,0.13,14036.61,Debit Card,Online
ORD104349,CUST103118,PROD1056,2022-10-15,4,1642.96,0.16,5520.35,Net Banking,Store
ORD104350,CUST100663,PROD1177,2024-08-10,3,3377.85,0.05,9626.87,Debit Card,Store
ORD104351,CUST101023,PROD1114,2022-07-30,3,671.01,0.16,1690.95,Net Banking,Store
ORD104352,CUST106316,PROD1056,2023-06-18,3,1642.96,0.01,4879.59,Cash on Delivery,Store
ORD104353,CUST104442,PROD1034,2024-07-29,3,847.63,0.04,2441.17,Cash on Delivery,Store
ORD104354,CUST100236,PROD1085,2024-05-15,3,657.06,0.05,1872.62,Net Banking,Online
ORD104355,CUST106686,PROD1134,2022-03-24,1,3708.05,0.19,3003.52,Net Banking,Online
ORD104356,CUST103343,PROD1052,2022-08-30,1,2302.12,0.17,1910.76,Net Banking,Online
ORD104357,CUST106550,PROD1009,2022-01-12,4,3453.81,0.24,10499.58,Cash on Delivery,Store
ORD104358,CUST102125,PROD1038,2024-09-04,3,2162.08,0.14,5578.17,Credit Card,Online
ORD104359,CUST107958,PROD1185,2023-06-01,4,2516.6,0.14,8657.1,Credit Card,Store
ORD104360,CUST103217,PROD1162,2024-03-04,1,307.56,0.05,292.18,Net Banking,Online
ORD104361,CUST101955,PROD1126,2022-04-26,4,362.9,0.22,1132.25,UPI,Online
ORD104362,CUST106155,PROD1058,2022-12-13,3,1109.98,0.0,3329.94,Credit Card,Store
ORD104363,CUST107927,PROD1116,2022-01-20,3,4033.51,0.13,10527.46,Cash on Delivery,Online
ORD104364,CUST100228,PROD1149,2023-12-02,3,1630.37,0.06,4597.64,Cash on Delivery,Store
ORD104365,CUST104938,PROD1136,2022-05-16,1,4779.14,0.23,3679.94,Cash on Delivery,Store
ORD104366,CUST105060,PROD1099,2023-03-22,4,4731.44,0.2,15140.61,Debit Card,Online
ORD104367,CUST106815,PROD1007,2023-03-14,2,4532.56,0.21,7161.44,Debit Card,Store
ORD104368,CUST102886,PROD1119,2024-04-27,2,3955.63,0.04,7594.81,Cash on Delivery,Online
ORD104369,CUST106874,PROD1057,2023-07-24,2,2667.72,0.2,4268.35,Credit Card,Store
ORD104370,CUST107605,PROD1126,2024-08-19,2,362.9,0.21,573.38,Debit Card,Store
ORD104371,CUST102819,PROD1094,2022-06-22,2,2515.62,0.0,5031.24,UPI,Store
ORD104372,CUST102989,PROD1149,2023-12-06,1,1630.37,0.1,1467.33,Net Banking,Online
ORD104373,CUST109278,PROD1094,2023-06-01,3,2515.62,0.03,7320.45,Debit Card,Online
ORD104374,CUST107138,PROD1167,2022-06-08,2,3946.83,0.2,6314.93,Debit Card,Online
ORD104375,CUST101993,PROD1155,2024-03-01,2,2625.54,0.06,4936.02,Credit Card,Online
ORD104376,CUST103045,PROD1173,2023-02-09,2,3575.41,0.08,6578.75,Credit Card,Store
ORD104377,CUST106193,PROD1068,2023-05-27,4,3161.5,0.02,12393.08,UPI,Online
ORD104378,CUST103305,PROD1051,2023-10-14,3,2585.17,0.15,6592.18,UPI,Online
ORD104379,CUST101992,PROD1010,2022-01-04,2,794.74,0.01,1573.59,UPI,Store
ORD104380,CUST103599,PROD1149,2024-03-15,1,1630.37,0.25,1222.78,UPI,Store
ORD104381,CUST103587,PROD1046,2023-08-10,3,3362.42,0.01,9986.39,Debit Card,Online
ORD104382,CUST101305,PROD1088,2024-01-16,3,4002.67,0.02,11767.85,UPI,Store
ORD104383,CUST106363,PROD1012,2022-04-14,3,1673.76,0.19,4067.24,UPI,Online
ORD104384,CUST105467,PROD1125,2023-01-08,4,4537.33,0.28,13067.51,Cash on Delivery,Online
ORD104385,CUST104459,PROD1099,2023-10-11,3,4731.44,0.27,10361.85,Debit Card,Online
ORD104386,CUST105087,PROD1117,2022-10-09,2,2765.48,0.03,5365.03,Debit Card,Online
ORD104387,CUST100919,PROD1172,2024-01-13,2,3051.89,0.09,5554.44,Debit Card,Online
ORD104388,CUST108233,PROD1074,2022-10-10,4,1160.21,0.16,3898.31,Net Banking,Online
ORD104389,CUST101282,PROD1068,2023-04-22,1,3161.5,0.01,3129.88,UPI,Online
ORD104390,CUST106109,PROD1120,2024-01-20,4,1608.36,0.16,5404.09,UPI,Store
ORD104391,CUST102120,PROD1077,2022-08-23,4,4838.73,0.13,16838.78,UPI,Store
ORD104392,CUST104496,PROD1021,2023-12-03,2,1572.17,0.18,2578.36,Credit Card,Store
ORD104393,CUST103150,PROD1194,2022-06-27,3,270.22,0.28,583.68,Credit Card,Online
ORD104394,CUST105306,PROD1162,2024-05-06,4,307.56,0.08,1131.82,Credit Card,Store
ORD104395,CUST101833,PROD1159,2022-12-04,1,464.94,0.19,376.6,Net Banking,Online
ORD104396,CUST107723,PROD1165,2023-05-17,2,4146.73,0.13,7215.31,UPI,Store
ORD104397,CUST105878,PROD1057,2022-08-10,3,2667.72,0.13,6962.75,Debit Card,Online
ORD104398,CUST105009,PROD1167,2023-04-01,1,3946.83,0.19,3196.93,Debit Card,Online
ORD104399,CUST103862,PROD1020,2024-06-16,4,319.32,0.29,906.87,Cash on Delivery,Online
ORD104400,CUST100128,PROD1048,2023-12-27,1,3417.13,0.26,2528.68,Credit Card,Store
ORD104401,CUST101345,PROD1096,2023-12-26,4,4510.68,0.19,14614.6,Net Banking,Online
ORD104402,CUST107369,PROD1091,2024-06-13,4,1656.34,0.14,5697.81,Cash on Delivery,Store
ORD104403,CUST107132,PROD1038,2022-12-25,4,2162.08,0.13,7524.04,Net Banking,Store
ORD104404,CUST104642,PROD1188,2023-02-14,4,2539.12,0.24,7718.92,Debit Card,Online
ORD104405,CUST103223,PROD1099,2023-08-28,4,4731.44,0.07,17600.96,UPI,Online
ORD104406,CUST103476,PROD1009,2024-08-22,2,3453.81,0.18,5664.25,Debit Card,Store
ORD104407,CUST105097,PROD1167,2023-07-12,4,3946.83,0.15,13419.22,Debit Card,Store
ORD104408,CUST109627,PROD1057,2023-04-07,3,2667.72,0.19,6482.56,Credit Card,Online
ORD104409,CUST108447,PROD1088,2024-02-06,4,4002.67,0.06,15050.04,Debit Card,Online
ORD104410,CUST105722,PROD1172,2022-07-10,2,3051.89,0.21,4821.99,Net Banking,Store
ORD104411,CUST109945,PROD1144,2024-09-21,1,1220.66,0.19,988.73,UPI,Online
ORD104412,CUST104746,PROD1120,2024-04-17,3,1608.36,0.05,4583.83,Credit Card,Online
ORD104413,CUST103411,PROD1067,2024-07-07,1,1221.16,0.13,1062.41,Cash on Delivery,Store
ORD104414,CUST100075,PROD1009,2022-05-25,1,3453.81,0.2,2763.05,Debit Card,Store
ORD104415,CUST103611,PROD1116,2022-12-10,3,4033.51,0.27,8833.39,Credit Card,Online
ORD104416,CUST108001,PROD1061,2023-09-08,2,1679.78,0.04,3225.18,Credit Card,Online
ORD104417,CUST108696,PROD1088,2023-07-30,4,4002.67,0.0,16010.68,Credit Card,Online
ORD104418,CUST103392,PROD1159,2022-06-06,4,464.94,0.05,1766.77,Net Banking,Store
ORD104419,CUST105111,PROD1071,2022-11-04,4,1115.14,0.3,3122.39,Cash on Delivery,Online
ORD104420,CUST106119,PROD1169,2024-06-12,1,2046.46,0.23,1575.77,Credit Card,Store
ORD104421,CUST102394,PROD1172,2024-05-11,3,3051.89,0.18,7507.65,Net Banking,Store
ORD104422,CUST101416,PROD1075,2022-05-08,4,2758.4,0.04,10592.26,Cash on Delivery,Store
ORD104423,CUST107843,PROD1148,2022-01-24,4,3902.89,0.12,13738.17,UPI,Online
ORD104424,CUST108431,PROD1108,2024-07-19,2,871.28,0.21,1376.62,Net Banking,Online
ORD104425,CUST106053,PROD1154,2022-05-05,2,1389.72,0.27,2028.99,Credit Card,Store
ORD104426,CUST101777,PROD1127,2022-06-24,1,509.27,0.11,453.25,Debit Card,Store
ORD104427,CUST106314,PROD1157,2022-04-11,3,1005.94,0.3,2112.47,Net Banking,Store
ORD104428,CUST105764,PROD1073,2022-02-20,2,2162.76,0.04,4152.5,UPI,Store
ORD104429,CUST104158,PROD1128,2022-09-15,3,3522.95,0.12,9300.59,Cash on Delivery,Store
ORD104430,CUST104146,PROD1008,2023-10-23,2,1199.69,0.26,1775.54,UPI,Store
ORD104431,CUST102631,PROD1002,2022-06-17,3,1666.73,0.19,4050.15,Cash on Delivery,Store
ORD104432,CUST105440,PROD1112,2022-04-15,3,441.15,0.24,1005.82,Net Banking,Store
ORD104433,CUST103389,PROD1052,2023-08-04,3,2302.12,0.27,5041.64,Cash on Delivery,Online
ORD104434,CUST109406,PROD1169,2022-02-04,1,2046.46,0.15,1739.49,Credit Card,Online
ORD104435,CUST100669,PROD1146,2023-03-04,2,2720.43,0.07,5060.0,Net Banking,Store
ORD104436,CUST103561,PROD1005,2023-11-06,2,900.54,0.21,1422.85,Debit Card,Online
ORD104437,CUST106233,PROD1134,2022-12-05,4,3708.05,0.17,12310.73,UPI,Store
ORD104438,CUST105541,PROD1170,2023-12-21,4,4925.25,0.23,15169.77,UPI,Online
ORD104439,CUST107658,PROD1079,2022-06-02,1,127.55,0.15,108.42,Net Banking,Store
ORD104440,CUST108807,PROD1035,2023-05-21,2,1309.41,0.24,1990.3,Debit Card,Online
ORD104441,CUST104658,PROD1195,2022-03-21,4,4224.79,0.27,12336.39,Net Banking,Store
ORD104442,CUST107421,PROD1095,2022-01-31,2,4205.79,0.22,6561.03,Credit Card,Store
ORD104443,CUST109322,PROD1038,2022-08-13,4,2162.08,0.22,6745.69,Credit Card,Online
ORD104444,CUST107461,PROD1042,2024-02-06,1,935.8,0.18,767.36,Debit Card,Online
ORD104445,CUST105630,PROD1164,2022-07-28,4,3496.96,0.14,12029.54,Net Banking,Online
ORD104446,CUST105355,PROD1155,2024-09-07,1,2625.54,0.29,1864.13,Debit Card,Online
ORD104447,CUST109713,PROD1049,2022-06-29,1,2805.47,0.19,2272.43,Debit Card,Store
ORD104448,CUST108012,PROD1038,2023-02-23,3,2162.08,0.25,4864.68,Credit Card,Online
ORD104449,CUST104451,PROD1129,2023-05-12,1,1033.9,0.15,878.82,Credit Card,Store
ORD104450,CUST102664,PROD1124,2024-07-07,3,1557.13,0.17,3877.25,Debit Card,Store
ORD104451,CUST104862,PROD1164,2022-11-01,2,3496.96,0.2,5595.14,Debit Card,Store
ORD104452,CUST108495,PROD1100,2023-10-18,1,3701.69,0.22,2887.32,Cash on Delivery,Online
ORD104453,CUST101515,PROD1114,2024-01-12,1,671.01,0.13,583.78,Credit Card,Online
ORD104454,CUST100583,PROD1193,2022-11-10,1,4987.26,0.11,4438.66,Debit Card,Store
ORD104455,CUST108558,PROD1018,2024-03-28,4,4703.75,0.07,17497.95,Cash on Delivery,Store
ORD104456,CUST108650,PROD1068,2022-11-30,1,3161.5,0.13,2750.5,Debit Card,Online
ORD104457,CUST100119,PROD1043,2022-03-05,2,1864.75,0.06,3505.73,Cash on Delivery,Online
ORD104458,CUST103284,PROD1140,2022-11-04,3,4426.54,0.13,11553.27,Debit Card,Store
ORD104459,CUST107908,PROD1149,2022-02-09,2,1630.37,0.26,2412.95,Net Banking,Online
ORD104460,CUST103254,PROD1134,2022-08-31,3,3708.05,0.29,7898.15,Credit Card,Store
ORD104461,CUST104459,PROD1129,2022-12-27,2,1033.9,0.17,1716.27,Debit Card,Online
ORD104462,CUST105565,PROD1061,2022-09-02,4,1679.78,0.04,6450.36,UPI,Store
ORD104463,CUST101968,PROD1088,2024-04-01,2,4002.67,0.13,6964.65,UPI,Online
ORD104464,CUST102531,PROD1132,2024-05-31,2,1728.02,0.18,2833.95,Cash on Delivery,Online
ORD104465,CUST109043,PROD1147,2023-09-01,1,1570.61,0.11,1397.84,Credit Card,Online
ORD104466,CUST106389,PROD1125,2024-09-07,4,4537.33,0.06,17060.36,Cash on Delivery,Store
ORD104467,CUST101929,PROD1053,2022-05-25,4,1312.97,0.07,4884.25,Credit Card,Store
ORD104468,CUST101943,PROD1075,2024-06-18,1,2758.4,0.14,2372.22,UPI,Online
ORD104469,CUST108955,PROD1190,2024-09-02,3,2787.44,0.06,7860.58,UPI,Store
ORD104470,CUST103296,PROD1163,2023-07-22,2,1140.38,0.07,2121.11,Cash on Delivery,Online
ORD104471,CUST105276,PROD1143,2022-01-30,1,3731.95,0.26,2761.64,Net Banking,Online
ORD104472,CUST105725,PROD1056,2023-09-12,4,1642.96,0.23,5060.32,UPI,Store
ORD104473,CUST100901,PROD1063,2024-07-18,2,4377.63,0.02,8580.15,Credit Card,Online
ORD104474,CUST109710,PROD1137,2023-12-27,2,3649.67,0.1,6569.41,Debit Card,Online
ORD104475,CUST105965,PROD1098,2023-03-04,3,1274.77,0.16,3212.42,Debit Card,Store
ORD104476,CUST103256,PROD1101,2024-01-03,3,3236.62,0.02,9515.66,Debit Card,Online
ORD104477,CUST105506,PROD1098,2023-01-17,2,1274.77,0.2,2039.63,UPI,Store
ORD104478,CUST108933,PROD1050,2023-03-29,2,4767.36,0.12,8390.55,Net Banking,Store
ORD104479,CUST103553,PROD1026,2024-08-18,2,3182.76,0.12,5601.66,UPI,Store
ORD104480,CUST107432,PROD1134,2023-09-08,3,3708.05,0.08,10234.22,Credit Card,Online
ORD104481,CUST101693,PROD1090,2022-06-30,3,2110.16,0.1,5697.43,UPI,Online
ORD104482,CUST106495,PROD1040,2024-09-11,1,331.95,0.26,245.64,UPI,Online
ORD104483,CUST102129,PROD1117,2023-05-13,3,2765.48,0.24,6305.29,UPI,Online
ORD104484,CUST104011,PROD1125,2023-10-01,4,4537.33,0.28,13067.51,UPI,Online
ORD104485,CUST103252,PROD1096,2022-07-17,4,4510.68,0.21,14253.75,Credit Card,Online
ORD104486,CUST101365,PROD1120,2022-12-09,2,1608.36,0.17,2669.88,UPI,Online
ORD104487,CUST108387,PROD1140,2022-02-02,2,4426.54,0.08,8144.83,Net Banking,Online
ORD104488,CUST106203,PROD1116,2022-11-30,3,4033.51,0.2,9680.42,Cash on Delivery,Store
ORD104489,CUST100150,PROD1065,2022-08-22,4,1779.33,0.27,5195.64,Credit Card,Store
ORD104490,CUST105180,PROD1130,2023-07-02,1,1651.44,0.02,1618.41,Net Banking,Online
ORD104491,CUST104523,PROD1010,2023-06-14,3,794.74,0.13,2074.27,Debit Card,Store
ORD104492,CUST107094,PROD1132,2024-06-05,3,1728.02,0.04,4976.7,Debit Card,Store
ORD104493,CUST100330,PROD1059,2024-03-29,4,4207.05,0.24,12789.43,Credit Card,Online
ORD104494,CUST103324,PROD1129,2024-08-10,2,1033.9,0.18,1695.6,Cash on Delivery,Store
ORD104495,CUST109081,PROD1091,2024-01-14,2,1656.34,0.26,2451.38,UPI,Store
ORD104496,CUST100954,PROD1076,2023-03-04,4,4330.45,0.02,16975.36,Credit Card,Store
ORD104497,CUST107400,PROD1103,2022-09-23,4,472.31,0.27,1379.15,UPI,Store
ORD104498,CUST104449,PROD1063,2022-10-22,1,4377.63,0.02,4290.08,UPI,Store
ORD104499,CUST106360,PROD1140,2023-03-16,4,4426.54,0.09,16112.61,Debit Card,Store
ORD104500,CUST102044,PROD1053,2023-07-15,2,1312.97,0.05,2494.64,Cash on Delivery,Store
ORD104501,CUST105645,PROD1139,2023-07-24,4,3501.6,0.04,13446.14,UPI,Store
ORD104502,CUST106554,PROD1145,2022-11-28,4,4568.9,0.05,17361.82,Credit Card,Store
ORD104503,CUST103599,PROD1017,2024-05-19,1,791.05,0.14,680.3,Debit Card,Store
ORD104504,CUST106874,PROD1144,2022-05-31,3,1220.66,0.24,2783.1,UPI,Store
ORD104505,CUST107041,PROD1166,2023-10-09,1,4056.26,0.27,2961.07,Debit Card,Store
ORD104506,CUST105010,PROD1085,2022-10-28,4,657.06,0.17,2181.44,Debit Card,Online
ORD104507,CUST103990,PROD1140,2024-05-27,3,4426.54,0.05,12615.64,Credit Card,Store
ORD104508,CUST107848,PROD1044,2022-12-11,4,452.32,0.02,1773.09,Credit Card,Online
ORD104509,CUST105645,PROD1127,2022-11-07,3,509.27,0.15,1298.64,Net Banking,Online
ORD104510,CUST101575,PROD1101,2023-09-28,4,3236.62,0.23,9968.79,UPI,Store
ORD104511,CUST105019,PROD1116,2022-07-02,2,4033.51,0.19,6534.29,Debit Card,Store
ORD104512,CUST106723,PROD1146,2023-12-18,3,2720.43,0.17,6773.87,Net Banking,Store
ORD104513,CUST105754,PROD1146,2024-07-22,3,2720.43,0.01,8079.68,Credit Card,Online
ORD104514,CUST102213,PROD1020,2022-05-27,1,319.32,0.12,281.0,Cash on Delivery,Online
ORD104515,CUST101226,PROD1023,2023-09-13,2,554.45,0.17,920.39,Debit Card,Online
ORD104516,CUST109855,PROD1157,2022-05-30,2,1005.94,0.18,1649.74,Cash on Delivery,Store
ORD104517,CUST108555,PROD1047,2024-01-15,2,3493.68,0.0,6987.36,Cash on Delivery,Online
ORD104518,CUST101947,PROD1162,2022-09-24,4,307.56,0.06,1156.43,Debit Card,Store
ORD104519,CUST105544,PROD1109,2023-05-05,4,4287.18,0.28,12347.08,Net Banking,Store
ORD104520,CUST104753,PROD1058,2022-05-11,3,1109.98,0.15,2830.45,Net Banking,Online
ORD104521,CUST103632,PROD1016,2022-05-27,4,3052.07,0.21,9644.54,Debit Card,Store
ORD104522,CUST105588,PROD1047,2023-08-26,4,3493.68,0.09,12717.0,UPI,Store
ORD104523,CUST106658,PROD1054,2024-06-21,3,584.36,0.18,1437.53,Cash on Delivery,Online
ORD104524,CUST109466,PROD1136,2023-01-10,1,4779.14,0.11,4253.43,Net Banking,Store
ORD104525,CUST109637,PROD1076,2023-04-30,4,4330.45,0.09,15762.84,Debit Card,Store
ORD104526,CUST104827,PROD1013,2023-05-19,2,4691.44,0.12,8256.93,Credit Card,Store
ORD104527,CUST106138,PROD1153,2023-05-19,2,656.81,0.14,1129.71,Credit Card,Online
ORD104528,CUST105979,PROD1179,2022-08-07,4,3516.31,0.1,12658.72,Debit Card,Store
ORD104529,CUST109201,PROD1084,2023-05-10,4,1758.62,0.08,6471.72,UPI,Store
ORD104530,CUST105386,PROD1043,2023-06-30,3,1864.75,0.19,4531.34,Credit Card,Online
ORD104531,CUST105287,PROD1138,2022-01-11,4,3504.61,0.11,12476.41,UPI,Store
ORD104532,CUST109920,PROD1050,2024-09-24,1,4767.36,0.06,4481.32,Debit Card,Store
ORD104533,CUST108887,PROD1169,2022-09-18,3,2046.46,0.23,4727.32,Debit Card,Online
ORD104534,CUST104617,PROD1189,2022-03-12,2,4197.72,0.22,6548.44,Cash on Delivery,Store
ORD104535,CUST102384,PROD1162,2022-06-13,3,307.56,0.27,673.56,Debit Card,Store
ORD104536,CUST109574,PROD1063,2022-09-18,4,4377.63,0.17,14533.73,UPI,Store
ORD104537,CUST106796,PROD1094,2023-11-27,4,2515.62,0.08,9257.48,Net Banking,Online
ORD104538,CUST103605,PROD1145,2023-10-07,1,4568.9,0.26,3380.99,Credit Card,Online
ORD104539,CUST107033,PROD1141,2024-03-05,1,1551.56,0.08,1427.44,Credit Card,Online
ORD104540,CUST109920,PROD1119,2024-05-10,3,3955.63,0.2,9493.51,Cash on Delivery,Online
ORD104541,CUST106747,PROD1048,2023-02-15,2,3417.13,0.06,6424.2,Net Banking,Store
ORD104542,CUST108844,PROD1196,2023-02-20,3,1253.86,0.19,3046.88,UPI,Online
ORD104543,CUST107936,PROD1144,2022-12-11,3,1220.66,0.25,2746.49,UPI,Online
ORD104544,CUST100758,PROD1148,2022-08-22,1,3902.89,0.16,3278.43,Cash on Delivery,Store
ORD104545,CUST101279,PROD1141,2024-05-31,3,1551.56,0.14,4003.02,Debit Card,Store
ORD104546,CUST100441,PROD1002,2024-05-15,1,1666.73,0.3,1166.71,Net Banking,Store
ORD104547,CUST106228,PROD1158,2022-01-15,1,611.58,0.01,605.46,Credit Card,Store
ORD104548,CUST107716,PROD1046,2023-09-09,3,3362.42,0.1,9078.53,Net Banking,Store
ORD104549,CUST104193,PROD1171,2022-12-20,1,4945.55,0.28,3560.8,Cash on Delivery,Store
ORD104550,CUST103970,PROD1016,2023-04-28,4,3052.07,0.19,9888.71,Debit Card,Store
ORD104551,CUST101526,PROD1080,2023-03-14,4,760.03,0.16,2553.7,Net Banking,Online
ORD104552,CUST100190,PROD1183,2022-01-20,3,927.52,0.19,2253.87,Debit Card,Online
ORD104553,CUST101873,PROD1026,2024-01-30,2,3182.76,0.1,5728.97,Net Banking,Store
ORD104554,CUST107958,PROD1070,2023-04-17,2,3731.49,0.02,7313.72,Credit Card,Store
ORD104555,CUST107368,PROD1089,2022-06-11,4,1920.59,0.08,7067.77,UPI,Store
ORD104556,CUST107489,PROD1196,2023-10-01,1,1253.86,0.1,1128.47,Net Banking,Online
ORD104557,CUST107868,PROD1129,2022-02-03,2,1033.9,0.14,1778.31,UPI,Online
ORD104558,CUST108449,PROD1079,2022-04-25,2,127.55,0.12,224.49,UPI,Store
ORD104559,CUST108346,PROD1189,2023-03-06,3,4197.72,0.16,10578.25,UPI,Store
ORD104560,CUST105606,PROD1108,2024-01-01,3,871.28,0.06,2457.01,Cash on Delivery,Store
ORD104561,CUST103902,PROD1086,2024-01-24,2,4422.95,0.06,8315.15,Credit Card,Store
ORD104562,CUST106660,PROD1005,2022-01-21,2,900.54,0.11,1602.96,UPI,Store
ORD104563,CUST108085,PROD1100,2024-01-07,4,3701.69,0.14,12733.81,Credit Card,Store
ORD104564,CUST102412,PROD1192,2022-06-16,3,3116.29,0.1,8413.98,Net Banking,Online
ORD104565,CUST100023,PROD1145,2022-10-23,3,4568.9,0.17,11376.56,Credit Card,Store
ORD104566,CUST106624,PROD1054,2022-06-21,2,584.36,0.09,1063.54,Debit Card,Online
ORD104567,CUST107958,PROD1066,2022-06-13,4,3804.6,0.05,14457.48,UPI,Store
ORD104568,CUST101741,PROD1184,2024-04-02,1,4915.01,0.26,3637.11,Net Banking,Online
ORD104569,CUST103160,PROD1146,2022-08-05,3,2720.43,0.06,7671.61,UPI,Online
ORD104570,CUST103371,PROD1073,2022-07-18,3,2162.76,0.29,4606.68,UPI,Store
ORD104571,CUST109252,PROD1138,2022-02-19,2,3504.61,0.3,4906.45,Net Banking,Store
ORD104572,CUST103351,PROD1182,2023-05-13,2,572.67,0.21,904.82,Net Banking,Online
ORD104573,CUST100460,PROD1095,2023-03-18,1,4205.79,0.15,3574.92,Cash on Delivery,Online
ORD104574,CUST102117,PROD1164,2022-11-26,3,3496.96,0.24,7973.07,Cash on Delivery,Online
ORD104575,CUST106356,PROD1085,2022-11-26,4,657.06,0.26,1944.9,Cash on Delivery,Store
ORD104576,CUST101606,PROD1131,2022-10-21,4,768.23,0.21,2427.61,Credit Card,Store
ORD104577,CUST100071,PROD1012,2022-10-07,2,1673.76,0.03,3247.09,Debit Card,Online
ORD104578,CUST106351,PROD1069,2022-12-30,4,3553.73,0.0,14214.92,Debit Card,Online
ORD104579,CUST100706,PROD1092,2024-08-27,4,2248.29,0.06,8453.57,Credit Card,Online
ORD104580,CUST101928,PROD1185,2023-07-25,2,2516.6,0.06,4731.21,Cash on Delivery,Store
ORD104581,CUST102798,PROD1129,2022-06-22,1,1033.9,0.05,982.2,Debit Card,Store
ORD104582,CUST109369,PROD1187,2022-06-03,1,4781.3,0.15,4064.1,Cash on Delivery,Online
ORD104583,CUST108345,PROD1088,2024-01-04,3,4002.67,0.16,10086.73,Net Banking,Store
ORD104584,CUST100029,PROD1159,2024-01-01,2,464.94,0.22,725.31,Credit Card,Store
ORD104585,CUST105071,PROD1062,2023-05-07,2,4227.41,0.06,7947.53,Cash on Delivery,Store
ORD104586,CUST103311,PROD1059,2023-08-18,3,4207.05,0.03,12242.52,Credit Card,Store
ORD104587,CUST106787,PROD1153,2024-08-18,4,656.81,0.2,2101.79,UPI,Online
ORD104588,CUST101874,PROD1149,2024-09-19,1,1630.37,0.15,1385.81,Credit Card,Online
ORD104589,CUST108428,PROD1073,2022-09-24,3,2162.76,0.2,5190.62,Credit Card,Store
ORD104590,CUST108809,PROD1131,2024-08-03,3,768.23,0.11,2051.17,Cash on Delivery,Store
ORD104591,CUST101571,PROD1143,2023-10-02,3,3731.95,0.23,8620.8,Credit Card,Online
ORD104592,CUST107213,PROD1062,2023-11-29,1,4227.41,0.2,3381.93,UPI,Store
ORD104593,CUST102437,PROD1169,2024-06-04,4,2046.46,0.2,6548.67,Net Banking,Store
ORD104594,CUST107531,PROD1160,2023-02-22,1,2584.14,0.01,2558.3,Debit Card,Store
ORD104595,CUST100581,PROD1140,2024-01-12,2,4426.54,0.26,6551.28,Net Banking,Online
ORD104596,CUST102254,PROD1045,2022-09-29,2,770.29,0.11,1371.12,Credit Card,Store
ORD104597,CUST105852,PROD1140,2023-03-19,3,4426.54,0.04,12748.44,UPI,Online
ORD104598,CUST100600,PROD1032,2023-05-28,2,940.88,0.23,1448.96,UPI,Store
ORD104599,CUST109170,PROD1122,2024-03-19,1,2405.73,0.15,2044.87,Net Banking,Store
ORD104600,CUST108706,PROD1013,2023-02-16,2,4691.44,0.01,9289.05,Cash on Delivery,Online
ORD104601,CUST100809,PROD1007,2022-01-15,2,4532.56,0.23,6980.14,Debit Card,Online
ORD104602,CUST102485,PROD1085,2022-03-21,4,657.06,0.13,2286.57,Credit Card,Store
ORD104603,CUST107398,PROD1173,2023-11-17,1,3575.41,0.23,2753.07,Credit Card,Store
ORD104604,CUST101446,PROD1125,2023-06-28,2,4537.33,0.23,6987.49,Net Banking,Online
ORD104605,CUST100468,PROD1128,2023-07-05,1,3522.95,0.03,3417.26,UPI,Store
ORD104606,CUST100629,PROD1058,2023-12-06,2,1109.98,0.18,1820.37,UPI,Store
ORD104607,CUST103382,PROD1059,2022-08-28,4,4207.05,0.11,14977.1,Cash on Delivery,Store
ORD104608,CUST106538,PROD1048,2023-08-08,2,3417.13,0.16,5740.78,Debit Card,Online
ORD104609,CUST100113,PROD1079,2023-08-28,3,127.55,0.03,371.17,Credit Card,Store
ORD104610,CUST101225,PROD1092,2022-03-30,4,2248.29,0.18,7374.39,Net Banking,Online
ORD104611,CUST105483,PROD1060,2024-08-28,2,4998.52,0.23,7697.72,Cash on Delivery,Store
ORD104612,CUST101616,PROD1115,2022-09-11,3,3741.78,0.3,7857.74,Debit Card,Online
ORD104613,CUST103317,PROD1022,2024-01-16,2,1744.61,0.1,3140.3,Credit Card,Online
ORD104614,CUST107351,PROD1132,2022-05-19,3,1728.02,0.05,4924.86,Debit Card,Online
ORD104615,CUST107580,PROD1084,2023-12-11,4,1758.62,0.11,6260.69,Credit Card,Online
ORD104616,CUST106416,PROD1119,2022-10-17,2,3955.63,0.01,7832.15,Debit Card,Store
ORD104617,CUST104640,PROD1127,2022-11-02,1,509.27,0.12,448.16,Debit Card,Online
ORD104618,CUST105733,PROD1049,2022-06-21,2,2805.47,0.27,4095.99,Net Banking,Store
ORD104619,CUST105618,PROD1163,2023-06-10,1,1140.38,0.06,1071.96,Cash on Delivery,Store
ORD104620,CUST104813,PROD1147,2022-11-24,4,1570.61,0.14,5402.9,UPI,Online
ORD104621,CUST102537,PROD1042,2022-06-02,1,935.8,0.17,776.71,Debit Card,Store
ORD104622,CUST103174,PROD1135,2023-12-09,3,3539.91,0.05,10088.74,Net Banking,Store
ORD104623,CUST107974,PROD1168,2022-06-27,1,736.02,0.1,662.42,UPI,Online
ORD104624,CUST102222,PROD1024,2023-08-30,4,3137.89,0.27,9162.64,Cash on Delivery,Store
ORD104625,CUST108021,PROD1115,2024-05-02,4,3741.78,0.09,13620.08,Cash on Delivery,Store
ORD104626,CUST100051,PROD1006,2024-01-19,1,2076.92,0.19,1682.31,Debit Card,Store
ORD104627,CUST102344,PROD1114,2023-02-20,3,671.01,0.04,1932.51,Credit Card,Store
ORD104628,CUST105064,PROD1085,2022-11-07,4,657.06,0.2,2102.59,Cash on Delivery,Online
ORD104629,CUST106486,PROD1188,2023-08-13,2,2539.12,0.08,4671.98,Net Banking,Online
ORD104630,CUST105830,PROD1160,2022-09-01,4,2584.14,0.07,9613.0,Debit Card,Online
ORD104631,CUST104695,PROD1196,2024-01-02,2,1253.86,0.04,2407.41,Cash on Delivery,Online
ORD104632,CUST104266,PROD1037,2023-02-13,1,3402.6,0.01,3368.57,Debit Card,Store
ORD104633,CUST101658,PROD1011,2022-08-08,3,1834.14,0.29,3906.72,Credit Card,Store
ORD104634,CUST107368,PROD1123,2023-12-20,2,4620.97,0.12,8132.91,Cash on Delivery,Online
ORD104635,CUST105183,PROD1043,2023-03-12,3,1864.75,0.23,4307.57,Debit Card,Online
ORD104636,CUST109078,PROD1052,2022-07-03,3,2302.12,0.28,4972.58,Net Banking,Online
ORD104637,CUST105621,PROD1013,2023-09-19,1,4691.44,0.06,4409.95,Cash on Delivery,Online
ORD104638,CUST104010,PROD1198,2022-05-04,4,1926.28,0.26,5701.79,Credit Card,Online
ORD104639,CUST100635,PROD1091,2022-08-26,4,1656.34,0.21,5234.03,UPI,Store
ORD104640,CUST106421,PROD1051,2023-09-12,4,2585.17,0.17,8582.76,UPI,Online
ORD104641,CUST100174,PROD1179,2023-02-10,3,3516.31,0.24,8017.19,Debit Card,Online
ORD104642,CUST109248,PROD1045,2023-07-13,4,770.29,0.03,2988.73,Cash on Delivery,Store
ORD104643,CUST109940,PROD1168,2022-07-17,4,736.02,0.08,2708.55,Cash on Delivery,Store
ORD104644,CUST108759,PROD1129,2023-07-17,1,1033.9,0.04,992.54,Credit Card,Online
ORD104645,CUST106156,PROD1176,2023-12-07,4,770.65,0.27,2250.3,UPI,Online
ORD104646,CUST109975,PROD1099,2023-08-05,3,4731.44,0.03,13768.49,Net Banking,Store
ORD104647,CUST107707,PROD1109,2024-06-05,1,4287.18,0.29,3043.9,UPI,Online
ORD104648,CUST107009,PROD1027,2022-03-28,4,133.03,0.03,516.16,Cash on Delivery,Online
ORD104649,CUST102143,PROD1110,2024-09-12,2,2932.67,0.2,4692.27,Net Banking,Online
ORD104650,CUST106999,PROD1031,2022-03-16,4,3607.34,0.2,11543.49,Net Banking,Store
ORD104651,CUST101474,PROD1091,2023-12-06,3,1656.34,0.28,3577.69,Credit Card,Online
ORD104652,CUST105244,PROD1075,2024-01-02,1,2758.4,0.1,2482.56,Debit Card,Store
ORD104653,CUST107248,PROD1021,2024-02-29,4,1572.17,0.1,5659.81,Debit Card,Online
ORD104654,CUST104102,PROD1169,2024-07-25,2,2046.46,0.25,3069.69,Credit Card,Store
ORD104655,CUST100329,PROD1111,2022-11-29,4,1904.48,0.29,5408.72,Cash on Delivery,Online
ORD104656,CUST102673,PROD1156,2024-01-15,1,4272.09,0.01,4229.37,Cash on Delivery,Online
ORD104657,CUST104622,PROD1103,2023-03-07,1,472.31,0.19,382.57,Debit Card,Store
ORD104658,CUST105232,PROD1067,2024-08-13,1,1221.16,0.07,1135.68,UPI,Store
ORD104659,CUST106583,PROD1160,2023-01-05,1,2584.14,0.22,2015.63,Credit Card,Store
ORD104660,CUST100889,PROD1173,2024-01-10,1,3575.41,0.23,2753.07,UPI,Store
ORD104661,CUST108021,PROD1136,2024-07-06,3,4779.14,0.23,11039.81,Credit Card,Store
ORD104662,CUST108953,PROD1037,2024-06-18,2,3402.6,0.13,5920.52,Credit Card,Store
ORD104663,CUST109215,PROD1079,2022-02-13,2,127.55,0.05,242.34,Debit Card,Online
ORD104664,CUST101680,PROD1025,2022-10-24,2,1799.14,0.18,2950.59,Debit Card,Online
ORD104665,CUST105951,PROD1042,2024-02-06,3,935.8,0.24,2133.62,UPI,Online
ORD104666,CUST109253,PROD1180,2023-04-11,1,4036.27,0.27,2946.48,Cash on Delivery,Online
ORD104667,CUST106866,PROD1026,2022-09-07,4,3182.76,0.14,10948.69,Net Banking,Online
ORD104668,CUST109095,PROD1010,2023-02-26,3,794.74,0.07,2217.32,UPI,Store
ORD104669,CUST100133,PROD1106,2024-07-01,1,822.51,0.04,789.61,Credit Card,Online
ORD104670,CUST106064,PROD1153,2023-04-18,3,656.81,0.24,1497.53,Net Banking,Online
ORD104671,CUST101125,PROD1077,2022-09-30,4,4838.73,0.16,16258.13,Net Banking,Store
ORD104672,CUST102039,PROD1056,2024-09-15,4,1642.96,0.2,5257.47,Net Banking,Online
ORD104673,CUST104188,PROD1000,2022-06-22,2,1986.03,0.05,3773.46,Net Banking,Online
ORD104674,CUST102849,PROD1010,2022-08-24,3,794.74,0.0,2384.22,Net Banking,Online
ORD104675,CUST103366,PROD1157,2022-02-15,4,1005.94,0.29,2856.87,UPI,Store
ORD104676,CUST102911,PROD1087,2023-01-27,1,3115.6,0.24,2367.86,Debit Card,Online
ORD104677,CUST102591,PROD1131,2024-01-03,2,768.23,0.12,1352.08,Debit Card,Online
ORD104678,CUST104283,PROD1085,2023-10-17,4,657.06,0.14,2260.29,Credit Card,Store
ORD104679,CUST104261,PROD1109,2022-08-21,2,4287.18,0.28,6173.54,Cash on Delivery,Store
ORD104680,CUST107134,PROD1071,2023-02-21,1,1115.14,0.06,1048.23,UPI,Online
ORD104681,CUST100244,PROD1110,2024-08-02,1,2932.67,0.24,2228.83,Net Banking,Store
ORD104682,CUST105128,PROD1032,2022-09-23,3,940.88,0.01,2794.41,Debit Card,Store
ORD104683,CUST109371,PROD1160,2022-07-09,1,2584.14,0.26,1912.26,Credit Card,Online
ORD104684,CUST104925,PROD1073,2022-07-02,1,2162.76,0.18,1773.46,Net Banking,Store
ORD104685,CUST106831,PROD1065,2024-04-05,1,1779.33,0.14,1530.22,Credit Card,Store
ORD104686,CUST101778,PROD1107,2022-12-23,2,2161.29,0.21,3414.84,Net Banking,Online
ORD104687,CUST106310,PROD1003,2023-12-04,1,1363.94,0.02,1336.66,Net Banking,Store
ORD104688,CUST108628,PROD1178,2022-05-19,2,4804.5,0.06,9032.46,Debit Card,Online
ORD104689,CUST106334,PROD1154,2023-07-01,4,1389.72,0.12,4891.81,Debit Card,Store
ORD104690,CUST105906,PROD1032,2023-05-20,4,940.88,0.19,3048.45,Net Banking,Store
ORD104691,CUST108985,PROD1104,2023-04-27,2,431.37,0.04,828.23,Debit Card,Store
ORD104692,CUST109472,PROD1125,2022-12-18,2,4537.33,0.11,8076.45,UPI,Online
ORD104693,CUST109930,PROD1083,2022-12-08,1,1976.87,0.08,1818.72,Net Banking,Online
ORD104694,CUST108641,PROD1076,2023-10-06,1,4330.45,0.19,3507.66,Debit Card,Store
ORD104695,CUST107668,PROD1082,2024-06-03,2,595.95,0.28,858.17,Credit Card,Store
ORD104696,CUST101954,PROD1031,2024-04-13,3,3607.34,0.05,10280.92,Credit Card,Store
ORD104697,CUST108806,PROD1194,2024-07-17,3,270.22,0.06,762.02,Credit Card,Online
ORD104698,CUST107393,PROD1115,2022-03-14,3,3741.78,0.18,9204.78,Cash on Delivery,Online
ORD104699,CUST108930,PROD1155,2022-06-12,4,2625.54,0.14,9031.86,Credit Card,Store
ORD104700,CUST101631,PROD1184,2024-03-16,1,4915.01,0.22,3833.71,Credit Card,Store
ORD104701,CUST105036,PROD1018,2022-08-11,2,4703.75,0.09,8560.83,UPI,Online
ORD104702,CUST103665,PROD1158,2024-08-31,4,611.58,0.16,2054.91,UPI,Store
ORD104703,CUST108260,PROD1052,2022-07-04,4,2302.12,0.12,8103.46,Cash on Delivery,Online
ORD104704,CUST106874,PROD1087,2022-04-05,1,3115.6,0.08,2866.35,UPI,Online
ORD104705,CUST100869,PROD1159,2024-03-11,2,464.94,0.22,725.31,Debit Card,Online
ORD104706,CUST109585,PROD1008,2023-11-15,3,1199.69,0.24,2735.29,Credit Card,Online
ORD104707,CUST103191,PROD1178,2022-11-05,1,4804.5,0.1,4324.05,Debit Card,Store
ORD104708,CUST103119,PROD1082,2024-09-02,4,595.95,0.19,1930.88,Cash on Delivery,Online
ORD104709,CUST102115,PROD1150,2022-05-28,4,4820.06,0.05,18316.23,Debit Card,Online
ORD104710,CUST107252,PROD1024,2022-11-15,4,3137.89,0.24,9539.19,Debit Card,Online
ORD104711,CUST100376,PROD1173,2022-06-28,4,3575.41,0.08,13157.51,Debit Card,Online
ORD104712,CUST101941,PROD1171,2024-05-31,3,4945.55,0.05,14094.82,UPI,Store
ORD104713,CUST100204,PROD1193,2023-10-16,2,4987.26,0.28,7181.65,Credit Card,Store
ORD104714,CUST108936,PROD1117,2022-10-18,3,2765.48,0.13,7217.9,Debit Card,Online
ORD104715,CUST107054,PROD1066,2023-09-14,4,3804.6,0.19,12326.9,Net Banking,Online
ORD104716,CUST105948,PROD1126,2023-05-12,2,362.9,0.24,551.61,Credit Card,Online
ORD104717,CUST107246,PROD1155,2022-10-28,1,2625.54,0.21,2074.18,Credit Card,Online
ORD104718,CUST109741,PROD1077,2022-06-10,1,4838.73,0.17,4016.15,Net Banking,Store
ORD104719,CUST104420,PROD1151,2022-03-02,3,4916.65,0.11,13127.46,Cash on Delivery,Store
ORD104720,CUST102425,PROD1055,2024-05-10,1,2785.96,0.28,2005.89,Cash on Delivery,Store
ORD104721,CUST103973,PROD1049,2022-03-13,4,2805.47,0.04,10773.0,Credit Card,Online
ORD104722,CUST100670,PROD1100,2023-03-13,2,3701.69,0.27,5404.47,UPI,Online
ORD104723,CUST103417,PROD1002,2023-04-27,2,1666.73,0.21,2633.43,Cash on Delivery,Store
ORD104724,CUST103065,PROD1022,2022-04-25,3,1744.61,0.17,4344.08,Cash on Delivery,Store
ORD104725,CUST101727,PROD1161,2022-07-25,2,4435.03,0.1,7983.05,Debit Card,Store
ORD104726,CUST105976,PROD1008,2022-11-30,1,1199.69,0.04,1151.7,Debit Card,Online
ORD104727,CUST104026,PROD1081,2022-11-02,3,473.74,0.13,1236.46,Cash on Delivery,Store
ORD104728,CUST107862,PROD1058,2024-06-29,4,1109.98,0.24,3374.34,UPI,Online
ORD104729,CUST106064,PROD1065,2023-07-08,3,1779.33,0.22,4163.63,Debit Card,Online
ORD104730,CUST103814,PROD1149,2024-05-31,1,1630.37,0.19,1320.6,UPI,Online
ORD104731,CUST101703,PROD1114,2023-06-16,1,671.01,0.3,469.71,Credit Card,Online
ORD104732,CUST107621,PROD1034,2023-08-27,1,847.63,0.29,601.82,UPI,Store
ORD104733,CUST107430,PROD1158,2023-08-03,3,611.58,0.12,1614.57,Debit Card,Online
ORD104734,CUST104541,PROD1077,2022-05-15,3,4838.73,0.06,13645.22,Net Banking,Store
ORD104735,CUST100053,PROD1108,2023-08-01,2,871.28,0.14,1498.6,UPI,Online
ORD104736,CUST100691,PROD1047,2024-04-20,3,3493.68,0.25,7860.78,Cash on Delivery,Store
ORD104737,CUST106066,PROD1052,2022-05-31,4,2302.12,0.14,7919.29,UPI,Store
ORD104738,CUST108448,PROD1074,2023-07-02,3,1160.21,0.1,3132.57,UPI,Store
ORD104739,CUST103432,PROD1031,2022-05-20,2,3607.34,0.22,5627.45,UPI,Store
ORD104740,CUST100833,PROD1087,2023-02-11,4,3115.6,0.2,9969.92,Cash on Delivery,Store
ORD104741,CUST105794,PROD1139,2024-01-05,4,3501.6,0.29,9944.54,UPI,Store
ORD104742,CUST109353,PROD1061,2023-05-05,3,1679.78,0.16,4233.05,Net Banking,Store
ORD104743,CUST103522,PROD1002,2024-06-25,2,1666.73,0.29,2366.76,Cash on Delivery,Store
ORD104744,CUST108664,PROD1005,2024-06-15,2,900.54,0.09,1638.98,Net Banking,Online
ORD104745,CUST105860,PROD1126,2022-07-24,4,362.9,0.26,1074.18,Net Banking,Store
ORD104746,CUST102026,PROD1111,2022-10-22,4,1904.48,0.11,6779.95,Net Banking,Store
ORD104747,CUST109829,PROD1011,2024-05-10,2,1834.14,0.24,2787.89,Cash on Delivery,Store
ORD104748,CUST103548,PROD1052,2023-08-05,1,2302.12,0.28,1657.53,Debit Card,Store
ORD104749,CUST100905,PROD1147,2023-11-02,1,1570.61,0.19,1272.19,Cash on Delivery,Store
ORD104750,CUST106364,PROD1133,2024-06-23,3,1474.25,0.22,3449.74,UPI,Online
ORD104751,CUST101183,PROD1083,2022-07-03,2,1976.87,0.29,2807.16,Net Banking,Online
ORD104752,CUST101088,PROD1141,2022-01-18,4,1551.56,0.11,5523.55,UPI,Store
ORD104753,CUST101192,PROD1183,2023-01-18,1,927.52,0.15,788.39,Net Banking,Store
ORD104754,CUST102128,PROD1168,2023-07-25,4,736.02,0.27,2149.18,Net Banking,Store
ORD104755,CUST105387,PROD1048,2024-04-14,4,3417.13,0.2,10934.82,UPI,Online
ORD104756,CUST103451,PROD1107,2024-01-06,2,2161.29,0.26,3198.71,Credit Card,Store
ORD104757,CUST100331,PROD1192,2023-09-13,4,3116.29,0.19,10096.78,Net Banking,Online
ORD104758,CUST109403,PROD1083,2023-10-05,2,1976.87,0.22,3083.92,Credit Card,Online
ORD104759,CUST101048,PROD1103,2023-06-26,4,472.31,0.0,1889.24,Cash on Delivery,Online
ORD104760,CUST102275,PROD1094,2023-05-23,1,2515.62,0.1,2264.06,Net Banking,Online
ORD104761,CUST105237,PROD1030,2022-07-11,2,3330.72,0.23,5129.31,Net Banking,Online
ORD104762,CUST106385,PROD1155,2022-07-17,4,2625.54,0.12,9241.9,Cash on Delivery,Store
ORD104763,CUST101634,PROD1011,2022-08-30,3,1834.14,0.11,4897.15,UPI,Online
ORD104764,CUST107648,PROD1015,2022-04-01,3,3483.28,0.29,7419.39,UPI,Store
ORD104765,CUST100502,PROD1162,2022-01-02,3,307.56,0.17,765.82,Credit Card,Online
ORD104766,CUST103569,PROD1043,2024-02-27,3,1864.75,0.06,5258.59,Cash on Delivery,Online
ORD104767,CUST109271,PROD1067,2024-09-03,1,1221.16,0.14,1050.2,Net Banking,Store
ORD104768,CUST107316,PROD1137,2023-09-01,1,3649.67,0.16,3065.72,Credit Card,Store
ORD104769,CUST109526,PROD1002,2023-04-10,3,1666.73,0.3,3500.13,UPI,Online
ORD104770,CUST104647,PROD1030,2024-09-23,4,3330.72,0.22,10391.85,Net Banking,Store
ORD104771,CUST104018,PROD1179,2022-10-12,1,3516.31,0.16,2953.7,UPI,Online
ORD104772,CUST104216,PROD1115,2024-02-16,3,3741.78,0.13,9766.05,Credit Card,Online
ORD104773,CUST105891,PROD1192,2022-01-04,1,3116.29,0.27,2274.89,UPI,Online
ORD104774,CUST105231,PROD1004,2022-08-26,1,1760.0,0.19,1425.6,UPI,Online
ORD104775,CUST108214,PROD1004,2023-07-06,4,1760.0,0.11,6265.6,Cash on Delivery,Store
ORD104776,CUST107848,PROD1065,2023-03-15,4,1779.33,0.14,6120.9,Credit Card,Online
ORD104777,CUST107431,PROD1014,2024-06-27,2,2197.11,0.08,4042.68,Net Banking,Online
ORD104778,CUST100479,PROD1192,2023-01-25,4,3116.29,0.29,8850.26,UPI,Store
ORD104779,CUST102354,PROD1148,2022-11-25,3,3902.89,0.21,9249.85,UPI,Online
ORD104780,CUST104864,PROD1100,2024-03-04,2,3701.69,0.12,6514.97,Debit Card,Online
ORD104781,CUST101143,PROD1198,2022-08-29,3,1926.28,0.05,5489.9,Credit Card,Online
ORD104782,CUST102333,PROD1010,2023-09-07,4,794.74,0.05,3020.01,Credit Card,Store
ORD104783,CUST105083,PROD1041,2024-03-19,4,4320.12,0.14,14861.21,Net Banking,Online
ORD104784,CUST107952,PROD1065,2023-05-10,1,1779.33,0.14,1530.22,Cash on Delivery,Online
ORD104785,CUST107574,PROD1093,2024-03-20,3,3090.85,0.13,8067.12,Net Banking,Store
ORD104786,CUST105271,PROD1060,2024-06-14,2,4998.52,0.26,7397.81,Credit Card,Online
ORD104787,CUST102645,PROD1059,2024-08-31,4,4207.05,0.29,11948.02,UPI,Store
ORD104788,CUST105444,PROD1141,2022-03-02,2,1551.56,0.11,2761.78,Cash on Delivery,Online
ORD104789,CUST106067,PROD1119,2022-03-03,4,3955.63,0.09,14398.49,Cash on Delivery,Online
ORD104790,CUST100838,PROD1132,2024-01-08,4,1728.02,0.23,5322.3,Credit Card,Online
ORD104791,CUST107413,PROD1030,2024-02-06,1,3330.72,0.13,2897.73,Credit Card,Online
ORD104792,CUST108191,PROD1047,2024-02-04,2,3493.68,0.07,6498.24,Net Banking,Store
ORD104793,CUST105035,PROD1031,2023-03-28,4,3607.34,0.05,13707.89,Debit Card,Online
ORD104794,CUST102209,PROD1056,2022-10-04,4,1642.96,0.08,6046.09,Credit Card,Online
ORD104795,CUST109584,PROD1161,2022-06-08,1,4435.03,0.0,4435.03,Credit Card,Online
ORD104796,CUST105048,PROD1094,2022-08-27,4,2515.62,0.28,7244.99,Net Banking,Store
ORD104797,CUST101959,PROD1154,2022-02-12,1,1389.72,0.13,1209.06,Credit Card,Online
ORD104798,CUST100275,PROD1081,2024-07-05,1,473.74,0.02,464.27,Net Banking,Store
ORD104799,CUST104624,PROD1004,2024-05-24,1,1760.0,0.05,1672.0,Credit Card,Online
ORD104800,CUST109651,PROD1016,2023-02-17,4,3052.07,0.1,10987.45,UPI,Online
ORD104801,CUST109150,PROD1196,2023-03-15,1,1253.86,0.17,1040.7,Credit Card,Online
ORD104802,CUST101841,PROD1116,2022-11-10,2,4033.51,0.21,6372.95,Debit Card,Online
ORD104803,CUST104145,PROD1183,2022-06-01,2,927.52,0.09,1688.09,Cash on Delivery,Store
ORD104804,CUST105675,PROD1165,2024-03-23,2,4146.73,0.29,5888.36,Net Banking,Store
ORD104805,CUST107057,PROD1122,2022-03-21,2,2405.73,0.23,3704.82,Debit Card,Online
ORD104806,CUST108181,PROD1181,2022-05-17,1,2171.47,0.25,1628.6,Net Banking,Online
ORD104807,CUST100487,PROD1047,2023-12-26,3,3493.68,0.1,9432.94,Debit Card,Store
ORD104808,CUST102127,PROD1048,2023-03-26,4,3417.13,0.11,12164.98,Net Banking,Store
ORD104809,CUST105405,PROD1168,2023-01-21,4,736.02,0.16,2473.03,Net Banking,Online
ORD104810,CUST106704,PROD1021,2023-11-08,3,1572.17,0.14,4056.2,Cash on Delivery,Store
ORD104811,CUST107265,PROD1184,2023-01-18,3,4915.01,0.08,13565.43,Credit Card,Online
ORD104812,CUST105597,PROD1193,2022-06-14,4,4987.26,0.3,13964.33,Net Banking,Store
ORD104813,CUST101940,PROD1018,2023-12-10,4,4703.75,0.25,14111.25,Net Banking,Store
ORD104814,CUST107735,PROD1112,2022-10-29,3,441.15,0.07,1230.81,Cash on Delivery,Online
ORD104815,CUST104350,PROD1100,2024-02-13,2,3701.69,0.27,5404.47,Net Banking,Store
ORD104816,CUST100959,PROD1129,2022-02-17,1,1033.9,0.18,847.8,Net Banking,Store
ORD104817,CUST106630,PROD1032,2022-05-07,4,940.88,0.0,3763.52,UPI,Store
ORD104818,CUST105792,PROD1186,2023-01-03,4,158.9,0.1,572.04,UPI,Store
ORD104819,CUST102563,PROD1088,2023-10-10,4,4002.67,0.01,15850.57,UPI,Store
ORD104820,CUST100463,PROD1133,2022-02-01,2,1474.25,0.03,2860.04,Cash on Delivery,Online
ORD104821,CUST107671,PROD1010,2023-05-22,2,794.74,0.05,1510.01,Net Banking,Online
ORD104822,CUST108207,PROD1026,2023-09-05,4,3182.76,0.15,10821.38,Cash on Delivery,Online
ORD104823,CUST100918,PROD1199,2022-03-18,2,4504.11,0.11,8017.32,Cash on Delivery,Online
ORD104824,CUST106087,PROD1172,2023-12-08,4,3051.89,0.04,11719.26,Debit Card,Store
ORD104825,CUST101613,PROD1030,2022-07-20,1,3330.72,0.12,2931.03,Credit Card,Store
ORD104826,CUST109014,PROD1090,2022-03-09,2,2110.16,0.09,3840.49,Debit Card,Online
ORD104827,CUST102120,PROD1190,2022-01-28,1,2787.44,0.12,2452.95,Credit Card,Online
ORD104828,CUST103391,PROD1171,2024-07-24,3,4945.55,0.05,14094.82,Debit Card,Online
ORD104829,CUST101881,PROD1168,2023-02-04,4,736.02,0.18,2414.15,Net Banking,Store
ORD104830,CUST108931,PROD1046,2022-02-26,2,3362.42,0.01,6657.59,Cash on Delivery,Online
ORD104831,CUST107362,PROD1196,2022-07-22,1,1253.86,0.12,1103.4,Debit Card,Online
ORD104832,CUST105001,PROD1078,2023-07-21,2,3766.22,0.27,5498.68,Debit Card,Online
ORD104833,CUST107256,PROD1001,2022-03-24,3,2108.14,0.13,5502.25,Net Banking,Store
ORD104834,CUST103843,PROD1142,2023-09-10,1,1570.45,0.13,1366.29,Cash on Delivery,Store
ORD104835,CUST108989,PROD1019,2022-09-08,3,1794.76,0.02,5276.59,Credit Card,Online
ORD104836,CUST106129,PROD1130,2022-12-08,3,1651.44,0.18,4062.54,Debit Card,Online
ORD104837,CUST103210,PROD1105,2023-02-27,1,850.29,0.28,612.21,Credit Card,Store
ORD104838,CUST109778,PROD1038,2024-04-23,2,2162.08,0.09,3934.99,UPI,Online
ORD104839,CUST109969,PROD1073,2023-03-15,1,2162.76,0.12,1903.23,Debit Card,Online
ORD104840,CUST105516,PROD1089,2023-02-18,3,1920.59,0.18,4724.65,Cash on Delivery,Store
ORD104841,CUST102531,PROD1137,2024-05-21,4,3649.67,0.03,14160.72,UPI,Online
ORD104842,CUST105487,PROD1167,2024-07-26,1,3946.83,0.29,2802.25,UPI,Store
ORD104843,CUST104553,PROD1140,2022-05-13,4,4426.54,0.14,15227.3,Debit Card,Store
ORD104844,CUST102279,PROD1043,2024-05-18,2,1864.75,0.03,3617.62,Debit Card,Store
ORD104845,CUST109559,PROD1031,2023-03-05,1,3607.34,0.1,3246.61,UPI,Store
ORD104846,CUST107305,PROD1029,2023-12-05,4,935.53,0.11,3330.49,Debit Card,Online
ORD104847,CUST109589,PROD1128,2023-06-28,3,3522.95,0.1,9511.96,Cash on Delivery,Store
ORD104848,CUST105556,PROD1052,2023-09-02,2,2302.12,0.21,3637.35,Cash on Delivery,Online
ORD104849,CUST100154,PROD1075,2022-09-25,4,2758.4,0.1,9930.24,UPI,Store
ORD104850,CUST109307,PROD1043,2022-04-17,2,1864.75,0.1,3356.55,Debit Card,Online
ORD104851,CUST103665,PROD1034,2022-03-07,1,847.63,0.1,762.87,UPI,Online
ORD104852,CUST106727,PROD1167,2022-02-21,4,3946.83,0.23,12156.24,Cash on Delivery,Store
ORD104853,CUST101114,PROD1044,2023-12-12,1,452.32,0.09,411.61,Debit Card,Online
ORD104854,CUST100699,PROD1187,2022-10-15,1,4781.3,0.0,4781.3,Cash on Delivery,Store
ORD104855,CUST107565,PROD1123,2022-08-20,3,4620.97,0.11,12337.99,Debit Card,Online
ORD104856,CUST106955,PROD1115,2022-06-12,4,3741.78,0.08,13769.75,Net Banking,Store
ORD104857,CUST107109,PROD1123,2022-08-29,4,4620.97,0.27,13493.23,Cash on Delivery,Store
ORD104858,CUST108787,PROD1190,2023-01-25,4,2787.44,0.14,9588.79,Credit Card,Store
ORD104859,CUST101013,PROD1137,2022-01-22,2,3649.67,0.07,6788.39,Debit Card,Online
ORD104860,CUST108731,PROD1046,2023-12-30,2,3362.42,0.29,4774.64,Net Banking,Store
ORD104861,CUST100011,PROD1151,2023-11-18,2,4916.65,0.07,9144.97,Net Banking,Online
ORD104862,CUST107474,PROD1184,2024-06-27,2,4915.01,0.23,7569.12,Net Banking,Store
ORD104863,CUST104459,PROD1017,2024-03-01,4,791.05,0.19,2563.0,Cash on Delivery,Online
ORD104864,CUST100661,PROD1184,2023-05-08,4,4915.01,0.14,16907.63,Credit Card,Online
ORD104865,CUST104633,PROD1071,2023-11-15,2,1115.14,0.12,1962.65,Net Banking,Online
ORD104866,CUST107381,PROD1122,2023-06-05,3,2405.73,0.26,5340.72,UPI,Store
ORD104867,CUST105574,PROD1173,2022-12-28,4,3575.41,0.14,12299.41,Debit Card,Store
ORD104868,CUST109614,PROD1170,2022-02-28,2,4925.25,0.11,8766.94,Debit Card,Online
ORD104869,CUST105871,PROD1076,2023-04-30,1,4330.45,0.11,3854.1,Credit Card,Online
ORD104870,CUST109437,PROD1143,2023-09-21,3,3731.95,0.08,10300.18,Credit Card,Online
ORD104871,CUST100579,PROD1141,2022-04-11,4,1551.56,0.12,5461.49,Cash on Delivery,Store
ORD104872,CUST108453,PROD1008,2024-01-27,3,1199.69,0.04,3455.11,UPI,Store
ORD104873,CUST100495,PROD1068,2024-03-08,2,3161.5,0.02,6196.54,Debit Card,Online
ORD104874,CUST104225,PROD1060,2022-12-06,1,4998.52,0.16,4198.76,Net Banking,Online
ORD104875,CUST105934,PROD1010,2023-05-01,1,794.74,0.14,683.48,Net Banking,Store
ORD104876,CUST102136,PROD1146,2024-03-22,2,2720.43,0.05,5168.82,Debit Card,Store
ORD104877,CUST105063,PROD1063,2023-11-20,3,4377.63,0.03,12738.9,UPI,Online
ORD104878,CUST105451,PROD1037,2022-01-16,4,3402.6,0.04,13065.98,UPI,Online
ORD104879,CUST108821,PROD1009,2023-05-13,2,3453.81,0.09,6285.93,Net Banking,Online
ORD104880,CUST108697,PROD1015,2022-05-01,3,3483.28,0.14,8986.86,Debit Card,Store
ORD104881,CUST107297,PROD1068,2022-08-02,2,3161.5,0.06,5943.62,Net Banking,Store
ORD104882,CUST100206,PROD1041,2024-01-12,1,4320.12,0.23,3326.49,Cash on Delivery,Online
ORD104883,CUST103130,PROD1043,2022-11-26,4,1864.75,0.06,7011.46,Debit Card,Online
ORD104884,CUST101854,PROD1180,2022-03-25,2,4036.27,0.04,7749.64,UPI,Store
ORD104885,CUST105578,PROD1162,2022-06-30,1,307.56,0.3,215.29,Net Banking,Online
ORD104886,CUST105264,PROD1163,2024-01-15,2,1140.38,0.13,1984.26,Credit Card,Online
ORD104887,CUST107477,PROD1149,2023-01-21,1,1630.37,0.05,1548.85,Credit Card,Online
ORD104888,CUST101660,PROD1023,2022-11-19,1,554.45,0.27,404.75,Cash on Delivery,Store
ORD104889,CUST108084,PROD1139,2023-07-08,4,3501.6,0.07,13025.95,Credit Card,Store
ORD104890,CUST107548,PROD1034,2023-03-24,1,847.63,0.28,610.29,Cash on Delivery,Online
ORD104891,CUST104979,PROD1049,2024-06-22,4,2805.47,0.04,10773.0,Cash on Delivery,Online
ORD104892,CUST105046,PROD1082,2022-03-14,4,595.95,0.25,1787.85,UPI,Store
ORD104893,CUST108476,PROD1077,2022-09-12,1,4838.73,0.06,4548.41,UPI,Store
ORD104894,CUST100718,PROD1039,2024-05-09,1,2735.18,0.28,1969.33,Debit Card,Online
ORD104895,CUST108693,PROD1021,2024-07-05,4,1572.17,0.17,5219.6,Net Banking,Store
ORD104896,CUST100257,PROD1174,2024-06-01,2,4761.29,0.06,8951.23,Credit Card,Online
ORD104897,CUST104905,PROD1074,2024-05-14,2,1160.21,0.25,1740.32,Net Banking,Online
ORD104898,CUST102597,PROD1065,2023-12-01,2,1779.33,0.12,3131.62,Net Banking,Online
ORD104899,CUST108012,PROD1137,2022-10-17,3,3649.67,0.22,8540.23,Cash on Delivery,Online
ORD104900,CUST109431,PROD1170,2023-05-15,1,4925.25,0.19,3989.45,Credit Card,Online
ORD104901,CUST106798,PROD1196,2024-06-18,4,1253.86,0.21,3962.2,UPI,Store
ORD104902,CUST103013,PROD1093,2024-01-22,3,3090.85,0.1,8345.3,Net Banking,Online
ORD104903,CUST105224,PROD1152,2024-06-03,1,3367.3,0.28,2424.46,Cash on Delivery,Online
ORD104904,CUST104617,PROD1109,2024-09-11,4,4287.18,0.17,14233.44,UPI,Store
ORD104905,CUST105064,PROD1046,2024-04-09,1,3362.42,0.02,3295.17,Cash on Delivery,Online
ORD104906,CUST100887,PROD1134,2023-08-31,2,3708.05,0.02,7267.78,Net Banking,Online
ORD104907,CUST107281,PROD1103,2023-08-11,3,472.31,0.22,1105.21,Net Banking,Online
ORD104908,CUST100744,PROD1155,2022-01-02,4,2625.54,0.25,7876.62,Net Banking,Store
ORD104909,CUST107236,PROD1079,2023-01-18,1,127.55,0.21,100.76,Credit Card,Store
ORD104910,CUST103436,PROD1044,2023-11-21,4,452.32,0.08,1664.54,Credit Card,Online
ORD104911,CUST105163,PROD1100,2022-04-22,4,3701.69,0.07,13770.29,Net Banking,Online
ORD104912,CUST101704,PROD1194,2024-06-03,4,270.22,0.17,897.13,Credit Card,Store
ORD104913,CUST108402,PROD1011,2022-07-23,2,1834.14,0.06,3448.18,Cash on Delivery,Store
ORD104914,CUST104064,PROD1082,2024-01-20,4,595.95,0.11,2121.58,Cash on Delivery,Online
ORD104915,CUST105226,PROD1112,2022-01-26,3,441.15,0.19,1071.99,Debit Card,Store
ORD104916,CUST101956,PROD1010,2024-05-02,3,794.74,0.09,2169.64,UPI,Store
ORD104917,CUST101702,PROD1130,2022-04-18,1,1651.44,0.11,1469.78,Cash on Delivery,Store
ORD104918,CUST104214,PROD1060,2023-11-08,1,4998.52,0.11,4448.68,UPI,Store
ORD104919,CUST108677,PROD1193,2023-07-21,4,4987.26,0.14,17156.17,Debit Card,Online
ORD104920,CUST102501,PROD1055,2024-05-17,2,2785.96,0.2,4457.54,Debit Card,Store
ORD104921,CUST105127,PROD1121,2022-10-01,3,1191.0,0.23,2751.21,UPI,Online
ORD104922,CUST104607,PROD1025,2024-03-02,4,1799.14,0.2,5757.25,Net Banking,Online
ORD104923,CUST109258,PROD1085,2023-06-26,3,657.06,0.01,1951.47,UPI,Store
ORD104924,CUST106537,PROD1033,2022-01-17,1,647.39,0.27,472.59,Cash on Delivery,Online
ORD104925,CUST104056,PROD1182,2023-04-09,2,572.67,0.17,950.63,UPI,Store
ORD104926,CUST100197,PROD1143,2022-10-25,3,3731.95,0.28,8061.01,Cash on Delivery,Store
ORD104927,CUST107631,PROD1166,2023-08-16,1,4056.26,0.29,2879.94,Cash on Delivery,Store
ORD104928,CUST104963,PROD1133,2024-05-25,3,1474.25,0.14,3803.56,Cash on Delivery,Online
ORD104929,CUST107968,PROD1109,2023-01-31,4,4287.18,0.27,12518.57,Net Banking,Online
ORD104930,CUST101315,PROD1071,2022-01-27,3,1115.14,0.11,2977.42,Net Banking,Online
ORD104931,CUST106296,PROD1179,2022-07-02,3,3516.31,0.08,9705.02,Debit Card,Store
ORD104932,CUST108102,PROD1152,2023-05-31,4,3367.3,0.02,13199.82,Credit Card,Store
ORD104933,CUST104862,PROD1055,2023-11-06,2,2785.96,0.14,4791.85,Net Banking,Online
ORD104934,CUST109373,PROD1082,2023-03-25,2,595.95,0.21,941.6,Net Banking,Store
ORD104935,CUST103341,PROD1146,2022-11-28,4,2720.43,0.29,7726.02,Debit Card,Store
ORD104936,CUST107747,PROD1092,2024-07-13,2,2248.29,0.16,3777.13,Debit Card,Store
ORD104937,CUST108448,PROD1154,2023-08-07,2,1389.72,0.22,2167.96,Debit Card,Store
ORD104938,CUST102562,PROD1132,2023-04-01,4,1728.02,0.27,5045.82,UPI,Online
ORD104939,CUST101667,PROD1025,2023-08-11,3,1799.14,0.16,4533.83,Cash on Delivery,Store
ORD104940,CUST106314,PROD1157,2023-02-24,2,1005.94,0.05,1911.29,Net Banking,Store
ORD104941,CUST106413,PROD1077,2022-08-28,1,4838.73,0.25,3629.05,Cash on Delivery,Store
ORD104942,CUST102648,PROD1096,2023-05-27,1,4510.68,0.17,3743.86,Credit Card,Online
ORD104943,CUST105734,PROD1162,2022-10-17,4,307.56,0.23,947.28,Debit Card,Online
ORD104944,CUST108828,PROD1074,2024-03-14,1,1160.21,0.2,928.17,Credit Card,Store
ORD104945,CUST108199,PROD1180,2023-03-15,1,4036.27,0.02,3955.54,Debit Card,Store
ORD104946,CUST101579,PROD1195,2024-02-11,4,4224.79,0.05,16054.2,Debit Card,Online
ORD104947,CUST107615,PROD1115,2023-06-07,1,3741.78,0.09,3405.02,Credit Card,Online
ORD104948,CUST100134,PROD1160,2023-07-25,1,2584.14,0.09,2351.57,Cash on Delivery,Store
ORD104949,CUST104120,PROD1069,2022-09-16,3,3553.73,0.25,7995.89,Credit Card,Online
ORD104950,CUST102512,PROD1155,2023-12-15,4,2625.54,0.18,8611.77,UPI,Store
ORD104951,CUST106105,PROD1035,2022-09-25,2,1309.41,0.03,2540.26,Net Banking,Store
ORD104952,CUST106847,PROD1048,2022-04-23,4,3417.13,0.12,12028.3,Net Banking,Online
ORD104953,CUST108048,PROD1052,2023-08-08,1,2302.12,0.17,1910.76,Cash on Delivery,Store
ORD104954,CUST106545,PROD1196,2023-02-09,1,1253.86,0.08,1153.55,Cash on Delivery,Online
ORD104955,CUST106032,PROD1129,2024-09-20,2,1033.9,0.01,2047.12,Cash on Delivery,Store
ORD104956,CUST101232,PROD1079,2024-07-06,2,127.55,0.11,227.04,Credit Card,Online
ORD104957,CUST109145,PROD1070,2023-02-06,3,3731.49,0.14,9627.24,Credit Card,Online
ORD104958,CUST109730,PROD1191,2022-08-24,1,598.34,0.27,436.79,Credit Card,Online
ORD104959,CUST100907,PROD1020,2022-01-06,1,319.32,0.27,233.1,Debit Card,Store
ORD104960,CUST109872,PROD1034,2023-08-24,1,847.63,0.15,720.49,Credit Card,Store
ORD104961,CUST105653,PROD1173,2022-04-24,3,3575.41,0.14,9224.56,Net Banking,Online
ORD104962,CUST105158,PROD1085,2022-12-31,4,657.06,0.19,2128.87,Net Banking,Store
ORD104963,CUST105926,PROD1114,2024-04-26,2,671.01,0.08,1234.66,Debit Card,Online
ORD104964,CUST104089,PROD1175,2022-11-17,3,2304.65,0.09,6291.69,Credit Card,Online
ORD104965,CUST108810,PROD1021,2022-11-07,3,1572.17,0.0,4716.51,Credit Card,Online
ORD104966,CUST107779,PROD1133,2022-06-17,1,1474.25,0.02,1444.76,UPI,Online
ORD104967,CUST105903,PROD1119,2024-04-29,2,3955.63,0.05,7515.7,UPI,Store
ORD104968,CUST107090,PROD1160,2022-02-21,4,2584.14,0.19,8372.61,Net Banking,Store
ORD104969,CUST102844,PROD1038,2024-06-06,1,2162.08,0.06,2032.36,Cash on Delivery,Online
ORD104970,CUST104301,PROD1042,2022-10-27,3,935.8,0.04,2695.1,Net Banking,Store
ORD104971,CUST108888,PROD1152,2024-05-12,3,3367.3,0.18,8283.56,Debit Card,Store
ORD104972,CUST104303,PROD1145,2022-03-03,2,4568.9,0.2,7310.24,Credit Card,Store
ORD104973,CUST108596,PROD1040,2022-03-25,2,331.95,0.02,650.62,UPI,Online
ORD104974,CUST109702,PROD1127,2024-01-18,2,509.27,0.23,784.28,Net Banking,Store
ORD104975,CUST107549,PROD1117,2024-09-11,1,2765.48,0.18,2267.69,Debit Card,Online
ORD104976,CUST104962,PROD1034,2022-12-19,3,847.63,0.12,2237.74,Cash on Delivery,Store
ORD104977,CUST100857,PROD1023,2024-04-21,2,554.45,0.29,787.32,Net Banking,Online
ORD104978,CUST102392,PROD1182,2023-10-31,4,572.67,0.0,2290.68,Credit Card,Store
ORD104979,CUST106771,PROD1103,2023-05-18,2,472.31,0.16,793.48,Credit Card,Store
ORD104980,CUST107559,PROD1039,2023-10-21,2,2735.18,0.05,5196.84,UPI,Store
ORD104981,CUST104282,PROD1086,2024-07-12,1,4422.95,0.1,3980.66,Debit Card,Online
ORD104982,CUST100019,PROD1028,2024-06-08,1,4912.04,0.04,4715.56,Cash on Delivery,Store
ORD104983,CUST105457,PROD1137,2023-04-20,1,3649.67,0.2,2919.74,Cash on Delivery,Online
ORD104984,CUST102420,PROD1078,2023-09-27,1,3766.22,0.12,3314.27,Debit Card,Store
ORD104985,CUST107923,PROD1137,2024-07-03,2,3649.67,0.3,5109.54,UPI,Online
ORD104986,CUST100066,PROD1063,2023-05-18,3,4377.63,0.2,10506.31,Credit Card,Online
ORD104987,CUST103133,PROD1116,2024-03-09,4,4033.51,0.28,11616.51,Cash on Delivery,Store
ORD104988,CUST100785,PROD1156,2023-11-25,4,4272.09,0.07,15892.17,Debit Card,Store
ORD104989,CUST106765,PROD1097,2022-04-09,3,2401.45,0.1,6483.92,UPI,Store
ORD104990,CUST107735,PROD1145,2023-12-03,4,4568.9,0.11,16265.28,Credit Card,Store
ORD104991,CUST102132,PROD1129,2024-06-28,2,1033.9,0.25,1550.85,Debit Card,Store
ORD104992,CUST109621,PROD1152,2022-11-02,3,3367.3,0.06,9495.79,UPI,Store
ORD104993,CUST101418,PROD1084,2024-02-02,1,1758.62,0.28,1266.21,Net Banking,Store
ORD104994,CUST103690,PROD1050,2022-11-11,1,4767.36,0.01,4719.69,Debit Card,Online
ORD104995,CUST101547,PROD1094,2023-12-11,1,2515.62,0.27,1836.4,Cash on Delivery,Store
ORD104996,CUST100358,PROD1021,2023-03-18,2,1572.17,0.14,2704.13,Debit Card,Store
ORD104997,CUST101562,PROD1008,2022-09-04,1,1199.69,0.16,1007.74,Credit Card,Online
ORD104998,CUST104386,PROD1090,2022-09-22,1,2110.16,0.3,1477.11,Debit Card,Online
ORD104999,CUST102177,PROD1088,2023-07-23,1,4002.67,0.26,2961.98,Credit Card,Store
ORD105000,CUST103810,PROD1088,2023-03-01,4,4002.67,0.27,11687.8,UPI,Store
ORD105001,CUST100478,PROD1073,2024-03-05,3,2162.76,0.18,5320.39,Net Banking,Online
ORD105002,CUST100647,PROD1093,2022-02-27,4,3090.85,0.29,8778.01,Credit Card,Store
ORD105003,CUST106675,PROD1122,2024-04-28,2,2405.73,0.21,3801.05,UPI,Store
ORD105004,CUST100263,PROD1131,2023-04-29,2,768.23,0.25,1152.34,UPI,Online
ORD105005,CUST107102,PROD1148,2022-11-20,2,3902.89,0.22,6088.51,Net Banking,Online
ORD105006,CUST108003,PROD1123,2022-07-05,4,4620.97,0.23,14232.59,Cash on Delivery,Store
ORD105007,CUST103742,PROD1029,2024-03-02,3,935.53,0.19,2273.34,Cash on Delivery,Store
ORD105008,CUST106646,PROD1160,2023-05-14,1,2584.14,0.22,2015.63,Debit Card,Store
ORD105009,CUST109753,PROD1042,2024-04-27,2,935.8,0.13,1628.29,Cash on Delivery,Online
ORD105010,CUST105200,PROD1001,2022-03-03,2,2108.14,0.21,3330.86,Debit Card,Store
ORD105011,CUST109628,PROD1086,2023-08-16,4,4422.95,0.08,16276.46,Credit Card,Store
ORD105012,CUST102005,PROD1158,2024-08-20,1,611.58,0.19,495.38,Credit Card,Online
ORD105013,CUST103140,PROD1131,2022-09-03,1,768.23,0.16,645.31,Debit Card,Online
ORD105014,CUST109099,PROD1046,2023-05-02,4,3362.42,0.27,9818.27,Net Banking,Store
ORD105015,CUST100129,PROD1083,2024-01-31,4,1976.87,0.2,6325.98,Net Banking,Online
ORD105016,CUST109129,PROD1088,2024-05-18,4,4002.67,0.18,13128.76,Cash on Delivery,Store
ORD105017,CUST103718,PROD1044,2023-01-08,3,452.32,0.09,1234.83,Credit Card,Store
ORD105018,CUST100814,PROD1064,2023-05-30,2,4980.76,0.26,7371.52,Credit Card,Online
ORD105019,CUST105849,PROD1193,2024-01-18,2,4987.26,0.02,9775.03,Net Banking,Online
ORD105020,CUST105606,PROD1005,2022-02-20,2,900.54,0.27,1314.79,UPI,Store
ORD105021,CUST100014,PROD1006,2023-09-09,3,2076.92,0.2,4984.61,Net Banking,Online
ORD105022,CUST105305,PROD1178,2022-04-09,4,4804.5,0.06,18064.92,Net Banking,Online
ORD105023,CUST103488,PROD1195,2022-11-19,2,4224.79,0.27,6168.19,UPI,Online
ORD105024,CUST108898,PROD1017,2023-08-15,2,791.05,0.1,1423.89,Cash on Delivery,Online
ORD105025,CUST100702,PROD1118,2023-03-17,2,833.05,0.05,1582.79,Debit Card,Store
ORD105026,CUST104841,PROD1040,2023-02-08,3,331.95,0.1,896.26,Cash on Delivery,Store
ORD105027,CUST106575,PROD1106,2024-03-23,4,822.51,0.29,2335.93,UPI,Store
ORD105028,CUST104131,PROD1068,2024-06-20,2,3161.5,0.23,4868.71,UPI,Online
ORD105029,CUST104842,PROD1024,2023-02-21,2,3137.89,0.28,4518.56,Cash on Delivery,Store
ORD105030,CUST106160,PROD1055,2023-11-14,3,2785.96,0.09,7605.67,Debit Card,Store
ORD105031,CUST106657,PROD1000,2024-08-03,4,1986.03,0.02,7785.24,Cash on Delivery,Online
ORD105032,CUST106492,PROD1182,2022-06-04,4,572.67,0.17,1901.26,Credit Card,Store
ORD105033,CUST105499,PROD1130,2023-06-26,2,1651.44,0.14,2840.48,Credit Card,Store
ORD105034,CUST102555,PROD1053,2023-09-03,1,1312.97,0.22,1024.12,Credit Card,Online
ORD105035,CUST103939,PROD1080,2022-05-26,3,760.03,0.16,1915.28,Debit Card,Store
ORD105036,CUST104951,PROD1159,2024-07-14,1,464.94,0.12,409.15,Debit Card,Store
ORD105037,CUST103338,PROD1129,2022-08-23,1,1033.9,0.0,1033.9,UPI,Online
ORD105038,CUST108708,PROD1192,2023-04-19,2,3116.29,0.14,5360.02,Net Banking,Online
ORD105039,CUST100797,PROD1007,2023-02-03,2,4532.56,0.04,8702.52,Debit Card,Online
ORD105040,CUST108676,PROD1108,2024-05-13,2,871.28,0.28,1254.64,Net Banking,Store
ORD105041,CUST103674,PROD1185,2023-09-03,3,2516.6,0.28,5435.86,Credit Card,Store
ORD105042,CUST108634,PROD1052,2023-04-05,3,2302.12,0.24,5248.83,Credit Card,Store
ORD105043,CUST106521,PROD1043,2023-12-03,3,1864.75,0.05,5314.54,Net Banking,Store
ORD105044,CUST101653,PROD1027,2024-02-28,1,133.03,0.04,127.71,Cash on Delivery,Store
ORD105045,CUST109205,PROD1146,2024-06-26,3,2720.43,0.17,6773.87,UPI,Store
ORD105046,CUST109154,PROD1183,2023-03-09,4,927.52,0.22,2893.86,UPI,Online
ORD105047,CUST108764,PROD1147,2022-09-14,3,1570.61,0.27,3439.64,Cash on Delivery,Online
ORD105048,CUST106681,PROD1198,2023-12-16,2,1926.28,0.27,2812.37,Net Banking,Store
ORD105049,CUST105999,PROD1183,2023-03-15,1,927.52,0.05,881.14,Net Banking,Store
ORD105050,CUST100815,PROD1034,2023-06-21,3,847.63,0.3,1780.02,Debit Card,Store
ORD105051,CUST106967,PROD1146,2022-06-24,2,2720.43,0.05,5168.82,Credit Card,Online
ORD105052,CUST101210,PROD1103,2023-12-14,2,472.31,0.25,708.46,Credit Card,Online
ORD105053,CUST103134,PROD1062,2024-03-17,4,4227.41,0.18,13865.9,Net Banking,Online
ORD105054,CUST105455,PROD1081,2023-05-06,4,473.74,0.2,1515.97,Debit Card,Store
ORD105055,CUST100554,PROD1006,2022-10-10,3,2076.92,0.18,5109.22,Debit Card,Online
ORD105056,CUST102792,PROD1154,2023-08-28,1,1389.72,0.26,1028.39,UPI,Store
ORD105057,CUST105865,PROD1038,2023-07-16,1,2162.08,0.19,1751.28,UPI,Online
ORD105058,CUST106218,PROD1029,2022-08-07,3,935.53,0.25,2104.94,Net Banking,Store
ORD105059,CUST106908,PROD1022,2024-08-08,3,1744.61,0.05,4972.14,UPI,Online
ORD105060,CUST104302,PROD1083,2022-06-05,3,1976.87,0.26,4388.65,Debit Card,Store
ORD105061,CUST107852,PROD1150,2022-02-26,1,4820.06,0.3,3374.04,Cash on Delivery,Store
ORD105062,CUST101264,PROD1046,2023-05-26,4,3362.42,0.2,10759.74,Credit Card,Online
ORD105063,CUST106819,PROD1175,2024-01-13,1,2304.65,0.29,1636.3,Net Banking,Store
ORD105064,CUST109085,PROD1094,2022-12-04,2,2515.62,0.07,4679.05,UPI,Store
ORD105065,CUST102304,PROD1062,2023-12-20,4,4227.41,0.25,12682.23,UPI,Store
ORD105066,CUST103958,PROD1119,2022-09-29,2,3955.63,0.05,7515.7,Debit Card,Store
ORD105067,CUST105536,PROD1136,2023-12-28,1,4779.14,0.15,4062.27,UPI,Online
ORD105068,CUST109430,PROD1150,2024-09-16,2,4820.06,0.2,7712.1,Credit Card,Store
ORD105069,CUST101817,PROD1116,2024-09-22,1,4033.51,0.2,3226.81,Net Banking,Store
ORD105070,CUST100766,PROD1190,2022-07-03,4,2787.44,0.2,8919.81,UPI,Store
ORD105071,CUST100572,PROD1174,2022-10-18,4,4761.29,0.1,17140.64,Cash on Delivery,Online
ORD105072,CUST104463,PROD1086,2024-07-12,4,4422.95,0.29,12561.18,Cash on Delivery,Online
ORD105073,CUST105320,PROD1073,2022-10-29,2,2162.76,0.0,4325.52,Net Banking,Online
ORD105074,CUST107748,PROD1065,2023-08-02,3,1779.33,0.19,4323.77,Cash on Delivery,Store
ORD105075,CUST100750,PROD1036,2022-09-04,4,924.34,0.26,2736.05,Cash on Delivery,Online
ORD105076,CUST102811,PROD1124,2022-01-16,1,1557.13,0.27,1136.7,UPI,Store
ORD105077,CUST104456,PROD1165,2022-12-01,2,4146.73,0.22,6468.9,Cash on Delivery,Online
ORD105078,CUST107354,PROD1000,2022-07-30,4,1986.03,0.17,6593.62,UPI,Store
ORD105079,CUST103554,PROD1175,2023-08-09,3,2304.65,0.14,5946.0,Credit Card,Online
ORD105080,CUST102418,PROD1081,2023-01-08,4,473.74,0.13,1648.62,Debit Card,Online
ORD105081,CUST105140,PROD1034,2024-03-27,2,847.63,0.13,1474.88,UPI,Online
ORD105082,CUST105036,PROD1070,2024-08-21,2,3731.49,0.21,5895.75,Debit Card,Online
ORD105083,CUST102988,PROD1107,2023-02-10,3,2161.29,0.22,5057.42,UPI,Store
ORD105084,CUST100854,PROD1085,2023-06-14,3,657.06,0.15,1675.5,UPI,Online
ORD105085,CUST102850,PROD1180,2022-01-22,1,4036.27,0.22,3148.29,Net Banking,Store
ORD105086,CUST103379,PROD1024,2023-09-10,4,3137.89,0.16,10543.31,UPI,Online
ORD105087,CUST100193,PROD1041,2022-04-29,2,4320.12,0.03,8381.03,Cash on Delivery,Store
ORD105088,CUST109769,PROD1150,2023-06-12,3,4820.06,0.26,10700.53,Cash on Delivery,Online
ORD105089,CUST109672,PROD1008,2022-07-03,2,1199.69,0.26,1775.54,UPI,Online
ORD105090,CUST108938,PROD1154,2023-05-30,3,1389.72,0.08,3835.63,Credit Card,Store
ORD105091,CUST104961,PROD1050,2023-05-07,1,4767.36,0.24,3623.19,Cash on Delivery,Online
ORD105092,CUST104740,PROD1056,2023-05-21,4,1642.96,0.15,5586.06,Debit Card,Online
ORD105093,CUST105632,PROD1081,2023-09-27,3,473.74,0.04,1364.37,Credit Card,Online
ORD105094,CUST108341,PROD1163,2024-01-25,2,1140.38,0.12,2007.07,Debit Card,Store
ORD105095,CUST107983,PROD1161,2023-03-13,2,4435.03,0.02,8692.66,UPI,Online
ORD105096,CUST107149,PROD1012,2024-03-13,1,1673.76,0.24,1272.06,UPI,Online
ORD105097,CUST105753,PROD1182,2022-04-15,1,572.67,0.06,538.31,UPI,Store
ORD105098,CUST104897,PROD1173,2022-04-13,3,3575.41,0.05,10189.92,Cash on Delivery,Store
ORD105099,CUST106969,PROD1179,2022-07-27,4,3516.31,0.06,13221.33,Credit Card,Store
ORD105100,CUST105332,PROD1027,2024-09-07,3,133.03,0.07,371.15,Debit Card,Store
ORD105101,CUST106534,PROD1085,2023-10-23,2,657.06,0.2,1051.3,Net Banking,Store
ORD105102,CUST108120,PROD1110,2023-12-06,3,2932.67,0.19,7126.39,Credit Card,Online
ORD105103,CUST109867,PROD1157,2024-04-04,1,1005.94,0.04,965.7,Debit Card,Online
ORD105104,CUST105790,PROD1044,2024-01-04,3,452.32,0.22,1058.43,Net Banking,Online
ORD105105,CUST100673,PROD1037,2022-02-16,1,3402.6,0.1,3062.34,Credit Card,Online
ORD105106,CUST103701,PROD1019,2024-07-18,2,1794.76,0.14,3086.99,Credit Card,Store
ORD105107,CUST101360,PROD1197,2022-10-31,4,2029.94,0.04,7794.97,UPI,Store
ORD105108,CUST103067,PROD1096,2022-06-16,3,4510.68,0.21,10690.31,Credit Card,Store
ORD105109,CUST101444,PROD1174,2023-05-09,1,4761.29,0.11,4237.55,Debit Card,Store
ORD105110,CUST105487,PROD1101,2022-03-28,3,3236.62,0.19,7864.99,UPI,Online
ORD105111,CUST105179,PROD1058,2022-08-14,1,1109.98,0.13,965.68,Credit Card,Store
ORD105112,CUST103353,PROD1141,2022-04-30,1,1551.56,0.01,1536.04,UPI,Store
ORD105113,CUST106380,PROD1041,2024-07-14,1,4320.12,0.21,3412.89,Net Banking,Online
ORD105114,CUST106781,PROD1188,2022-09-05,3,2539.12,0.17,6322.41,Debit Card,Store
ORD105115,CUST106060,PROD1058,2023-05-20,1,1109.98,0.13,965.68,Net Banking,Store
ORD105116,CUST107212,PROD1007,2024-08-03,3,4532.56,0.06,12781.82,Debit Card,Online
ORD105117,CUST105919,PROD1056,2022-12-19,1,1642.96,0.19,1330.8,Cash on Delivery,Online
ORD105118,CUST105860,PROD1149,2022-05-24,4,1630.37,0.08,5999.76,Net Banking,Online
ORD105119,CUST101770,PROD1101,2024-01-15,1,3236.62,0.13,2815.86,Cash on Delivery,Store
ORD105120,CUST105910,PROD1083,2022-12-16,3,1976.87,0.02,5812.0,UPI,Store
ORD105121,CUST109894,PROD1020,2023-05-30,3,319.32,0.23,737.63,Net Banking,Store
ORD105122,CUST100194,PROD1127,2024-01-19,3,509.27,0.03,1481.98,Credit Card,Store
ORD105123,CUST108766,PROD1155,2022-11-13,2,2625.54,0.27,3833.29,Debit Card,Online
ORD105124,CUST105854,PROD1048,2024-02-09,4,3417.13,0.26,10114.7,Credit Card,Store
ORD105125,CUST105914,PROD1150,2022-01-26,4,4820.06,0.29,13688.97,Credit Card,Online
ORD105126,CUST104686,PROD1053,2023-06-14,4,1312.97,0.27,3833.87,UPI,Store
ORD105127,CUST104643,PROD1150,2022-11-18,2,4820.06,0.29,6844.49,UPI,Online
ORD105128,CUST108580,PROD1067,2022-10-23,2,1221.16,0.27,1782.89,Credit Card,Online
ORD105129,CUST107874,PROD1045,2022-05-11,4,770.29,0.03,2988.73,Credit Card,Online
ORD105130,CUST101752,PROD1195,2022-01-17,1,4224.79,0.13,3675.57,Credit Card,Store
ORD105131,CUST100660,PROD1155,2024-07-08,1,2625.54,0.02,2573.03,Debit Card,Store
ORD105132,CUST105615,PROD1094,2024-02-09,4,2515.62,0.16,8452.48,UPI,Online
ORD105133,CUST102832,PROD1096,2023-08-05,1,4510.68,0.16,3788.97,Net Banking,Store
ORD105134,CUST108488,PROD1049,2024-07-24,3,2805.47,0.28,6059.82,UPI,Store
ORD105135,CUST105613,PROD1082,2024-07-10,2,595.95,0.29,846.25,Credit Card,Online
ORD105136,CUST106970,PROD1062,2022-07-04,4,4227.41,0.08,15556.87,Net Banking,Online
ORD105137,CUST106870,PROD1009,2022-02-18,1,3453.81,0.17,2866.66,Net Banking,Store
ORD105138,CUST100330,PROD1088,2024-04-04,4,4002.67,0.14,13769.18,Net Banking,Store
ORD105139,CUST106777,PROD1164,2024-04-03,4,3496.96,0.16,11749.79,UPI,Store
ORD105140,CUST109476,PROD1140,2024-08-23,3,4426.54,0.16,11154.88,Credit Card,Store
ORD105141,CUST109270,PROD1069,2022-03-17,2,3553.73,0.27,5188.45,Credit Card,Store
ORD105142,CUST105401,PROD1029,2024-02-28,2,935.53,0.27,1365.87,Cash on Delivery,Online
ORD105143,CUST106915,PROD1079,2023-06-12,4,127.55,0.04,489.79,Debit Card,Store
ORD105144,CUST109066,PROD1071,2022-01-06,3,1115.14,0.1,3010.88,UPI,Online
ORD105145,CUST103866,PROD1138,2022-02-03,1,3504.61,0.23,2698.55,Cash on Delivery,Store
ORD105146,CUST106113,PROD1122,2022-02-28,2,2405.73,0.21,3801.05,Cash on Delivery,Online
ORD105147,CUST107426,PROD1128,2022-03-08,4,3522.95,0.19,11414.36,Cash on Delivery,Store
ORD105148,CUST101585,PROD1145,2022-09-12,1,4568.9,0.3,3198.23,UPI,Store
ORD105149,CUST102940,PROD1099,2024-03-19,4,4731.44,0.1,17033.18,Debit Card,Store
ORD105150,CUST106289,PROD1010,2023-02-07,1,794.74,0.15,675.53,Net Banking,Online
ORD105151,CUST106405,PROD1083,2022-06-06,1,1976.87,0.29,1403.58,Debit Card,Online
ORD105152,CUST101502,PROD1137,2022-02-01,1,3649.67,0.21,2883.24,Debit Card,Online
ORD105153,CUST100745,PROD1175,2022-01-10,1,2304.65,0.19,1866.77,Credit Card,Online
ORD105154,CUST102612,PROD1060,2023-12-05,1,4998.52,0.05,4748.59,Cash on Delivery,Online
ORD105155,CUST101508,PROD1137,2023-01-10,1,3649.67,0.07,3394.19,Cash on Delivery,Online
ORD105156,CUST101770,PROD1100,2024-01-01,3,3701.69,0.11,9883.51,Net Banking,Store
ORD105157,CUST101961,PROD1121,2022-12-15,1,1191.0,0.14,1024.26,Credit Card,Store
ORD105158,CUST109787,PROD1059,2023-08-12,1,4207.05,0.15,3575.99,Net Banking,Online
ORD105159,CUST107751,PROD1113,2023-06-16,2,2996.04,0.27,4374.22,UPI,Online
ORD105160,CUST103658,PROD1149,2022-06-05,2,1630.37,0.03,3162.92,Credit Card,Store
ORD105161,CUST106977,PROD1074,2022-01-27,1,1160.21,0.07,1079.0,Cash on Delivery,Online
ORD105162,CUST106609,PROD1098,2024-08-30,4,1274.77,0.04,4895.12,Net Banking,Online
ORD105163,CUST100465,PROD1008,2022-06-02,2,1199.69,0.22,1871.52,Credit Card,Store
ORD105164,CUST102069,PROD1142,2024-06-10,3,1570.45,0.29,3345.06,Credit Card,Store
ORD105165,CUST102443,PROD1082,2022-10-12,3,595.95,0.27,1305.13,Debit Card,Online
ORD105166,CUST109424,PROD1036,2023-09-20,3,924.34,0.22,2162.96,Credit Card,Online
ORD105167,CUST108336,PROD1069,2022-09-07,2,3553.73,0.01,7036.39,Credit Card,Online
ORD105168,CUST106563,PROD1171,2024-06-29,3,4945.55,0.1,13352.99,Cash on Delivery,Online
ORD105169,CUST107516,PROD1196,2023-03-05,3,1253.86,0.26,2783.57,UPI,Online
ORD105170,CUST109999,PROD1130,2023-07-11,4,1651.44,0.2,5284.61,Net Banking,Store
ORD105171,CUST103048,PROD1009,2022-10-13,4,3453.81,0.06,12986.33,UPI,Online
ORD105172,CUST104042,PROD1131,2023-05-21,2,768.23,0.14,1321.36,Credit Card,Online
ORD105173,CUST104139,PROD1055,2022-10-21,1,2785.96,0.03,2702.38,Cash on Delivery,Online
ORD105174,CUST104202,PROD1167,2023-03-20,4,3946.83,0.16,13261.35,Cash on Delivery,Store
ORD105175,CUST106124,PROD1032,2022-10-15,1,940.88,0.27,686.84,Cash on Delivery,Store
ORD105176,CUST107773,PROD1160,2022-11-02,4,2584.14,0.01,10233.19,Cash on Delivery,Online
ORD105177,CUST101287,PROD1187,2022-03-12,4,4781.3,0.18,15682.66,Debit Card,Online
ORD105178,CUST108301,PROD1148,2022-06-12,4,3902.89,0.07,14518.75,Credit Card,Online
ORD105179,CUST107503,PROD1102,2023-04-26,4,3752.53,0.3,10507.08,Debit Card,Online
ORD105180,CUST104819,PROD1196,2023-08-11,1,1253.86,0.02,1228.78,Debit Card,Online
ORD105181,CUST102790,PROD1118,2022-12-09,2,833.05,0.19,1349.54,Credit Card,Store
ORD105182,CUST100861,PROD1044,2023-06-01,1,452.32,0.08,416.13,Cash on Delivery,Store
ORD105183,CUST108652,PROD1056,2022-04-17,3,1642.96,0.26,3647.37,Net Banking,Online
ORD105184,CUST101104,PROD1167,2023-09-23,1,3946.83,0.04,3788.96,Cash on Delivery,Online
ORD105185,CUST105374,PROD1125,2024-03-09,3,4537.33,0.13,11842.43,Cash on Delivery,Online
ORD105186,CUST100743,PROD1191,2024-09-02,1,598.34,0.06,562.44,Debit Card,Online
ORD105187,CUST102410,PROD1126,2023-09-01,1,362.9,0.24,275.8,UPI,Store
ORD105188,CUST104993,PROD1009,2023-11-24,4,3453.81,0.11,12295.56,Cash on Delivery,Store
ORD105189,CUST108634,PROD1073,2023-05-13,1,2162.76,0.06,2032.99,Credit Card,Store
ORD105190,CUST101833,PROD1065,2022-01-01,4,1779.33,0.22,5551.51,Credit Card,Online
ORD105191,CUST100885,PROD1101,2023-08-21,2,3236.62,0.25,4854.93,Credit Card,Store
ORD105192,CUST103604,PROD1084,2023-04-21,1,1758.62,0.14,1512.41,Debit Card,Store
ORD105193,CUST105357,PROD1192,2023-03-29,4,3116.29,0.11,11093.99,Net Banking,Store
ORD105194,CUST107089,PROD1157,2024-08-21,3,1005.94,0.19,2444.43,Net Banking,Online
ORD105195,CUST103221,PROD1081,2022-03-06,4,473.74,0.2,1515.97,Net Banking,Store
ORD105196,CUST108343,PROD1034,2024-06-29,3,847.63,0.2,2034.31,Cash on Delivery,Store
ORD105197,CUST106937,PROD1052,2023-04-30,1,2302.12,0.08,2117.95,Cash on Delivery,Store
ORD105198,CUST101596,PROD1166,2023-09-07,2,4056.26,0.28,5841.01,UPI,Store
ORD105199,CUST109863,PROD1111,2024-08-05,1,1904.48,0.06,1790.21,UPI,Online
ORD105200,CUST109726,PROD1021,2023-02-26,1,1572.17,0.11,1399.23,UPI,Store
ORD105201,CUST109757,PROD1066,2023-06-20,4,3804.6,0.09,13848.74,Debit Card,Online
ORD105202,CUST109142,PROD1197,2022-05-31,3,2029.94,0.28,4384.67,Net Banking,Store
ORD105203,CUST102492,PROD1099,2024-03-25,2,4731.44,0.25,7097.16,Cash on Delivery,Store
ORD105204,CUST109533,PROD1079,2023-01-26,3,127.55,0.24,290.81,UPI,Online
ORD105205,CUST108923,PROD1194,2024-02-04,2,270.22,0.0,540.44,Debit Card,Online
ORD105206,CUST104333,PROD1099,2023-02-19,1,4731.44,0.21,3737.84,UPI,Online
ORD105207,CUST100538,PROD1074,2022-01-07,4,1160.21,0.07,4315.98,Cash on Delivery,Store
ORD105208,CUST108163,PROD1119,2024-08-30,3,3955.63,0.29,8425.49,UPI,Store
ORD105209,CUST100768,PROD1016,2023-05-31,1,3052.07,0.16,2563.74,Debit Card,Store
ORD105210,CUST102856,PROD1146,2024-02-02,1,2720.43,0.17,2257.96,Debit Card,Store
ORD105211,CUST106905,PROD1187,2023-11-25,4,4781.3,0.11,17021.43,UPI,Store
ORD105212,CUST102121,PROD1071,2023-04-11,3,1115.14,0.16,2810.15,Cash on Delivery,Online
ORD105213,CUST105553,PROD1123,2022-04-14,1,4620.97,0.22,3604.36,Debit Card,Store
ORD105214,CUST109926,PROD1089,2024-09-05,4,1920.59,0.17,6376.36,Net Banking,Store
ORD105215,CUST100013,PROD1050,2023-04-09,2,4767.36,0.19,7723.12,Debit Card,Store
ORD105216,CUST104707,PROD1175,2023-07-18,1,2304.65,0.14,1982.0,Credit Card,Store
ORD105217,CUST104490,PROD1056,2023-08-17,2,1642.96,0.21,2595.88,UPI,Store
ORD105218,CUST108382,PROD1137,2024-04-27,1,3649.67,0.27,2664.26,Net Banking,Online
ORD105219,CUST105993,PROD1031,2023-07-14,4,3607.34,0.02,14140.77,Cash on Delivery,Store
ORD105220,CUST102864,PROD1078,2022-12-17,2,3766.22,0.03,7306.47,Net Banking,Store
ORD105221,CUST107605,PROD1122,2023-12-30,4,2405.73,0.21,7602.11,Debit Card,Store
ORD105222,CUST104102,PROD1121,2024-04-13,3,1191.0,0.11,3179.97,Debit Card,Online
ORD105223,CUST101104,PROD1067,2023-01-01,1,1221.16,0.08,1123.47,Credit Card,Online
ORD105224,CUST102812,PROD1027,2024-06-11,3,133.03,0.05,379.14,Net Banking,Store
ORD105225,CUST106131,PROD1131,2022-07-01,3,768.23,0.17,1912.89,Debit Card,Store
ORD105226,CUST100651,PROD1188,2022-08-31,2,2539.12,0.1,4570.42,Cash on Delivery,Store
ORD105227,CUST106628,PROD1076,2022-08-08,1,4330.45,0.15,3680.88,Cash on Delivery,Online
ORD105228,CUST109572,PROD1139,2022-07-27,3,3501.6,0.29,7458.41,Net Banking,Online
ORD105229,CUST107831,PROD1014,2023-10-01,1,2197.11,0.23,1691.77,Net Banking,Store
ORD105230,CUST100801,PROD1028,2022-07-01,4,4912.04,0.24,14932.6,Credit Card,Store
ORD105231,CUST104544,PROD1086,2024-05-17,2,4422.95,0.04,8492.06,Net Banking,Online
ORD105232,CUST106428,PROD1012,2023-03-05,3,1673.76,0.1,4519.15,Cash on Delivery,Store
ORD105233,CUST104140,PROD1037,2024-03-18,4,3402.6,0.03,13202.09,Net Banking,Store
ORD105234,CUST101552,PROD1185,2022-02-04,4,2516.6,0.29,7147.14,Debit Card,Store
ORD105235,CUST102792,PROD1109,2024-03-02,2,4287.18,0.2,6859.49,Debit Card,Online
ORD105236,CUST102723,PROD1034,2023-11-06,4,847.63,0.01,3356.61,Net Banking,Store
ORD105237,CUST105576,PROD1167,2024-05-11,4,3946.83,0.14,13577.1,UPI,Store
ORD105238,CUST102022,PROD1075,2023-02-25,3,2758.4,0.08,7613.18,Net Banking,Store
ORD105239,CUST104670,PROD1109,2022-07-22,4,4287.18,0.16,14404.92,Credit Card,Store
ORD105240,CUST109622,PROD1004,2024-05-26,2,1760.0,0.05,3344.0,Cash on Delivery,Store
ORD105241,CUST104188,PROD1001,2022-06-11,4,2108.14,0.02,8263.91,Cash on Delivery,Store
ORD105242,CUST100603,PROD1029,2024-01-12,1,935.53,0.1,841.98,Net Banking,Store
ORD105243,CUST107028,PROD1098,2024-05-20,4,1274.77,0.09,4640.16,UPI,Online
ORD105244,CUST107150,PROD1118,2023-02-12,4,833.05,0.22,2599.12,Cash on Delivery,Store
ORD105245,CUST106896,PROD1009,2022-12-15,4,3453.81,0.14,11881.11,UPI,Store
ORD105246,CUST108518,PROD1072,2022-01-04,4,4258.76,0.09,15501.89,Cash on Delivery,Store
ORD105247,CUST105962,PROD1123,2022-12-27,3,4620.97,0.17,11506.22,Debit Card,Online
ORD105248,CUST107978,PROD1037,2024-08-03,3,3402.6,0.02,10003.64,Credit Card,Store
ORD105249,CUST102775,PROD1186,2024-09-16,1,158.9,0.2,127.12,Cash on Delivery,Store
ORD105250,CUST103639,PROD1093,2023-08-13,3,3090.85,0.04,8901.65,Net Banking,Online
ORD105251,CUST108782,PROD1118,2023-10-26,2,833.05,0.08,1532.81,Debit Card,Online
ORD105252,CUST101438,PROD1162,2022-12-24,3,307.56,0.08,848.87,UPI,Online
ORD105253,CUST100850,PROD1070,2023-09-20,3,3731.49,0.14,9627.24,Credit Card,Store
ORD105254,CUST100439,PROD1139,2024-05-15,3,3501.6,0.29,7458.41,UPI,Store
ORD105255,CUST107800,PROD1169,2022-02-05,2,2046.46,0.1,3683.63,UPI,Online
ORD105256,CUST106857,PROD1097,2022-12-01,1,2401.45,0.08,2209.33,Cash on Delivery,Store
ORD105257,CUST106575,PROD1176,2022-10-18,4,770.65,0.05,2928.47,Debit Card,Store
ORD105258,CUST109857,PROD1126,2022-10-12,2,362.9,0.12,638.7,Credit Card,Online
ORD105259,CUST102908,PROD1066,2022-02-05,2,3804.6,0.05,7228.74,Debit Card,Store
ORD105260,CUST105193,PROD1032,2022-11-20,3,940.88,0.04,2709.73,Debit Card,Store
ORD105261,CUST101257,PROD1103,2023-04-08,3,472.31,0.26,1048.53,Cash on Delivery,Store
ORD105262,CUST101544,PROD1140,2023-01-30,1,4426.54,0.02,4338.01,UPI,Store
ORD105263,CUST101905,PROD1147,2023-07-21,3,1570.61,0.21,3722.35,Debit Card,Store
ORD105264,CUST101815,PROD1160,2022-02-18,2,2584.14,0.06,4858.18,UPI,Online
ORD105265,CUST102276,PROD1033,2023-04-08,3,647.39,0.0,1942.17,Debit Card,Store
ORD105266,CUST101450,PROD1049,2022-11-09,3,2805.47,0.24,6396.47,Credit Card,Online
ORD105267,CUST103544,PROD1177,2024-09-07,1,3377.85,0.21,2668.5,Net Banking,Online
ORD105268,CUST104906,PROD1136,2022-12-21,2,4779.14,0.1,8602.45,Net Banking,Online
ORD105269,CUST103634,PROD1006,2022-12-09,2,2076.92,0.02,4070.76,Net Banking,Store
ORD105270,CUST105848,PROD1136,2022-02-24,4,4779.14,0.11,17013.74,Cash on Delivery,Store
ORD105271,CUST108365,PROD1105,2022-11-08,4,850.29,0.05,3231.1,Cash on Delivery,Online
ORD105272,CUST109290,PROD1153,2024-04-21,1,656.81,0.28,472.9,UPI,Store
ORD105273,CUST101122,PROD1129,2022-09-17,2,1033.9,0.16,1736.95,Cash on Delivery,Online
ORD105274,CUST107284,PROD1004,2024-05-26,2,1760.0,0.29,2499.2,Net Banking,Online
ORD105275,CUST105352,PROD1112,2024-07-09,3,441.15,0.11,1177.87,Cash on Delivery,Store
ORD105276,CUST102176,PROD1065,2023-10-04,1,1779.33,0.17,1476.84,Net Banking,Store
ORD105277,CUST104837,PROD1115,2024-09-24,1,3741.78,0.06,3517.27,Debit Card,Store
ORD105278,CUST106333,PROD1137,2024-07-03,4,3649.67,0.24,11095.0,Net Banking,Store
ORD105279,CUST106311,PROD1158,2022-03-29,4,611.58,0.01,2421.86,Net Banking,Online
ORD105280,CUST109884,PROD1160,2024-06-22,3,2584.14,0.21,6124.41,Credit Card,Store
ORD105281,CUST100290,PROD1107,2022-11-16,4,2161.29,0.12,7607.74,Credit Card,Store
ORD105282,CUST107508,PROD1110,2023-01-25,1,2932.67,0.17,2434.12,Credit Card,Store
ORD105283,CUST101418,PROD1133,2024-05-01,1,1474.25,0.18,1208.88,Credit Card,Online
ORD105284,CUST105593,PROD1013,2022-09-27,4,4691.44,0.21,14824.95,Net Banking,Online
ORD105285,CUST105310,PROD1077,2024-05-21,3,4838.73,0.06,13645.22,UPI,Online
ORD105286,CUST101988,PROD1014,2024-08-23,3,2197.11,0.16,5536.72,Credit Card,Store
ORD105287,CUST108759,PROD1120,2023-04-05,4,1608.36,0.13,5597.09,Cash on Delivery,Online
ORD105288,CUST105638,PROD1170,2022-12-27,2,4925.25,0.08,9062.46,Cash on Delivery,Online
ORD105289,CUST105170,PROD1147,2022-05-06,2,1570.61,0.15,2670.04,Cash on Delivery,Store
ORD105290,CUST103038,PROD1020,2024-04-18,4,319.32,0.29,906.87,Net Banking,Store
ORD105291,CUST102303,PROD1191,2022-07-04,3,598.34,0.28,1292.41,Debit Card,Online
ORD105292,CUST100308,PROD1028,2022-12-31,4,4912.04,0.08,18076.31,Debit Card,Store
ORD105293,CUST102138,PROD1186,2023-06-26,4,158.9,0.27,463.99,Credit Card,Online
ORD105294,CUST102196,PROD1072,2023-12-21,1,4258.76,0.26,3151.48,Cash on Delivery,Online
ORD105295,CUST100461,PROD1191,2022-01-08,3,598.34,0.07,1669.37,Credit Card,Store
ORD105296,CUST103820,PROD1092,2023-10-16,3,2248.29,0.18,5530.79,Net Banking,Store
ORD105297,CUST107959,PROD1171,2024-03-26,3,4945.55,0.26,10979.12,Cash on Delivery,Online
ORD105298,CUST104732,PROD1161,2023-12-25,4,4435.03,0.15,15079.1,Credit Card,Online
ORD105299,CUST100645,PROD1046,2024-03-06,2,3362.42,0.11,5985.11,UPI,Online
ORD105300,CUST106014,PROD1008,2024-06-20,4,1199.69,0.2,3839.01,Net Banking,Online
ORD105301,CUST109588,PROD1187,2023-02-18,3,4781.3,0.05,13626.7,Net Banking,Online
ORD105302,CUST103268,PROD1111,2022-05-12,1,1904.48,0.05,1809.26,Net Banking,Store
ORD105303,CUST107915,PROD1029,2022-12-22,3,935.53,0.25,2104.94,UPI,Store
ORD105304,CUST109762,PROD1016,2022-11-19,3,3052.07,0.01,9064.65,Debit Card,Online
ORD105305,CUST100815,PROD1179,2024-06-24,3,3516.31,0.24,8017.19,Debit Card,Online
ORD105306,CUST101905,PROD1058,2022-04-12,4,1109.98,0.09,4040.33,UPI,Store
ORD105307,CUST108040,PROD1118,2024-03-05,2,833.05,0.14,1432.85,Debit Card,Online
ORD105308,CUST104898,PROD1131,2023-04-11,1,768.23,0.16,645.31,UPI,Store
ORD105309,CUST103204,PROD1167,2023-03-05,1,3946.83,0.23,3039.06,Credit Card,Store
ORD105310,CUST101129,PROD1095,2022-03-16,2,4205.79,0.27,6140.45,UPI,Store
ORD105311,CUST101797,PROD1134,2022-04-10,2,3708.05,0.24,5636.24,Debit Card,Store
ORD105312,CUST103414,PROD1037,2024-01-14,2,3402.6,0.17,5648.32,UPI,Online
ORD105313,CUST102484,PROD1031,2024-03-13,1,3607.34,0.1,3246.61,UPI,Store
ORD105314,CUST106223,PROD1068,2022-08-24,1,3161.5,0.16,2655.66,Cash on Delivery,Online
ORD105315,CUST107723,PROD1066,2022-09-26,3,3804.6,0.01,11299.66,UPI,Online
ORD105316,CUST100688,PROD1055,2024-06-06,4,2785.96,0.07,10363.77,Debit Card,Store
ORD105317,CUST108767,PROD1019,2023-07-21,4,1794.76,0.11,6389.35,Net Banking,Store
ORD105318,CUST106431,PROD1191,2022-09-11,4,598.34,0.1,2154.02,Credit Card,Online
ORD105319,CUST106001,PROD1119,2023-12-28,1,3955.63,0.03,3836.96,UPI,Online
ORD105320,CUST107099,PROD1144,2024-03-21,2,1220.66,0.02,2392.49,Debit Card,Online
ORD105321,CUST106421,PROD1143,2022-11-25,1,3731.95,0.13,3246.8,Debit Card,Store
ORD105322,CUST107038,PROD1010,2024-04-15,1,794.74,0.02,778.85,Cash on Delivery,Online
ORD105323,CUST102839,PROD1140,2022-10-26,1,4426.54,0.09,4028.15,Debit Card,Online
ORD105324,CUST103074,PROD1145,2024-03-18,1,4568.9,0.14,3929.25,Net Banking,Store
ORD105325,CUST102525,PROD1013,2023-01-05,4,4691.44,0.06,17639.81,Debit Card,Online
ORD105326,CUST102017,PROD1033,2023-11-02,3,647.39,0.02,1903.33,Net Banking,Store
ORD105327,CUST103378,PROD1085,2022-09-16,2,657.06,0.13,1143.28,Credit Card,Online
ORD105328,CUST109243,PROD1124,2022-08-16,1,1557.13,0.13,1354.7,UPI,Online
ORD105329,CUST108278,PROD1153,2023-01-12,2,656.81,0.27,958.94,Credit Card,Online
ORD105330,CUST103097,PROD1169,2022-05-25,2,2046.46,0.04,3929.2,UPI,Online
ORD105331,CUST107524,PROD1188,2022-03-21,1,2539.12,0.18,2082.08,Credit Card,Online
ORD105332,CUST106448,PROD1166,2022-02-08,3,4056.26,0.1,10951.9,Net Banking,Online
ORD105333,CUST101277,PROD1129,2023-12-07,3,1033.9,0.04,2977.63,UPI,Online
ORD105334,CUST106766,PROD1184,2023-12-10,4,4915.01,0.12,17300.84,UPI,Online
ORD105335,CUST108711,PROD1049,2022-04-07,4,2805.47,0.13,9763.04,Credit Card,Store
ORD105336,CUST106070,PROD1112,2022-09-03,3,441.15,0.11,1177.87,Cash on Delivery,Online
ORD105337,CUST106996,PROD1143,2022-11-29,1,3731.95,0.23,2873.6,Cash on Delivery,Store
ORD105338,CUST107353,PROD1061,2023-08-11,4,1679.78,0.25,5039.34,Credit Card,Store
ORD105339,CUST108578,PROD1097,2023-02-07,1,2401.45,0.04,2305.39,Debit Card,Online
ORD105340,CUST107667,PROD1138,2024-02-04,1,3504.61,0.05,3329.38,Credit Card,Online
ORD105341,CUST100013,PROD1126,2022-10-05,1,362.9,0.13,315.72,Net Banking,Store
ORD105342,CUST107397,PROD1190,2024-09-26,1,2787.44,0.1,2508.7,Net Banking,Store
ORD105343,CUST104186,PROD1029,2022-01-08,2,935.53,0.25,1403.3,Debit Card,Online
ORD105344,CUST103475,PROD1181,2022-12-30,2,2171.47,0.3,3040.06,Cash on Delivery,Online
ORD105345,CUST100003,PROD1198,2023-03-28,1,1926.28,0.05,1829.97,Net Banking,Store
ORD105346,CUST103290,PROD1154,2023-12-12,3,1389.72,0.23,3210.25,Net Banking,Store
ORD105347,CUST107930,PROD1085,2022-09-09,2,657.06,0.18,1077.58,UPI,Store
ORD105348,CUST109794,PROD1191,2024-06-14,1,598.34,0.19,484.66,UPI,Store
ORD105349,CUST104826,PROD1080,2024-09-08,1,760.03,0.08,699.23,Debit Card,Store
ORD105350,CUST107540,PROD1078,2022-01-18,4,3766.22,0.03,14612.93,Net Banking,Online
ORD105351,CUST106160,PROD1136,2023-01-25,4,4779.14,0.16,16057.91,Credit Card,Store
ORD105352,CUST103973,PROD1075,2022-08-30,4,2758.4,0.18,9047.55,Cash on Delivery,Store
ORD105353,CUST109834,PROD1199,2022-09-10,2,4504.11,0.29,6395.84,Debit Card,Store
ORD105354,CUST109681,PROD1129,2022-01-04,2,1033.9,0.2,1654.24,Credit Card,Store
ORD105355,CUST106587,PROD1048,2023-01-08,4,3417.13,0.13,11891.61,Credit Card,Store
ORD105356,CUST106377,PROD1047,2023-03-01,4,3493.68,0.3,9782.3,Debit Card,Store
ORD105357,CUST103233,PROD1054,2024-01-19,1,584.36,0.11,520.08,Debit Card,Store
ORD105358,CUST109887,PROD1079,2022-06-28,3,127.55,0.05,363.52,Net Banking,Online
ORD105359,CUST101386,PROD1066,2022-01-12,4,3804.6,0.19,12326.9,Cash on Delivery,Store
ORD105360,CUST107543,PROD1114,2024-05-29,1,671.01,0.08,617.33,Net Banking,Store
ORD105361,CUST104792,PROD1111,2022-10-20,2,1904.48,0.28,2742.45,Credit Card,Store
ORD105362,CUST101197,PROD1158,2024-02-09,4,611.58,0.13,2128.3,Net Banking,Online
ORD105363,CUST102285,PROD1106,2022-09-16,2,822.51,0.04,1579.22,Net Banking,Online
ORD105364,CUST109179,PROD1025,2023-03-05,1,1799.14,0.04,1727.17,Cash on Delivery,Online
ORD105365,CUST102959,PROD1109,2023-08-20,4,4287.18,0.19,13890.46,UPI,Store
ORD105366,CUST101261,PROD1065,2022-10-22,2,1779.33,0.11,3167.21,Cash on Delivery,Online
ORD105367,CUST109447,PROD1157,2022-11-29,1,1005.94,0.11,895.29,Net Banking,Online
ORD105368,CUST108779,PROD1100,2022-04-22,4,3701.69,0.18,12141.54,UPI,Store
ORD105369,CUST101540,PROD1000,2024-08-07,3,1986.03,0.07,5541.02,Credit Card,Store
ORD105370,CUST107897,PROD1069,2022-07-25,3,3553.73,0.04,10234.74,Cash on Delivery,Store
ORD105371,CUST108985,PROD1149,2022-08-10,4,1630.37,0.2,5217.18,Debit Card,Online
ORD105372,CUST105663,PROD1112,2023-06-14,4,441.15,0.0,1764.6,Credit Card,Online
ORD105373,CUST106320,PROD1053,2022-01-13,1,1312.97,0.27,958.47,UPI,Online
ORD105374,CUST107667,PROD1141,2022-09-27,2,1551.56,0.05,2947.96,Credit Card,Store
ORD105375,CUST100118,PROD1013,2023-07-07,2,4691.44,0.13,8163.11,Debit Card,Store
ORD105376,CUST101213,PROD1198,2022-02-09,4,1926.28,0.06,7242.81,Debit Card,Store
ORD105377,CUST108805,PROD1018,2023-05-20,3,4703.75,0.07,13123.46,Cash on Delivery,Store
ORD105378,CUST104234,PROD1153,2023-08-24,2,656.81,0.25,985.21,Cash on Delivery,Store
ORD105379,CUST107503,PROD1058,2023-09-05,4,1109.98,0.18,3640.73,Net Banking,Online
ORD105380,CUST103473,PROD1149,2024-01-01,2,1630.37,0.09,2967.27,Net Banking,Store
ORD105381,CUST101289,PROD1005,2022-08-03,1,900.54,0.08,828.5,Credit Card,Online
ORD105382,CUST102380,PROD1062,2024-08-24,4,4227.41,0.06,15895.06,Debit Card,Online
ORD105383,CUST100223,PROD1076,2022-10-31,3,4330.45,0.17,10782.82,Credit Card,Store
ORD105384,CUST105679,PROD1073,2023-06-06,3,2162.76,0.22,5060.86,UPI,Store
ORD105385,CUST102640,PROD1181,2023-12-30,1,2171.47,0.08,1997.75,UPI,Online
ORD105386,CUST109178,PROD1126,2022-05-01,1,362.9,0.1,326.61,Net Banking,Online
ORD105387,CUST101023,PROD1146,2022-11-06,3,2720.43,0.22,6365.81,Credit Card,Online
ORD105388,CUST101543,PROD1094,2023-11-06,3,2515.62,0.22,5886.55,UPI,Store
ORD105389,CUST107004,PROD1009,2023-10-26,1,3453.81,0.06,3246.58,Net Banking,Online
ORD105390,CUST109464,PROD1036,2022-11-01,3,924.34,0.11,2467.99,Credit Card,Store
ORD105391,CUST101779,PROD1144,2023-03-02,3,1220.66,0.26,2709.87,Debit Card,Store
ORD105392,CUST101700,PROD1182,2023-04-04,2,572.67,0.22,893.37,UPI,Store
ORD105393,CUST107999,PROD1132,2023-08-19,3,1728.02,0.05,4924.86,UPI,Online
ORD105394,CUST103983,PROD1148,2022-07-21,1,3902.89,0.12,3434.54,Debit Card,Online
ORD105395,CUST109215,PROD1117,2023-07-16,2,2765.48,0.29,3926.98,Net Banking,Online
ORD105396,CUST107385,PROD1166,2023-10-23,2,4056.26,0.16,6814.52,UPI,Online
ORD105397,CUST107594,PROD1147,2023-02-16,3,1570.61,0.22,3675.23,Debit Card,Online
ORD105398,CUST106158,PROD1198,2022-08-08,2,1926.28,0.03,3736.98,Net Banking,Online
ORD105399,CUST103839,PROD1142,2024-08-08,4,1570.45,0.25,4711.35,Cash on Delivery,Store
ORD105400,CUST100825,PROD1078,2022-06-04,1,3766.22,0.18,3088.3,Net Banking,Online
ORD105401,CUST102736,PROD1052,2023-09-01,1,2302.12,0.05,2187.01,UPI,Online
ORD105402,CUST103406,PROD1032,2022-11-20,3,940.88,0.11,2512.15,Net Banking,Store
ORD105403,CUST102774,PROD1121,2023-09-03,3,1191.0,0.02,3501.54,UPI,Online
ORD105404,CUST104632,PROD1171,2022-12-06,1,4945.55,0.23,3808.07,Net Banking,Online
ORD105405,CUST108683,PROD1193,2023-01-25,1,4987.26,0.22,3890.06,Cash on Delivery,Online
ORD105406,CUST108783,PROD1177,2022-07-05,3,3377.85,0.15,8613.52,Net Banking,Online
ORD105407,CUST102734,PROD1031,2022-05-14,1,3607.34,0.14,3102.31,Cash on Delivery,Store
ORD105408,CUST106887,PROD1078,2024-04-07,3,3766.22,0.14,9716.85,UPI,Online
ORD105409,CUST101492,PROD1198,2024-04-28,2,1926.28,0.01,3814.03,Net Banking,Store
ORD105410,CUST109139,PROD1182,2022-05-27,4,572.67,0.11,2038.71,Debit Card,Store
ORD105411,CUST109767,PROD1155,2022-04-23,4,2625.54,0.04,10082.07,Cash on Delivery,Store
ORD105412,CUST100682,PROD1002,2024-08-14,4,1666.73,0.06,6266.9,Credit Card,Online
ORD105413,CUST108820,PROD1052,2023-06-13,2,2302.12,0.29,3269.01,Cash on Delivery,Store
ORD105414,CUST104482,PROD1169,2023-03-09,3,2046.46,0.08,5648.23,Net Banking,Online
ORD105415,CUST104747,PROD1001,2023-01-22,3,2108.14,0.15,5375.76,Cash on Delivery,Online
ORD105416,CUST102240,PROD1120,2023-01-01,3,1608.36,0.27,3522.31,Net Banking,Online
ORD105417,CUST100100,PROD1149,2022-02-03,1,1630.37,0.12,1434.73,UPI,Online
ORD105418,CUST101093,PROD1152,2022-03-03,4,3367.3,0.16,11314.13,UPI,Store
ORD105419,CUST103772,PROD1159,2023-03-20,3,464.94,0.05,1325.08,Debit Card,Online
ORD105420,CUST108624,PROD1134,2022-07-15,3,3708.05,0.09,10122.98,Credit Card,Store
ORD105421,CUST105334,PROD1061,2022-03-28,2,1679.78,0.15,2855.63,UPI,Online
ORD105422,CUST100536,PROD1030,2024-06-09,3,3330.72,0.11,8893.02,Debit Card,Online
ORD105423,CUST100600,PROD1062,2023-09-27,4,4227.41,0.01,16740.54,Credit Card,Store
ORD105424,CUST109858,PROD1036,2022-09-11,3,924.34,0.12,2440.26,Debit Card,Store
ORD105425,CUST102755,PROD1067,2022-05-07,2,1221.16,0.24,1856.16,UPI,Store
ORD105426,CUST108510,PROD1078,2024-04-29,4,3766.22,0.03,14612.93,Credit Card,Online
ORD105427,CUST107516,PROD1136,2022-06-11,1,4779.14,0.01,4731.35,UPI,Store
ORD105428,CUST104941,PROD1197,2024-07-13,3,2029.94,0.04,5846.23,Net Banking,Online
ORD105429,CUST107508,PROD1045,2022-11-12,3,770.29,0.21,1825.59,Credit Card,Online
ORD105430,CUST101527,PROD1094,2022-06-21,3,2515.62,0.24,5735.61,Debit Card,Online
ORD105431,CUST108262,PROD1033,2023-02-03,3,647.39,0.01,1922.75,Net Banking,Online
ORD105432,CUST105248,PROD1107,2024-03-23,2,2161.29,0.27,3155.48,Debit Card,Store
ORD105433,CUST100443,PROD1059,2022-11-27,2,4207.05,0.19,6815.42,UPI,Store
ORD105434,CUST108578,PROD1140,2022-12-25,4,4426.54,0.16,14873.17,UPI,Online
ORD105435,CUST105674,PROD1035,2022-09-09,2,1309.41,0.08,2409.31,Net Banking,Store
ORD105436,CUST105195,PROD1047,2022-01-09,3,3493.68,0.11,9328.13,Net Banking,Store
ORD105437,CUST101869,PROD1092,2024-02-02,4,2248.29,0.28,6475.08,Credit Card,Store
ORD105438,CUST104648,PROD1005,2022-08-27,1,900.54,0.27,657.39,Debit Card,Store
ORD105439,CUST100279,PROD1132,2022-02-04,4,1728.02,0.19,5598.78,Cash on Delivery,Online
ORD105440,CUST100770,PROD1192,2024-02-17,3,3116.29,0.17,7759.56,UPI,Online
ORD105441,CUST105562,PROD1102,2023-09-08,3,3752.53,0.06,10582.13,Cash on Delivery,Store
ORD105442,CUST100953,PROD1177,2024-07-22,1,3377.85,0.29,2398.27,Cash on Delivery,Online
ORD105443,CUST101559,PROD1073,2023-01-18,3,2162.76,0.23,4995.98,Net Banking,Store
ORD105444,CUST103446,PROD1073,2023-10-31,4,2162.76,0.11,7699.43,Debit Card,Online
ORD105445,CUST106982,PROD1112,2023-11-17,2,441.15,0.24,670.55,Cash on Delivery,Online
ORD105446,CUST102440,PROD1151,2023-12-11,2,4916.65,0.06,9243.3,Debit Card,Online
ORD105447,CUST100108,PROD1006,2023-12-24,4,2076.92,0.06,7809.22,Net Banking,Store
ORD105448,CUST104454,PROD1085,2023-12-31,4,657.06,0.24,1997.46,Cash on Delivery,Store
ORD105449,CUST109147,PROD1057,2022-07-20,4,2667.72,0.17,8856.83,Cash on Delivery,Online
ORD105450,CUST107078,PROD1148,2022-08-21,1,3902.89,0.17,3239.4,UPI,Online
ORD105451,CUST103360,PROD1160,2023-09-20,2,2584.14,0.17,4289.67,Cash on Delivery,Online
ORD105452,CUST103489,PROD1043,2023-05-11,1,1864.75,0.04,1790.16,Credit Card,Store
ORD105453,CUST100317,PROD1024,2024-03-23,1,3137.89,0.1,2824.1,Net Banking,Online
ORD105454,CUST100340,PROD1094,2022-03-18,3,2515.62,0.17,6263.89,Credit Card,Online
ORD105455,CUST104444,PROD1115,2022-08-06,2,3741.78,0.07,6959.71,Cash on Delivery,Online
ORD105456,CUST102074,PROD1142,2023-01-09,1,1570.45,0.15,1334.88,Cash on Delivery,Store
ORD105457,CUST108829,PROD1156,2022-02-22,4,4272.09,0.17,14183.34,Credit Card,Store
ORD105458,CUST105678,PROD1082,2023-08-19,4,595.95,0.28,1716.34,UPI,Store
ORD105459,CUST105484,PROD1051,2022-09-15,4,2585.17,0.07,9616.83,UPI,Online
ORD105460,CUST106979,PROD1016,2022-05-12,3,3052.07,0.13,7965.9,Credit Card,Online
ORD105461,CUST102366,PROD1035,2023-12-12,1,1309.41,0.29,929.68,Credit Card,Store
ORD105462,CUST101565,PROD1162,2024-02-26,2,307.56,0.06,578.21,Net Banking,Online
ORD105463,CUST108984,PROD1167,2024-05-16,2,3946.83,0.23,6078.12,UPI,Store
ORD105464,CUST103704,PROD1150,2023-01-30,3,4820.06,0.05,13737.17,Debit Card,Online
ORD105465,CUST108546,PROD1161,2023-08-18,4,4435.03,0.26,13127.69,Cash on Delivery,Store
ORD105466,CUST104201,PROD1185,2024-07-16,4,2516.6,0.15,8556.44,Cash on Delivery,Online
ORD105467,CUST108756,PROD1081,2022-09-06,1,473.74,0.29,336.36,Credit Card,Store
ORD105468,CUST103453,PROD1127,2023-02-02,2,509.27,0.05,967.61,Debit Card,Store
ORD105469,CUST109494,PROD1079,2024-08-02,2,127.55,0.21,201.53,UPI,Online
ORD105470,CUST109942,PROD1188,2022-03-10,4,2539.12,0.21,8023.62,UPI,Online
ORD105471,CUST102590,PROD1155,2024-07-09,4,2625.54,0.22,8191.68,UPI,Store
ORD105472,CUST107617,PROD1059,2023-10-16,2,4207.05,0.03,8161.68,Credit Card,Online
ORD105473,CUST100257,PROD1159,2023-02-27,2,464.94,0.09,846.19,Credit Card,Online
ORD105474,CUST109787,PROD1057,2023-10-14,2,2667.72,0.1,4801.9,Cash on Delivery,Online
ORD105475,CUST106221,PROD1081,2024-06-10,1,473.74,0.1,426.37,Cash on Delivery,Online
ORD105476,CUST101046,PROD1043,2024-08-02,1,1864.75,0.2,1491.8,UPI,Store
ORD105477,CUST106646,PROD1161,2022-12-06,4,4435.03,0.02,17385.32,Cash on Delivery,Store
ORD105478,CUST102232,PROD1148,2023-01-09,3,3902.89,0.22,9132.76,Cash on Delivery,Online
ORD105479,CUST104077,PROD1123,2024-06-03,4,4620.97,0.16,15526.46,UPI,Online
ORD105480,CUST109832,PROD1000,2022-10-01,2,1986.03,0.05,3773.46,Credit Card,Online
ORD105481,CUST109903,PROD1182,2022-09-14,3,572.67,0.07,1597.75,Cash on Delivery,Online
ORD105482,CUST100048,PROD1176,2024-05-24,1,770.65,0.03,747.53,Credit Card,Store
ORD105483,CUST108359,PROD1096,2023-05-31,4,4510.68,0.14,15516.74,Debit Card,Online
ORD105484,CUST101853,PROD1020,2022-09-25,1,319.32,0.18,261.84,Credit Card,Online
ORD105485,CUST103741,PROD1098,2024-07-10,3,1274.77,0.17,3174.18,Net Banking,Online
ORD105486,CUST102068,PROD1182,2024-07-16,1,572.67,0.29,406.6,Net Banking,Store
ORD105487,CUST108583,PROD1154,2022-12-23,2,1389.72,0.09,2529.29,UPI,Store
ORD105488,CUST107457,PROD1147,2024-04-26,2,1570.61,0.23,2418.74,Net Banking,Store
ORD105489,CUST105823,PROD1143,2022-11-04,1,3731.95,0.22,2910.92,Debit Card,Online
ORD105490,CUST109641,PROD1047,2024-05-16,4,3493.68,0.02,13695.23,Credit Card,Online
ORD105491,CUST100228,PROD1031,2023-08-25,2,3607.34,0.28,5194.57,Credit Card,Online
ORD105492,CUST103252,PROD1031,2023-06-11,3,3607.34,0.28,7791.85,Cash on Delivery,Online
ORD105493,CUST100351,PROD1180,2023-10-10,4,4036.27,0.12,14207.67,Cash on Delivery,Store
ORD105494,CUST102272,PROD1123,2024-01-02,1,4620.97,0.13,4020.24,Cash on Delivery,Store
ORD105495,CUST104037,PROD1180,2024-03-08,3,4036.27,0.25,9081.61,Credit Card,Store
ORD105496,CUST108425,PROD1129,2023-11-25,1,1033.9,0.15,878.82,Credit Card,Store
ORD105497,CUST108457,PROD1184,2023-05-06,4,4915.01,0.24,14941.63,Cash on Delivery,Store
ORD105498,CUST100857,PROD1021,2023-10-01,2,1572.17,0.01,3112.9,Credit Card,Online
ORD105499,CUST108690,PROD1051,2023-09-30,2,2585.17,0.08,4756.71,Debit Card,Online
ORD105500,CUST109068,PROD1095,2023-12-08,2,4205.79,0.03,8159.23,Cash on Delivery,Online
ORD105501,CUST104194,PROD1185,2022-07-17,2,2516.6,0.14,4328.55,Net Banking,Online
ORD105502,CUST109836,PROD1161,2022-12-17,3,4435.03,0.26,9845.77,Cash on Delivery,Online
ORD105503,CUST102392,PROD1198,2022-08-06,3,1926.28,0.17,4796.44,Net Banking,Store
ORD105504,CUST103324,PROD1144,2022-01-08,4,1220.66,0.16,4101.42,UPI,Online
ORD105505,CUST106261,PROD1199,2022-08-19,4,4504.11,0.11,16034.63,Net Banking,Online
ORD105506,CUST104951,PROD1022,2023-12-04,4,1744.61,0.02,6838.87,Debit Card,Store
ORD105507,CUST101432,PROD1032,2022-04-03,1,940.88,0.23,724.48,Credit Card,Store
ORD105508,CUST100480,PROD1156,2023-10-19,2,4272.09,0.17,7091.67,Debit Card,Store
ORD105509,CUST108191,PROD1018,2022-01-16,2,4703.75,0.28,6773.4,UPI,Store
ORD105510,CUST102970,PROD1120,2023-09-17,4,1608.36,0.13,5597.09,Debit Card,Store
ORD105511,CUST101665,PROD1068,2024-03-23,4,3161.5,0.12,11128.48,Debit Card,Online
ORD105512,CUST100328,PROD1036,2022-07-15,3,924.34,0.29,1968.84,UPI,Online
ORD105513,CUST103254,PROD1122,2024-06-24,2,2405.73,0.04,4619.0,Debit Card,Online
ORD105514,CUST108608,PROD1153,2023-04-09,2,656.81,0.08,1208.53,UPI,Store
ORD105515,CUST107250,PROD1023,2024-07-03,2,554.45,0.15,942.56,Credit Card,Online
ORD105516,CUST102301,PROD1053,2024-07-23,3,1312.97,0.16,3308.68,Cash on Delivery,Online
ORD105517,CUST100944,PROD1020,2024-03-28,4,319.32,0.16,1072.92,Credit Card,Online
ORD105518,CUST102052,PROD1096,2022-07-24,3,4510.68,0.06,12720.12,Credit Card,Online
ORD105519,CUST109171,PROD1089,2024-04-07,4,1920.59,0.28,5531.3,Credit Card,Store
ORD105520,CUST107703,PROD1137,2023-08-03,4,3649.67,0.21,11532.96,Debit Card,Store
ORD105521,CUST109848,PROD1041,2022-05-07,4,4320.12,0.08,15898.04,Credit Card,Store
ORD105522,CUST101451,PROD1156,2022-06-09,4,4272.09,0.09,15550.41,UPI,Online
ORD105523,CUST107918,PROD1184,2023-05-16,2,4915.01,0.26,7274.21,UPI,Store
ORD105524,CUST104003,PROD1162,2023-04-11,3,307.56,0.11,821.19,UPI,Online
ORD105525,CUST101586,PROD1027,2024-04-27,2,133.03,0.17,220.83,UPI,Online
ORD105526,CUST100389,PROD1139,2024-05-06,1,3501.6,0.04,3361.54,Credit Card,Online
ORD105527,CUST103728,PROD1057,2023-05-13,2,2667.72,0.08,4908.6,Net Banking,Store
ORD105528,CUST109041,PROD1126,2023-03-24,4,362.9,0.12,1277.41,Cash on Delivery,Store
ORD105529,CUST108007,PROD1171,2023-04-09,4,4945.55,0.2,15825.76,Net Banking,Store
ORD105530,CUST109010,PROD1006,2022-12-08,4,2076.92,0.08,7643.07,Debit Card,Store
ORD105531,CUST103635,PROD1143,2023-05-23,2,3731.95,0.29,5299.37,Credit Card,Online
ORD105532,CUST106480,PROD1092,2023-10-26,4,2248.29,0.07,8363.64,Net Banking,Online
ORD105533,CUST102654,PROD1034,2022-10-11,1,847.63,0.23,652.68,Credit Card,Online
ORD105534,CUST104106,PROD1091,2022-05-31,2,1656.34,0.11,2948.29,UPI,Online
ORD105535,CUST108681,PROD1006,2023-07-29,2,2076.92,0.25,3115.38,Debit Card,Store
ORD105536,CUST102319,PROD1013,2024-06-04,1,4691.44,0.28,3377.84,Net Banking,Store
ORD105537,CUST106152,PROD1058,2024-06-13,2,1109.98,0.06,2086.76,Cash on Delivery,Store
ORD105538,CUST102934,PROD1061,2023-11-27,4,1679.78,0.15,5711.25,UPI,Online
ORD105539,CUST109338,PROD1119,2022-08-01,4,3955.63,0.05,15031.39,UPI,Online
ORD105540,CUST102823,PROD1065,2023-08-08,1,1779.33,0.21,1405.67,Debit Card,Online
ORD105541,CUST102505,PROD1021,2022-11-18,1,1572.17,0.25,1179.13,UPI,Store
ORD105542,CUST107079,PROD1143,2024-07-22,2,3731.95,0.12,6568.23,UPI,Store
ORD105543,CUST107798,PROD1098,2024-03-06,2,1274.77,0.12,2243.6,Net Banking,Online
ORD105544,CUST107869,PROD1119,2023-10-28,2,3955.63,0.06,7436.58,UPI,Online
ORD105545,CUST106934,PROD1042,2022-07-07,4,935.8,0.09,3406.31,Debit Card,Online
ORD105546,CUST109003,PROD1096,2023-07-26,1,4510.68,0.1,4059.61,Credit Card,Store
ORD105547,CUST100055,PROD1097,2024-02-07,4,2401.45,0.05,9125.51,Debit Card,Store
ORD105548,CUST108899,PROD1115,2024-09-13,1,3741.78,0.09,3405.02,Debit Card,Store
ORD105549,CUST101009,PROD1147,2022-07-02,3,1570.61,0.27,3439.64,Credit Card,Online
ORD105550,CUST104118,PROD1137,2023-01-19,1,3649.67,0.1,3284.7,Net Banking,Online
ORD105551,CUST103316,PROD1146,2022-01-25,3,2720.43,0.08,7508.39,Cash on Delivery,Store
ORD105552,CUST103489,PROD1011,2024-07-05,1,1834.14,0.12,1614.04,Cash on Delivery,Online
ORD105553,CUST104326,PROD1137,2024-09-24,4,3649.67,0.29,10365.06,Debit Card,Store
ORD105554,CUST104305,PROD1070,2023-06-21,2,3731.49,0.23,5746.49,Net Banking,Online
ORD105555,CUST105281,PROD1183,2022-11-10,2,927.52,0.06,1743.74,Net Banking,Store
ORD105556,CUST109592,PROD1103,2022-02-07,2,472.31,0.23,727.36,Net Banking,Store
ORD105557,CUST101193,PROD1010,2022-10-29,3,794.74,0.23,1835.85,Net Banking,Online
ORD105558,CUST104994,PROD1060,2024-08-28,2,4998.52,0.29,7097.9,Debit Card,Online
ORD105559,CUST107506,PROD1125,2024-09-14,4,4537.33,0.27,13249.0,UPI,Online
ORD105560,CUST107969,PROD1165,2023-01-04,4,4146.73,0.03,16089.31,Cash on Delivery,Store
ORD105561,CUST101497,PROD1016,2022-04-10,1,3052.07,0.14,2624.78,Cash on Delivery,Online
ORD105562,CUST109442,PROD1053,2023-01-23,2,1312.97,0.21,2074.49,Credit Card,Store
ORD105563,CUST109064,PROD1172,2023-10-21,4,3051.89,0.29,8667.37,Debit Card,Online
ORD105564,CUST102410,PROD1152,2023-03-22,2,3367.3,0.03,6532.56,Cash on Delivery,Store
ORD105565,CUST109770,PROD1105,2024-03-02,1,850.29,0.11,756.76,Debit Card,Store
ORD105566,CUST108666,PROD1158,2023-04-15,3,611.58,0.15,1559.53,Debit Card,Online
ORD105567,CUST105131,PROD1105,2022-02-24,4,850.29,0.12,2993.02,Net Banking,Online
ORD105568,CUST103566,PROD1192,2023-05-11,4,3116.29,0.14,10720.04,Credit Card,Online
ORD105569,CUST104048,PROD1038,2024-07-09,2,2162.08,0.11,3848.5,Debit Card,Online
ORD105570,CUST106927,PROD1019,2023-08-07,3,1794.76,0.29,3822.84,Cash on Delivery,Store
ORD105571,CUST104624,PROD1072,2024-01-25,4,4258.76,0.24,12946.63,Cash on Delivery,Online
ORD105572,CUST108462,PROD1042,2022-05-07,3,935.8,0.22,2189.77,Credit Card,Online
ORD105573,CUST106681,PROD1115,2024-09-06,2,3741.78,0.12,6585.53,Debit Card,Online
ORD105574,CUST106017,PROD1193,2022-11-17,1,4987.26,0.26,3690.57,Net Banking,Store
ORD105575,CUST106800,PROD1128,2024-02-05,4,3522.95,0.03,13669.05,Credit Card,Online
ORD105576,CUST107005,PROD1054,2022-03-09,3,584.36,0.04,1682.96,Debit Card,Store
ORD105577,CUST103551,PROD1107,2023-01-31,1,2161.29,0.29,1534.52,Credit Card,Store
ORD105578,CUST104585,PROD1102,2022-06-02,3,3752.53,0.17,9343.8,Net Banking,Store
ORD105579,CUST104457,PROD1178,2022-05-29,2,4804.5,0.05,9128.55,UPI,Store
ORD105580,CUST103883,PROD1132,2023-02-07,1,1728.02,0.28,1244.17,UPI,Store
ORD105581,CUST109186,PROD1139,2022-08-14,4,3501.6,0.29,9944.54,UPI,Online
ORD105582,CUST100768,PROD1013,2024-04-17,4,4691.44,0.26,13886.66,Net Banking,Online
ORD105583,CUST108736,PROD1187,2023-11-23,1,4781.3,0.07,4446.61,Net Banking,Store
ORD105584,CUST105074,PROD1102,2022-11-06,3,3752.53,0.08,10356.98,Credit Card,Online
ORD105585,CUST109123,PROD1039,2023-02-23,1,2735.18,0.12,2406.96,Cash on Delivery,Online
ORD105586,CUST108282,PROD1107,2023-05-30,2,2161.29,0.17,3587.74,Net Banking,Online
ORD105587,CUST104333,PROD1136,2022-10-16,4,4779.14,0.3,13381.59,Net Banking,Store
ORD105588,CUST107191,PROD1169,2022-07-20,1,2046.46,0.29,1452.99,UPI,Online
ORD105589,CUST109042,PROD1041,2023-06-03,4,4320.12,0.28,12441.95,UPI,Online
ORD105590,CUST107548,PROD1032,2024-05-22,1,940.88,0.03,912.65,UPI,Online
ORD105591,CUST102968,PROD1024,2023-10-29,3,3137.89,0.23,7248.53,Cash on Delivery,Online
ORD105592,CUST102659,PROD1117,2024-02-08,4,2765.48,0.26,8185.82,UPI,Online
ORD105593,CUST100633,PROD1077,2022-06-17,1,4838.73,0.1,4354.86,UPI,Store
ORD105594,CUST103228,PROD1008,2024-07-02,1,1199.69,0.07,1115.71,Cash on Delivery,Store
ORD105595,CUST109416,PROD1118,2023-11-06,2,833.05,0.22,1299.56,UPI,Online
ORD105596,CUST101248,PROD1118,2022-12-03,4,833.05,0.03,3232.23,Credit Card,Store
ORD105597,CUST100982,PROD1090,2022-10-22,1,2110.16,0.28,1519.32,Credit Card,Store
ORD105598,CUST102510,PROD1171,2023-01-15,2,4945.55,0.05,9396.54,Debit Card,Store
ORD105599,CUST103850,PROD1057,2022-01-11,1,2667.72,0.14,2294.24,Credit Card,Online
ORD105600,CUST104758,PROD1152,2022-12-23,4,3367.3,0.29,9563.13,Cash on Delivery,Store
ORD105601,CUST103993,PROD1115,2024-03-23,1,3741.78,0.3,2619.25,UPI,Online
ORD105602,CUST100989,PROD1031,2024-08-28,4,3607.34,0.23,11110.61,Debit Card,Online
ORD105603,CUST101616,PROD1021,2022-05-11,4,1572.17,0.25,4716.51,Net Banking,Store
ORD105604,CUST107021,PROD1092,2022-07-24,2,2248.29,0.29,3192.57,Net Banking,Online
ORD105605,CUST108616,PROD1054,2023-03-12,1,584.36,0.28,420.74,Credit Card,Online
ORD105606,CUST109622,PROD1188,2022-11-12,4,2539.12,0.19,8226.75,Debit Card,Online
ORD105607,CUST101635,PROD1107,2023-08-27,1,2161.29,0.22,1685.81,Net Banking,Store
ORD105608,CUST106395,PROD1184,2022-11-10,3,4915.01,0.18,12090.92,Net Banking,Online
ORD105609,CUST105218,PROD1076,2023-05-01,3,4330.45,0.15,11042.65,Net Banking,Store
ORD105610,CUST100177,PROD1060,2024-08-07,1,4998.52,0.26,3698.9,Credit Card,Store
ORD105611,CUST105251,PROD1121,2022-04-21,2,1191.0,0.22,1857.96,Credit Card,Store
ORD105612,CUST100719,PROD1091,2022-10-17,3,1656.34,0.26,3677.07,Debit Card,Online
ORD105613,CUST103128,PROD1066,2022-09-04,4,3804.6,0.03,14761.85,Credit Card,Online
ORD105614,CUST107035,PROD1129,2023-02-16,1,1033.9,0.17,858.14,Credit Card,Online
ORD105615,CUST102789,PROD1113,2023-07-27,4,2996.04,0.1,10785.74,Cash on Delivery,Store
ORD105616,CUST108845,PROD1184,2023-03-26,4,4915.01,0.15,16711.03,Credit Card,Store
ORD105617,CUST106261,PROD1120,2024-06-07,3,1608.36,0.18,3956.57,Debit Card,Store
ORD105618,CUST108681,PROD1160,2023-09-14,4,2584.14,0.25,7752.42,Credit Card,Online
ORD105619,CUST109536,PROD1062,2024-08-19,1,4227.41,0.01,4185.14,Credit Card,Store
ORD105620,CUST106900,PROD1143,2023-02-25,2,3731.95,0.05,7090.7,Cash on Delivery,Store
ORD105621,CUST107523,PROD1128,2023-02-04,3,3522.95,0.28,7609.57,Debit Card,Online
ORD105622,CUST100607,PROD1084,2023-04-01,3,1758.62,0.29,3745.86,Net Banking,Online
ORD105623,CUST103591,PROD1063,2024-01-14,1,4377.63,0.02,4290.08,Cash on Delivery,Store
ORD105624,CUST105645,PROD1119,2022-05-05,2,3955.63,0.1,7120.13,Credit Card,Store
ORD105625,CUST104119,PROD1068,2023-12-16,2,3161.5,0.0,6323.0,UPI,Online
ORD105626,CUST105311,PROD1123,2024-07-29,4,4620.97,0.23,14232.59,Cash on Delivery,Online
ORD105627,CUST108944,PROD1120,2024-02-22,2,1608.36,0.2,2573.38,Cash on Delivery,Store
ORD105628,CUST103048,PROD1144,2022-09-17,1,1220.66,0.17,1013.15,Debit Card,Online
ORD105629,CUST104444,PROD1039,2023-06-19,2,2735.18,0.21,4321.58,Net Banking,Online
ORD105630,CUST104120,PROD1101,2023-12-13,2,3236.62,0.16,5437.52,Net Banking,Online
ORD105631,CUST101014,PROD1128,2022-03-21,4,3522.95,0.07,13105.37,Net Banking,Store
ORD105632,CUST109960,PROD1012,2022-09-29,4,1673.76,0.23,5155.18,Cash on Delivery,Store
ORD105633,CUST104896,PROD1017,2024-05-05,1,791.05,0.23,609.11,UPI,Online
ORD105634,CUST107053,PROD1067,2023-07-19,2,1221.16,0.26,1807.32,Debit Card,Store
ORD105635,CUST109150,PROD1110,2024-02-17,2,2932.67,0.29,4164.39,UPI,Store
ORD105636,CUST101591,PROD1013,2023-02-22,3,4691.44,0.22,10977.97,Net Banking,Store
ORD105637,CUST102588,PROD1132,2023-02-06,2,1728.02,0.02,3386.92,Cash on Delivery,Store
ORD105638,CUST102538,PROD1061,2022-02-22,3,1679.78,0.01,4988.95,Net Banking,Online
ORD105639,CUST108982,PROD1160,2022-09-29,4,2584.14,0.22,8062.52,UPI,Online
ORD105640,CUST106181,PROD1025,2024-06-14,4,1799.14,0.02,7052.63,Net Banking,Online
ORD105641,CUST104394,PROD1188,2022-08-16,4,2539.12,0.09,9242.4,Credit Card,Online
ORD105642,CUST103098,PROD1195,2024-08-15,3,4224.79,0.04,12167.4,Debit Card,Online
ORD105643,CUST108839,PROD1029,2023-11-23,3,935.53,0.29,1992.68,UPI,Store
ORD105644,CUST105876,PROD1189,2023-01-06,3,4197.72,0.09,11459.78,Credit Card,Store
ORD105645,CUST101475,PROD1061,2024-04-04,2,1679.78,0.02,3292.37,Net Banking,Store
ORD105646,CUST105204,PROD1080,2023-12-13,4,760.03,0.28,2188.89,Debit Card,Online
ORD105647,CUST107737,PROD1069,2022-07-11,3,3553.73,0.18,8742.18,Debit Card,Online
ORD105648,CUST105075,PROD1184,2024-09-06,4,4915.01,0.01,19463.44,Debit Card,Online
ORD105649,CUST109315,PROD1090,2022-01-23,3,2110.16,0.25,4747.86,Cash on Delivery,Store
ORD105650,CUST108807,PROD1035,2023-07-06,3,1309.41,0.05,3731.82,Debit Card,Online
ORD105651,CUST109476,PROD1006,2024-06-28,4,2076.92,0.24,6313.84,Credit Card,Store
ORD105652,CUST103672,PROD1064,2022-12-02,2,4980.76,0.18,8168.45,UPI,Store
ORD105653,CUST102855,PROD1076,2022-08-18,1,4330.45,0.05,4113.93,Credit Card,Store
ORD105654,CUST101623,PROD1040,2023-06-14,3,331.95,0.23,766.8,Net Banking,Store
ORD105655,CUST105636,PROD1031,2023-05-03,4,3607.34,0.14,12409.25,Cash on Delivery,Online
ORD105656,CUST109332,PROD1141,2024-01-04,4,1551.56,0.19,5027.05,Cash on Delivery,Store
ORD105657,CUST102830,PROD1160,2022-06-13,3,2584.14,0.26,5736.79,Net Banking,Store
ORD105658,CUST108690,PROD1029,2024-09-22,4,935.53,0.08,3442.75,UPI,Store
ORD105659,CUST104682,PROD1005,2023-02-27,1,900.54,0.11,801.48,Cash on Delivery,Store
ORD105660,CUST109295,PROD1009,2022-12-26,2,3453.81,0.3,4835.33,Net Banking,Store
ORD105661,CUST103089,PROD1102,2022-06-18,3,3752.53,0.15,9568.95,Net Banking,Store
ORD105662,CUST101752,PROD1019,2023-05-28,4,1794.76,0.17,5958.6,Net Banking,Store
ORD105663,CUST104014,PROD1088,2024-04-28,4,4002.67,0.09,14569.72,Net Banking,Online
ORD105664,CUST100613,PROD1123,2022-12-14,4,4620.97,0.12,16265.81,Debit Card,Store
ORD105665,CUST100643,PROD1117,2024-02-05,2,2765.48,0.15,4701.32,UPI,Online
ORD105666,CUST101135,PROD1011,2022-07-18,4,1834.14,0.08,6749.64,Net Banking,Online
ORD105667,CUST103699,PROD1021,2022-07-31,3,1572.17,0.07,4386.35,Debit Card,Online
ORD105668,CUST100161,PROD1075,2023-11-13,2,2758.4,0.18,4523.78,Debit Card,Online
ORD105669,CUST106069,PROD1013,2022-06-01,2,4691.44,0.06,8819.91,Credit Card,Store
ORD105670,CUST103402,PROD1105,2024-06-03,3,850.29,0.17,2117.22,Net Banking,Online
ORD105671,CUST103993,PROD1175,2023-07-31,4,2304.65,0.21,7282.69,Debit Card,Store
ORD105672,CUST104855,PROD1181,2023-06-14,3,2171.47,0.06,6123.55,Credit Card,Online
ORD105673,CUST100056,PROD1035,2022-03-31,2,1309.41,0.22,2042.68,Credit Card,Online
ORD105674,CUST105284,PROD1188,2022-01-14,4,2539.12,0.11,9039.27,Net Banking,Online
ORD105675,CUST103237,PROD1054,2022-01-19,3,584.36,0.3,1227.16,Cash on Delivery,Store
ORD105676,CUST104902,PROD1013,2022-03-23,1,4691.44,0.29,3330.92,Debit Card,Store
ORD105677,CUST105996,PROD1001,2024-01-31,2,2108.14,0.24,3204.37,Cash on Delivery,Store
ORD105678,CUST100619,PROD1001,2023-09-13,4,2108.14,0.1,7589.3,Credit Card,Online
ORD105679,CUST104874,PROD1060,2023-06-03,1,4998.52,0.28,3598.93,Cash on Delivery,Online
ORD105680,CUST102613,PROD1106,2024-04-11,3,822.51,0.3,1727.27,Cash on Delivery,Online
ORD105681,CUST107141,PROD1106,2022-01-02,4,822.51,0.14,2829.43,Net Banking,Online
ORD105682,CUST105373,PROD1133,2022-09-20,4,1474.25,0.18,4835.54,Credit Card,Store
ORD105683,CUST102835,PROD1152,2023-06-24,1,3367.3,0.0,3367.3,UPI,Online
ORD105684,CUST108857,PROD1194,2024-05-09,1,270.22,0.01,267.52,Debit Card,Online
ORD105685,CUST108319,PROD1022,2023-05-05,2,1744.61,0.15,2965.84,Net Banking,Online
ORD105686,CUST103557,PROD1072,2022-12-03,1,4258.76,0.18,3492.18,Net Banking,Store
ORD105687,CUST104171,PROD1094,2022-10-13,4,2515.62,0.09,9156.86,UPI,Store
ORD105688,CUST104982,PROD1027,2022-09-11,4,133.03,0.03,516.16,Net Banking,Online
ORD105689,CUST106925,PROD1024,2023-08-20,3,3137.89,0.23,7248.53,Credit Card,Store
ORD105690,CUST100634,PROD1098,2023-04-30,2,1274.77,0.13,2218.1,Net Banking,Store
ORD105691,CUST103608,PROD1064,2022-07-20,3,4980.76,0.19,12103.25,Net Banking,Online
ORD105692,CUST107606,PROD1193,2022-10-19,4,4987.26,0.2,15959.23,UPI,Store
ORD105693,CUST105737,PROD1042,2024-06-02,3,935.8,0.16,2358.22,Debit Card,Online
ORD105694,CUST109177,PROD1039,2022-10-05,1,2735.18,0.05,2598.42,Debit Card,Store
ORD105695,CUST107945,PROD1022,2022-12-01,3,1744.61,0.18,4291.74,Cash on Delivery,Store
ORD105696,CUST102573,PROD1176,2023-08-13,4,770.65,0.1,2774.34,Credit Card,Online
ORD105697,CUST101156,PROD1007,2023-02-15,1,4532.56,0.25,3399.42,UPI,Online
ORD105698,CUST105653,PROD1127,2022-07-29,4,509.27,0.06,1914.86,Debit Card,Store
ORD105699,CUST103868,PROD1006,2023-09-30,2,2076.92,0.09,3779.99,UPI,Online
ORD105700,CUST106534,PROD1020,2022-01-10,2,319.32,0.13,555.62,Cash on Delivery,Online
ORD105701,CUST108435,PROD1034,2022-08-28,1,847.63,0.22,661.15,Debit Card,Store
ORD105702,CUST100767,PROD1100,2024-02-29,2,3701.69,0.22,5774.64,UPI,Store
ORD105703,CUST108606,PROD1098,2024-07-07,2,1274.77,0.1,2294.59,Credit Card,Online
ORD105704,CUST106570,PROD1081,2024-03-30,2,473.74,0.15,805.36,Credit Card,Online
ORD105705,CUST102886,PROD1060,2022-06-19,2,4998.52,0.07,9297.25,Cash on Delivery,Store
ORD105706,CUST100861,PROD1073,2023-11-12,4,2162.76,0.23,6661.3,Debit Card,Store
ORD105707,CUST104914,PROD1195,2024-03-26,1,4224.79,0.06,3971.3,Debit Card,Online
ORD105708,CUST104957,PROD1157,2024-04-16,1,1005.94,0.25,754.46,Credit Card,Store
ORD105709,CUST103933,PROD1108,2024-08-04,4,871.28,0.28,2509.29,Cash on Delivery,Store
ORD105710,CUST100209,PROD1067,2023-04-18,3,1221.16,0.3,2564.44,Net Banking,Store
ORD105711,CUST106122,PROD1136,2024-02-08,3,4779.14,0.26,10609.69,Credit Card,Store
ORD105712,CUST102157,PROD1016,2023-04-17,2,3052.07,0.07,5676.85,Credit Card,Store
ORD105713,CUST102377,PROD1042,2024-05-14,1,935.8,0.12,823.5,UPI,Online
ORD105714,CUST102189,PROD1102,2024-02-01,1,3752.53,0.03,3639.95,Cash on Delivery,Online
ORD105715,CUST108867,PROD1087,2023-11-27,1,3115.6,0.05,2959.82,Net Banking,Online
ORD105716,CUST106230,PROD1184,2022-08-17,3,4915.01,0.01,14597.58,Cash on Delivery,Store
ORD105717,CUST106283,PROD1102,2024-04-18,2,3752.53,0.19,6079.1,Cash on Delivery,Online
ORD105718,CUST101355,PROD1140,2023-02-12,1,4426.54,0.16,3718.29,Credit Card,Online
ORD105719,CUST108217,PROD1184,2023-02-03,3,4915.01,0.28,10616.42,Credit Card,Online
ORD105720,CUST101650,PROD1153,2022-07-22,4,656.81,0.14,2259.43,Credit Card,Store
ORD105721,CUST102958,PROD1188,2023-11-15,1,2539.12,0.19,2056.69,UPI,Online
ORD105722,CUST104457,PROD1061,2023-08-16,4,1679.78,0.12,5912.83,Net Banking,Store
ORD105723,CUST105990,PROD1018,2022-02-18,1,4703.75,0.25,3527.81,Net Banking,Store
ORD105724,CUST101682,PROD1080,2023-12-28,3,760.03,0.28,1641.66,Cash on Delivery,Store
ORD105725,CUST101966,PROD1029,2023-11-20,3,935.53,0.13,2441.73,Credit Card,Online
ORD105726,CUST103286,PROD1126,2024-08-21,1,362.9,0.02,355.64,Cash on Delivery,Online
ORD105727,CUST100995,PROD1012,2022-04-05,2,1673.76,0.05,3180.14,Credit Card,Online
ORD105728,CUST108268,PROD1176,2022-04-28,2,770.65,0.22,1202.21,Cash on Delivery,Online
ORD105729,CUST102142,PROD1081,2023-09-02,3,473.74,0.1,1279.1,Cash on Delivery,Online
ORD105730,CUST100956,PROD1120,2022-03-15,4,1608.36,0.24,4889.41,UPI,Online
ORD105731,CUST100217,PROD1115,2022-02-06,4,3741.78,0.22,11674.35,UPI,Online
ORD105732,CUST103946,PROD1178,2022-11-26,1,4804.5,0.21,3795.56,Cash on Delivery,Online
ORD105733,CUST102415,PROD1110,2023-03-02,4,2932.67,0.24,8915.32,Credit Card,Online
ORD105734,CUST106195,PROD1008,2022-07-06,4,1199.69,0.23,3695.05,Cash on Delivery,Store
ORD105735,CUST101467,PROD1028,2023-01-19,4,4912.04,0.19,15915.01,Credit Card,Store
ORD105736,CUST102872,PROD1092,2023-04-04,3,2248.29,0.0,6744.87,Debit Card,Online
ORD105737,CUST100032,PROD1109,2024-09-17,1,4287.18,0.15,3644.1,Net Banking,Store
ORD105738,CUST103487,PROD1135,2024-02-17,1,3539.91,0.18,2902.73,Cash on Delivery,Online
ORD105739,CUST106787,PROD1107,2024-01-17,1,2161.29,0.29,1534.52,Debit Card,Online
ORD105740,CUST108616,PROD1080,2024-05-19,3,760.03,0.2,1824.07,Cash on Delivery,Store
ORD105741,CUST104882,PROD1014,2022-11-05,3,2197.11,0.17,5470.8,UPI,Store
ORD105742,CUST103078,PROD1196,2023-03-02,3,1253.86,0.16,3159.73,Net Banking,Store
ORD105743,CUST106638,PROD1161,2023-01-27,3,4435.03,0.03,12905.94,Cash on Delivery,Store
ORD105744,CUST104862,PROD1179,2022-11-27,2,3516.31,0.13,6118.38,UPI,Online
ORD105745,CUST101817,PROD1177,2024-05-01,4,3377.85,0.04,12970.94,UPI,Online
ORD105746,CUST105867,PROD1194,2023-02-12,1,270.22,0.02,264.82,Debit Card,Store
ORD105747,CUST105473,PROD1004,2022-11-03,3,1760.0,0.1,4752.0,UPI,Store
ORD105748,CUST104294,PROD1097,2022-03-12,1,2401.45,0.19,1945.17,Debit Card,Online
ORD105749,CUST100714,PROD1008,2023-03-20,2,1199.69,0.26,1775.54,Credit Card,Store
ORD105750,CUST103207,PROD1004,2022-05-29,3,1760.0,0.24,4012.8,Credit Card,Store
ORD105751,CUST103980,PROD1154,2024-05-25,2,1389.72,0.09,2529.29,Credit Card,Online
ORD105752,CUST104383,PROD1112,2023-03-13,3,441.15,0.01,1310.22,Credit Card,Store
ORD105753,CUST102024,PROD1116,2022-09-19,1,4033.51,0.12,3549.49,Cash on Delivery,Online
ORD105754,CUST106862,PROD1083,2024-03-09,4,1976.87,0.09,7195.81,Debit Card,Online
ORD105755,CUST102614,PROD1046,2023-10-14,2,3362.42,0.11,5985.11,Credit Card,Online
ORD105756,CUST100810,PROD1061,2022-12-23,4,1679.78,0.17,5576.87,UPI,Store
ORD105757,CUST102030,PROD1044,2024-06-27,2,452.32,0.01,895.59,Debit Card,Store
ORD105758,CUST106033,PROD1065,2022-11-01,3,1779.33,0.11,4750.81,Cash on Delivery,Online
ORD105759,CUST109977,PROD1022,2023-06-27,4,1744.61,0.17,5792.11,Credit Card,Store
ORD105760,CUST101972,PROD1097,2024-02-16,1,2401.45,0.13,2089.26,Debit Card,Online
ORD105761,CUST107954,PROD1188,2022-06-04,1,2539.12,0.2,2031.3,Net Banking,Store
ORD105762,CUST108908,PROD1092,2022-04-26,4,2248.29,0.06,8453.57,Credit Card,Store
ORD105763,CUST100824,PROD1042,2024-08-06,1,935.8,0.05,889.01,Debit Card,Online
ORD105764,CUST101727,PROD1162,2023-12-22,1,307.56,0.09,279.88,Credit Card,Online
ORD105765,CUST107503,PROD1157,2023-09-19,3,1005.94,0.03,2927.29,Net Banking,Online
ORD105766,CUST105121,PROD1066,2022-02-20,4,3804.6,0.07,14153.11,UPI,Online
ORD105767,CUST102232,PROD1137,2022-03-13,4,3649.67,0.03,14160.72,UPI,Store
ORD105768,CUST105680,PROD1127,2024-07-11,2,509.27,0.12,896.32,Net Banking,Online
ORD105769,CUST106745,PROD1055,2023-10-02,3,2785.96,0.21,6602.73,Debit Card,Store
ORD105770,CUST107605,PROD1033,2024-07-24,1,647.39,0.09,589.12,Cash on Delivery,Store
ORD105771,CUST100762,PROD1064,2024-01-31,2,4980.76,0.0,9961.52,Credit Card,Store
ORD105772,CUST100021,PROD1005,2024-04-09,4,900.54,0.17,2989.79,Cash on Delivery,Online
ORD105773,CUST102259,PROD1197,2024-04-05,2,2029.94,0.21,3207.31,Credit Card,Store
ORD105774,CUST104561,PROD1170,2022-05-23,4,4925.25,0.12,17336.88,Cash on Delivery,Store
ORD105775,CUST107132,PROD1015,2022-06-16,1,3483.28,0.09,3169.78,Credit Card,Store
ORD105776,CUST103305,PROD1190,2022-03-11,3,2787.44,0.15,7107.97,UPI,Store
ORD105777,CUST107770,PROD1192,2024-09-18,3,3116.29,0.03,9068.4,Credit Card,Store
ORD105778,CUST104892,PROD1132,2023-05-11,1,1728.02,0.19,1399.7,Credit Card,Store
ORD105779,CUST109733,PROD1024,2023-06-04,2,3137.89,0.22,4895.11,Net Banking,Store
ORD105780,CUST108612,PROD1026,2022-06-12,2,3182.76,0.21,5028.76,Net Banking,Store
ORD105781,CUST104436,PROD1169,2023-07-29,3,2046.46,0.1,5525.44,Credit Card,Store
ORD105782,CUST107097,PROD1116,2022-10-14,2,4033.51,0.25,6050.26,Credit Card,Store
ORD105783,CUST106814,PROD1123,2022-08-22,1,4620.97,0.28,3327.1,Debit Card,Store
ORD105784,CUST108314,PROD1054,2023-12-31,4,584.36,0.09,2127.07,UPI,Store
ORD105785,CUST104967,PROD1106,2024-07-26,2,822.51,0.08,1513.42,Credit Card,Store
ORD105786,CUST108625,PROD1025,2022-12-10,3,1799.14,0.21,4263.96,Credit Card,Store
ORD105787,CUST106331,PROD1015,2024-06-01,3,3483.28,0.21,8255.37,UPI,Store
ORD105788,CUST104165,PROD1108,2022-09-10,1,871.28,0.15,740.59,Debit Card,Online
ORD105789,CUST103482,PROD1107,2023-12-07,3,2161.29,0.28,4668.39,Net Banking,Store
ORD105790,CUST108037,PROD1089,2024-03-19,1,1920.59,0.04,1843.77,Net Banking,Store
ORD105791,CUST102884,PROD1100,2022-09-14,2,3701.69,0.14,6366.91,UPI,Online
ORD105792,CUST102638,PROD1155,2024-04-21,2,2625.54,0.01,5198.57,Credit Card,Online
ORD105793,CUST103877,PROD1157,2023-05-21,2,1005.94,0.02,1971.64,Net Banking,Store
ORD105794,CUST101615,PROD1125,2024-01-24,1,4537.33,0.02,4446.58,Credit Card,Online
ORD105795,CUST106004,PROD1121,2023-04-16,3,1191.0,0.15,3037.05,Cash on Delivery,Store
ORD105796,CUST103808,PROD1088,2022-10-16,1,4002.67,0.18,3282.19,Credit Card,Online
ORD105797,CUST100226,PROD1172,2023-09-12,2,3051.89,0.0,6103.78,Net Banking,Online
ORD105798,CUST100535,PROD1146,2023-07-03,2,2720.43,0.19,4407.1,Credit Card,Online
ORD105799,CUST101122,PROD1012,2024-06-10,2,1673.76,0.15,2845.39,Credit Card,Online
ORD105800,CUST104365,PROD1074,2024-04-04,2,1160.21,0.07,2157.99,Debit Card,Online
ORD105801,CUST107089,PROD1111,2023-05-20,2,1904.48,0.0,3808.96,Debit Card,Store
ORD105802,CUST105213,PROD1150,2023-06-07,1,4820.06,0.05,4579.06,Credit Card,Online
ORD105803,CUST103534,PROD1013,2022-03-25,2,4691.44,0.18,7693.96,UPI,Store
ORD105804,CUST100658,PROD1097,2023-12-31,1,2401.45,0.2,1921.16,UPI,Store
ORD105805,CUST107218,PROD1103,2024-01-20,1,472.31,0.19,382.57,UPI,Store
ORD105806,CUST109358,PROD1150,2023-07-13,2,4820.06,0.05,9158.11,UPI,Store
ORD105807,CUST104991,PROD1167,2024-08-19,2,3946.83,0.27,5762.37,Net Banking,Online
ORD105808,CUST108208,PROD1063,2022-12-11,4,4377.63,0.12,15409.26,UPI,Store
ORD105809,CUST101903,PROD1186,2023-01-14,2,158.9,0.23,244.71,Net Banking,Online
ORD105810,CUST101612,PROD1019,2022-05-12,1,1794.76,0.05,1705.02,UPI,Store
ORD105811,CUST105397,PROD1159,2022-07-30,3,464.94,0.14,1199.55,Credit Card,Online
ORD105812,CUST108627,PROD1077,2023-12-18,1,4838.73,0.16,4064.53,UPI,Online
ORD105813,CUST103455,PROD1023,2023-08-18,2,554.45,0.23,853.85,Credit Card,Store
ORD105814,CUST102004,PROD1045,2022-03-18,1,770.29,0.19,623.93,Credit Card,Store
ORD105815,CUST102733,PROD1017,2024-08-08,3,791.05,0.12,2088.37,Debit Card,Online
ORD105816,CUST105251,PROD1110,2022-05-20,3,2932.67,0.08,8094.17,Cash on Delivery,Store
ORD105817,CUST108454,PROD1093,2022-05-08,3,3090.85,0.29,6583.51,Cash on Delivery,Store
ORD105818,CUST102441,PROD1175,2022-03-07,1,2304.65,0.09,2097.23,Credit Card,Online
ORD105819,CUST107950,PROD1141,2024-07-21,3,1551.56,0.04,4468.49,Cash on Delivery,Store
ORD105820,CUST106041,PROD1181,2024-01-24,3,2171.47,0.09,5928.11,Cash on Delivery,Store
ORD105821,CUST106351,PROD1148,2023-10-25,1,3902.89,0.1,3512.6,UPI,Store
ORD105822,CUST100807,PROD1097,2023-07-21,2,2401.45,0.04,4610.78,Cash on Delivery,Online
ORD105823,CUST102512,PROD1004,2022-05-27,3,1760.0,0.21,4171.2,Cash on Delivery,Store
ORD105824,CUST100357,PROD1127,2022-03-08,4,509.27,0.19,1650.03,Cash on Delivery,Store
ORD105825,CUST107311,PROD1158,2023-04-17,4,611.58,0.09,2226.15,Debit Card,Store
ORD105826,CUST102401,PROD1194,2022-05-31,1,270.22,0.3,189.15,Cash on Delivery,Online
ORD105827,CUST101274,PROD1086,2022-01-04,3,4422.95,0.2,10615.08,UPI,Store
ORD105828,CUST100988,PROD1119,2022-01-18,1,3955.63,0.21,3124.95,Net Banking,Online
ORD105829,CUST100017,PROD1186,2023-06-08,2,158.9,0.17,263.77,Debit Card,Store
ORD105830,CUST101738,PROD1171,2022-09-13,1,4945.55,0.17,4104.81,UPI,Store
ORD105831,CUST102763,PROD1063,2023-05-24,1,4377.63,0.01,4333.85,Credit Card,Online
ORD105832,CUST106628,PROD1093,2022-02-04,4,3090.85,0.23,9519.82,UPI,Online
ORD105833,CUST105121,PROD1169,2024-07-11,3,2046.46,0.27,4481.75,Net Banking,Store
ORD105834,CUST100913,PROD1120,2023-07-09,1,1608.36,0.04,1544.03,Debit Card,Online
ORD105835,CUST108757,PROD1099,2023-08-13,4,4731.44,0.24,14383.58,Net Banking,Online
ORD105836,CUST107333,PROD1165,2023-05-22,2,4146.73,0.16,6966.51,Credit Card,Online
ORD105837,CUST102912,PROD1134,2024-05-12,1,3708.05,0.09,3374.33,Credit Card,Store
ORD105838,CUST109544,PROD1058,2022-11-19,1,1109.98,0.28,799.19,Credit Card,Online
ORD105839,CUST101471,PROD1068,2023-03-29,1,3161.5,0.01,3129.88,UPI,Store
ORD105840,CUST103163,PROD1197,2024-04-11,2,2029.94,0.08,3735.09,UPI,Store
ORD105841,CUST105371,PROD1048,2024-05-10,4,3417.13,0.27,9978.02,Cash on Delivery,Store
ORD105842,CUST108803,PROD1010,2022-12-25,2,794.74,0.14,1366.95,Credit Card,Store
ORD105843,CUST109254,PROD1100,2022-02-21,1,3701.69,0.18,3035.39,Net Banking,Online
ORD105844,CUST108627,PROD1129,2023-06-13,4,1033.9,0.22,3225.77,Credit Card,Store
ORD105845,CUST108839,PROD1109,2023-12-24,1,4287.18,0.04,4115.69,Debit Card,Store
ORD105846,CUST104017,PROD1026,2024-01-09,4,3182.76,0.06,11967.18,UPI,Store
ORD105847,CUST102609,PROD1143,2022-02-02,1,3731.95,0.3,2612.36,Credit Card,Online
ORD105848,CUST100082,PROD1063,2022-11-24,4,4377.63,0.07,16284.78,Cash on Delivery,Online
ORD105849,CUST101789,PROD1193,2023-03-12,3,4987.26,0.16,12567.9,Credit Card,Online
ORD105850,CUST109242,PROD1176,2024-09-23,2,770.65,0.09,1402.58,Cash on Delivery,Store
ORD105851,CUST105708,PROD1089,2023-02-23,1,1920.59,0.26,1421.24,UPI,Online
ORD105852,CUST107973,PROD1015,2024-07-04,4,3483.28,0.29,9892.52,UPI,Online
ORD105853,CUST104116,PROD1072,2024-04-28,1,4258.76,0.04,4088.41,Cash on Delivery,Store
ORD105854,CUST105526,PROD1179,2024-03-23,4,3516.31,0.18,11533.5,Debit Card,Online
ORD105855,CUST102741,PROD1115,2022-03-18,2,3741.78,0.24,5687.51,UPI,Online
ORD105856,CUST100797,PROD1132,2023-08-03,3,1728.02,0.25,3888.04,Cash on Delivery,Online
ORD105857,CUST102526,PROD1163,2022-02-19,1,1140.38,0.13,992.13,UPI,Online
ORD105858,CUST104751,PROD1006,2023-03-18,4,2076.92,0.07,7726.14,Credit Card,Online
ORD105859,CUST107731,PROD1060,2023-11-01,2,4998.52,0.12,8797.4,Net Banking,Online
ORD105860,CUST100762,PROD1095,2022-07-17,3,4205.79,0.23,9715.37,Debit Card,Online
ORD105861,CUST108809,PROD1156,2024-02-09,2,4272.09,0.3,5980.93,Net Banking,Store
ORD105862,CUST104806,PROD1119,2023-04-08,2,3955.63,0.17,6566.35,Debit Card,Online
ORD105863,CUST103863,PROD1194,2023-01-12,1,270.22,0.06,254.01,Credit Card,Online
ORD105864,CUST103686,PROD1157,2023-06-30,2,1005.94,0.01,1991.76,Cash on Delivery,Online
ORD105865,CUST100767,PROD1167,2023-03-12,1,3946.83,0.28,2841.72,Cash on Delivery,Store
ORD105866,CUST105601,PROD1030,2023-12-25,3,3330.72,0.14,8593.26,Cash on Delivery,Store
ORD105867,CUST103185,PROD1047,2022-09-29,1,3493.68,0.21,2760.01,Credit Card,Online
ORD105868,CUST109212,PROD1090,2024-06-10,2,2110.16,0.2,3376.26,Net Banking,Store
ORD105869,CUST107429,PROD1005,2024-07-27,2,900.54,0.27,1314.79,UPI,Store
ORD105870,CUST101077,PROD1189,2023-07-30,4,4197.72,0.08,15447.61,Cash on Delivery,Online
ORD105871,CUST109967,PROD1028,2024-09-15,2,4912.04,0.13,8546.95,UPI,Store
ORD105872,CUST101890,PROD1136,2022-06-04,1,4779.14,0.27,3488.77,Net Banking,Online
ORD105873,CUST101626,PROD1181,2022-11-17,3,2171.47,0.18,5341.82,UPI,Store
ORD105874,CUST106646,PROD1083,2022-09-26,4,1976.87,0.02,7749.33,UPI,Online
ORD105875,CUST101571,PROD1113,2023-07-06,3,2996.04,0.06,8448.83,UPI,Online
ORD105876,CUST103675,PROD1138,2022-06-09,2,3504.61,0.07,6518.57,Credit Card,Online
ORD105877,CUST109783,PROD1018,2022-11-19,4,4703.75,0.3,13170.5,Net Banking,Online
ORD105878,CUST105432,PROD1073,2022-01-14,1,2162.76,0.07,2011.37,UPI,Online
ORD105879,CUST109384,PROD1132,2023-01-11,2,1728.02,0.26,2557.47,Cash on Delivery,Online
ORD105880,CUST104773,PROD1102,2022-04-30,1,3752.53,0.02,3677.48,Cash on Delivery,Online
ORD105881,CUST105044,PROD1069,2022-11-10,3,3553.73,0.05,10128.13,Net Banking,Store
ORD105882,CUST109320,PROD1094,2022-12-14,4,2515.62,0.26,7446.24,Credit Card,Store
ORD105883,CUST109307,PROD1017,2022-02-15,1,791.05,0.27,577.47,UPI,Store
ORD105884,CUST104808,PROD1020,2022-12-12,1,319.32,0.05,303.35,Credit Card,Online
ORD105885,CUST103752,PROD1142,2023-04-14,2,1570.45,0.07,2921.04,Net Banking,Store
ORD105886,CUST101328,PROD1186,2023-01-17,1,158.9,0.16,133.48,Debit Card,Store
ORD105887,CUST104123,PROD1005,2023-09-14,4,900.54,0.02,3530.12,Cash on Delivery,Online
ORD105888,CUST101311,PROD1023,2023-01-06,3,554.45,0.28,1197.61,UPI,Store
ORD105889,CUST104450,PROD1059,2023-04-04,3,4207.05,0.11,11232.82,UPI,Store
ORD105890,CUST102725,PROD1027,2022-08-07,4,133.03,0.15,452.3,Net Banking,Online
ORD105891,CUST107571,PROD1073,2024-08-12,4,2162.76,0.03,8391.51,Net Banking,Store
ORD105892,CUST102183,PROD1022,2022-05-01,3,1744.61,0.01,5181.49,Credit Card,Store
ORD105893,CUST100153,PROD1078,2024-08-18,2,3766.22,0.14,6477.9,Cash on Delivery,Online
ORD105894,CUST105582,PROD1045,2022-10-16,1,770.29,0.04,739.48,Credit Card,Store
ORD105895,CUST100815,PROD1111,2023-05-27,1,1904.48,0.19,1542.63,Net Banking,Online
ORD105896,CUST101119,PROD1036,2023-07-12,2,924.34,0.24,1405.0,Cash on Delivery,Store
ORD105897,CUST102155,PROD1141,2022-12-04,3,1551.56,0.01,4608.13,Net Banking,Online
ORD105898,CUST105165,PROD1047,2023-01-16,3,3493.68,0.18,8594.45,Credit Card,Online
ORD105899,CUST101209,PROD1077,2023-05-21,2,4838.73,0.24,7354.87,Credit Card,Online
ORD105900,CUST108645,PROD1198,2023-07-20,2,1926.28,0.13,3351.73,Credit Card,Online
ORD105901,CUST106428,PROD1114,2024-04-13,4,671.01,0.29,1905.67,Debit Card,Store
ORD105902,CUST101106,PROD1035,2023-01-23,4,1309.41,0.03,5080.51,Credit Card,Store
ORD105903,CUST104416,PROD1059,2023-07-20,3,4207.05,0.1,11359.04,UPI,Online
ORD105904,CUST105264,PROD1181,2024-05-31,3,2171.47,0.07,6058.4,Credit Card,Online
ORD105905,CUST101037,PROD1078,2022-01-04,1,3766.22,0.3,2636.35,Net Banking,Store
ORD105906,CUST103333,PROD1112,2024-07-01,3,441.15,0.09,1204.34,Credit Card,Store
ORD105907,CUST100413,PROD1190,2024-01-22,3,2787.44,0.12,7358.84,Net Banking,Store
ORD105908,CUST107904,PROD1096,2023-08-15,1,4510.68,0.25,3383.01,Net Banking,Store
ORD105909,CUST101939,PROD1110,2022-07-20,4,2932.67,0.28,8446.09,Cash on Delivery,Store
ORD105910,CUST100655,PROD1047,2024-09-12,2,3493.68,0.28,5030.9,Debit Card,Store
ORD105911,CUST107457,PROD1119,2022-07-21,1,3955.63,0.17,3283.17,Net Banking,Online
ORD105912,CUST102479,PROD1149,2022-09-13,1,1630.37,0.2,1304.3,Net Banking,Store
ORD105913,CUST105639,PROD1042,2022-07-18,3,935.8,0.1,2526.66,UPI,Store
ORD105914,CUST109539,PROD1040,2022-03-14,2,331.95,0.18,544.4,Credit Card,Online
ORD105915,CUST105921,PROD1144,2024-08-08,3,1220.66,0.09,3332.4,Debit Card,Store
ORD105916,CUST109508,PROD1062,2023-11-19,2,4227.41,0.22,6594.76,Debit Card,Online
ORD105917,CUST106520,PROD1145,2022-08-07,1,4568.9,0.09,4157.7,Cash on Delivery,Online
ORD105918,CUST103606,PROD1071,2024-01-06,2,1115.14,0.26,1650.41,Net Banking,Store
ORD105919,CUST105203,PROD1002,2023-03-09,3,1666.73,0.04,4800.18,Net Banking,Store
ORD105920,CUST104058,PROD1053,2023-02-11,2,1312.97,0.17,2179.53,UPI,Online
ORD105921,CUST105004,PROD1118,2024-03-05,2,833.05,0.16,1399.52,Debit Card,Online
ORD105922,CUST106468,PROD1141,2024-03-03,2,1551.56,0.08,2854.87,Credit Card,Online
ORD105923,CUST108015,PROD1033,2022-04-03,3,647.39,0.01,1922.75,Cash on Delivery,Store
ORD105924,CUST100315,PROD1126,2023-10-26,1,362.9,0.04,348.38,Cash on Delivery,Online
ORD105925,CUST106063,PROD1125,2022-03-21,4,4537.33,0.29,12886.02,Cash on Delivery,Online
ORD105926,CUST108412,PROD1000,2022-07-27,1,1986.03,0.28,1429.94,Cash on Delivery,Store
ORD105927,CUST106041,PROD1175,2022-04-02,2,2304.65,0.04,4424.93,Debit Card,Store
ORD105928,CUST102261,PROD1098,2023-06-16,4,1274.77,0.11,4538.18,Net Banking,Store
ORD105929,CUST107639,PROD1009,2022-02-22,2,3453.81,0.14,5940.55,Debit Card,Store
ORD105930,CUST100844,PROD1082,2022-03-24,2,595.95,0.14,1025.03,Credit Card,Online
ORD105931,CUST101514,PROD1138,2022-03-15,1,3504.61,0.09,3189.2,Cash on Delivery,Store
ORD105932,CUST101108,PROD1118,2023-02-14,3,833.05,0.27,1824.38,Debit Card,Store
ORD105933,CUST105123,PROD1126,2023-03-20,2,362.9,0.27,529.83,Credit Card,Store
ORD105934,CUST101730,PROD1098,2022-05-10,2,1274.77,0.01,2524.04,UPI,Online
ORD105935,CUST103185,PROD1065,2024-02-10,2,1779.33,0.2,2846.93,Cash on Delivery,Store
ORD105936,CUST101238,PROD1002,2024-05-20,1,1666.73,0.02,1633.4,Net Banking,Store
ORD105937,CUST105455,PROD1142,2022-07-03,4,1570.45,0.18,5151.08,Net Banking,Online
ORD105938,CUST102924,PROD1058,2023-08-01,1,1109.98,0.26,821.39,Net Banking,Online
ORD105939,CUST106796,PROD1104,2023-10-27,4,431.37,0.19,1397.64,Credit Card,Online
ORD105940,CUST109382,PROD1191,2022-12-31,3,598.34,0.14,1543.72,Debit Card,Online
ORD105941,CUST106039,PROD1174,2022-07-15,2,4761.29,0.29,6761.03,Cash on Delivery,Online
ORD105942,CUST103566,PROD1091,2022-01-15,2,1656.34,0.22,2583.89,Cash on Delivery,Online
ORD105943,CUST101456,PROD1129,2022-07-29,1,1033.9,0.07,961.53,Cash on Delivery,Store
ORD105944,CUST101109,PROD1157,2022-05-15,1,1005.94,0.12,885.23,Cash on Delivery,Online
ORD105945,CUST101930,PROD1165,2023-01-19,4,4146.73,0.23,12771.93,UPI,Online
ORD105946,CUST107703,PROD1004,2023-04-20,2,1760.0,0.01,3484.8,Cash on Delivery,Online
ORD105947,CUST100622,PROD1133,2023-08-17,4,1474.25,0.02,5779.06,UPI,Store
ORD105948,CUST102337,PROD1132,2023-08-06,2,1728.02,0.26,2557.47,Debit Card,Online
ORD105949,CUST101258,PROD1011,2023-05-19,2,1834.14,0.01,3631.6,Net Banking,Store
ORD105950,CUST106300,PROD1131,2023-04-22,1,768.23,0.2,614.58,UPI,Online
ORD105951,CUST104501,PROD1151,2022-10-24,2,4916.65,0.1,8849.97,Net Banking,Online
ORD105952,CUST107840,PROD1152,2023-01-17,3,3367.3,0.25,7576.43,Net Banking,Online
ORD105953,CUST107289,PROD1025,2023-03-20,1,1799.14,0.25,1349.36,Credit Card,Online
ORD105954,CUST102023,PROD1054,2023-11-15,3,584.36,0.29,1244.69,UPI,Online
ORD105955,CUST100876,PROD1125,2022-05-03,3,4537.33,0.03,13203.63,Cash on Delivery,Online
ORD105956,CUST107190,PROD1045,2022-10-16,4,770.29,0.13,2680.61,Credit Card,Online
ORD105957,CUST102526,PROD1173,2024-08-19,4,3575.41,0.17,11870.36,Cash on Delivery,Store
ORD105958,CUST108536,PROD1042,2022-07-29,4,935.8,0.27,2732.54,Net Banking,Online
ORD105959,CUST103672,PROD1187,2023-05-09,1,4781.3,0.08,4398.8,Credit Card,Online
ORD105960,CUST101913,PROD1160,2024-07-07,2,2584.14,0.02,5064.91,Cash on Delivery,Store
ORD105961,CUST102445,PROD1020,2023-07-30,3,319.32,0.06,900.48,Cash on Delivery,Online
ORD105962,CUST108976,PROD1164,2023-01-25,4,3496.96,0.15,11889.66,Debit Card,Online
ORD105963,CUST101487,PROD1011,2022-03-04,4,1834.14,0.2,5869.25,Credit Card,Online
ORD105964,CUST104891,PROD1100,2024-06-12,2,3701.69,0.21,5848.67,Credit Card,Online
ORD105965,CUST105234,PROD1148,2024-07-27,4,3902.89,0.02,15299.33,Net Banking,Store
ORD105966,CUST100449,PROD1140,2023-02-13,3,4426.54,0.23,10225.31,Net Banking,Online
ORD105967,CUST101427,PROD1116,2024-09-05,1,4033.51,0.2,3226.81,Credit Card,Store
ORD105968,CUST102595,PROD1032,2023-06-04,4,940.88,0.12,3311.9,Debit Card,Store
ORD105969,CUST102276,PROD1197,2022-09-02,2,2029.94,0.17,3369.7,Debit Card,Online
ORD105970,CUST105765,PROD1075,2022-06-14,3,2758.4,0.23,6371.9,Net Banking,Online
ORD105971,CUST108435,PROD1188,2024-09-12,3,2539.12,0.08,7007.97,UPI,Store
ORD105972,CUST102112,PROD1119,2022-04-03,1,3955.63,0.28,2848.05,Cash on Delivery,Store
ORD105973,CUST109137,PROD1157,2024-08-12,3,1005.94,0.04,2897.11,Net Banking,Online
ORD105974,CUST101026,PROD1036,2022-10-11,1,924.34,0.27,674.77,Debit Card,Store
ORD105975,CUST109715,PROD1081,2024-03-31,3,473.74,0.22,1108.55,Credit Card,Online
ORD105976,CUST103692,PROD1143,2024-06-06,2,3731.95,0.2,5971.12,Debit Card,Online
ORD105977,CUST103049,PROD1044,2023-12-12,1,452.32,0.02,443.27,Credit Card,Store
ORD105978,CUST106146,PROD1198,2022-05-04,3,1926.28,0.28,4160.76,Net Banking,Online
ORD105979,CUST107584,PROD1128,2023-07-21,3,3522.95,0.09,9617.65,Cash on Delivery,Online
ORD105980,CUST107098,PROD1180,2024-07-20,4,4036.27,0.22,12593.16,Cash on Delivery,Store
ORD105981,CUST105879,PROD1027,2022-07-09,2,133.03,0.27,194.22,Net Banking,Online
ORD105982,CUST108252,PROD1180,2023-10-17,4,4036.27,0.07,15014.92,Cash on Delivery,Store
ORD105983,CUST105053,PROD1043,2024-04-01,4,1864.75,0.27,5445.07,Cash on Delivery,Online
ORD105984,CUST103606,PROD1066,2022-11-13,3,3804.6,0.18,9359.32,UPI,Online
ORD105985,CUST106669,PROD1106,2023-09-01,1,822.51,0.2,658.01,UPI,Store
ORD105986,CUST100389,PROD1166,2024-04-01,3,4056.26,0.27,8883.21,UPI,Store
ORD105987,CUST104616,PROD1009,2022-07-16,3,3453.81,0.16,8703.6,Credit Card,Store
ORD105988,CUST109867,PROD1050,2022-10-12,2,4767.36,0.13,8295.21,UPI,Store
ORD105989,CUST109969,PROD1108,2023-08-16,2,871.28,0.19,1411.47,Net Banking,Store
ORD105990,CUST100252,PROD1141,2022-04-19,3,1551.56,0.17,3863.38,UPI,Store
ORD105991,CUST108052,PROD1078,2024-03-05,2,3766.22,0.02,7381.79,Net Banking,Store
ORD105992,CUST103166,PROD1133,2022-07-28,4,1474.25,0.05,5602.15,UPI,Online
ORD105993,CUST109906,PROD1166,2022-04-25,3,4056.26,0.0,12168.78,Cash on Delivery,Online
ORD105994,CUST100695,PROD1079,2024-08-21,4,127.55,0.03,494.89,UPI,Store
ORD105995,CUST105923,PROD1081,2024-01-23,3,473.74,0.22,1108.55,Net Banking,Store
ORD105996,CUST104748,PROD1098,2024-06-26,4,1274.77,0.0,5099.08,Net Banking,Store
ORD105997,CUST107865,PROD1175,2024-06-12,1,2304.65,0.09,2097.23,Net Banking,Online
ORD105998,CUST101505,PROD1152,2023-05-21,3,3367.3,0.13,8788.65,UPI,Online
ORD105999,CUST102743,PROD1119,2024-03-01,1,3955.63,0.28,2848.05,Credit Card,Online
ORD106000,CUST104654,PROD1032,2024-03-28,1,940.88,0.1,846.79,Net Banking,Store
ORD106001,CUST107889,PROD1082,2022-11-27,3,595.95,0.23,1376.64,Credit Card,Online
ORD106002,CUST101298,PROD1101,2024-09-22,2,3236.62,0.12,5696.45,UPI,Store
ORD106003,CUST104690,PROD1074,2022-07-23,3,1160.21,0.03,3376.21,Credit Card,Online
ORD106004,CUST103868,PROD1119,2023-12-14,3,3955.63,0.03,11510.88,Credit Card,Store
ORD106005,CUST107600,PROD1194,2024-05-05,2,270.22,0.13,470.18,Net Banking,Store
ORD106006,CUST107200,PROD1101,2024-09-04,4,3236.62,0.02,12687.55,UPI,Store
ORD106007,CUST100215,PROD1064,2023-10-29,2,4980.76,0.17,8268.06,Net Banking,Online
ORD106008,CUST106244,PROD1167,2022-11-11,4,3946.83,0.15,13419.22,Cash on Delivery,Store
ORD106009,CUST100179,PROD1024,2022-09-22,1,3137.89,0.21,2478.93,Debit Card,Online
ORD106010,CUST102686,PROD1056,2022-10-16,3,1642.96,0.06,4633.15,Credit Card,Online
ORD106011,CUST107655,PROD1159,2023-08-05,2,464.94,0.18,762.5,UPI,Online
ORD106012,CUST105579,PROD1045,2023-11-22,2,770.29,0.05,1463.55,Credit Card,Online
ORD106013,CUST100376,PROD1099,2023-04-26,4,4731.44,0.22,14762.09,UPI,Store
ORD106014,CUST106960,PROD1131,2023-11-11,1,768.23,0.09,699.09,Net Banking,Store
ORD106015,CUST108045,PROD1118,2022-01-06,3,833.05,0.18,2049.3,Debit Card,Store
ORD106016,CUST101827,PROD1150,2023-10-06,2,4820.06,0.26,7133.69,Debit Card,Online
ORD106017,CUST107772,PROD1079,2024-02-10,4,127.55,0.15,433.67,Debit Card,Store
ORD106018,CUST105852,PROD1074,2022-05-21,1,1160.21,0.06,1090.6,Debit Card,Online
ORD106019,CUST107577,PROD1149,2022-10-09,1,1630.37,0.27,1190.17,Credit Card,Store
ORD106020,CUST102327,PROD1102,2022-10-17,4,3752.53,0.11,13359.01,UPI,Online
ORD106021,CUST109694,PROD1125,2022-07-24,1,4537.33,0.22,3539.12,Cash on Delivery,Online
ORD106022,CUST108944,PROD1032,2023-11-24,4,940.88,0.1,3387.17,UPI,Store
ORD106023,CUST107584,PROD1040,2023-07-13,4,331.95,0.09,1208.3,Credit Card,Online
ORD106024,CUST108441,PROD1189,2024-06-22,4,4197.72,0.19,13600.61,Net Banking,Store
ORD106025,CUST107272,PROD1165,2022-11-28,1,4146.73,0.05,3939.39,Cash on Delivery,Store
ORD106026,CUST102820,PROD1183,2023-10-10,3,927.52,0.26,2059.09,Cash on Delivery,Store
ORD106027,CUST104736,PROD1062,2023-02-07,3,4227.41,0.12,11160.36,Cash on Delivery,Online
ORD106028,CUST106470,PROD1084,2022-08-21,2,1758.62,0.01,3482.07,Credit Card,Store
ORD106029,CUST109081,PROD1182,2023-12-15,4,572.67,0.09,2084.52,Debit Card,Store
ORD106030,CUST105601,PROD1178,2022-02-01,2,4804.5,0.24,7302.84,Debit Card,Online
ORD106031,CUST104866,PROD1089,2024-02-28,2,1920.59,0.26,2842.47,Debit Card,Store
ORD106032,CUST106520,PROD1064,2022-07-11,2,4980.76,0.17,8268.06,UPI,Online
ORD106033,CUST102743,PROD1104,2023-02-11,4,431.37,0.09,1570.19,Debit Card,Online
ORD106034,CUST104576,PROD1056,2023-08-26,2,1642.96,0.16,2760.17,Cash on Delivery,Online
ORD106035,CUST107183,PROD1085,2024-05-06,4,657.06,0.25,1971.18,Debit Card,Online
ORD106036,CUST109948,PROD1154,2023-08-06,1,1389.72,0.09,1264.65,Cash on Delivery,Online
ORD106037,CUST109968,PROD1184,2022-10-25,4,4915.01,0.12,17300.84,Cash on Delivery,Online
ORD106038,CUST106400,PROD1182,2022-02-04,4,572.67,0.16,1924.17,UPI,Store
ORD106039,CUST107755,PROD1071,2024-06-16,4,1115.14,0.27,3256.21,Debit Card,Store
ORD106040,CUST103096,PROD1081,2022-08-08,3,473.74,0.17,1179.61,Net Banking,Online
ORD106041,CUST108021,PROD1003,2023-12-12,1,1363.94,0.06,1282.1,Debit Card,Online
ORD106042,CUST108190,PROD1064,2023-09-10,4,4980.76,0.03,19325.35,Net Banking,Online
ORD106043,CUST101085,PROD1183,2024-09-26,3,927.52,0.03,2699.08,UPI,Online
ORD106044,CUST103729,PROD1180,2022-11-28,4,4036.27,0.29,11463.01,Credit Card,Store
ORD106045,CUST104328,PROD1043,2022-02-21,1,1864.75,0.25,1398.56,UPI,Store
ORD106046,CUST101487,PROD1015,2022-01-17,1,3483.28,0.23,2682.13,UPI,Store
ORD106047,CUST108540,PROD1093,2024-05-03,2,3090.85,0.15,5254.44,Net Banking,Online
ORD106048,CUST107453,PROD1022,2022-01-09,3,1744.61,0.2,4187.06,UPI,Store
ORD106049,CUST108605,PROD1158,2022-06-29,4,611.58,0.04,2348.47,Cash on Delivery,Store
ORD106050,CUST107337,PROD1155,2022-01-03,4,2625.54,0.19,8506.75,UPI,Store
ORD106051,CUST107102,PROD1177,2022-10-05,3,3377.85,0.24,7701.5,UPI,Store
ORD106052,CUST101009,PROD1100,2023-11-25,3,3701.69,0.02,10882.97,Net Banking,Store
ORD106053,CUST104382,PROD1015,2024-03-14,2,3483.28,0.09,6339.57,UPI,Online
ORD106054,CUST106705,PROD1040,2022-06-16,2,331.95,0.03,643.98,UPI,Store
ORD106055,CUST108973,PROD1136,2022-09-08,2,4779.14,0.08,8793.62,Debit Card,Store
ORD106056,CUST103079,PROD1001,2022-10-01,2,2108.14,0.23,3246.54,Cash on Delivery,Online
ORD106057,CUST104452,PROD1109,2023-08-16,1,4287.18,0.1,3858.46,Cash on Delivery,Online
ORD106058,CUST102186,PROD1042,2022-01-27,3,935.8,0.21,2217.85,Cash on Delivery,Store
ORD106059,CUST105630,PROD1065,2022-04-28,2,1779.33,0.23,2740.17,UPI,Online
ORD106060,CUST109398,PROD1095,2024-01-09,4,4205.79,0.24,12785.6,Cash on Delivery,Store
ORD106061,CUST104518,PROD1076,2022-12-18,4,4330.45,0.26,12818.13,Debit Card,Store
ORD106062,CUST100304,PROD1176,2022-07-14,2,770.65,0.18,1263.87,Credit Card,Store
ORD106063,CUST105138,PROD1124,2023-10-15,2,1557.13,0.08,2865.12,Credit Card,Online
ORD106064,CUST103454,PROD1096,2022-09-30,4,4510.68,0.05,17140.58,Debit Card,Online
ORD106065,CUST106082,PROD1020,2022-11-13,2,319.32,0.15,542.84,Credit Card,Online
ORD106066,CUST105349,PROD1146,2023-02-06,3,2720.43,0.03,7916.45,Credit Card,Online
ORD106067,CUST100850,PROD1111,2024-01-25,1,1904.48,0.27,1390.27,Net Banking,Store
ORD106068,CUST105727,PROD1056,2023-06-13,4,1642.96,0.13,5717.5,UPI,Online
ORD106069,CUST108686,PROD1076,2023-11-27,1,4330.45,0.26,3204.53,Net Banking,Online
ORD106070,CUST103555,PROD1059,2022-02-17,2,4207.05,0.21,6647.14,Net Banking,Store
ORD106071,CUST102674,PROD1146,2022-01-16,1,2720.43,0.26,2013.12,Debit Card,Store
ORD106072,CUST103430,PROD1098,2023-04-15,2,1274.77,0.27,1861.16,Credit Card,Store
ORD106073,CUST107540,PROD1191,2024-07-09,2,598.34,0.02,1172.75,Debit Card,Online
ORD106074,CUST103149,PROD1034,2023-12-06,4,847.63,0.22,2644.61,Cash on Delivery,Online
ORD106075,CUST103347,PROD1125,2022-10-10,3,4537.33,0.07,12659.15,Net Banking,Store
ORD106076,CUST103949,PROD1160,2022-01-14,1,2584.14,0.3,1808.9,Credit Card,Online
ORD106077,CUST100504,PROD1066,2022-12-14,1,3804.6,0.23,2929.54,UPI,Store
ORD106078,CUST107765,PROD1086,2023-01-02,2,4422.95,0.0,8845.9,Net Banking,Online
ORD106079,CUST102654,PROD1047,2022-08-16,3,3493.68,0.28,7546.35,Credit Card,Store
ORD106080,CUST103406,PROD1187,2023-09-20,2,4781.3,0.09,8701.97,Cash on Delivery,Online
ORD106081,CUST103517,PROD1044,2023-01-08,4,452.32,0.12,1592.17,Debit Card,Store
ORD106082,CUST105412,PROD1074,2024-03-28,4,1160.21,0.18,3805.49,Credit Card,Store
ORD106083,CUST105257,PROD1067,2024-01-06,3,1221.16,0.27,2674.34,Credit Card,Store
ORD106084,CUST101579,PROD1195,2023-06-25,1,4224.79,0.28,3041.85,Net Banking,Store
ORD106085,CUST109953,PROD1142,2024-09-03,3,1570.45,0.17,3910.42,Credit Card,Online
ORD106086,CUST100313,PROD1091,2023-06-24,1,1656.34,0.1,1490.71,Cash on Delivery,Store
ORD106087,CUST104315,PROD1071,2023-02-09,1,1115.14,0.08,1025.93,UPI,Online
ORD106088,CUST102687,PROD1097,2023-02-12,1,2401.45,0.11,2137.29,Cash on Delivery,Online
ORD106089,CUST107310,PROD1014,2023-07-12,2,2197.11,0.05,4174.51,Credit Card,Store
ORD106090,CUST105523,PROD1150,2022-03-01,2,4820.06,0.2,7712.1,UPI,Online
ORD106091,CUST109910,PROD1187,2024-05-16,3,4781.3,0.16,12048.88,Cash on Delivery,Online
ORD106092,CUST104499,PROD1090,2023-10-22,2,2110.16,0.23,3249.65,UPI,Store
ORD106093,CUST104574,PROD1141,2022-02-21,2,1551.56,0.03,3010.03,Net Banking,Online
ORD106094,CUST106865,PROD1116,2022-05-30,4,4033.51,0.12,14197.96,Credit Card,Online
ORD106095,CUST107727,PROD1001,2024-04-15,3,2108.14,0.07,5881.71,UPI,Online
ORD106096,CUST109015,PROD1124,2023-10-18,1,1557.13,0.16,1307.99,Debit Card,Online
ORD106097,CUST104315,PROD1042,2023-10-23,3,935.8,0.14,2414.36,Net Banking,Store
ORD106098,CUST102414,PROD1070,2022-06-21,2,3731.49,0.13,6492.79,Credit Card,Store
ORD106099,CUST105315,PROD1143,2022-11-14,1,3731.95,0.09,3396.07,Net Banking,Online
ORD106100,CUST104779,PROD1085,2023-10-23,4,657.06,0.22,2050.03,Debit Card,Online
ORD106101,CUST103820,PROD1027,2023-09-08,3,133.03,0.14,343.22,Credit Card,Online
ORD106102,CUST105806,PROD1159,2023-05-04,4,464.94,0.06,1748.17,Net Banking,Online
ORD106103,CUST101969,PROD1070,2023-10-13,1,3731.49,0.16,3134.45,Net Banking,Store
ORD106104,CUST101759,PROD1106,2023-09-24,2,822.51,0.18,1348.92,UPI,Online
ORD106105,CUST103125,PROD1129,2024-08-13,4,1033.9,0.01,4094.24,UPI,Store
ORD106106,CUST106566,PROD1199,2023-07-03,2,4504.11,0.06,8467.73,Net Banking,Online
ORD106107,CUST107865,PROD1006,2023-11-15,3,2076.92,0.07,5794.61,UPI,Store
ORD106108,CUST102281,PROD1037,2022-05-04,1,3402.6,0.07,3164.42,Credit Card,Online
ORD106109,CUST105229,PROD1175,2022-10-05,2,2304.65,0.07,4286.65,UPI,Store
ORD106110,CUST101123,PROD1106,2022-07-31,1,822.51,0.08,756.71,Credit Card,Store
ORD106111,CUST105831,PROD1085,2023-12-07,3,657.06,0.08,1813.49,Credit Card,Online
ORD106112,CUST101234,PROD1081,2023-03-03,3,473.74,0.27,1037.49,Credit Card,Store
ORD106113,CUST106876,PROD1072,2023-04-04,3,4258.76,0.1,11498.65,Credit Card,Online
ORD106114,CUST107570,PROD1001,2023-06-17,2,2108.14,0.1,3794.65,Net Banking,Store
ORD106115,CUST105956,PROD1041,2024-07-17,2,4320.12,0.08,7949.02,Cash on Delivery,Online
ORD106116,CUST100674,PROD1169,2024-01-23,4,2046.46,0.29,5811.95,Cash on Delivery,Online
ORD106117,CUST105513,PROD1080,2023-10-19,2,760.03,0.16,1276.85,Credit Card,Online
ORD106118,CUST102305,PROD1147,2022-10-19,2,1570.61,0.18,2575.8,Cash on Delivery,Store
ORD106119,CUST101268,PROD1005,2022-05-22,4,900.54,0.22,2809.68,Credit Card,Store
ORD106120,CUST105097,PROD1138,2023-11-08,4,3504.61,0.1,12616.6,Cash on Delivery,Online
ORD106121,CUST103221,PROD1196,2024-07-15,3,1253.86,0.29,2670.72,Debit Card,Online
ORD106122,CUST104719,PROD1073,2023-01-23,2,2162.76,0.05,4109.24,UPI,Store
ORD106123,CUST104194,PROD1039,2023-10-08,2,2735.18,0.14,4704.51,Cash on Delivery,Online
ORD106124,CUST101249,PROD1127,2022-06-27,2,509.27,0.04,977.8,Credit Card,Online
ORD106125,CUST104029,PROD1035,2022-03-26,3,1309.41,0.24,2985.45,UPI,Online
ORD106126,CUST102860,PROD1102,2022-07-24,3,3752.53,0.03,10919.86,UPI,Online
ORD106127,CUST103513,PROD1178,2023-07-04,4,4804.5,0.17,15950.94,Net Banking,Online
ORD106128,CUST103219,PROD1046,2022-12-01,2,3362.42,0.03,6523.09,Net Banking,Online
ORD106129,CUST108370,PROD1097,2023-01-24,1,2401.45,0.14,2065.25,Cash on Delivery,Online
ORD106130,CUST102199,PROD1144,2022-06-15,1,1220.66,0.08,1123.01,Net Banking,Store
ORD106131,CUST104930,PROD1025,2023-06-20,4,1799.14,0.27,5253.49,Credit Card,Online
ORD106132,CUST104677,PROD1180,2023-06-14,4,4036.27,0.02,15822.18,Net Banking,Store
ORD106133,CUST105472,PROD1126,2024-05-10,2,362.9,0.19,587.9,Debit Card,Online
ORD106134,CUST106708,PROD1047,2023-11-03,4,3493.68,0.21,11040.03,Cash on Delivery,Online
ORD106135,CUST107841,PROD1026,2024-04-18,4,3182.76,0.27,9293.66,UPI,Store
ORD106136,CUST107830,PROD1045,2022-08-10,2,770.29,0.26,1140.03,UPI,Online
ORD106137,CUST102529,PROD1066,2023-09-06,2,3804.6,0.29,5402.53,Debit Card,Store
ORD106138,CUST109127,PROD1122,2024-05-07,3,2405.73,0.08,6639.81,Credit Card,Store
ORD106139,CUST107470,PROD1146,2022-11-24,4,2720.43,0.08,10011.18,UPI,Online
ORD106140,CUST109148,PROD1071,2023-08-24,1,1115.14,0.12,981.32,Debit Card,Online
ORD106141,CUST102473,PROD1080,2023-11-01,3,760.03,0.16,1915.28,Net Banking,Online
ORD106142,CUST101085,PROD1064,2023-08-23,1,4980.76,0.11,4432.88,Cash on Delivery,Online
ORD106143,CUST107362,PROD1070,2023-02-18,4,3731.49,0.22,11642.25,Debit Card,Online
ORD106144,CUST104662,PROD1035,2022-05-13,3,1309.41,0.0,3928.23,Debit Card,Online
ORD106145,CUST103434,PROD1066,2024-02-11,3,3804.6,0.01,11299.66,Net Banking,Store
ORD106146,CUST107728,PROD1082,2022-06-28,2,595.95,0.21,941.6,Credit Card,Store
ORD106147,CUST102665,PROD1169,2024-06-23,4,2046.46,0.26,6057.52,Net Banking,Online
ORD106148,CUST109293,PROD1066,2024-04-02,2,3804.6,0.23,5859.08,Net Banking,Online
ORD106149,CUST108475,PROD1097,2022-10-16,4,2401.45,0.04,9221.57,UPI,Store
ORD106150,CUST104471,PROD1068,2023-09-19,4,3161.5,0.28,9105.12,Debit Card,Online
ORD106151,CUST106519,PROD1176,2022-12-15,4,770.65,0.16,2589.38,Debit Card,Online
ORD106152,CUST100787,PROD1036,2022-10-14,4,924.34,0.22,2883.94,Net Banking,Online
ORD106153,CUST109048,PROD1045,2022-12-30,2,770.29,0.06,1448.15,Net Banking,Store
ORD106154,CUST109890,PROD1055,2022-03-24,4,2785.96,0.16,9360.83,Debit Card,Online
ORD106155,CUST106905,PROD1118,2022-08-25,4,833.05,0.1,2998.98,Debit Card,Store
ORD106156,CUST107988,PROD1062,2023-03-14,3,4227.41,0.29,9004.38,Debit Card,Online
ORD106157,CUST107206,PROD1077,2022-08-27,2,4838.73,0.14,8322.62,Credit Card,Store
ORD106158,CUST102133,PROD1029,2023-03-21,3,935.53,0.23,2161.07,Net Banking,Store
ORD106159,CUST102421,PROD1095,2022-03-07,3,4205.79,0.18,10346.24,Net Banking,Store
ORD106160,CUST103931,PROD1062,2023-10-22,4,4227.41,0.03,16402.35,UPI,Store
ORD106161,CUST106025,PROD1114,2023-12-17,2,671.01,0.16,1127.3,UPI,Store
ORD106162,CUST105327,PROD1108,2022-04-24,2,871.28,0.16,1463.75,Cash on Delivery,Online
ORD106163,CUST108816,PROD1075,2024-05-02,4,2758.4,0.21,8716.54,Debit Card,Store
ORD106164,CUST107126,PROD1153,2022-07-08,3,656.81,0.1,1773.39,Debit Card,Store
ORD106165,CUST109792,PROD1022,2024-09-17,4,1744.61,0.26,5164.05,Cash on Delivery,Store
ORD106166,CUST108192,PROD1112,2024-03-14,1,441.15,0.19,357.33,Net Banking,Online
ORD106167,CUST104505,PROD1147,2023-08-19,1,1570.61,0.01,1554.9,Debit Card,Online
ORD106168,CUST106881,PROD1101,2024-05-25,4,3236.62,0.21,10227.72,UPI,Online
ORD106169,CUST109601,PROD1045,2022-10-03,4,770.29,0.27,2249.25,Credit Card,Online
ORD106170,CUST106523,PROD1158,2024-07-29,3,611.58,0.2,1467.79,Net Banking,Online
ORD106171,CUST100798,PROD1194,2023-09-04,2,270.22,0.11,480.99,Credit Card,Store
ORD106172,CUST109134,PROD1148,2022-10-29,2,3902.89,0.18,6400.74,Credit Card,Online
ORD106173,CUST103462,PROD1050,2024-06-03,4,4767.36,0.05,18115.97,Cash on Delivery,Store
ORD106174,CUST107495,PROD1166,2024-02-25,4,4056.26,0.18,13304.53,Credit Card,Store
ORD106175,CUST101327,PROD1062,2023-12-11,4,4227.41,0.15,14373.19,Debit Card,Store
ORD106176,CUST107449,PROD1068,2024-05-14,2,3161.5,0.01,6259.77,Cash on Delivery,Store
ORD106177,CUST108886,PROD1019,2024-08-27,4,1794.76,0.1,6461.14,UPI,Online
ORD106178,CUST100185,PROD1118,2024-07-02,3,833.05,0.06,2349.2,Credit Card,Online
ORD106179,CUST108669,PROD1022,2024-08-17,2,1744.61,0.12,3070.51,Debit Card,Online
ORD106180,CUST107031,PROD1169,2023-06-30,1,2046.46,0.07,1903.21,Debit Card,Store
ORD106181,CUST106684,PROD1130,2023-08-14,1,1651.44,0.25,1238.58,UPI,Online
ORD106182,CUST109877,PROD1026,2023-10-05,4,3182.76,0.21,10057.52,Cash on Delivery,Store
ORD106183,CUST109183,PROD1090,2023-08-07,4,2110.16,0.22,6583.7,Cash on Delivery,Online
ORD106184,CUST107591,PROD1079,2024-01-25,2,127.55,0.11,227.04,Cash on Delivery,Online
ORD106185,CUST102749,PROD1151,2023-10-13,3,4916.65,0.0,14749.95,UPI,Store
ORD106186,CUST102945,PROD1008,2023-11-17,1,1199.69,0.07,1115.71,UPI,Store
ORD106187,CUST106562,PROD1129,2023-04-25,4,1033.9,0.23,3184.41,UPI,Online
ORD106188,CUST103398,PROD1133,2023-03-02,2,1474.25,0.18,2417.77,Cash on Delivery,Store
ORD106189,CUST108386,PROD1070,2022-01-17,4,3731.49,0.16,12537.81,Credit Card,Online
ORD106190,CUST108060,PROD1078,2022-02-16,2,3766.22,0.08,6929.84,UPI,Online
ORD106191,CUST100078,PROD1020,2022-01-30,1,319.32,0.02,312.93,UPI,Store
ORD106192,CUST101121,PROD1099,2024-07-27,3,4731.44,0.24,10787.68,Cash on Delivery,Store
ORD106193,CUST103221,PROD1156,2023-01-27,3,4272.09,0.01,12688.11,UPI,Online
ORD106194,CUST108977,PROD1012,2022-02-09,1,1673.76,0.02,1640.28,Credit Card,Online
ORD106195,CUST102861,PROD1196,2023-12-12,3,1253.86,0.09,3423.04,Cash on Delivery,Online
ORD106196,CUST108638,PROD1110,2024-07-04,2,2932.67,0.17,4868.23,UPI,Online
ORD106197,CUST104218,PROD1102,2024-04-23,3,3752.53,0.3,7880.31,UPI,Online
ORD106198,CUST105729,PROD1102,2024-05-02,4,3752.53,0.03,14559.82,Net Banking,Online
ORD106199,CUST102723,PROD1169,2023-10-30,1,2046.46,0.14,1759.96,Net Banking,Store
ORD106200,CUST109773,PROD1108,2022-10-11,1,871.28,0.18,714.45,Debit Card,Store
ORD106201,CUST100358,PROD1119,2022-02-28,4,3955.63,0.25,11866.89,Debit Card,Online
ORD106202,CUST102286,PROD1125,2024-08-15,1,4537.33,0.21,3584.49,UPI,Store
ORD106203,CUST101765,PROD1128,2024-04-27,2,3522.95,0.24,5354.88,Net Banking,Online
ORD106204,CUST100804,PROD1147,2022-11-26,2,1570.61,0.16,2638.62,Debit Card,Online
ORD106205,CUST105649,PROD1170,2024-08-07,2,4925.25,0.13,8569.94,Cash on Delivery,Online
ORD106206,CUST102730,PROD1000,2023-12-27,4,1986.03,0.19,6434.74,Net Banking,Store
ORD106207,CUST105991,PROD1039,2022-09-20,1,2735.18,0.27,1996.68,Credit Card,Store
ORD106208,CUST107825,PROD1006,2022-11-20,3,2076.92,0.17,5171.53,Credit Card,Online
ORD106209,CUST100142,PROD1162,2022-01-24,4,307.56,0.18,1008.8,Credit Card,Store
ORD106210,CUST109315,PROD1179,2022-12-20,2,3516.31,0.1,6329.36,Credit Card,Store
ORD106211,CUST100283,PROD1033,2024-03-19,1,647.39,0.18,530.86,Net Banking,Online
ORD106212,CUST107092,PROD1177,2024-01-21,1,3377.85,0.19,2736.06,Cash on Delivery,Store
ORD106213,CUST100383,PROD1068,2022-02-23,4,3161.5,0.23,9737.42,Credit Card,Online
ORD106214,CUST101578,PROD1156,2024-02-21,2,4272.09,0.17,7091.67,Cash on Delivery,Online
ORD106215,CUST102945,PROD1113,2023-11-15,4,2996.04,0.06,11265.11,Debit Card,Online
ORD106216,CUST100623,PROD1111,2022-11-01,4,1904.48,0.17,6322.87,Debit Card,Store
ORD106217,CUST100544,PROD1198,2022-11-15,3,1926.28,0.09,5258.74,UPI,Store
ORD106218,CUST107586,PROD1000,2023-12-22,2,1986.03,0.03,3852.9,Net Banking,Store
ORD106219,CUST100913,PROD1072,2022-02-14,3,4258.76,0.25,9582.21,Credit Card,Online
ORD106220,CUST102543,PROD1185,2024-04-19,4,2516.6,0.02,9865.07,Cash on Delivery,Store
ORD106221,CUST101747,PROD1192,2022-12-28,4,3116.29,0.19,10096.78,Cash on Delivery,Store
ORD106222,CUST102163,PROD1016,2024-02-01,1,3052.07,0.3,2136.45,Net Banking,Online
ORD106223,CUST109235,PROD1189,2023-04-06,1,4197.72,0.03,4071.79,Debit Card,Online
ORD106224,CUST109507,PROD1104,2022-01-07,1,431.37,0.07,401.17,Net Banking,Online
ORD106225,CUST101377,PROD1093,2022-09-16,3,3090.85,0.23,7139.86,Cash on Delivery,Online
ORD106226,CUST105708,PROD1169,2022-03-29,4,2046.46,0.03,7940.26,Net Banking,Online
ORD106227,CUST108414,PROD1155,2024-07-31,2,2625.54,0.25,3938.31,Debit Card,Online
ORD106228,CUST104531,PROD1002,2024-09-10,4,1666.73,0.0,6666.92,Debit Card,Store
ORD106229,CUST102153,PROD1004,2022-07-08,2,1760.0,0.27,2569.6,Credit Card,Online
ORD106230,CUST102699,PROD1193,2023-03-31,3,4987.26,0.02,14662.54,Credit Card,Online
ORD106231,CUST103320,PROD1053,2023-06-26,2,1312.97,0.28,1890.68,Credit Card,Store
ORD106232,CUST100566,PROD1165,2023-06-01,3,4146.73,0.26,9205.74,Debit Card,Online
ORD106233,CUST102042,PROD1043,2022-12-26,2,1864.75,0.16,3132.78,Cash on Delivery,Store
ORD106234,CUST108821,PROD1075,2024-09-07,2,2758.4,0.23,4247.94,Credit Card,Online
ORD106235,CUST102735,PROD1184,2023-01-04,3,4915.01,0.02,14450.13,Net Banking,Store
ORD106236,CUST105473,PROD1117,2022-07-19,2,2765.48,0.04,5309.72,Cash on Delivery,Store
ORD106237,CUST100724,PROD1198,2022-01-07,4,1926.28,0.11,6857.56,UPI,Store
ORD106238,CUST107819,PROD1023,2023-11-10,1,554.45,0.16,465.74,Credit Card,Store
ORD106239,CUST104048,PROD1079,2023-01-21,1,127.55,0.26,94.39,UPI,Store
ORD106240,CUST106980,PROD1186,2023-11-14,3,158.9,0.16,400.43,Credit Card,Online
ORD106241,CUST102898,PROD1007,2023-01-31,2,4532.56,0.2,7252.1,Cash on Delivery,Store
ORD106242,CUST101464,PROD1090,2023-06-24,3,2110.16,0.2,5064.38,UPI,Store
ORD106243,CUST109499,PROD1089,2023-09-12,3,1920.59,0.26,4263.71,Debit Card,Store
ORD106244,CUST105614,PROD1094,2022-05-27,2,2515.62,0.23,3874.05,Credit Card,Online
ORD106245,CUST107089,PROD1001,2022-10-11,1,2108.14,0.29,1496.78,Net Banking,Online
ORD106246,CUST100153,PROD1040,2022-04-09,4,331.95,0.01,1314.52,UPI,Online
ORD106247,CUST106763,PROD1183,2023-08-11,1,927.52,0.06,871.87,Net Banking,Online
ORD106248,CUST106459,PROD1047,2023-08-27,2,3493.68,0.28,5030.9,UPI,Online
ORD106249,CUST104066,PROD1105,2023-05-22,1,850.29,0.24,646.22,Cash on Delivery,Online
ORD106250,CUST100810,PROD1021,2023-04-19,3,1572.17,0.08,4339.19,Net Banking,Store
ORD106251,CUST100150,PROD1096,2024-01-12,3,4510.68,0.29,9607.75,Credit Card,Online
ORD106252,CUST108137,PROD1017,2023-12-11,3,791.05,0.26,1756.13,Debit Card,Online
ORD106253,CUST109270,PROD1078,2022-05-27,4,3766.22,0.02,14763.58,Cash on Delivery,Store
ORD106254,CUST100778,PROD1168,2023-07-30,1,736.02,0.24,559.38,UPI,Store
ORD106255,CUST104249,PROD1066,2024-05-08,2,3804.6,0.24,5782.99,Credit Card,Online
ORD106256,CUST103968,PROD1047,2024-06-03,4,3493.68,0.07,12996.49,UPI,Store
ORD106257,CUST107667,PROD1121,2024-06-23,2,1191.0,0.2,1905.6,Net Banking,Online
ORD106258,CUST104596,PROD1022,2023-05-18,3,1744.61,0.29,3716.02,Net Banking,Online
ORD106259,CUST107357,PROD1110,2024-07-25,3,2932.67,0.2,7038.41,Debit Card,Store
ORD106260,CUST102553,PROD1129,2022-02-19,3,1033.9,0.24,2357.29,Net Banking,Online
ORD106261,CUST104103,PROD1105,2023-06-06,1,850.29,0.03,824.78,Cash on Delivery,Store
ORD106262,CUST105804,PROD1003,2024-08-27,2,1363.94,0.22,2127.75,UPI,Online
ORD106263,CUST104564,PROD1153,2022-08-13,2,656.81,0.06,1234.8,UPI,Online
ORD106264,CUST106464,PROD1018,2022-03-23,4,4703.75,0.02,18438.7,Cash on Delivery,Online
ORD106265,CUST106715,PROD1048,2022-07-01,1,3417.13,0.17,2836.22,Net Banking,Store
ORD106266,CUST103678,PROD1073,2023-06-06,2,2162.76,0.23,3330.65,Net Banking,Online
ORD106267,CUST103705,PROD1052,2024-06-21,4,2302.12,0.16,7735.12,Cash on Delivery,Store
ORD106268,CUST103358,PROD1133,2022-12-26,4,1474.25,0.28,4245.84,Debit Card,Online
ORD106269,CUST109044,PROD1189,2024-07-16,4,4197.72,0.21,13264.8,Credit Card,Online
ORD106270,CUST104182,PROD1128,2022-08-23,4,3522.95,0.04,13528.13,Credit Card,Store
ORD106271,CUST103965,PROD1143,2024-04-01,3,3731.95,0.28,8061.01,Net Banking,Store
ORD106272,CUST105200,PROD1179,2022-11-22,2,3516.31,0.05,6680.99,Credit Card,Store
ORD106273,CUST104629,PROD1006,2023-04-12,4,2076.92,0.23,6396.91,Credit Card,Store
ORD106274,CUST106333,PROD1087,2023-03-23,4,3115.6,0.04,11963.9,Credit Card,Online
ORD106275,CUST107765,PROD1034,2024-01-15,4,847.63,0.3,2373.36,Net Banking,Store
ORD106276,CUST105603,PROD1067,2024-01-17,2,1221.16,0.1,2198.09,UPI,Store
ORD106277,CUST104474,PROD1104,2023-06-30,1,431.37,0.15,366.66,Net Banking,Store
ORD106278,CUST108647,PROD1142,2022-02-12,2,1570.45,0.14,2701.17,Net Banking,Store
ORD106279,CUST107175,PROD1107,2023-01-17,3,2161.29,0.03,6289.35,Debit Card,Store
ORD106280,CUST100229,PROD1184,2022-05-13,1,4915.01,0.15,4177.76,Debit Card,Online
ORD106281,CUST106807,PROD1150,2023-02-07,1,4820.06,0.04,4627.26,Net Banking,Store
ORD106282,CUST105594,PROD1077,2023-09-17,1,4838.73,0.24,3677.43,Cash on Delivery,Online
ORD106283,CUST105019,PROD1124,2023-01-05,3,1557.13,0.29,3316.69,Cash on Delivery,Store
ORD106284,CUST103477,PROD1101,2022-02-23,2,3236.62,0.24,4919.66,Debit Card,Online
ORD106285,CUST103358,PROD1138,2023-10-16,4,3504.61,0.13,12196.04,Debit Card,Online
ORD106286,CUST100759,PROD1131,2024-06-24,1,768.23,0.0,768.23,UPI,Store
ORD106287,CUST109982,PROD1185,2023-07-15,3,2516.6,0.01,7474.3,Debit Card,Store
ORD106288,CUST101366,PROD1167,2024-02-18,3,3946.83,0.15,10064.42,Credit Card,Store
ORD106289,CUST108516,PROD1057,2022-06-08,3,2667.72,0.2,6402.53,Net Banking,Store
ORD106290,CUST100876,PROD1118,2024-08-19,4,833.05,0.25,2499.15,Net Banking,Online
ORD106291,CUST100166,PROD1087,2022-05-18,2,3115.6,0.18,5109.58,Net Banking,Online
ORD106292,CUST103664,PROD1121,2023-06-17,3,1191.0,0.29,2536.83,UPI,Store
ORD106293,CUST107463,PROD1066,2024-06-15,2,3804.6,0.15,6467.82,UPI,Online
ORD106294,CUST108772,PROD1037,2022-09-11,1,3402.6,0.18,2790.13,Credit Card,Store
ORD106295,CUST107350,PROD1129,2022-10-29,4,1033.9,0.07,3846.11,Net Banking,Store
ORD106296,CUST105695,PROD1086,2024-01-05,1,4422.95,0.1,3980.66,Credit Card,Store
ORD106297,CUST109991,PROD1039,2023-12-16,2,2735.18,0.2,4376.29,Debit Card,Online
ORD106298,CUST109301,PROD1055,2023-09-11,4,2785.96,0.18,9137.95,Net Banking,Online
ORD106299,CUST108052,PROD1199,2022-03-15,3,4504.11,0.11,12025.97,Credit Card,Online
ORD106300,CUST109364,PROD1034,2023-06-16,1,847.63,0.03,822.2,UPI,Store
ORD106301,CUST108963,PROD1048,2022-10-04,2,3417.13,0.1,6150.83,UPI,Store
ORD106302,CUST100927,PROD1106,2023-02-25,3,822.51,0.01,2442.85,UPI,Online
ORD106303,CUST108797,PROD1194,2024-09-23,1,270.22,0.17,224.28,Credit Card,Online
ORD106304,CUST104100,PROD1095,2024-06-28,2,4205.79,0.1,7570.42,Credit Card,Online
ORD106305,CUST104094,PROD1121,2024-08-11,3,1191.0,0.11,3179.97,Credit Card,Online
ORD106306,CUST106983,PROD1094,2022-02-26,3,2515.62,0.17,6263.89,Cash on Delivery,Store
ORD106307,CUST107194,PROD1171,2023-07-23,4,4945.55,0.17,16419.23,Net Banking,Store
ORD106308,CUST109193,PROD1030,2022-03-10,3,3330.72,0.18,8193.57,Cash on Delivery,Store
ORD106309,CUST103973,PROD1124,2022-07-17,2,1557.13,0.15,2647.12,Cash on Delivery,Store
ORD106310,CUST107744,PROD1192,2022-06-01,2,3116.29,0.15,5297.69,Debit Card,Online
ORD106311,CUST100413,PROD1075,2023-12-21,3,2758.4,0.25,6206.4,Debit Card,Store
ORD106312,CUST105928,PROD1125,2022-07-07,3,4537.33,0.14,11706.31,UPI,Store
ORD106313,CUST102014,PROD1145,2023-10-25,3,4568.9,0.16,11513.63,Cash on Delivery,Online
ORD106314,CUST109679,PROD1087,2022-02-16,4,3115.6,0.3,8723.68,Debit Card,Store
ORD106315,CUST108974,PROD1035,2024-07-22,3,1309.41,0.05,3731.82,Cash on Delivery,Online
ORD106316,CUST108718,PROD1189,2023-05-15,4,4197.72,0.22,13096.89,Net Banking,Store
ORD106317,CUST100000,PROD1156,2023-12-21,3,4272.09,0.14,11021.99,Cash on Delivery,Online
ORD106318,CUST108462,PROD1150,2022-08-31,4,4820.06,0.25,14460.18,UPI,Store
ORD106319,CUST102531,PROD1002,2022-06-29,3,1666.73,0.12,4400.17,Credit Card,Online
ORD106320,CUST101071,PROD1029,2022-05-21,4,935.53,0.09,3405.33,UPI,Store
ORD106321,CUST108885,PROD1044,2023-05-14,1,452.32,0.06,425.18,Cash on Delivery,Online
ORD106322,CUST102887,PROD1176,2024-01-19,3,770.65,0.26,1710.84,Cash on Delivery,Online
ORD106323,CUST106516,PROD1112,2022-01-08,4,441.15,0.22,1376.39,Credit Card,Online
ORD106324,CUST107905,PROD1121,2022-04-12,4,1191.0,0.02,4668.72,UPI,Online
ORD106325,CUST101995,PROD1018,2022-06-09,2,4703.75,0.21,7431.92,UPI,Store
ORD106326,CUST103577,PROD1191,2023-04-15,2,598.34,0.01,1184.71,Cash on Delivery,Online
ORD106327,CUST106209,PROD1132,2023-10-19,2,1728.02,0.05,3283.24,Net Banking,Store
ORD106328,CUST101709,PROD1055,2022-01-05,2,2785.96,0.18,4568.97,Debit Card,Store
ORD106329,CUST102099,PROD1161,2024-04-19,1,4435.03,0.14,3814.13,Cash on Delivery,Online
ORD106330,CUST106117,PROD1072,2023-01-14,4,4258.76,0.25,12776.28,Cash on Delivery,Store
ORD106331,CUST108661,PROD1102,2023-01-16,1,3752.53,0.18,3077.07,Debit Card,Store
ORD106332,CUST102290,PROD1175,2024-08-03,2,2304.65,0.29,3272.6,Credit Card,Online
ORD106333,CUST108528,PROD1025,2023-08-29,2,1799.14,0.26,2662.73,Cash on Delivery,Store
ORD106334,CUST107970,PROD1132,2024-09-05,2,1728.02,0.1,3110.44,Net Banking,Store
ORD106335,CUST100755,PROD1087,2024-06-26,2,3115.6,0.25,4673.4,Credit Card,Online
ORD106336,CUST109911,PROD1158,2023-12-30,2,611.58,0.26,905.14,Credit Card,Store
ORD106337,CUST107212,PROD1023,2023-11-15,1,554.45,0.29,393.66,Credit Card,Store
ORD106338,CUST102099,PROD1084,2024-08-30,1,1758.62,0.0,1758.62,Cash on Delivery,Store
ORD106339,CUST100412,PROD1021,2024-04-15,4,1572.17,0.26,4653.62,Credit Card,Online
ORD106340,CUST104103,PROD1101,2024-08-12,1,3236.62,0.02,3171.89,UPI,Online
ORD106341,CUST102993,PROD1149,2023-10-12,3,1630.37,0.16,4108.53,Cash on Delivery,Online
ORD106342,CUST100246,PROD1056,2022-10-31,2,1642.96,0.12,2891.61,Cash on Delivery,Store
ORD106343,CUST107562,PROD1157,2022-06-05,4,1005.94,0.28,2897.11,Debit Card,Online
ORD106344,CUST106977,PROD1112,2024-02-12,2,441.15,0.12,776.42,Credit Card,Online
ORD106345,CUST107506,PROD1046,2024-09-14,3,3362.42,0.18,8271.55,Cash on Delivery,Online
ORD106346,CUST108603,PROD1194,2022-10-27,2,270.22,0.21,426.95,Net Banking,Store
ORD106347,CUST107095,PROD1166,2023-11-02,3,4056.26,0.01,12047.09,Net Banking,Store
ORD106348,CUST103367,PROD1088,2022-09-29,3,4002.67,0.18,9846.57,Cash on Delivery,Online
ORD106349,CUST102689,PROD1193,2022-05-03,4,4987.26,0.16,16757.19,Cash on Delivery,Online
ORD106350,CUST100587,PROD1090,2023-05-26,3,2110.16,0.18,5190.99,Net Banking,Store
ORD106351,CUST101468,PROD1156,2022-10-06,3,4272.09,0.02,12559.94,Net Banking,Online
ORD106352,CUST100232,PROD1141,2024-05-10,2,1551.56,0.02,3041.06,UPI,Online
ORD106353,CUST106885,PROD1003,2023-01-02,4,1363.94,0.05,5182.97,Net Banking,Store
ORD106354,CUST108011,PROD1199,2023-06-17,4,4504.11,0.26,13332.17,UPI,Store
ORD106355,CUST107140,PROD1004,2024-06-16,3,1760.0,0.11,4699.2,Cash on Delivery,Store
ORD106356,CUST101886,PROD1043,2024-03-01,2,1864.75,0.13,3244.66,Credit Card,Store
ORD106357,CUST100309,PROD1090,2023-12-21,4,2110.16,0.12,7427.76,Credit Card,Online
ORD106358,CUST108080,PROD1023,2024-06-25,3,554.45,0.21,1314.05,Debit Card,Online
ORD106359,CUST109135,PROD1027,2023-09-22,1,133.03,0.08,122.39,UPI,Store
ORD106360,CUST109099,PROD1151,2022-05-03,2,4916.65,0.02,9636.63,Net Banking,Online
ORD106361,CUST102748,PROD1127,2023-12-14,3,509.27,0.11,1359.75,UPI,Store
ORD106362,CUST101600,PROD1004,2023-01-21,4,1760.0,0.22,5491.2,Debit Card,Store
ORD106363,CUST100545,PROD1012,2024-04-29,3,1673.76,0.27,3665.53,Debit Card,Store
ORD106364,CUST103823,PROD1054,2023-02-01,3,584.36,0.02,1718.02,UPI,Store
ORD106365,CUST103314,PROD1029,2022-10-28,1,935.53,0.24,711.0,Net Banking,Store
ORD106366,CUST104930,PROD1101,2024-04-19,2,3236.62,0.02,6343.78,Cash on Delivery,Store
ORD106367,CUST105729,PROD1082,2023-01-29,1,595.95,0.1,536.36,Cash on Delivery,Online
ORD106368,CUST107991,PROD1176,2023-08-26,1,770.65,0.01,762.94,Cash on Delivery,Store
ORD106369,CUST105561,PROD1112,2023-08-16,1,441.15,0.27,322.04,Debit Card,Store
ORD106370,CUST101841,PROD1081,2022-08-04,2,473.74,0.21,748.51,UPI,Store
ORD106371,CUST101636,PROD1089,2024-02-28,1,1920.59,0.11,1709.33,Debit Card,Store
ORD106372,CUST107576,PROD1014,2022-01-01,4,2197.11,0.11,7821.71,Net Banking,Store
ORD106373,CUST101675,PROD1029,2022-05-24,2,935.53,0.19,1515.56,Credit Card,Store
ORD106374,CUST101790,PROD1027,2022-09-07,4,133.03,0.03,516.16,Debit Card,Store
ORD106375,CUST103144,PROD1131,2022-06-20,2,768.23,0.04,1475.0,Net Banking,Online
ORD106376,CUST106967,PROD1067,2024-09-19,4,1221.16,0.25,3663.48,Net Banking,Online
ORD106377,CUST100155,PROD1100,2022-05-14,3,3701.69,0.06,10438.77,Net Banking,Online
ORD106378,CUST106914,PROD1142,2022-03-17,1,1570.45,0.22,1224.95,Credit Card,Store
ORD106379,CUST109125,PROD1033,2023-04-25,4,647.39,0.07,2408.29,Cash on Delivery,Online
ORD106380,CUST108767,PROD1098,2023-09-16,4,1274.77,0.03,4946.11,UPI,Store
ORD106381,CUST109525,PROD1170,2024-02-01,1,4925.25,0.27,3595.43,Debit Card,Store
ORD106382,CUST103107,PROD1060,2022-09-24,1,4998.52,0.27,3648.92,Credit Card,Store
ORD106383,CUST104343,PROD1190,2023-04-11,2,2787.44,0.18,4571.4,Net Banking,Online
ORD106384,CUST109643,PROD1001,2023-03-26,2,2108.14,0.14,3626.0,Credit Card,Store
ORD106385,CUST105163,PROD1117,2022-04-06,4,2765.48,0.17,9181.39,Debit Card,Store
ORD106386,CUST104548,PROD1051,2024-08-02,2,2585.17,0.12,4549.9,UPI,Store
ORD106387,CUST105238,PROD1051,2024-01-23,1,2585.17,0.23,1990.58,Debit Card,Store
ORD106388,CUST107516,PROD1014,2022-10-03,2,2197.11,0.23,3383.55,Credit Card,Online
ORD106389,CUST106836,PROD1167,2024-02-28,2,3946.83,0.25,5920.24,Net Banking,Online
ORD106390,CUST100939,PROD1027,2024-03-14,2,133.03,0.16,223.49,Net Banking,Store
ORD106391,CUST109285,PROD1095,2023-07-04,3,4205.79,0.24,9589.2,Cash on Delivery,Store
ORD106392,CUST107090,PROD1097,2022-11-08,2,2401.45,0.05,4562.75,Cash on Delivery,Online
ORD106393,CUST103941,PROD1054,2022-12-13,4,584.36,0.01,2314.07,UPI,Store
ORD106394,CUST104362,PROD1177,2022-09-24,1,3377.85,0.19,2736.06,UPI,Store
ORD106395,CUST101461,PROD1021,2022-10-01,2,1572.17,0.03,3050.01,Cash on Delivery,Store
ORD106396,CUST107935,PROD1156,2023-08-16,4,4272.09,0.17,14183.34,Cash on Delivery,Store
ORD106397,CUST109402,PROD1071,2022-04-08,3,1115.14,0.22,2609.43,Debit Card,Store
ORD106398,CUST103298,PROD1139,2023-07-11,2,3501.6,0.12,6162.82,Debit Card,Store
ORD106399,CUST100060,PROD1037,2023-10-28,2,3402.6,0.01,6737.15,Net Banking,Store
ORD106400,CUST102215,PROD1119,2024-06-12,3,3955.63,0.27,8662.83,Net Banking,Online
ORD106401,CUST106275,PROD1001,2022-11-11,4,2108.14,0.01,8348.23,Cash on Delivery,Online
ORD106402,CUST104817,PROD1139,2022-05-14,4,3501.6,0.27,10224.67,Debit Card,Online
ORD106403,CUST104102,PROD1182,2023-07-09,4,572.67,0.02,2244.87,Cash on Delivery,Store
ORD106404,CUST105831,PROD1125,2022-04-04,4,4537.33,0.22,14156.47,Cash on Delivery,Online
ORD106405,CUST100250,PROD1139,2022-06-29,1,3501.6,0.28,2521.15,UPI,Online
ORD106406,CUST101599,PROD1108,2024-05-20,4,871.28,0.27,2544.14,Cash on Delivery,Store
ORD106407,CUST107429,PROD1008,2022-09-13,3,1199.69,0.27,2627.32,Net Banking,Online
ORD106408,CUST102167,PROD1031,2024-08-15,4,3607.34,0.26,10677.73,UPI,Store
ORD106409,CUST106191,PROD1072,2024-01-24,2,4258.76,0.15,7239.89,Debit Card,Store
ORD106410,CUST109477,PROD1135,2024-01-06,2,3539.91,0.17,5876.25,Net Banking,Online
ORD106411,CUST109979,PROD1115,2022-01-17,2,3741.78,0.19,6061.68,Credit Card,Online
ORD106412,CUST101468,PROD1155,2024-04-24,2,2625.54,0.27,3833.29,Debit Card,Online
ORD106413,CUST104033,PROD1183,2023-09-21,1,927.52,0.25,695.64,Credit Card,Store
ORD106414,CUST101502,PROD1081,2023-07-12,2,473.74,0.23,729.56,Net Banking,Online
ORD106415,CUST109446,PROD1106,2023-11-12,2,822.51,0.2,1316.02,Debit Card,Online
ORD106416,CUST106600,PROD1035,2022-05-21,3,1309.41,0.19,3181.87,Credit Card,Store
ORD106417,CUST104814,PROD1116,2023-01-25,1,4033.51,0.28,2904.13,Credit Card,Store
ORD106418,CUST105044,PROD1164,2023-12-27,4,3496.96,0.06,13148.57,Debit Card,Store
ORD106419,CUST100027,PROD1031,2024-01-07,3,3607.34,0.06,10172.7,Cash on Delivery,Online
ORD106420,CUST107898,PROD1166,2024-07-17,2,4056.26,0.29,5759.89,Net Banking,Online
ORD106421,CUST109092,PROD1048,2024-06-18,2,3417.13,0.17,5672.44,Net Banking,Store
ORD106422,CUST109040,PROD1145,2024-08-31,2,4568.9,0.15,7767.13,UPI,Online
ORD106423,CUST100100,PROD1022,2023-11-21,1,1744.61,0.26,1291.01,Debit Card,Store
ORD106424,CUST104510,PROD1032,2022-02-17,2,940.88,0.25,1411.32,Net Banking,Store
ORD106425,CUST107394,PROD1111,2023-09-03,3,1904.48,0.05,5427.77,Credit Card,Online
ORD106426,CUST103240,PROD1178,2024-03-05,3,4804.5,0.05,13692.82,Debit Card,Store
ORD106427,CUST101488,PROD1170,2022-09-19,1,4925.25,0.24,3743.19,Credit Card,Store
ORD106428,CUST101453,PROD1003,2023-07-24,2,1363.94,0.24,2073.19,Debit Card,Store
ORD106429,CUST101801,PROD1079,2022-09-10,2,127.55,0.07,237.24,Credit Card,Store
ORD106430,CUST108084,PROD1194,2023-12-04,2,270.22,0.25,405.33,Credit Card,Online
ORD106431,CUST104559,PROD1199,2023-05-28,1,4504.11,0.14,3873.53,Debit Card,Online
ORD106432,CUST106240,PROD1124,2024-01-17,1,1557.13,0.14,1339.13,UPI,Store
ORD106433,CUST107817,PROD1001,2024-03-06,2,2108.14,0.3,2951.4,Credit Card,Store
ORD106434,CUST101515,PROD1044,2024-03-07,3,452.32,0.16,1139.85,Debit Card,Online
ORD106435,CUST108215,PROD1087,2024-05-13,1,3115.6,0.04,2990.98,Cash on Delivery,Store
ORD106436,CUST108587,PROD1114,2022-06-05,1,671.01,0.08,617.33,Cash on Delivery,Store
ORD106437,CUST101427,PROD1167,2023-08-26,3,3946.83,0.1,10656.44,UPI,Online
ORD106438,CUST106085,PROD1129,2024-08-27,3,1033.9,0.29,2202.21,Debit Card,Online
ORD106439,CUST101013,PROD1159,2022-07-29,2,464.94,0.08,855.49,UPI,Online
ORD106440,CUST107279,PROD1000,2022-11-20,2,1986.03,0.13,3455.69,Credit Card,Store
ORD106441,CUST104226,PROD1017,2024-01-12,2,791.05,0.22,1234.04,Cash on Delivery,Online
ORD106442,CUST108611,PROD1191,2024-02-04,2,598.34,0.08,1100.95,UPI,Store
ORD106443,CUST103349,PROD1159,2024-01-25,4,464.94,0.21,1469.21,Credit Card,Online
ORD106444,CUST106076,PROD1008,2022-02-10,1,1199.69,0.06,1127.71,Cash on Delivery,Online
ORD106445,CUST107757,PROD1054,2022-12-28,3,584.36,0.07,1630.36,UPI,Online
ORD106446,CUST105187,PROD1066,2023-01-07,4,3804.6,0.3,10652.88,Credit Card,Store
ORD106447,CUST109618,PROD1023,2024-08-08,4,554.45,0.11,1973.84,Net Banking,Store
ORD106448,CUST107018,PROD1120,2023-02-20,4,1608.36,0.22,5018.08,Cash on Delivery,Store
ORD106449,CUST104270,PROD1010,2023-09-27,2,794.74,0.25,1192.11,Credit Card,Store
ORD106450,CUST108655,PROD1155,2023-12-10,3,2625.54,0.1,7088.96,Net Banking,Online
ORD106451,CUST100389,PROD1015,2023-10-24,2,3483.28,0.11,6200.24,UPI,Online
ORD106452,CUST106891,PROD1092,2023-01-12,3,2248.29,0.23,5193.55,Net Banking,Store
ORD106453,CUST100135,PROD1104,2024-01-22,2,431.37,0.18,707.45,Cash on Delivery,Online
ORD106454,CUST102456,PROD1011,2022-11-09,3,1834.14,0.11,4897.15,Debit Card,Online
ORD106455,CUST102271,PROD1120,2022-10-05,2,1608.36,0.22,2509.04,UPI,Online
ORD106456,CUST108792,PROD1195,2022-11-18,1,4224.79,0.26,3126.34,Net Banking,Online
ORD106457,CUST107113,PROD1089,2024-07-25,2,1920.59,0.07,3572.3,Credit Card,Store
ORD106458,CUST108810,PROD1131,2023-07-09,3,768.23,0.01,2281.64,Debit Card,Store
ORD106459,CUST109768,PROD1074,2022-02-03,4,1160.21,0.08,4269.57,Debit Card,Store
ORD106460,CUST106096,PROD1065,2022-04-24,2,1779.33,0.2,2846.93,UPI,Online
ORD106461,CUST107355,PROD1030,2022-01-02,1,3330.72,0.27,2431.43,Net Banking,Online
ORD106462,CUST105506,PROD1183,2024-01-20,1,927.52,0.26,686.36,Cash on Delivery,Store
ORD106463,CUST108200,PROD1177,2024-01-29,2,3377.85,0.07,6282.8,Net Banking,Online
ORD106464,CUST109395,PROD1194,2023-07-25,4,270.22,0.26,799.85,Net Banking,Store
ORD106465,CUST109913,PROD1088,2022-02-05,3,4002.67,0.24,9126.09,UPI,Online
ORD106466,CUST107611,PROD1097,2024-01-14,3,2401.45,0.22,5619.39,UPI,Store
ORD106467,CUST108785,PROD1128,2022-01-08,3,3522.95,0.21,8349.39,Credit Card,Store
ORD106468,CUST108797,PROD1196,2022-06-10,4,1253.86,0.24,3811.73,Cash on Delivery,Store
ORD106469,CUST106020,PROD1038,2024-03-11,3,2162.08,0.26,4799.82,UPI,Store
ORD106470,CUST101469,PROD1179,2023-03-28,4,3516.31,0.25,10548.93,Credit Card,Store
ORD106471,CUST101695,PROD1094,2023-06-14,1,2515.62,0.04,2415.0,Debit Card,Online
ORD106472,CUST101306,PROD1163,2023-07-30,1,1140.38,0.22,889.5,Credit Card,Store
ORD106473,CUST105332,PROD1194,2023-07-27,2,270.22,0.25,405.33,Cash on Delivery,Store
ORD106474,CUST109879,PROD1139,2022-03-24,4,3501.6,0.06,13166.02,Credit Card,Online
ORD106475,CUST105797,PROD1060,2022-01-10,3,4998.52,0.06,14095.83,Credit Card,Store
ORD106476,CUST103983,PROD1071,2023-03-10,2,1115.14,0.24,1695.01,UPI,Online
ORD106477,CUST109240,PROD1138,2023-09-10,4,3504.61,0.1,12616.6,Cash on Delivery,Store
ORD106478,CUST101735,PROD1108,2022-08-21,4,871.28,0.12,3066.91,Credit Card,Store
ORD106479,CUST104328,PROD1013,2022-08-10,1,4691.44,0.11,4175.38,Net Banking,Online
ORD106480,CUST103359,PROD1181,2024-02-29,2,2171.47,0.06,4082.36,Credit Card,Online
ORD106481,CUST108876,PROD1135,2023-07-05,2,3539.91,0.28,5097.47,Debit Card,Online
ORD106482,CUST106327,PROD1160,2024-05-19,3,2584.14,0.24,5891.84,Debit Card,Store
ORD106483,CUST109140,PROD1131,2022-11-17,1,768.23,0.08,706.77,Credit Card,Online
ORD106484,CUST106941,PROD1112,2024-03-08,4,441.15,0.03,1711.66,Credit Card,Store
ORD106485,CUST100304,PROD1029,2023-10-07,1,935.53,0.11,832.62,Net Banking,Store
ORD106486,CUST102397,PROD1083,2024-01-25,4,1976.87,0.12,6958.58,Credit Card,Online
ORD106487,CUST106067,PROD1093,2024-05-28,2,3090.85,0.0,6181.7,UPI,Store
ORD106488,CUST102526,PROD1090,2022-10-09,1,2110.16,0.27,1540.42,Cash on Delivery,Online
ORD106489,CUST107159,PROD1088,2022-04-30,3,4002.67,0.26,8885.93,Net Banking,Store
ORD106490,CUST100186,PROD1053,2022-03-04,4,1312.97,0.26,3886.39,Credit Card,Online
ORD106491,CUST101564,PROD1133,2023-11-17,2,1474.25,0.24,2240.86,UPI,Store
ORD106492,CUST106813,PROD1004,2023-06-27,1,1760.0,0.22,1372.8,Credit Card,Store
ORD106493,CUST101909,PROD1050,2024-01-13,3,4767.36,0.19,11584.68,Net Banking,Online
ORD106494,CUST108469,PROD1141,2022-06-18,1,1551.56,0.29,1101.61,Net Banking,Online
ORD106495,CUST101482,PROD1033,2023-10-14,4,647.39,0.21,2045.75,Debit Card,Store
ORD106496,CUST107904,PROD1168,2022-09-30,3,736.02,0.19,1788.53,Debit Card,Online
ORD106497,CUST104882,PROD1088,2023-10-20,4,4002.67,0.24,12168.12,Credit Card,Store
ORD106498,CUST106978,PROD1166,2023-12-07,2,4056.26,0.07,7544.64,Cash on Delivery,Online
ORD106499,CUST109840,PROD1145,2023-01-04,3,4568.9,0.29,9731.76,UPI,Store
ORD106500,CUST101924,PROD1019,2023-04-17,1,1794.76,0.01,1776.81,Debit Card,Online
ORD106501,CUST102698,PROD1106,2024-05-09,2,822.51,0.19,1332.47,Debit Card,Online
ORD106502,CUST109489,PROD1135,2024-01-26,1,3539.91,0.02,3469.11,Cash on Delivery,Online
ORD106503,CUST109543,PROD1025,2022-10-22,2,1799.14,0.26,2662.73,Net Banking,Online
ORD106504,CUST109409,PROD1084,2022-03-15,1,1758.62,0.29,1248.62,Credit Card,Online
ORD106505,CUST100271,PROD1154,2024-05-28,4,1389.72,0.12,4891.81,Credit Card,Store
ORD106506,CUST101323,PROD1159,2024-07-17,4,464.94,0.26,1376.22,UPI,Store
ORD106507,CUST107751,PROD1041,2024-09-10,2,4320.12,0.1,7776.22,Cash on Delivery,Store
ORD106508,CUST102243,PROD1177,2023-04-04,2,3377.85,0.05,6417.92,Cash on Delivery,Online
ORD106509,CUST102952,PROD1080,2023-10-10,3,760.03,0.08,2097.68,Cash on Delivery,Store
ORD106510,CUST100330,PROD1176,2023-08-26,2,770.65,0.09,1402.58,Net Banking,Online
ORD106511,CUST105871,PROD1192,2023-06-22,2,3116.29,0.19,5048.39,Cash on Delivery,Online
ORD106512,CUST103557,PROD1190,2023-08-11,3,2787.44,0.24,6355.36,Net Banking,Online
ORD106513,CUST107564,PROD1026,2023-07-01,2,3182.76,0.06,5983.59,Credit Card,Online
ORD106514,CUST101827,PROD1099,2024-04-04,1,4731.44,0.03,4589.5,Net Banking,Online
ORD106515,CUST107949,PROD1034,2022-07-26,4,847.63,0.07,3153.18,Credit Card,Online
ORD106516,CUST107184,PROD1037,2024-02-28,3,3402.6,0.09,9289.1,UPI,Store
ORD106517,CUST107872,PROD1037,2022-06-14,3,3402.6,0.08,9391.18,Cash on Delivery,Online
ORD106518,CUST102173,PROD1041,2022-05-04,2,4320.12,0.07,8035.42,UPI,Online
ORD106519,CUST103709,PROD1169,2024-01-04,4,2046.46,0.14,7039.82,Cash on Delivery,Store
ORD106520,CUST100129,PROD1176,2024-06-19,3,770.65,0.26,1710.84,UPI,Store
ORD106521,CUST105887,PROD1056,2022-09-30,1,1642.96,0.03,1593.67,Debit Card,Online
ORD106522,CUST101558,PROD1099,2023-01-17,2,4731.44,0.26,7002.53,Debit Card,Store
ORD106523,CUST103200,PROD1053,2023-04-19,4,1312.97,0.15,4464.1,Net Banking,Store
ORD106524,CUST103724,PROD1137,2022-12-20,2,3649.67,0.2,5839.47,UPI,Online
ORD106525,CUST103533,PROD1187,2022-04-07,2,4781.3,0.24,7267.58,Cash on Delivery,Store
ORD106526,CUST105065,PROD1039,2022-03-23,1,2735.18,0.09,2489.01,Credit Card,Online
ORD106527,CUST109995,PROD1128,2023-06-21,1,3522.95,0.29,2501.29,Net Banking,Store
ORD106528,CUST104693,PROD1119,2022-12-27,1,3955.63,0.03,3836.96,Net Banking,Online
ORD106529,CUST108806,PROD1085,2022-03-02,3,657.06,0.16,1655.79,Debit Card,Store
ORD106530,CUST105262,PROD1063,2022-04-04,4,4377.63,0.08,16109.68,UPI,Online
ORD106531,CUST101864,PROD1080,2024-03-15,3,760.03,0.12,2006.48,UPI,Store
ORD106532,CUST100687,PROD1011,2024-09-06,2,1834.14,0.13,3191.4,Net Banking,Store
ORD106533,CUST107300,PROD1184,2022-12-31,4,4915.01,0.27,14351.83,Debit Card,Online
ORD106534,CUST106407,PROD1088,2024-08-19,4,4002.67,0.13,13929.29,Credit Card,Store
ORD106535,CUST104242,PROD1025,2024-01-28,2,1799.14,0.21,2842.64,Debit Card,Store
ORD106536,CUST105959,PROD1039,2023-10-15,2,2735.18,0.29,3883.96,UPI,Online
ORD106537,CUST106023,PROD1109,2024-06-07,3,4287.18,0.15,10932.31,Credit Card,Online
ORD106538,CUST106198,PROD1112,2024-02-04,1,441.15,0.12,388.21,Net Banking,Store
ORD106539,CUST101617,PROD1042,2022-10-23,1,935.8,0.29,664.42,Credit Card,Store
ORD106540,CUST106080,PROD1071,2023-11-13,2,1115.14,0.25,1672.71,Net Banking,Online
ORD106541,CUST101899,PROD1140,2024-05-01,1,4426.54,0.28,3187.11,Debit Card,Online
ORD106542,CUST102034,PROD1089,2024-04-17,4,1920.59,0.12,6760.48,Credit Card,Store
ORD106543,CUST106322,PROD1183,2024-08-28,3,927.52,0.21,2198.22,Cash on Delivery,Store
ORD106544,CUST107529,PROD1016,2024-01-20,1,3052.07,0.07,2838.43,UPI,Online
ORD106545,CUST107375,PROD1087,2024-07-09,2,3115.6,0.26,4611.09,Net Banking,Online
ORD106546,CUST103973,PROD1023,2022-06-19,2,554.45,0.28,798.41,Credit Card,Store
ORD106547,CUST100725,PROD1075,2024-06-24,1,2758.4,0.08,2537.73,Credit Card,Store
ORD106548,CUST103503,PROD1057,2024-05-12,2,2667.72,0.03,5175.38,Cash on Delivery,Store
ORD106549,CUST108031,PROD1188,2022-10-26,2,2539.12,0.06,4773.55,Debit Card,Online
ORD106550,CUST109369,PROD1155,2023-12-09,4,2625.54,0.19,8506.75,Cash on Delivery,Store
ORD106551,CUST102340,PROD1194,2024-06-14,3,270.22,0.08,745.81,Credit Card,Online
ORD106552,CUST106539,PROD1096,2024-05-06,3,4510.68,0.19,10960.95,UPI,Online
ORD106553,CUST103041,PROD1050,2023-10-30,1,4767.36,0.11,4242.95,Credit Card,Online
ORD106554,CUST107100,PROD1087,2024-07-08,4,3115.6,0.28,8972.93,Credit Card,Store
ORD106555,CUST101559,PROD1091,2023-09-03,4,1656.34,0.14,5697.81,Credit Card,Store
ORD106556,CUST100400,PROD1110,2024-03-19,4,2932.67,0.15,9971.08,Cash on Delivery,Online
ORD106557,CUST104210,PROD1166,2022-11-13,4,4056.26,0.1,14602.54,Cash on Delivery,Store
ORD106558,CUST103331,PROD1193,2024-06-10,2,4987.26,0.02,9775.03,Net Banking,Store
ORD106559,CUST104971,PROD1100,2023-10-07,1,3701.69,0.15,3146.44,Net Banking,Online
ORD106560,CUST101249,PROD1167,2024-05-14,3,3946.83,0.23,9117.18,Net Banking,Store
ORD106561,CUST108805,PROD1012,2023-10-13,3,1673.76,0.29,3565.11,Credit Card,Online
ORD106562,CUST104226,PROD1146,2022-09-21,4,2720.43,0.02,10664.09,Net Banking,Store
ORD106563,CUST106407,PROD1005,2023-10-23,3,900.54,0.24,2053.23,Net Banking,Store
ORD106564,CUST105643,PROD1145,2023-04-25,1,4568.9,0.08,4203.39,Debit Card,Online
ORD106565,CUST101954,PROD1008,2024-08-17,3,1199.69,0.25,2699.3,Cash on Delivery,Store
ORD106566,CUST106977,PROD1080,2022-09-18,2,760.03,0.1,1368.05,Net Banking,Store
ORD106567,CUST108540,PROD1067,2023-06-30,4,1221.16,0.03,4738.1,Cash on Delivery,Store
ORD106568,CUST108352,PROD1053,2023-06-05,3,1312.97,0.18,3229.91,UPI,Store
ORD106569,CUST108305,PROD1125,2024-03-16,1,4537.33,0.27,3312.25,Debit Card,Online
ORD106570,CUST106161,PROD1049,2022-02-12,3,2805.47,0.05,7995.59,UPI,Online
ORD106571,CUST107271,PROD1069,2022-04-06,1,3553.73,0.01,3518.19,Cash on Delivery,Online
ORD106572,CUST105461,PROD1138,2023-01-29,2,3504.61,0.27,5116.73,Cash on Delivery,Online
ORD106573,CUST109677,PROD1182,2023-06-08,3,572.67,0.21,1357.23,UPI,Store
ORD106574,CUST101628,PROD1117,2022-12-21,4,2765.48,0.24,8407.06,Net Banking,Store
ORD106575,CUST107980,PROD1169,2024-09-25,1,2046.46,0.02,2005.53,Debit Card,Online
ORD106576,CUST104238,PROD1089,2023-02-06,2,1920.59,0.27,2804.06,Cash on Delivery,Store
ORD106577,CUST106596,PROD1138,2023-04-16,4,3504.61,0.13,12196.04,Credit Card,Online
ORD106578,CUST102498,PROD1071,2023-10-14,2,1115.14,0.27,1628.1,Debit Card,Online
ORD106579,CUST101995,PROD1066,2022-10-14,3,3804.6,0.02,11185.52,UPI,Store
ORD106580,CUST100595,PROD1129,2024-02-18,2,1033.9,0.27,1509.49,Cash on Delivery,Store
ORD106581,CUST100939,PROD1193,2024-05-15,2,4987.26,0.2,7979.62,Cash on Delivery,Online
ORD106582,CUST101299,PROD1025,2022-10-10,1,1799.14,0.17,1493.29,UPI,Store
ORD106583,CUST105414,PROD1075,2023-06-17,1,2758.4,0.02,2703.23,Credit Card,Online
ORD106584,CUST109344,PROD1036,2024-06-14,4,924.34,0.21,2920.91,Credit Card,Store
ORD106585,CUST103016,PROD1035,2024-08-27,4,1309.41,0.18,4294.86,Cash on Delivery,Online
ORD106586,CUST109589,PROD1015,2022-09-26,1,3483.28,0.22,2716.96,Net Banking,Store
ORD106587,CUST102869,PROD1077,2024-02-01,3,4838.73,0.22,11322.63,Credit Card,Store
ORD106588,CUST109352,PROD1065,2023-07-11,2,1779.33,0.13,3096.03,Credit Card,Store
ORD106589,CUST106381,PROD1020,2023-11-18,3,319.32,0.06,900.48,Net Banking,Online
ORD106590,CUST108987,PROD1134,2022-10-08,3,3708.05,0.28,8009.39,Credit Card,Online
ORD106591,CUST104130,PROD1138,2022-03-18,4,3504.61,0.28,10093.28,Net Banking,Online
ORD106592,CUST107463,PROD1183,2024-01-15,1,927.52,0.06,871.87,UPI,Online
ORD106593,CUST102917,PROD1171,2024-04-11,2,4945.55,0.19,8011.79,Debit Card,Online
ORD106594,CUST104353,PROD1053,2023-12-11,3,1312.97,0.06,3702.58,Debit Card,Online
ORD106595,CUST104365,PROD1092,2022-12-21,3,2248.29,0.26,4991.2,UPI,Online
ORD106596,CUST103118,PROD1184,2022-09-12,3,4915.01,0.03,14302.68,Credit Card,Online
ORD106597,CUST106749,PROD1057,2023-10-30,3,2667.72,0.3,5602.21,Debit Card,Store
ORD106598,CUST109145,PROD1036,2024-07-04,1,924.34,0.18,757.96,UPI,Store
ORD106599,CUST109917,PROD1119,2024-09-06,3,3955.63,0.01,11748.22,Debit Card,Store
ORD106600,CUST109702,PROD1175,2023-03-01,4,2304.65,0.26,6821.76,Credit Card,Store
ORD106601,CUST109778,PROD1189,2022-01-04,1,4197.72,0.21,3316.2,Net Banking,Online
ORD106602,CUST101741,PROD1038,2022-03-25,2,2162.08,0.21,3416.09,UPI,Store
ORD106603,CUST102458,PROD1191,2023-12-10,3,598.34,0.08,1651.42,Debit Card,Store
ORD106604,CUST106355,PROD1103,2022-08-02,1,472.31,0.1,425.08,Credit Card,Store
ORD106605,CUST109584,PROD1067,2024-03-02,1,1221.16,0.27,891.45,Debit Card,Online
ORD106606,CUST107063,PROD1067,2023-10-19,3,1221.16,0.19,2967.42,Credit Card,Store
ORD106607,CUST103337,PROD1154,2024-06-19,1,1389.72,0.01,1375.82,Credit Card,Store
ORD106608,CUST106278,PROD1197,2022-02-26,3,2029.94,0.1,5480.84,Credit Card,Online
ORD106609,CUST106003,PROD1103,2022-06-03,4,472.31,0.18,1549.18,Credit Card,Store
ORD106610,CUST100789,PROD1059,2023-09-04,4,4207.05,0.04,16155.07,UPI,Online
ORD106611,CUST106458,PROD1171,2023-12-13,1,4945.55,0.03,4797.18,Net Banking,Online
ORD106612,CUST108491,PROD1157,2024-08-26,4,1005.94,0.02,3943.28,UPI,Online
ORD106613,CUST101321,PROD1185,2023-02-05,1,2516.6,0.19,2038.45,Debit Card,Store
ORD106614,CUST106422,PROD1125,2024-08-09,4,4537.33,0.1,16334.39,UPI,Store
ORD106615,CUST104469,PROD1122,2023-06-04,2,2405.73,0.11,4282.2,UPI,Store
ORD106616,CUST107655,PROD1035,2024-08-17,3,1309.41,0.02,3849.67,Debit Card,Online
ORD106617,CUST102109,PROD1132,2024-08-22,2,1728.02,0.22,2695.71,Net Banking,Store
ORD106618,CUST107022,PROD1123,2023-06-06,1,4620.97,0.23,3558.15,UPI,Store
ORD106619,CUST102385,PROD1146,2024-08-03,3,2720.43,0.25,6120.97,Credit Card,Store
ORD106620,CUST103446,PROD1139,2023-09-28,2,3501.6,0.2,5602.56,UPI,Store
ORD106621,CUST105085,PROD1089,2024-08-08,3,1920.59,0.23,4436.56,Debit Card,Store
ORD106622,CUST107436,PROD1187,2022-09-27,4,4781.3,0.17,15873.92,Net Banking,Online
ORD106623,CUST100618,PROD1082,2024-05-08,3,595.95,0.15,1519.67,UPI,Online
ORD106624,CUST104890,PROD1138,2023-06-23,2,3504.61,0.08,6448.48,UPI,Store
ORD106625,CUST109074,PROD1052,2023-05-27,2,2302.12,0.02,4512.16,Debit Card,Store
ORD106626,CUST101703,PROD1019,2023-06-01,2,1794.76,0.09,3266.46,Cash on Delivery,Online
ORD106627,CUST107753,PROD1072,2024-04-26,1,4258.76,0.21,3364.42,Cash on Delivery,Store
ORD106628,CUST102419,PROD1083,2023-02-16,2,1976.87,0.28,2846.69,UPI,Online
ORD106629,CUST108699,PROD1026,2023-10-07,2,3182.76,0.08,5856.28,Credit Card,Online
ORD106630,CUST106371,PROD1057,2022-12-08,1,2667.72,0.2,2134.18,UPI,Store
ORD106631,CUST101417,PROD1122,2022-05-20,4,2405.73,0.14,8275.71,Cash on Delivery,Store
ORD106632,CUST106158,PROD1132,2022-09-21,2,1728.02,0.19,2799.39,UPI,Store
ORD106633,CUST107148,PROD1073,2024-04-06,3,2162.76,0.0,6488.28,Credit Card,Online
ORD106634,CUST102860,PROD1136,2023-03-25,4,4779.14,0.04,18351.9,Net Banking,Online
ORD106635,CUST102385,PROD1076,2022-08-15,4,4330.45,0.07,16109.27,UPI,Online
ORD106636,CUST109478,PROD1124,2022-03-01,3,1557.13,0.27,3410.11,Debit Card,Store
ORD106637,CUST100925,PROD1124,2022-03-21,3,1557.13,0.01,4624.68,Credit Card,Store
ORD106638,CUST106221,PROD1031,2022-02-24,1,3607.34,0.17,2994.09,UPI,Online
ORD106639,CUST100228,PROD1199,2023-08-29,2,4504.11,0.28,6485.92,Cash on Delivery,Store
ORD106640,CUST101768,PROD1181,2023-03-03,3,2171.47,0.2,5211.53,UPI,Online
ORD106641,CUST106591,PROD1172,2023-07-07,1,3051.89,0.15,2594.11,Cash on Delivery,Online
ORD106642,CUST104542,PROD1026,2023-06-06,1,3182.76,0.12,2800.83,Debit Card,Online
ORD106643,CUST106575,PROD1155,2022-08-14,4,2625.54,0.19,8506.75,Net Banking,Store
ORD106644,CUST107336,PROD1017,2022-04-26,1,791.05,0.14,680.3,Cash on Delivery,Store
ORD106645,CUST104893,PROD1086,2024-08-28,1,4422.95,0.21,3494.13,UPI,Store
ORD106646,CUST109425,PROD1104,2022-12-06,1,431.37,0.19,349.41,Debit Card,Store
ORD106647,CUST107426,PROD1158,2022-04-17,4,611.58,0.17,2030.45,Credit Card,Online
ORD106648,CUST102596,PROD1040,2023-06-03,3,331.95,0.29,707.05,UPI,Online
ORD106649,CUST109501,PROD1033,2023-06-17,1,647.39,0.25,485.54,Credit Card,Store
ORD106650,CUST107221,PROD1006,2024-02-03,2,2076.92,0.18,3406.15,Cash on Delivery,Store
ORD106651,CUST108660,PROD1004,2022-11-27,4,1760.0,0.16,5913.6,Debit Card,Online
ORD106652,CUST109045,PROD1020,2022-04-11,3,319.32,0.22,747.21,Net Banking,Store
ORD106653,CUST106115,PROD1133,2022-08-03,1,1474.25,0.24,1120.43,UPI,Store
ORD106654,CUST101123,PROD1172,2023-07-10,4,3051.89,0.09,11108.88,Debit Card,Online
ORD106655,CUST101620,PROD1119,2022-08-11,3,3955.63,0.2,9493.51,Debit Card,Online
ORD106656,CUST103974,PROD1162,2022-07-29,3,307.56,0.04,885.77,Net Banking,Store
ORD106657,CUST107943,PROD1105,2022-12-10,2,850.29,0.13,1479.5,Cash on Delivery,Store
ORD106658,CUST103029,PROD1086,2023-12-27,1,4422.95,0.28,3184.52,Net Banking,Store
ORD106659,CUST101470,PROD1130,2024-03-15,2,1651.44,0.1,2972.59,Net Banking,Online
ORD106660,CUST108284,PROD1160,2024-01-21,4,2584.14,0.05,9819.73,Net Banking,Online
ORD106661,CUST101276,PROD1037,2023-03-04,1,3402.6,0.04,3266.5,Credit Card,Online
ORD106662,CUST109848,PROD1086,2022-03-06,4,4422.95,0.12,15568.78,UPI,Store
ORD106663,CUST103110,PROD1079,2022-09-11,4,127.55,0.07,474.49,Net Banking,Store
ORD106664,CUST104641,PROD1112,2024-05-31,1,441.15,0.13,383.8,UPI,Store
ORD106665,CUST103429,PROD1143,2023-06-02,3,3731.95,0.22,8732.76,Net Banking,Online
ORD106666,CUST107176,PROD1088,2022-10-21,4,4002.67,0.27,11687.8,Cash on Delivery,Online
ORD106667,CUST108379,PROD1105,2022-08-09,4,850.29,0.03,3299.13,Cash on Delivery,Store
ORD106668,CUST106788,PROD1070,2023-03-03,1,3731.49,0.23,2873.25,Net Banking,Store
ORD106669,CUST106282,PROD1007,2022-11-09,3,4532.56,0.03,13189.75,Debit Card,Online
ORD106670,CUST109295,PROD1130,2023-12-16,2,1651.44,0.11,2939.56,UPI,Online
ORD106671,CUST105375,PROD1068,2023-04-09,1,3161.5,0.3,2213.05,Cash on Delivery,Store
ORD106672,CUST102226,PROD1127,2023-08-05,4,509.27,0.02,1996.34,Credit Card,Store
ORD106673,CUST101280,PROD1018,2023-07-31,1,4703.75,0.01,4656.71,Debit Card,Online
ORD106674,CUST104313,PROD1134,2022-09-09,2,3708.05,0.1,6674.49,Cash on Delivery,Store
ORD106675,CUST104093,PROD1085,2023-11-26,2,657.06,0.29,933.03,Debit Card,Store
ORD106676,CUST101340,PROD1049,2022-04-22,4,2805.47,0.01,11109.66,UPI,Online
ORD106677,CUST108782,PROD1133,2024-02-03,3,1474.25,0.07,4113.16,Debit Card,Online
ORD106678,CUST108870,PROD1132,2022-10-18,2,1728.02,0.18,2833.95,Credit Card,Store
ORD106679,CUST108807,PROD1060,2022-10-07,1,4998.52,0.07,4648.62,Debit Card,Online
ORD106680,CUST107983,PROD1094,2022-10-21,3,2515.62,0.02,7395.92,Cash on Delivery,Store
ORD106681,CUST109041,PROD1057,2023-05-30,2,2667.72,0.02,5228.73,Credit Card,Online
ORD106682,CUST102007,PROD1149,2022-06-28,1,1630.37,0.17,1353.21,UPI,Store
ORD106683,CUST104170,PROD1184,2022-07-08,1,4915.01,0.17,4079.46,Cash on Delivery,Online
ORD106684,CUST108527,PROD1031,2022-06-17,4,3607.34,0.21,11399.19,UPI,Online
ORD106685,CUST108995,PROD1144,2022-02-23,4,1220.66,0.04,4687.33,Net Banking,Store
ORD106686,CUST108554,PROD1185,2023-08-01,1,2516.6,0.15,2139.11,Cash on Delivery,Store
ORD106687,CUST106333,PROD1168,2023-09-19,4,736.02,0.18,2414.15,Debit Card,Online
ORD106688,CUST107639,PROD1021,2022-11-12,4,1572.17,0.07,5848.47,UPI,Online
ORD106689,CUST102021,PROD1079,2022-09-28,2,127.55,0.16,214.28,Debit Card,Store
ORD106690,CUST106213,PROD1041,2023-12-27,3,4320.12,0.21,10238.68,Credit Card,Store
ORD106691,CUST102569,PROD1078,2023-03-06,2,3766.22,0.3,5272.71,UPI,Store
ORD106692,CUST107381,PROD1135,2023-09-14,3,3539.91,0.18,8708.18,UPI,Store
ORD106693,CUST102075,PROD1045,2022-07-02,2,770.29,0.26,1140.03,Credit Card,Online
ORD106694,CUST109096,PROD1175,2022-09-17,1,2304.65,0.25,1728.49,Credit Card,Online
ORD106695,CUST106054,PROD1114,2022-01-24,4,671.01,0.28,1932.51,Credit Card,Store
ORD106696,CUST107997,PROD1130,2024-04-30,2,1651.44,0.22,2576.25,Credit Card,Store
ORD106697,CUST104458,PROD1076,2022-04-04,3,4330.45,0.06,12211.87,Net Banking,Online
ORD106698,CUST102085,PROD1029,2022-09-13,4,935.53,0.09,3405.33,UPI,Online
ORD106699,CUST102711,PROD1027,2022-08-02,4,133.03,0.24,404.41,Net Banking,Store
ORD106700,CUST106847,PROD1072,2024-05-20,2,4258.76,0.16,7154.72,Net Banking,Store
ORD106701,CUST103704,PROD1152,2023-05-11,4,3367.3,0.08,12391.66,Debit Card,Online
ORD106702,CUST105802,PROD1164,2022-02-09,3,3496.96,0.2,8392.7,UPI,Online
ORD106703,CUST105229,PROD1178,2024-03-05,2,4804.5,0.27,7014.57,UPI,Online
ORD106704,CUST100143,PROD1038,2023-04-08,3,2162.08,0.11,5772.75,UPI,Online
ORD106705,CUST103268,PROD1082,2023-03-12,1,595.95,0.18,488.68,UPI,Store
ORD106706,CUST109261,PROD1199,2023-07-03,1,4504.11,0.17,3738.41,Credit Card,Store
ORD106707,CUST102185,PROD1066,2024-02-08,4,3804.6,0.04,14609.66,Cash on Delivery,Online
ORD106708,CUST102537,PROD1128,2023-12-17,4,3522.95,0.03,13669.05,Debit Card,Store
ORD106709,CUST106745,PROD1037,2024-06-23,3,3402.6,0.27,7451.69,Debit Card,Online
ORD106710,CUST105697,PROD1179,2022-07-30,1,3516.31,0.28,2531.74,Credit Card,Online
ORD106711,CUST100301,PROD1190,2024-07-02,3,2787.44,0.27,6104.49,Net Banking,Store
ORD106712,CUST102165,PROD1051,2022-05-03,4,2585.17,0.12,9099.8,Cash on Delivery,Online
ORD106713,CUST101760,PROD1082,2024-03-17,3,595.95,0.09,1626.94,Debit Card,Online
ORD106714,CUST105286,PROD1084,2023-04-04,4,1758.62,0.28,5064.83,Net Banking,Store
ORD106715,CUST102654,PROD1187,2024-08-28,1,4781.3,0.26,3538.16,UPI,Online
ORD106716,CUST104867,PROD1012,2022-10-13,2,1673.76,0.25,2510.64,Cash on Delivery,Store
ORD106717,CUST109640,PROD1016,2022-10-03,3,3052.07,0.1,8240.59,Cash on Delivery,Online
ORD106718,CUST105092,PROD1083,2022-09-01,4,1976.87,0.19,6405.06,UPI,Online
ORD106719,CUST106580,PROD1157,2024-02-01,2,1005.94,0.23,1549.15,Debit Card,Online
ORD106720,CUST100631,PROD1165,2022-05-23,2,4146.73,0.17,6883.57,Cash on Delivery,Store
ORD106721,CUST108553,PROD1138,2024-01-31,1,3504.61,0.18,2873.78,Credit Card,Online
ORD106722,CUST102074,PROD1154,2022-11-16,4,1389.72,0.23,4280.34,Credit Card,Store
ORD106723,CUST104400,PROD1037,2023-01-10,3,3402.6,0.23,7860.01,Credit Card,Store
ORD106724,CUST102770,PROD1027,2024-07-09,2,133.03,0.07,247.44,Cash on Delivery,Store
ORD106725,CUST108960,PROD1153,2023-03-09,4,656.81,0.12,2311.97,Debit Card,Store
ORD106726,CUST109177,PROD1102,2023-08-02,4,3752.53,0.23,11557.79,Net Banking,Online
ORD106727,CUST108396,PROD1160,2022-05-02,2,2584.14,0.08,4754.82,Debit Card,Online
ORD106728,CUST109058,PROD1159,2022-08-23,1,464.94,0.27,339.41,Net Banking,Store
ORD106729,CUST105110,PROD1181,2024-03-04,4,2171.47,0.25,6514.41,Cash on Delivery,Online
ORD106730,CUST100661,PROD1152,2023-03-05,1,3367.3,0.27,2458.13,UPI,Online
ORD106731,CUST100678,PROD1023,2024-01-02,2,554.45,0.09,1009.1,Net Banking,Store
ORD106732,CUST106363,PROD1167,2022-05-06,2,3946.83,0.03,7656.85,Net Banking,Online
ORD106733,CUST100299,PROD1154,2024-02-13,1,1389.72,0.03,1348.03,Debit Card,Store
ORD106734,CUST100257,PROD1045,2024-01-20,1,770.29,0.17,639.34,Cash on Delivery,Online
ORD106735,CUST102762,PROD1083,2023-06-28,1,1976.87,0.09,1798.95,Debit Card,Store
ORD106736,CUST100239,PROD1096,2022-07-22,3,4510.68,0.08,12449.48,Cash on Delivery,Store
ORD106737,CUST107994,PROD1068,2024-08-30,1,3161.5,0.07,2940.2,Net Banking,Store
ORD106738,CUST103300,PROD1068,2022-09-30,1,3161.5,0.17,2624.04,UPI,Store
ORD106739,CUST107323,PROD1038,2022-06-23,1,2162.08,0.16,1816.15,Cash on Delivery,Online
ORD106740,CUST102265,PROD1156,2024-03-31,3,4272.09,0.13,11150.15,Net Banking,Online
ORD106741,CUST104290,PROD1074,2022-08-26,4,1160.21,0.04,4455.21,UPI,Online
ORD106742,CUST105647,PROD1085,2024-05-17,3,657.06,0.28,1419.25,Debit Card,Online
ORD106743,CUST107931,PROD1030,2024-09-16,4,3330.72,0.13,11590.91,Debit Card,Online
ORD106744,CUST106706,PROD1064,2024-06-18,1,4980.76,0.04,4781.53,Cash on Delivery,Store
ORD106745,CUST106683,PROD1014,2023-04-07,1,2197.11,0.01,2175.14,Cash on Delivery,Online
ORD106746,CUST106771,PROD1082,2022-04-20,3,595.95,0.05,1698.46,Cash on Delivery,Online
ORD106747,CUST108600,PROD1073,2023-02-16,3,2162.76,0.09,5904.33,Debit Card,Online
ORD106748,CUST107608,PROD1008,2022-03-12,2,1199.69,0.19,1943.5,Cash on Delivery,Online
ORD106749,CUST100520,PROD1012,2023-10-18,3,1673.76,0.29,3565.11,Net Banking,Online
ORD106750,CUST105642,PROD1119,2023-12-19,3,3955.63,0.08,10917.54,Credit Card,Online
ORD106751,CUST103884,PROD1044,2022-12-23,1,452.32,0.24,343.76,Credit Card,Online
ORD106752,CUST101876,PROD1089,2023-02-27,1,1920.59,0.27,1402.03,Cash on Delivery,Store
ORD106753,CUST102741,PROD1133,2022-08-29,1,1474.25,0.12,1297.34,Net Banking,Store
ORD106754,CUST103532,PROD1103,2023-08-26,3,472.31,0.08,1303.58,Net Banking,Store
ORD106755,CUST100650,PROD1043,2023-11-01,2,1864.75,0.15,3170.08,Net Banking,Online
ORD106756,CUST102158,PROD1001,2023-12-20,1,2108.14,0.27,1538.94,UPI,Store
ORD106757,CUST102651,PROD1156,2023-07-23,2,4272.09,0.0,8544.18,Net Banking,Store
ORD106758,CUST109220,PROD1175,2023-07-22,2,2304.65,0.15,3917.9,Debit Card,Online
ORD106759,CUST109747,PROD1124,2023-11-10,3,1557.13,0.23,3596.97,Debit Card,Store
ORD106760,CUST107462,PROD1011,2022-05-07,3,1834.14,0.18,4511.98,Net Banking,Store
ORD106761,CUST107625,PROD1113,2023-03-02,1,2996.04,0.15,2546.63,Credit Card,Online
ORD106762,CUST108129,PROD1066,2023-06-14,4,3804.6,0.17,12631.27,UPI,Online
ORD106763,CUST107038,PROD1177,2022-03-16,3,3377.85,0.19,8208.18,Debit Card,Store
ORD106764,CUST108704,PROD1010,2022-10-05,2,794.74,0.2,1271.58,Debit Card,Online
ORD106765,CUST101235,PROD1004,2023-05-09,3,1760.0,0.11,4699.2,Debit Card,Store
ORD106766,CUST100118,PROD1044,2023-01-23,3,452.32,0.16,1139.85,UPI,Store
ORD106767,CUST100259,PROD1116,2024-02-10,2,4033.51,0.08,7421.66,Net Banking,Store
ORD106768,CUST105518,PROD1174,2024-08-14,3,4761.29,0.3,9998.71,UPI,Store
ORD106769,CUST101198,PROD1133,2023-06-20,3,1474.25,0.06,4157.38,Net Banking,Online
ORD106770,CUST107581,PROD1079,2023-04-07,1,127.55,0.05,121.17,Cash on Delivery,Online
ORD106771,CUST106277,PROD1093,2022-11-04,2,3090.85,0.08,5687.16,Debit Card,Store
ORD106772,CUST102432,PROD1083,2023-08-02,4,1976.87,0.28,5693.39,Credit Card,Online
ORD106773,CUST107229,PROD1088,2022-05-03,4,4002.67,0.2,12808.54,UPI,Online
ORD106774,CUST100959,PROD1196,2022-10-14,4,1253.86,0.14,4313.28,UPI,Store
ORD106775,CUST102948,PROD1190,2022-02-22,3,2787.44,0.28,6020.87,Debit Card,Online
ORD106776,CUST100565,PROD1110,2023-03-21,2,2932.67,0.27,4281.7,Debit Card,Store
ORD106777,CUST105936,PROD1066,2022-05-01,4,3804.6,0.12,13392.19,Credit Card,Store
ORD106778,CUST106658,PROD1174,2023-11-29,3,4761.29,0.17,11855.61,Credit Card,Online
ORD106779,CUST102379,PROD1161,2023-02-23,4,4435.03,0.27,12950.29,Debit Card,Online
ORD106780,CUST108636,PROD1011,2024-03-09,1,1834.14,0.1,1650.73,Net Banking,Online
ORD106781,CUST106478,PROD1026,2024-08-10,3,3182.76,0.12,8402.49,Debit Card,Store
ORD106782,CUST103539,PROD1196,2024-01-26,4,1253.86,0.24,3811.73,Credit Card,Online
ORD106783,CUST102708,PROD1104,2022-03-17,3,431.37,0.21,1022.35,Debit Card,Store
ORD106784,CUST102335,PROD1085,2024-06-24,2,657.06,0.01,1300.98,Credit Card,Store
ORD106785,CUST109227,PROD1195,2022-03-25,3,4224.79,0.04,12167.4,Cash on Delivery,Store
ORD106786,CUST103044,PROD1116,2024-07-02,2,4033.51,0.25,6050.26,Net Banking,Online
ORD106787,CUST107790,PROD1155,2024-05-25,4,2625.54,0.01,10397.14,Credit Card,Online
ORD106788,CUST101286,PROD1198,2024-04-03,1,1926.28,0.28,1386.92,UPI,Store
ORD106789,CUST109650,PROD1172,2024-03-14,4,3051.89,0.08,11230.96,UPI,Store
ORD106790,CUST101630,PROD1129,2022-11-03,4,1033.9,0.18,3391.19,Net Banking,Online
ORD106791,CUST104027,PROD1136,2023-03-21,2,4779.14,0.17,7933.37,Net Banking,Online
ORD106792,CUST103116,PROD1030,2023-10-21,4,3330.72,0.12,11724.13,UPI,Online
ORD106793,CUST105665,PROD1163,2022-12-03,3,1140.38,0.01,3386.93,Cash on Delivery,Store
ORD106794,CUST100263,PROD1112,2024-05-21,2,441.15,0.06,829.36,Cash on Delivery,Online
ORD106795,CUST106444,PROD1104,2023-01-16,1,431.37,0.18,353.72,Credit Card,Online
ORD106796,CUST105575,PROD1014,2024-06-25,3,2197.11,0.13,5734.46,Net Banking,Online
ORD106797,CUST107393,PROD1096,2023-06-01,1,4510.68,0.12,3969.4,UPI,Store
ORD106798,CUST104199,PROD1189,2022-04-11,4,4197.72,0.03,16287.15,Net Banking,Online
ORD106799,CUST105082,PROD1030,2024-07-29,1,3330.72,0.1,2997.65,UPI,Store
ORD106800,CUST108412,PROD1154,2022-04-10,4,1389.72,0.16,4669.46,UPI,Online
ORD106801,CUST100333,PROD1001,2022-06-22,3,2108.14,0.02,6197.93,Credit Card,Online
ORD106802,CUST109516,PROD1042,2023-03-08,3,935.8,0.02,2751.25,Net Banking,Online
ORD106803,CUST109152,PROD1114,2022-04-18,2,671.01,0.15,1140.72,Cash on Delivery,Online
ORD106804,CUST109672,PROD1122,2024-02-21,3,2405.73,0.17,5990.27,Net Banking,Online
ORD106805,CUST100435,PROD1000,2024-06-03,4,1986.03,0.08,7308.59,UPI,Online
ORD106806,CUST102441,PROD1008,2022-01-28,2,1199.69,0.1,2159.44,Cash on Delivery,Store
ORD106807,CUST106877,PROD1187,2024-01-27,4,4781.3,0.24,14535.15,UPI,Online
ORD106808,CUST100042,PROD1129,2022-09-22,1,1033.9,0.26,765.09,Net Banking,Store
ORD106809,CUST100965,PROD1100,2022-11-11,2,3701.69,0.1,6663.04,UPI,Online
ORD106810,CUST100215,PROD1185,2022-02-07,4,2516.6,0.11,8959.1,Debit Card,Online
ORD106811,CUST104320,PROD1192,2023-08-28,4,3116.29,0.25,9348.87,Cash on Delivery,Store
ORD106812,CUST102705,PROD1109,2022-06-02,3,4287.18,0.29,9131.69,Credit Card,Online
ORD106813,CUST108964,PROD1139,2022-11-24,2,3501.6,0.1,6302.88,Debit Card,Store
ORD106814,CUST101822,PROD1182,2022-02-17,4,572.67,0.24,1740.92,UPI,Store
ORD106815,CUST104111,PROD1137,2024-07-03,3,3649.67,0.14,9416.15,Net Banking,Store
ORD106816,CUST106436,PROD1110,2023-10-04,1,2932.67,0.08,2698.06,UPI,Store
ORD106817,CUST108122,PROD1064,2022-01-06,2,4980.76,0.2,7969.22,Credit Card,Online
ORD106818,CUST108249,PROD1064,2023-02-18,2,4980.76,0.14,8566.91,Net Banking,Store
ORD106819,CUST104946,PROD1060,2022-03-02,2,4998.52,0.08,9197.28,Cash on Delivery,Online
ORD106820,CUST104743,PROD1094,2024-02-09,2,2515.62,0.03,4880.3,Cash on Delivery,Store
ORD106821,CUST101843,PROD1196,2023-03-11,4,1253.86,0.26,3711.43,UPI,Store
ORD106822,CUST105450,PROD1034,2022-12-05,1,847.63,0.26,627.25,Debit Card,Online
ORD106823,CUST100460,PROD1138,2022-09-26,3,3504.61,0.02,10303.55,Net Banking,Store
ORD106824,CUST109160,PROD1195,2024-03-27,4,4224.79,0.2,13519.33,Debit Card,Online
ORD106825,CUST103815,PROD1037,2024-01-27,4,3402.6,0.05,12929.88,UPI,Store
ORD106826,CUST107292,PROD1113,2022-01-08,2,2996.04,0.19,4853.58,Net Banking,Online
ORD106827,CUST107629,PROD1038,2024-02-16,4,2162.08,0.27,6313.27,Cash on Delivery,Online
ORD106828,CUST100289,PROD1148,2023-10-25,1,3902.89,0.08,3590.66,Cash on Delivery,Store
ORD106829,CUST109312,PROD1119,2023-04-30,4,3955.63,0.1,14240.27,UPI,Store
ORD106830,CUST106392,PROD1163,2023-12-13,4,1140.38,0.24,3466.76,Net Banking,Online
ORD106831,CUST108924,PROD1109,2022-11-25,3,4287.18,0.22,10032.0,UPI,Store
ORD106832,CUST106668,PROD1199,2023-02-04,4,4504.11,0.12,15854.47,Cash on Delivery,Online
ORD106833,CUST103576,PROD1019,2023-02-04,1,1794.76,0.25,1346.07,Credit Card,Store
ORD106834,CUST107985,PROD1042,2024-02-19,2,935.8,0.28,1347.55,Debit Card,Online
ORD106835,CUST106848,PROD1148,2023-12-30,2,3902.89,0.14,6712.97,UPI,Store
ORD106836,CUST103782,PROD1162,2024-06-07,1,307.56,0.01,304.48,Credit Card,Store
ORD106837,CUST106915,PROD1063,2023-01-30,2,4377.63,0.15,7441.97,Cash on Delivery,Store
ORD106838,CUST104937,PROD1106,2022-12-04,2,822.51,0.22,1283.12,UPI,Online
ORD106839,CUST104058,PROD1031,2024-06-27,4,3607.34,0.07,13419.3,Cash on Delivery,Online
ORD106840,CUST102156,PROD1035,2023-02-23,1,1309.41,0.03,1270.13,Cash on Delivery,Online
ORD106841,CUST102877,PROD1104,2022-07-29,3,431.37,0.09,1177.64,UPI,Store
ORD106842,CUST108134,PROD1068,2022-12-29,4,3161.5,0.0,12646.0,Credit Card,Online
ORD106843,CUST109259,PROD1108,2024-09-16,1,871.28,0.21,688.31,UPI,Online
ORD106844,CUST104437,PROD1179,2022-06-20,4,3516.31,0.04,13502.63,Cash on Delivery,Store
ORD106845,CUST103920,PROD1131,2022-04-11,1,768.23,0.22,599.22,Net Banking,Store
ORD106846,CUST101127,PROD1006,2023-02-18,2,2076.92,0.07,3863.07,Cash on Delivery,Online
ORD106847,CUST106601,PROD1083,2023-07-26,3,1976.87,0.3,4151.43,UPI,Online
ORD106848,CUST104067,PROD1198,2022-11-19,4,1926.28,0.16,6472.3,Credit Card,Online
ORD106849,CUST109182,PROD1151,2022-01-29,2,4916.65,0.01,9734.97,Cash on Delivery,Online
ORD106850,CUST103486,PROD1148,2023-10-27,1,3902.89,0.23,3005.23,Credit Card,Store
ORD106851,CUST104727,PROD1184,2023-08-01,4,4915.01,0.12,17300.84,Credit Card,Online
ORD106852,CUST109617,PROD1146,2024-01-21,3,2720.43,0.18,6692.26,Debit Card,Online
ORD106853,CUST105509,PROD1155,2022-01-05,3,2625.54,0.29,5592.4,Credit Card,Online
ORD106854,CUST105481,PROD1159,2023-09-28,4,464.94,0.16,1562.2,Cash on Delivery,Online
ORD106855,CUST109649,PROD1033,2023-08-30,2,647.39,0.24,984.03,Cash on Delivery,Store
ORD106856,CUST103454,PROD1015,2023-06-01,3,3483.28,0.09,9509.35,UPI,Store
ORD106857,CUST101051,PROD1037,2022-03-26,4,3402.6,0.21,10752.22,UPI,Store
ORD106858,CUST107274,PROD1114,2022-08-28,4,671.01,0.03,2603.52,Credit Card,Online
ORD106859,CUST102587,PROD1080,2022-02-18,4,760.03,0.27,2219.29,Net Banking,Online
ORD106860,CUST103257,PROD1118,2022-01-26,1,833.05,0.06,783.07,Cash on Delivery,Online
ORD106861,CUST102242,PROD1131,2024-04-18,3,768.23,0.09,2097.27,Credit Card,Online
ORD106862,CUST104867,PROD1055,2023-02-18,4,2785.96,0.29,7912.13,UPI,Online
ORD106863,CUST109063,PROD1167,2022-04-08,1,3946.83,0.05,3749.49,Cash on Delivery,Store
ORD106864,CUST106832,PROD1119,2023-02-16,1,3955.63,0.08,3639.18,Debit Card,Store
ORD106865,CUST100127,PROD1049,2024-06-12,1,2805.47,0.17,2328.54,UPI,Store
ORD106866,CUST106015,PROD1108,2022-09-27,2,871.28,0.29,1237.22,Debit Card,Online
ORD106867,CUST108297,PROD1116,2022-10-01,2,4033.51,0.21,6372.95,Cash on Delivery,Online
ORD106868,CUST101406,PROD1167,2022-11-09,4,3946.83,0.03,15313.7,Net Banking,Online
ORD106869,CUST103420,PROD1105,2022-08-24,2,850.29,0.22,1326.45,Credit Card,Online
ORD106870,CUST105600,PROD1081,2022-07-28,3,473.74,0.13,1236.46,Credit Card,Store
ORD106871,CUST108182,PROD1113,2022-01-25,3,2996.04,0.3,6291.68,Net Banking,Store
ORD106872,CUST109192,PROD1048,2024-04-17,4,3417.13,0.19,11071.5,Credit Card,Online
ORD106873,CUST107488,PROD1047,2023-10-07,4,3493.68,0.16,11738.76,Credit Card,Online
ORD106874,CUST105097,PROD1133,2022-06-30,3,1474.25,0.17,3670.88,Debit Card,Store
ORD106875,CUST104112,PROD1125,2023-08-20,4,4537.33,0.19,14700.95,Credit Card,Store
ORD106876,CUST101393,PROD1132,2022-09-03,4,1728.02,0.22,5391.42,Debit Card,Online
ORD106877,CUST101871,PROD1078,2023-07-05,4,3766.22,0.02,14763.58,Credit Card,Store
ORD106878,CUST101089,PROD1172,2024-02-02,2,3051.89,0.04,5859.63,Credit Card,Online
ORD106879,CUST105535,PROD1143,2023-03-17,4,3731.95,0.09,13584.3,UPI,Online
ORD106880,CUST104166,PROD1111,2023-09-18,4,1904.48,0.14,6551.41,Net Banking,Online
ORD106881,CUST104539,PROD1144,2023-04-13,1,1220.66,0.09,1110.8,UPI,Store
ORD106882,CUST103016,PROD1186,2024-02-18,1,158.9,0.06,149.37,Credit Card,Store
ORD106883,CUST103315,PROD1119,2024-08-22,4,3955.63,0.28,11392.21,Debit Card,Store
ORD106884,CUST103892,PROD1183,2023-09-06,2,927.52,0.01,1836.49,Credit Card,Store
ORD106885,CUST101393,PROD1100,2024-09-25,1,3701.69,0.28,2665.22,Cash on Delivery,Store
ORD106886,CUST100720,PROD1106,2024-01-09,1,822.51,0.27,600.43,Cash on Delivery,Online
ORD106887,CUST104326,PROD1078,2024-02-05,4,3766.22,0.21,11901.26,Cash on Delivery,Store
ORD106888,CUST103597,PROD1162,2022-08-15,2,307.56,0.01,608.97,Cash on Delivery,Online
ORD106889,CUST104959,PROD1007,2024-01-31,4,4532.56,0.07,16861.12,Credit Card,Online
ORD106890,CUST107758,PROD1098,2022-10-08,1,1274.77,0.29,905.09,Cash on Delivery,Online
ORD106891,CUST107636,PROD1060,2023-11-01,2,4998.52,0.27,7297.84,Net Banking,Online
ORD106892,CUST103880,PROD1099,2023-05-29,4,4731.44,0.29,13437.29,Credit Card,Online
ORD106893,CUST104864,PROD1026,2022-07-31,3,3182.76,0.3,6683.8,UPI,Online
ORD106894,CUST106673,PROD1118,2022-02-05,1,833.05,0.02,816.39,Credit Card,Online
ORD106895,CUST108481,PROD1019,2023-07-03,4,1794.76,0.17,5958.6,Debit Card,Online
ORD106896,CUST106243,PROD1056,2024-02-09,2,1642.96,0.25,2464.44,Net Banking,Online
ORD106897,CUST106292,PROD1197,2022-08-28,3,2029.94,0.1,5480.84,Credit Card,Online
ORD106898,CUST108586,PROD1022,2022-12-30,4,1744.61,0.13,6071.24,UPI,Online
ORD106899,CUST100375,PROD1099,2023-03-07,4,4731.44,0.09,17222.44,Debit Card,Store
ORD106900,CUST106245,PROD1129,2022-04-01,1,1033.9,0.01,1023.56,Debit Card,Online
ORD106901,CUST105746,PROD1154,2023-08-31,4,1389.72,0.02,5447.7,UPI,Online
ORD106902,CUST104877,PROD1159,2022-07-06,3,464.94,0.01,1380.87,UPI,Online
ORD106903,CUST102139,PROD1177,2022-09-17,4,3377.85,0.16,11349.58,UPI,Store
ORD106904,CUST101974,PROD1191,2024-01-01,1,598.34,0.19,484.66,UPI,Online
ORD106905,CUST104501,PROD1039,2022-12-16,3,2735.18,0.09,7467.04,Cash on Delivery,Online
ORD106906,CUST106164,PROD1103,2023-12-08,3,472.31,0.25,1062.7,Net Banking,Store
ORD106907,CUST106162,PROD1032,2022-02-15,1,940.88,0.27,686.84,UPI,Store
ORD106908,CUST108604,PROD1028,2024-05-26,2,4912.04,0.04,9431.12,Cash on Delivery,Online
ORD106909,CUST106345,PROD1032,2024-09-13,3,940.88,0.02,2766.19,Credit Card,Online
ORD106910,CUST106130,PROD1099,2024-05-19,2,4731.44,0.1,8516.59,Debit Card,Online
ORD106911,CUST106155,PROD1144,2024-07-20,3,1220.66,0.21,2892.96,Credit Card,Online
ORD106912,CUST106278,PROD1073,2023-07-31,3,2162.76,0.15,5515.04,Credit Card,Store
ORD106913,CUST101378,PROD1064,2022-08-15,1,4980.76,0.15,4233.65,Cash on Delivery,Online
ORD106914,CUST101093,PROD1121,2023-07-22,4,1191.0,0.05,4525.8,Cash on Delivery,Online
ORD106915,CUST107135,PROD1042,2023-12-17,3,935.8,0.11,2498.59,UPI,Store
ORD106916,CUST100710,PROD1190,2023-07-01,4,2787.44,0.29,7916.33,UPI,Store
ORD106917,CUST107461,PROD1116,2022-04-29,3,4033.51,0.1,10890.48,Cash on Delivery,Online
ORD106918,CUST103486,PROD1126,2024-09-04,2,362.9,0.18,595.16,Net Banking,Store
ORD106919,CUST104892,PROD1099,2022-08-26,4,4731.44,0.02,18547.24,UPI,Online
ORD106920,CUST103499,PROD1185,2022-04-11,2,2516.6,0.02,4932.54,Credit Card,Online
ORD106921,CUST103227,PROD1090,2024-03-01,4,2110.16,0.13,7343.36,UPI,Online
ORD106922,CUST109803,PROD1042,2024-01-07,4,935.8,0.18,3069.42,UPI,Online
ORD106923,CUST100730,PROD1164,2022-11-30,2,3496.96,0.11,6224.59,Net Banking,Online
ORD106924,CUST106420,PROD1045,2023-05-22,1,770.29,0.05,731.78,Cash on Delivery,Online
ORD106925,CUST107432,PROD1024,2023-07-10,2,3137.89,0.22,4895.11,Net Banking,Online
ORD106926,CUST106192,PROD1097,2022-01-01,1,2401.45,0.04,2305.39,UPI,Store
ORD106927,CUST108801,PROD1194,2024-01-01,1,270.22,0.2,216.18,Net Banking,Online
ORD106928,CUST107188,PROD1092,2023-12-29,4,2248.29,0.29,6385.14,UPI,Online
ORD106929,CUST101467,PROD1098,2024-08-19,2,1274.77,0.14,2192.6,Net Banking,Store
ORD106930,CUST101558,PROD1104,2022-05-20,3,431.37,0.06,1216.46,Debit Card,Store
ORD106931,CUST105257,PROD1178,2024-06-27,3,4804.5,0.25,10810.12,Debit Card,Online
ORD106932,CUST100229,PROD1073,2024-07-11,2,2162.76,0.15,3676.69,UPI,Online
ORD106933,CUST106981,PROD1116,2022-10-03,3,4033.51,0.28,8712.38,Net Banking,Store
ORD106934,CUST105524,PROD1037,2023-01-02,1,3402.6,0.22,2654.03,UPI,Online
ORD106935,CUST108732,PROD1165,2023-09-16,2,4146.73,0.13,7215.31,Net Banking,Online
ORD106936,CUST102874,PROD1000,2024-01-25,1,1986.03,0.19,1608.68,Cash on Delivery,Store
ORD106937,CUST109127,PROD1053,2024-09-23,4,1312.97,0.05,4989.29,Net Banking,Store
ORD106938,CUST103092,PROD1192,2024-05-15,2,3116.29,0.12,5484.67,Net Banking,Store
ORD106939,CUST108021,PROD1095,2023-06-02,3,4205.79,0.18,10346.24,UPI,Store
ORD106940,CUST105730,PROD1021,2024-06-22,3,1572.17,0.18,3867.54,Net Banking,Online
ORD106941,CUST106957,PROD1188,2022-10-04,1,2539.12,0.18,2082.08,UPI,Store
ORD106942,CUST102692,PROD1185,2023-09-07,4,2516.6,0.22,7851.79,UPI,Store
ORD106943,CUST105224,PROD1181,2024-07-05,3,2171.47,0.03,6318.98,Credit Card,Store
ORD106944,CUST106766,PROD1018,2022-10-28,3,4703.75,0.02,13829.02,UPI,Online
ORD106945,CUST100003,PROD1197,2022-03-11,4,2029.94,0.04,7794.97,Net Banking,Store
ORD106946,CUST104759,PROD1033,2024-05-22,1,647.39,0.24,492.02,Debit Card,Store
ORD106947,CUST102934,PROD1043,2023-03-04,1,1864.75,0.02,1827.46,Cash on Delivery,Online
ORD106948,CUST104633,PROD1116,2022-07-06,4,4033.51,0.07,15004.66,Net Banking,Store
ORD106949,CUST107361,PROD1108,2022-06-07,4,871.28,0.08,3206.31,Net Banking,Store
ORD106950,CUST102407,PROD1066,2023-10-12,1,3804.6,0.19,3081.73,Net Banking,Online
ORD106951,CUST102567,PROD1113,2022-11-27,2,2996.04,0.12,5273.03,Credit Card,Store
ORD106952,CUST109288,PROD1179,2022-09-14,1,3516.31,0.06,3305.33,Debit Card,Online
ORD106953,CUST103149,PROD1021,2024-06-24,2,1572.17,0.13,2735.58,Net Banking,Online
ORD106954,CUST107827,PROD1028,2023-02-13,2,4912.04,0.21,7761.02,UPI,Store
ORD106955,CUST106838,PROD1141,2023-04-09,2,1551.56,0.24,2358.37,Debit Card,Online
ORD106956,CUST101357,PROD1061,2022-03-24,1,1679.78,0.04,1612.59,Debit Card,Store
ORD106957,CUST106228,PROD1014,2023-08-09,4,2197.11,0.21,6942.87,Net Banking,Store
ORD106958,CUST105615,PROD1141,2024-05-28,2,1551.56,0.0,3103.12,UPI,Online
ORD106959,CUST108270,PROD1114,2022-01-14,4,671.01,0.22,2093.55,Debit Card,Online
ORD106960,CUST109766,PROD1194,2022-05-11,4,270.22,0.2,864.7,Cash on Delivery,Online
ORD106961,CUST107473,PROD1149,2022-07-15,3,1630.37,0.14,4206.35,UPI,Online
ORD106962,CUST101605,PROD1096,2023-11-11,4,4510.68,0.04,17321.01,Debit Card,Store
ORD106963,CUST107284,PROD1086,2024-07-17,1,4422.95,0.23,3405.67,Debit Card,Online
ORD106964,CUST104975,PROD1124,2022-07-31,1,1557.13,0.02,1525.99,UPI,Store
ORD106965,CUST105569,PROD1119,2022-07-26,2,3955.63,0.27,5775.22,Credit Card,Store
ORD106966,CUST100027,PROD1006,2022-05-15,1,2076.92,0.23,1599.23,UPI,Store
ORD106967,CUST101352,PROD1083,2022-04-18,2,1976.87,0.22,3083.92,Cash on Delivery,Store
ORD106968,CUST103734,PROD1006,2024-02-10,1,2076.92,0.23,1599.23,Credit Card,Online
ORD106969,CUST107531,PROD1016,2023-09-23,2,3052.07,0.02,5982.06,Net Banking,Online
ORD106970,CUST100418,PROD1031,2024-01-01,1,3607.34,0.3,2525.14,Credit Card,Online
ORD106971,CUST108452,PROD1124,2022-06-14,1,1557.13,0.26,1152.28,Cash on Delivery,Store
ORD106972,CUST102107,PROD1078,2024-05-10,2,3766.22,0.15,6402.57,Cash on Delivery,Store
ORD106973,CUST106306,PROD1183,2022-06-03,4,927.52,0.22,2893.86,Cash on Delivery,Store
ORD106974,CUST104291,PROD1061,2022-12-13,3,1679.78,0.22,3930.69,Debit Card,Store
ORD106975,CUST109096,PROD1057,2022-01-25,1,2667.72,0.25,2000.79,Credit Card,Store
ORD106976,CUST102226,PROD1110,2024-07-24,4,2932.67,0.08,10792.23,Cash on Delivery,Store
ORD106977,CUST107660,PROD1185,2023-07-09,3,2516.6,0.11,6719.32,Credit Card,Store
ORD106978,CUST108759,PROD1130,2023-09-19,3,1651.44,0.24,3765.28,Credit Card,Store
ORD106979,CUST100778,PROD1088,2022-12-16,1,4002.67,0.23,3082.06,Net Banking,Online
ORD106980,CUST109117,PROD1079,2023-07-10,4,127.55,0.16,428.57,Net Banking,Online
ORD106981,CUST106258,PROD1117,2023-12-25,1,2765.48,0.12,2433.62,Net Banking,Store
ORD106982,CUST107521,PROD1000,2023-03-31,2,1986.03,0.29,2820.16,Debit Card,Store
ORD106983,CUST101615,PROD1109,2024-03-07,2,4287.18,0.12,7545.44,Debit Card,Store
ORD106984,CUST101849,PROD1066,2024-01-20,3,3804.6,0.23,8788.63,Net Banking,Online
ORD106985,CUST101943,PROD1147,2024-01-08,2,1570.61,0.12,2764.27,Cash on Delivery,Store
ORD106986,CUST102370,PROD1061,2022-08-06,4,1679.78,0.09,6114.4,UPI,Store
ORD106987,CUST107708,PROD1055,2024-05-08,2,2785.96,0.19,4513.26,Debit Card,Store
ORD106988,CUST108233,PROD1180,2022-09-03,2,4036.27,0.24,6135.13,UPI,Online
ORD106989,CUST103190,PROD1192,2022-11-09,4,3116.29,0.29,8850.26,Debit Card,Online
ORD106990,CUST107834,PROD1055,2024-05-25,4,2785.96,0.04,10698.09,Credit Card,Store
ORD106991,CUST101820,PROD1077,2023-10-11,2,4838.73,0.26,7161.32,Cash on Delivery,Online
ORD106992,CUST108632,PROD1172,2024-02-29,4,3051.89,0.16,10254.35,Debit Card,Online
ORD106993,CUST108295,PROD1078,2023-04-05,1,3766.22,0.03,3653.23,Credit Card,Store
ORD106994,CUST100568,PROD1095,2023-08-05,2,4205.79,0.24,6392.8,Cash on Delivery,Store
ORD106995,CUST108648,PROD1145,2023-06-02,3,4568.9,0.1,12336.03,Debit Card,Store
ORD106996,CUST100310,PROD1047,2023-10-29,4,3493.68,0.26,10341.29,Cash on Delivery,Store
ORD106997,CUST101907,PROD1037,2022-09-13,4,3402.6,0.05,12929.88,Debit Card,Store
ORD106998,CUST109899,PROD1021,2023-09-26,1,1572.17,0.21,1242.01,Net Banking,Store
ORD106999,CUST103455,PROD1198,2023-09-22,1,1926.28,0.09,1752.91,Debit Card,Store
ORD107000,CUST101691,PROD1072,2023-04-12,3,4258.76,0.08,11754.18,Debit Card,Online
ORD107001,CUST107332,PROD1128,2024-03-30,1,3522.95,0.02,3452.49,Credit Card,Online
ORD107002,CUST104502,PROD1169,2024-04-17,1,2046.46,0.14,1759.96,Net Banking,Store
ORD107003,CUST100580,PROD1124,2023-05-21,3,1557.13,0.12,4110.82,UPI,Store
ORD107004,CUST102015,PROD1123,2024-08-02,2,4620.97,0.02,9057.1,Cash on Delivery,Store
ORD107005,CUST107643,PROD1199,2022-07-28,1,4504.11,0.07,4188.82,UPI,Store
ORD107006,CUST106862,PROD1074,2024-05-10,2,1160.21,0.15,1972.36,UPI,Online
ORD107007,CUST104055,PROD1196,2023-02-11,3,1253.86,0.24,2858.8,Net Banking,Online
ORD107008,CUST107583,PROD1156,2022-03-22,1,4272.09,0.28,3075.9,Net Banking,Store
ORD107009,CUST101860,PROD1133,2024-07-05,4,1474.25,0.15,5012.45,Net Banking,Store
ORD107010,CUST103875,PROD1055,2022-11-26,2,2785.96,0.12,4903.29,Credit Card,Store
ORD107011,CUST107418,PROD1119,2022-04-17,3,3955.63,0.29,8425.49,Credit Card,Online
ORD107012,CUST103291,PROD1011,2023-10-10,4,1834.14,0.29,5208.96,Cash on Delivery,Store
ORD107013,CUST108378,PROD1038,2023-03-14,1,2162.08,0.06,2032.36,Net Banking,Store
ORD107014,CUST102943,PROD1198,2022-01-14,1,1926.28,0.16,1618.08,UPI,Online
ORD107015,CUST109814,PROD1107,2023-06-27,2,2161.29,0.25,3241.94,Cash on Delivery,Store
ORD107016,CUST102511,PROD1139,2023-11-22,1,3501.6,0.25,2626.2,Credit Card,Store
ORD107017,CUST106492,PROD1032,2024-08-15,4,940.88,0.21,2973.18,Debit Card,Online
ORD107018,CUST106643,PROD1119,2023-02-06,2,3955.63,0.14,6803.68,Debit Card,Online
ORD107019,CUST107834,PROD1082,2023-05-25,2,595.95,0.12,1048.87,Cash on Delivery,Online
ORD107020,CUST101890,PROD1180,2023-03-07,1,4036.27,0.24,3067.57,Credit Card,Online
ORD107021,CUST108471,PROD1018,2022-04-04,3,4703.75,0.07,13123.46,Cash on Delivery,Online
ORD107022,CUST100854,PROD1185,2022-03-23,4,2516.6,0.13,8757.77,Credit Card,Store
ORD107023,CUST105283,PROD1084,2023-11-23,1,1758.62,0.17,1459.65,Net Banking,Store
ORD107024,CUST100397,PROD1127,2022-09-06,3,509.27,0.25,1145.86,Debit Card,Online
ORD107025,CUST103503,PROD1042,2024-09-11,2,935.8,0.11,1665.72,UPI,Online
ORD107026,CUST104470,PROD1072,2022-08-29,2,4258.76,0.16,7154.72,Net Banking,Online
ORD107027,CUST107159,PROD1172,2022-06-14,1,3051.89,0.08,2807.74,UPI,Online
ORD107028,CUST103795,PROD1085,2023-04-18,4,657.06,0.25,1971.18,Cash on Delivery,Online
ORD107029,CUST100631,PROD1018,2022-10-13,1,4703.75,0.24,3574.85,Debit Card,Store
ORD107030,CUST103036,PROD1164,2022-01-30,1,3496.96,0.25,2622.72,UPI,Store
ORD107031,CUST100927,PROD1010,2024-05-17,2,794.74,0.02,1557.69,Cash on Delivery,Online
ORD107032,CUST109857,PROD1183,2023-04-04,4,927.52,0.15,3153.57,Credit Card,Online
ORD107033,CUST108269,PROD1127,2022-10-31,1,509.27,0.04,488.9,Net Banking,Online
ORD107034,CUST104583,PROD1152,2023-11-10,3,3367.3,0.2,8081.52,Credit Card,Store
ORD107035,CUST101061,PROD1098,2024-03-05,3,1274.77,0.09,3480.12,Net Banking,Store
ORD107036,CUST106710,PROD1196,2024-06-30,4,1253.86,0.23,3861.89,Debit Card,Store
ORD107037,CUST103361,PROD1044,2024-09-24,2,452.32,0.02,886.55,UPI,Store
ORD107038,CUST104737,PROD1061,2024-07-16,2,1679.78,0.15,2855.63,Credit Card,Store
ORD107039,CUST101699,PROD1094,2024-07-13,4,2515.62,0.04,9659.98,Credit Card,Store
ORD107040,CUST105701,PROD1141,2024-08-05,1,1551.56,0.17,1287.79,UPI,Store
ORD107041,CUST100291,PROD1033,2023-12-15,1,647.39,0.18,530.86,UPI,Store
ORD107042,CUST106037,PROD1097,2023-08-29,3,2401.45,0.14,6195.74,Cash on Delivery,Store
ORD107043,CUST100580,PROD1059,2023-04-04,3,4207.05,0.08,11611.46,Net Banking,Online
ORD107044,CUST104200,PROD1063,2022-01-15,4,4377.63,0.01,17335.41,Cash on Delivery,Store
ORD107045,CUST100879,PROD1197,2022-10-27,2,2029.94,0.2,3247.9,Credit Card,Store
ORD107046,CUST101482,PROD1178,2023-02-11,4,4804.5,0.26,14221.32,UPI,Online
ORD107047,CUST107070,PROD1041,2022-02-17,1,4320.12,0.22,3369.69,Debit Card,Online
ORD107048,CUST106452,PROD1148,2023-10-25,1,3902.89,0.27,2849.11,Credit Card,Online
ORD107049,CUST109321,PROD1103,2022-04-24,4,472.31,0.28,1360.25,Credit Card,Store
ORD107050,CUST105980,PROD1132,2023-03-31,1,1728.02,0.13,1503.38,Net Banking,Store
ORD107051,CUST100314,PROD1065,2024-06-11,1,1779.33,0.21,1405.67,Cash on Delivery,Store
ORD107052,CUST108800,PROD1197,2023-06-10,3,2029.94,0.12,5359.04,Net Banking,Store
ORD107053,CUST103925,PROD1113,2024-08-26,1,2996.04,0.28,2157.15,Credit Card,Online
ORD107054,CUST102586,PROD1188,2024-04-01,3,2539.12,0.17,6322.41,UPI,Online
ORD107055,CUST102119,PROD1135,2022-12-14,2,3539.91,0.23,5451.46,Debit Card,Online
ORD107056,CUST108569,PROD1065,2024-08-23,4,1779.33,0.0,7117.32,Net Banking,Store
ORD107057,CUST107352,PROD1086,2022-06-20,1,4422.95,0.17,3671.05,Credit Card,Store
ORD107058,CUST108325,PROD1061,2023-03-05,3,1679.78,0.22,3930.69,Cash on Delivery,Store
ORD107059,CUST103245,PROD1147,2023-02-10,3,1570.61,0.08,4334.88,Net Banking,Online
ORD107060,CUST107777,PROD1131,2023-01-15,4,768.23,0.0,3072.92,Credit Card,Online
ORD107061,CUST104488,PROD1142,2022-03-02,3,1570.45,0.22,3674.85,Cash on Delivery,Store
ORD107062,CUST103135,PROD1183,2023-06-14,1,927.52,0.1,834.77,Cash on Delivery,Online
ORD107063,CUST104510,PROD1019,2024-07-28,3,1794.76,0.13,4684.32,Debit Card,Store
ORD107064,CUST106546,PROD1023,2024-01-12,3,554.45,0.17,1380.58,UPI,Online
ORD107065,CUST101136,PROD1008,2023-08-21,2,1199.69,0.03,2327.4,Debit Card,Online
ORD107066,CUST106208,PROD1115,2022-07-20,1,3741.78,0.03,3629.53,Cash on Delivery,Store
ORD107067,CUST101751,PROD1148,2023-10-20,4,3902.89,0.29,11084.21,Net Banking,Store
ORD107068,CUST104961,PROD1040,2022-02-26,3,331.95,0.1,896.26,UPI,Online
ORD107069,CUST106544,PROD1012,2022-03-26,3,1673.76,0.08,4619.58,Cash on Delivery,Store
ORD107070,CUST108481,PROD1132,2024-02-22,1,1728.02,0.01,1710.74,UPI,Online
ORD107071,CUST109698,PROD1191,2023-12-14,1,598.34,0.05,568.42,Net Banking,Online
ORD107072,CUST107587,PROD1045,2022-04-16,3,770.29,0.13,2010.46,Credit Card,Store
ORD107073,CUST109530,PROD1077,2024-04-05,1,4838.73,0.1,4354.86,Credit Card,Store
ORD107074,CUST106500,PROD1070,2023-10-04,4,3731.49,0.13,12985.59,Cash on Delivery,Online
ORD107075,CUST104973,PROD1197,2022-01-14,1,2029.94,0.21,1603.65,Cash on Delivery,Store
ORD107076,CUST107141,PROD1058,2023-06-17,4,1109.98,0.19,3596.34,Debit Card,Online
ORD107077,CUST100751,PROD1050,2024-07-27,4,4767.36,0.15,16209.02,Cash on Delivery,Store
ORD107078,CUST103589,PROD1015,2022-02-14,1,3483.28,0.24,2647.29,Credit Card,Online
ORD107079,CUST100748,PROD1050,2023-06-30,4,4767.36,0.26,14111.39,Credit Card,Store
ORD107080,CUST100364,PROD1127,2023-01-08,1,509.27,0.18,417.6,Debit Card,Store
ORD107081,CUST100266,PROD1169,2022-03-12,1,2046.46,0.04,1964.6,Net Banking,Store
ORD107082,CUST103821,PROD1010,2024-02-03,3,794.74,0.12,2098.11,UPI,Store
ORD107083,CUST104234,PROD1067,2024-04-26,3,1221.16,0.19,2967.42,Credit Card,Online
ORD107084,CUST109380,PROD1120,2022-08-19,2,1608.36,0.02,3152.39,UPI,Store
ORD107085,CUST105913,PROD1179,2023-06-08,2,3516.31,0.01,6962.29,Cash on Delivery,Store
ORD107086,CUST106809,PROD1137,2022-05-03,1,3649.67,0.28,2627.76,Cash on Delivery,Store
ORD107087,CUST103177,PROD1071,2024-02-14,4,1115.14,0.22,3479.24,Net Banking,Store
ORD107088,CUST103220,PROD1190,2022-03-10,1,2787.44,0.05,2648.07,UPI,Store
ORD107089,CUST105529,PROD1163,2022-04-21,3,1140.38,0.13,2976.39,Credit Card,Store
ORD107090,CUST100702,PROD1044,2024-05-20,2,452.32,0.06,850.36,Debit Card,Store
ORD107091,CUST109890,PROD1005,2022-09-03,1,900.54,0.0,900.54,Credit Card,Online
ORD107092,CUST100200,PROD1005,2024-09-09,4,900.54,0.12,3169.9,UPI,Online
ORD107093,CUST102013,PROD1090,2023-01-08,4,2110.16,0.19,6836.92,UPI,Online
ORD107094,CUST103541,PROD1193,2024-07-12,1,4987.26,0.29,3540.95,Credit Card,Store
ORD107095,CUST107155,PROD1072,2022-04-08,2,4258.76,0.23,6558.49,Credit Card,Store
ORD107096,CUST103505,PROD1063,2024-03-03,2,4377.63,0.07,8142.39,Net Banking,Online
ORD107097,CUST104159,PROD1037,2022-11-18,1,3402.6,0.1,3062.34,Cash on Delivery,Online
ORD107098,CUST107080,PROD1196,2024-03-29,4,1253.86,0.16,4212.97,Net Banking,Online
ORD107099,CUST106683,PROD1188,2023-12-14,2,2539.12,0.06,4773.55,Credit Card,Online
ORD107100,CUST106653,PROD1077,2023-11-05,2,4838.73,0.25,7258.09,Credit Card,Store
ORD107101,CUST109903,PROD1062,2023-05-24,2,4227.41,0.05,8032.08,Debit Card,Store
ORD107102,CUST109921,PROD1110,2024-07-30,3,2932.67,0.09,8006.19,Cash on Delivery,Store
ORD107103,CUST100068,PROD1070,2024-07-31,1,3731.49,0.17,3097.14,Debit Card,Online
ORD107104,CUST104372,PROD1019,2023-01-11,2,1794.76,0.04,3445.94,Cash on Delivery,Online
ORD107105,CUST109301,PROD1076,2023-11-03,2,4330.45,0.19,7015.33,Cash on Delivery,Online
ORD107106,CUST106320,PROD1063,2024-06-11,1,4377.63,0.28,3151.89,UPI,Store
ORD107107,CUST103018,PROD1036,2022-05-20,3,924.34,0.21,2190.69,Cash on Delivery,Store
ORD107108,CUST102653,PROD1107,2024-02-04,4,2161.29,0.24,6570.32,Credit Card,Online
ORD107109,CUST108532,PROD1163,2023-01-16,4,1140.38,0.13,3968.52,Cash on Delivery,Store
ORD107110,CUST108612,PROD1009,2023-02-07,1,3453.81,0.11,3073.89,Net Banking,Store
ORD107111,CUST102275,PROD1161,2022-10-30,2,4435.03,0.1,7983.05,UPI,Online
ORD107112,CUST101918,PROD1044,2022-06-15,2,452.32,0.2,723.71,Debit Card,Store
ORD107113,CUST100472,PROD1062,2024-01-31,4,4227.41,0.16,14204.1,Cash on Delivery,Store
ORD107114,CUST103421,PROD1012,2024-06-24,4,1673.76,0.14,5757.73,Debit Card,Online
ORD107115,CUST105929,PROD1024,2022-09-23,1,3137.89,0.03,3043.75,Credit Card,Online
ORD107116,CUST105765,PROD1126,2022-12-21,3,362.9,0.2,870.96,Debit Card,Store
ORD107117,CUST102087,PROD1043,2023-07-07,1,1864.75,0.22,1454.5,Cash on Delivery,Online
ORD107118,CUST107817,PROD1073,2022-02-24,1,2162.76,0.06,2032.99,Debit Card,Store
ORD107119,CUST108185,PROD1115,2022-08-17,1,3741.78,0.23,2881.17,Credit Card,Online
ORD107120,CUST108447,PROD1151,2022-08-12,3,4916.65,0.26,10914.96,Cash on Delivery,Store
ORD107121,CUST103869,PROD1068,2024-01-30,1,3161.5,0.05,3003.42,Debit Card,Store
ORD107122,CUST105716,PROD1046,2024-06-04,1,3362.42,0.14,2891.68,Debit Card,Store
ORD107123,CUST109635,PROD1090,2022-07-18,1,2110.16,0.26,1561.52,Credit Card,Online
ORD107124,CUST107996,PROD1049,2023-09-19,2,2805.47,0.15,4769.3,Net Banking,Online
ORD107125,CUST108730,PROD1115,2022-09-10,3,3741.78,0.24,8531.26,Net Banking,Online
ORD107126,CUST103387,PROD1163,2023-12-15,2,1140.38,0.06,2143.91,UPI,Store
ORD107127,CUST100857,PROD1032,2023-07-09,2,940.88,0.02,1844.12,Credit Card,Online
ORD107128,CUST100131,PROD1091,2023-11-09,4,1656.34,0.02,6492.85,Net Banking,Online
ORD107129,CUST105722,PROD1103,2022-06-04,1,472.31,0.29,335.34,Debit Card,Store
ORD107130,CUST102915,PROD1130,2024-03-10,2,1651.44,0.05,3137.74,Credit Card,Store
ORD107131,CUST102586,PROD1158,2023-09-19,1,611.58,0.26,452.57,Debit Card,Store
ORD107132,CUST103374,PROD1059,2024-04-18,1,4207.05,0.09,3828.42,Debit Card,Online
ORD107133,CUST102031,PROD1028,2023-11-19,1,4912.04,0.01,4862.92,UPI,Store
ORD107134,CUST101925,PROD1171,2024-03-04,2,4945.55,0.07,9198.72,UPI,Store
ORD107135,CUST102001,PROD1172,2024-09-08,4,3051.89,0.15,10376.43,Cash on Delivery,Online
ORD107136,CUST104377,PROD1115,2023-07-24,3,3741.78,0.03,10888.58,Credit Card,Online
ORD107137,CUST106635,PROD1041,2022-11-28,4,4320.12,0.28,12441.95,Net Banking,Store
ORD107138,CUST107366,PROD1148,2023-02-12,1,3902.89,0.27,2849.11,UPI,Store
ORD107139,CUST105494,PROD1031,2023-05-19,4,3607.34,0.04,13852.19,Credit Card,Online
ORD107140,CUST100665,PROD1155,2023-11-25,4,2625.54,0.22,8191.68,UPI,Online
ORD107141,CUST106698,PROD1174,2023-09-18,4,4761.29,0.14,16378.84,Net Banking,Store
ORD107142,CUST105441,PROD1098,2023-11-17,3,1274.77,0.29,2715.26,UPI,Store
ORD107143,CUST101646,PROD1119,2023-03-18,4,3955.63,0.02,15506.07,Cash on Delivery,Store
ORD107144,CUST104507,PROD1046,2024-09-15,3,3362.42,0.14,8675.04,Credit Card,Online
ORD107145,CUST105599,PROD1016,2022-09-13,2,3052.07,0.09,5554.77,Credit Card,Store
ORD107146,CUST101163,PROD1028,2023-02-20,4,4912.04,0.22,15325.56,Debit Card,Online
ORD107147,CUST102925,PROD1047,2023-02-04,1,3493.68,0.03,3388.87,Cash on Delivery,Online
ORD107148,CUST106833,PROD1129,2022-03-31,2,1033.9,0.19,1674.92,UPI,Online
ORD107149,CUST107671,PROD1032,2024-08-23,3,940.88,0.28,2032.3,Debit Card,Store
ORD107150,CUST105052,PROD1127,2024-08-18,3,509.27,0.14,1313.92,UPI,Store
ORD107151,CUST105913,PROD1190,2022-05-21,4,2787.44,0.14,9588.79,Cash on Delivery,Online
ORD107152,CUST109016,PROD1067,2024-05-19,3,1221.16,0.15,3113.96,Debit Card,Online
ORD107153,CUST108924,PROD1038,2022-01-06,4,2162.08,0.12,7610.52,Net Banking,Online
ORD107154,CUST104486,PROD1132,2024-01-12,1,1728.02,0.13,1503.38,Credit Card,Online
ORD107155,CUST107311,PROD1118,2024-06-26,1,833.05,0.14,716.42,Cash on Delivery,Store
ORD107156,CUST106879,PROD1067,2024-06-23,2,1221.16,0.3,1709.62,Cash on Delivery,Online
ORD107157,CUST109779,PROD1051,2022-12-06,3,2585.17,0.03,7522.84,UPI,Store
ORD107158,CUST100026,PROD1179,2024-04-06,1,3516.31,0.09,3199.84,Net Banking,Store
ORD107159,CUST107911,PROD1156,2024-09-25,3,4272.09,0.06,12047.29,Net Banking,Online
ORD107160,CUST102670,PROD1164,2022-08-07,1,3496.96,0.16,2937.45,Cash on Delivery,Online
ORD107161,CUST105627,PROD1135,2023-08-02,2,3539.91,0.0,7079.82,Cash on Delivery,Online
ORD107162,CUST100883,PROD1147,2023-10-26,4,1570.61,0.28,4523.36,Credit Card,Online
ORD107163,CUST105910,PROD1168,2022-09-28,4,736.02,0.16,2473.03,Net Banking,Online
ORD107164,CUST100126,PROD1069,2024-01-08,3,3553.73,0.27,7782.67,Cash on Delivery,Online
ORD107165,CUST101479,PROD1035,2022-03-04,1,1309.41,0.1,1178.47,Credit Card,Store
ORD107166,CUST108510,PROD1031,2024-03-28,2,3607.34,0.04,6926.09,UPI,Store
ORD107167,CUST102488,PROD1004,2024-05-13,2,1760.0,0.06,3308.8,Net Banking,Online
ORD107168,CUST100340,PROD1103,2023-06-17,4,472.31,0.14,1624.75,Debit Card,Store
ORD107169,CUST104873,PROD1147,2023-05-28,1,1570.61,0.01,1554.9,Debit Card,Store
ORD107170,CUST106856,PROD1067,2022-09-12,2,1221.16,0.23,1880.59,Cash on Delivery,Online
ORD107171,CUST106101,PROD1149,2024-01-07,1,1630.37,0.24,1239.08,Cash on Delivery,Online
ORD107172,CUST101605,PROD1158,2022-05-06,3,611.58,0.21,1449.44,Credit Card,Online
ORD107173,CUST105277,PROD1168,2024-02-18,2,736.02,0.27,1074.59,Cash on Delivery,Online
ORD107174,CUST105836,PROD1004,2023-03-27,3,1760.0,0.16,4435.2,Cash on Delivery,Online
ORD107175,CUST102408,PROD1009,2023-02-10,4,3453.81,0.14,11881.11,Credit Card,Online
ORD107176,CUST102839,PROD1113,2023-12-15,4,2996.04,0.16,10066.69,Debit Card,Store
ORD107177,CUST101108,PROD1164,2023-09-12,1,3496.96,0.05,3322.11,Credit Card,Store
ORD107178,CUST104454,PROD1055,2022-12-24,3,2785.96,0.15,7104.2,Net Banking,Online
ORD107179,CUST106870,PROD1085,2022-03-29,4,657.06,0.16,2207.72,Net Banking,Online
ORD107180,CUST107554,PROD1151,2023-01-26,4,4916.65,0.23,15143.28,Cash on Delivery,Online
ORD107181,CUST107414,PROD1099,2023-01-04,2,4731.44,0.1,8516.59,Cash on Delivery,Online
ORD107182,CUST101925,PROD1143,2023-11-20,2,3731.95,0.03,7239.98,Debit Card,Online
ORD107183,CUST106094,PROD1001,2024-05-17,2,2108.14,0.18,3457.35,Debit Card,Online
ORD107184,CUST107633,PROD1142,2023-10-03,2,1570.45,0.24,2387.08,UPI,Store
ORD107185,CUST109270,PROD1168,2024-04-12,1,736.02,0.29,522.57,Net Banking,Online
ORD107186,CUST104400,PROD1062,2023-03-23,3,4227.41,0.03,12301.76,Net Banking,Online
ORD107187,CUST101976,PROD1176,2022-11-16,1,770.65,0.22,601.11,UPI,Store
ORD107188,CUST104629,PROD1153,2024-07-10,2,656.81,0.18,1077.17,UPI,Online
ORD107189,CUST102082,PROD1093,2022-09-30,3,3090.85,0.0,9272.55,Net Banking,Store
ORD107190,CUST109355,PROD1065,2023-10-13,4,1779.33,0.22,5551.51,Cash on Delivery,Store
ORD107191,CUST109206,PROD1117,2024-08-20,2,2765.48,0.01,5475.65,Net Banking,Online
ORD107192,CUST103444,PROD1028,2023-09-29,3,4912.04,0.24,11199.45,UPI,Online
ORD107193,CUST100758,PROD1197,2023-06-06,3,2029.94,0.22,4750.06,Debit Card,Store
ORD107194,CUST103094,PROD1187,2023-08-01,2,4781.3,0.21,7554.45,Credit Card,Online
ORD107195,CUST104379,PROD1192,2024-03-10,1,3116.29,0.04,2991.64,Debit Card,Online
ORD107196,CUST100112,PROD1039,2022-01-16,2,2735.18,0.28,3938.66,Debit Card,Online
ORD107197,CUST102420,PROD1010,2023-01-03,3,794.74,0.27,1740.48,UPI,Online
ORD107198,CUST105283,PROD1179,2022-09-08,1,3516.31,0.27,2566.91,Net Banking,Online
ORD107199,CUST100821,PROD1125,2024-03-04,1,4537.33,0.11,4038.22,UPI,Online
ORD107200,CUST103639,PROD1086,2022-12-26,1,4422.95,0.15,3759.51,UPI,Store
ORD107201,CUST105764,PROD1089,2022-08-19,1,1920.59,0.03,1862.97,Cash on Delivery,Online
ORD107202,CUST101819,PROD1078,2024-04-21,3,3766.22,0.02,11072.69,Cash on Delivery,Store
ORD107203,CUST100276,PROD1191,2022-09-10,3,598.34,0.02,1759.12,Credit Card,Store
ORD107204,CUST109458,PROD1102,2024-08-09,2,3752.53,0.17,6229.2,Cash on Delivery,Online
ORD107205,CUST106631,PROD1080,2023-09-04,3,760.03,0.1,2052.08,Credit Card,Online
ORD107206,CUST108011,PROD1098,2023-08-29,2,1274.77,0.17,2116.12,Debit Card,Store
ORD107207,CUST100275,PROD1099,2023-01-28,4,4731.44,0.18,15519.12,Debit Card,Online
ORD107208,CUST106333,PROD1130,2023-06-01,3,1651.44,0.27,3616.65,UPI,Store
ORD107209,CUST109522,PROD1010,2023-06-03,2,794.74,0.26,1176.22,Debit Card,Store
ORD107210,CUST101893,PROD1027,2023-04-29,1,133.03,0.22,103.76,Cash on Delivery,Online
ORD107211,CUST100592,PROD1189,2022-03-06,1,4197.72,0.25,3148.29,Cash on Delivery,Online
ORD107212,CUST101387,PROD1047,2022-08-07,3,3493.68,0.0,10481.04,Cash on Delivery,Online
ORD107213,CUST103995,PROD1027,2024-02-19,4,133.03,0.0,532.12,Net Banking,Store
ORD107214,CUST107093,PROD1045,2022-07-27,1,770.29,0.14,662.45,Cash on Delivery,Store
ORD107215,CUST105072,PROD1191,2022-06-25,2,598.34,0.2,957.34,UPI,Store
ORD107216,CUST109726,PROD1054,2023-12-13,2,584.36,0.24,888.23,UPI,Store
ORD107217,CUST105133,PROD1082,2024-03-03,1,595.95,0.13,518.48,Debit Card,Store
ORD107218,CUST106699,PROD1118,2024-06-27,1,833.05,0.28,599.8,Credit Card,Store
ORD107219,CUST109255,PROD1001,2023-03-01,1,2108.14,0.24,1602.19,Net Banking,Store
ORD107220,CUST103105,PROD1143,2022-01-10,4,3731.95,0.03,14479.97,Credit Card,Store
ORD107221,CUST106890,PROD1010,2024-02-05,4,794.74,0.13,2765.7,Net Banking,Online
ORD107222,CUST105905,PROD1002,2023-11-11,3,1666.73,0.3,3500.13,UPI,Store
ORD107223,CUST101903,PROD1182,2022-10-16,2,572.67,0.12,1007.9,UPI,Store
ORD107224,CUST103361,PROD1041,2024-07-19,3,4320.12,0.12,11405.12,Net Banking,Online
ORD107225,CUST109046,PROD1156,2024-07-21,3,4272.09,0.09,11662.81,Debit Card,Store
ORD107226,CUST102998,PROD1196,2023-09-07,2,1253.86,0.15,2131.56,Cash on Delivery,Online
ORD107227,CUST101341,PROD1091,2024-09-14,2,1656.34,0.22,2583.89,Cash on Delivery,Store
ORD107228,CUST101861,PROD1158,2022-01-16,2,611.58,0.01,1210.93,Credit Card,Store
ORD107229,CUST102455,PROD1076,2022-11-24,3,4330.45,0.25,9743.51,UPI,Online
ORD107230,CUST103792,PROD1152,2023-06-29,4,3367.3,0.28,9697.82,Cash on Delivery,Store
ORD107231,CUST105864,PROD1119,2024-08-06,2,3955.63,0.23,6091.67,UPI,Online
ORD107232,CUST106991,PROD1133,2023-07-01,1,1474.25,0.27,1076.2,UPI,Online
ORD107233,CUST105896,PROD1187,2022-07-02,4,4781.3,0.03,18551.44,UPI,Online
ORD107234,CUST101308,PROD1115,2022-04-12,4,3741.78,0.14,12871.72,Cash on Delivery,Online
ORD107235,CUST108131,PROD1066,2022-11-28,4,3804.6,0.02,14914.03,Cash on Delivery,Store
ORD107236,CUST108089,PROD1149,2022-03-20,4,1630.37,0.25,4891.11,Cash on Delivery,Store
ORD107237,CUST107797,PROD1040,2022-01-17,2,331.95,0.29,471.37,Net Banking,Store
ORD107238,CUST109893,PROD1180,2024-03-05,3,4036.27,0.09,11019.02,Cash on Delivery,Store
ORD107239,CUST103213,PROD1187,2023-01-05,1,4781.3,0.16,4016.29,UPI,Store
ORD107240,CUST108438,PROD1038,2022-01-21,1,2162.08,0.09,1967.49,UPI,Online
ORD107241,CUST102224,PROD1054,2023-02-09,3,584.36,0.11,1560.24,Credit Card,Online
ORD107242,CUST102858,PROD1157,2022-01-17,3,1005.94,0.14,2595.33,Debit Card,Online
ORD107243,CUST101367,PROD1070,2024-07-11,4,3731.49,0.24,11343.73,Net Banking,Online
ORD107244,CUST105144,PROD1129,2023-08-11,2,1033.9,0.04,1985.09,Credit Card,Online
ORD107245,CUST100702,PROD1007,2023-03-08,1,4532.56,0.05,4305.93,Net Banking,Online
ORD107246,CUST101550,PROD1113,2023-07-10,4,2996.04,0.06,11265.11,Net Banking,Store
ORD107247,CUST106671,PROD1062,2023-02-24,4,4227.41,0.02,16571.45,UPI,Store
ORD107248,CUST101333,PROD1186,2022-01-28,2,158.9,0.19,257.42,UPI,Store
ORD107249,CUST101798,PROD1096,2022-01-25,1,4510.68,0.06,4240.04,UPI,Store
ORD107250,CUST103455,PROD1155,2022-07-20,3,2625.54,0.13,6852.66,UPI,Store
ORD107251,CUST103365,PROD1073,2022-10-30,4,2162.76,0.21,6834.32,Credit Card,Online
ORD107252,CUST108855,PROD1165,2023-09-05,1,4146.73,0.13,3607.66,Debit Card,Store
ORD107253,CUST102627,PROD1017,2022-10-06,1,791.05,0.27,577.47,Debit Card,Online
ORD107254,CUST102084,PROD1189,2022-03-16,4,4197.72,0.23,12928.98,Credit Card,Store
ORD107255,CUST104973,PROD1096,2024-03-28,1,4510.68,0.08,4149.83,Debit Card,Store
ORD107256,CUST102149,PROD1022,2022-03-06,2,1744.61,0.04,3349.65,Cash on Delivery,Online
ORD107257,CUST103426,PROD1192,2022-09-12,1,3116.29,0.27,2274.89,Cash on Delivery,Store
ORD107258,CUST106608,PROD1123,2022-09-29,2,4620.97,0.12,8132.91,Cash on Delivery,Online
ORD107259,CUST106837,PROD1167,2023-09-28,4,3946.83,0.11,14050.71,UPI,Store
ORD107260,CUST100479,PROD1059,2023-07-16,1,4207.05,0.24,3197.36,Cash on Delivery,Online
ORD107261,CUST103730,PROD1084,2023-06-09,2,1758.62,0.0,3517.24,Net Banking,Store
ORD107262,CUST106359,PROD1004,2024-09-06,2,1760.0,0.14,3027.2,Net Banking,Online
ORD107263,CUST107142,PROD1098,2022-12-02,1,1274.77,0.21,1007.07,Credit Card,Online
ORD107264,CUST101350,PROD1145,2024-01-28,4,4568.9,0.25,13706.7,Net Banking,Online
ORD107265,CUST108891,PROD1165,2022-07-27,3,4146.73,0.27,9081.34,Credit Card,Store
ORD107266,CUST102647,PROD1110,2022-02-04,3,2932.67,0.14,7566.29,Debit Card,Store
ORD107267,CUST105366,PROD1156,2022-04-24,1,4272.09,0.25,3204.07,Net Banking,Online
ORD107268,CUST105108,PROD1153,2022-02-01,1,656.81,0.01,650.24,Net Banking,Store
ORD107269,CUST101721,PROD1059,2024-02-04,3,4207.05,0.09,11485.25,Credit Card,Online
ORD107270,CUST103159,PROD1163,2024-05-04,4,1140.38,0.0,4561.52,Net Banking,Online
ORD107271,CUST100333,PROD1113,2024-01-30,2,2996.04,0.05,5692.48,Credit Card,Online
ORD107272,CUST108855,PROD1081,2024-07-09,3,473.74,0.22,1108.55,Net Banking,Online
ORD107273,CUST108970,PROD1156,2024-07-27,4,4272.09,0.0,17088.36,UPI,Online
ORD107274,CUST101223,PROD1158,2022-06-05,3,611.58,0.16,1541.18,Debit Card,Online
ORD107275,CUST103454,PROD1190,2024-05-26,4,2787.44,0.12,9811.79,Net Banking,Store
ORD107276,CUST105877,PROD1105,2023-05-19,3,850.29,0.04,2448.84,Debit Card,Online
ORD107277,CUST106359,PROD1140,2024-04-13,4,4426.54,0.21,13987.87,Net Banking,Store
ORD107278,CUST109132,PROD1117,2024-08-20,4,2765.48,0.21,8738.92,Net Banking,Online
ORD107279,CUST102633,PROD1198,2024-05-12,4,1926.28,0.22,6009.99,UPI,Store
ORD107280,CUST106815,PROD1122,2022-12-19,2,2405.73,0.23,3704.82,Cash on Delivery,Online
ORD107281,CUST105374,PROD1167,2024-07-17,4,3946.83,0.09,14366.46,Cash on Delivery,Online
ORD107282,CUST101016,PROD1120,2022-10-30,3,1608.36,0.3,3377.56,Debit Card,Online
ORD107283,CUST104533,PROD1197,2022-04-28,4,2029.94,0.02,7957.36,Debit Card,Online
ORD107284,CUST100005,PROD1001,2022-02-04,4,2108.14,0.19,6830.37,UPI,Store
ORD107285,CUST103987,PROD1117,2024-05-17,1,2765.48,0.29,1963.49,Credit Card,Store
ORD107286,CUST106719,PROD1135,2022-11-16,4,3539.91,0.07,13168.47,Debit Card,Store
ORD107287,CUST103792,PROD1073,2022-08-06,4,2162.76,0.08,7958.96,Cash on Delivery,Online
ORD107288,CUST108704,PROD1126,2022-09-25,1,362.9,0.17,301.21,UPI,Online
ORD107289,CUST104964,PROD1117,2024-06-06,2,2765.48,0.23,4258.84,Credit Card,Store
ORD107290,CUST100974,PROD1107,2023-11-24,4,2161.29,0.1,7780.64,UPI,Store
ORD107291,CUST109168,PROD1042,2022-02-13,1,935.8,0.25,701.85,Cash on Delivery,Online
ORD107292,CUST102733,PROD1176,2022-06-23,4,770.65,0.07,2866.82,UPI,Online
ORD107293,CUST100620,PROD1111,2024-02-18,2,1904.48,0.26,2818.63,Net Banking,Online
ORD107294,CUST107595,PROD1149,2022-07-17,3,1630.37,0.08,4499.82,Cash on Delivery,Online
ORD107295,CUST108785,PROD1162,2024-05-06,4,307.56,0.19,996.49,Credit Card,Store
ORD107296,CUST109611,PROD1018,2022-10-29,3,4703.75,0.11,12559.01,UPI,Store
ORD107297,CUST105852,PROD1131,2024-08-12,1,768.23,0.1,691.41,Cash on Delivery,Online
ORD107298,CUST108814,PROD1018,2024-04-06,4,4703.75,0.11,16745.35,Cash on Delivery,Online
ORD107299,CUST107303,PROD1019,2024-07-18,1,1794.76,0.15,1525.55,Credit Card,Store
ORD107300,CUST104529,PROD1003,2022-04-09,3,1363.94,0.25,3068.86,Cash on Delivery,Online
ORD107301,CUST103919,PROD1048,2023-02-09,4,3417.13,0.23,10524.76,Credit Card,Online
ORD107302,CUST108509,PROD1153,2023-12-23,3,656.81,0.13,1714.27,Cash on Delivery,Store
ORD107303,CUST102582,PROD1002,2023-12-13,1,1666.73,0.08,1533.39,UPI,Online
ORD107304,CUST101524,PROD1051,2024-09-20,2,2585.17,0.26,3826.05,Credit Card,Online
ORD107305,CUST107226,PROD1127,2024-03-30,2,509.27,0.26,753.72,Credit Card,Store
ORD107306,CUST100892,PROD1035,2022-10-31,2,1309.41,0.14,2252.19,Cash on Delivery,Store
ORD107307,CUST108819,PROD1168,2024-04-25,1,736.02,0.21,581.46,Net Banking,Online
ORD107308,CUST105323,PROD1197,2022-05-27,2,2029.94,0.11,3613.29,Credit Card,Store
ORD107309,CUST103021,PROD1178,2023-12-25,4,4804.5,0.04,18449.28,Net Banking,Store
ORD107310,CUST101454,PROD1102,2023-01-23,2,3752.53,0.1,6754.55,Debit Card,Online
ORD107311,CUST100552,PROD1015,2024-05-19,3,3483.28,0.2,8359.87,UPI,Store
ORD107312,CUST100675,PROD1046,2023-06-28,4,3362.42,0.23,10356.25,Net Banking,Store
ORD107313,CUST107760,PROD1079,2022-12-12,3,127.55,0.26,283.16,UPI,Online
ORD107314,CUST109785,PROD1045,2022-06-05,3,770.29,0.01,2287.76,Credit Card,Store
ORD107315,CUST104397,PROD1099,2023-08-11,3,4731.44,0.15,12065.17,UPI,Store
ORD107316,CUST103264,PROD1182,2023-03-18,3,572.67,0.08,1580.57,Net Banking,Store
ORD107317,CUST104993,PROD1097,2022-07-21,4,2401.45,0.21,7588.58,Credit Card,Online
ORD107318,CUST108807,PROD1123,2024-07-25,1,4620.97,0.07,4297.5,Net Banking,Online
ORD107319,CUST104227,PROD1166,2024-01-09,4,4056.26,0.17,13466.78,Credit Card,Online
ORD107320,CUST109823,PROD1133,2024-03-11,2,1474.25,0.21,2329.32,Net Banking,Store
ORD107321,CUST105289,PROD1083,2022-05-22,2,1976.87,0.23,3044.38,Credit Card,Online
ORD107322,CUST109136,PROD1060,2022-04-14,1,4998.52,0.08,4598.64,Net Banking,Store
ORD107323,CUST104980,PROD1008,2022-08-03,2,1199.69,0.03,2327.4,Debit Card,Store
ORD107324,CUST107814,PROD1138,2024-09-04,4,3504.61,0.07,13037.15,Net Banking,Online
ORD107325,CUST105666,PROD1064,2022-11-05,2,4980.76,0.18,8168.45,Net Banking,Online
ORD107326,CUST107647,PROD1090,2022-04-18,2,2110.16,0.01,4178.12,Debit Card,Online
ORD107327,CUST107371,PROD1121,2023-04-05,3,1191.0,0.05,3394.35,UPI,Online
ORD107328,CUST108662,PROD1058,2024-03-20,4,1109.98,0.3,3107.94,Credit Card,Online
ORD107329,CUST101955,PROD1111,2024-03-14,3,1904.48,0.11,5084.96,Net Banking,Online
ORD107330,CUST102396,PROD1112,2023-06-21,1,441.15,0.15,374.98,UPI,Online
ORD107331,CUST102090,PROD1197,2024-08-05,4,2029.94,0.0,8119.76,Cash on Delivery,Online
ORD107332,CUST102823,PROD1117,2022-08-17,3,2765.48,0.18,6803.08,UPI,Online
ORD107333,CUST102529,PROD1006,2024-07-24,4,2076.92,0.1,7476.91,Cash on Delivery,Online
ORD107334,CUST107544,PROD1111,2023-09-19,2,1904.48,0.16,3199.53,Credit Card,Store
ORD107335,CUST104173,PROD1121,2024-05-03,1,1191.0,0.16,1000.44,Cash on Delivery,Store
ORD107336,CUST109251,PROD1060,2024-08-23,2,4998.52,0.29,7097.9,Debit Card,Store
ORD107337,CUST106959,PROD1056,2022-07-27,2,1642.96,0.08,3023.05,Debit Card,Store
ORD107338,CUST108838,PROD1085,2023-12-03,4,657.06,0.17,2181.44,UPI,Store
ORD107339,CUST109545,PROD1161,2023-12-28,1,4435.03,0.11,3947.18,Debit Card,Store
ORD107340,CUST108955,PROD1083,2023-06-05,4,1976.87,0.13,6879.51,Debit Card,Online
ORD107341,CUST102326,PROD1044,2023-09-11,2,452.32,0.02,886.55,UPI,Store
ORD107342,CUST100458,PROD1044,2024-01-09,1,452.32,0.21,357.33,Net Banking,Store
ORD107343,CUST108883,PROD1014,2024-01-03,1,2197.11,0.06,2065.28,Credit Card,Store
ORD107344,CUST102572,PROD1136,2023-12-19,2,4779.14,0.14,8220.12,Cash on Delivery,Online
ORD107345,CUST105940,PROD1173,2024-04-16,4,3575.41,0.13,12442.43,UPI,Store
ORD107346,CUST102539,PROD1173,2023-02-09,2,3575.41,0.14,6149.71,Debit Card,Store
ORD107347,CUST104169,PROD1035,2022-06-30,2,1309.41,0.11,2330.75,Cash on Delivery,Online
ORD107348,CUST109010,PROD1045,2024-04-17,2,770.29,0.07,1432.74,Net Banking,Online
ORD107349,CUST106073,PROD1041,2023-10-03,4,4320.12,0.13,15034.02,Credit Card,Store
ORD107350,CUST108710,PROD1157,2024-03-09,1,1005.94,0.01,995.88,Credit Card,Online
ORD107351,CUST104470,PROD1138,2023-11-16,3,3504.61,0.07,9777.86,Debit Card,Online
ORD107352,CUST107473,PROD1117,2022-06-05,2,2765.48,0.24,4203.53,Net Banking,Online
ORD107353,CUST103991,PROD1032,2024-06-14,1,940.88,0.25,705.66,Credit Card,Store
ORD107354,CUST108534,PROD1125,2023-01-22,3,4537.33,0.21,10753.47,Cash on Delivery,Online
ORD107355,CUST106808,PROD1109,2022-04-12,1,4287.18,0.19,3472.62,Cash on Delivery,Store
ORD107356,CUST106187,PROD1167,2022-04-26,4,3946.83,0.24,11998.36,Debit Card,Store
ORD107357,CUST107608,PROD1069,2023-04-16,3,3553.73,0.04,10234.74,Net Banking,Store
ORD107358,CUST106308,PROD1170,2023-11-11,3,4925.25,0.16,12411.63,Cash on Delivery,Store
ORD107359,CUST104531,PROD1109,2022-01-04,3,4287.18,0.03,12475.69,Credit Card,Online
ORD107360,CUST105126,PROD1166,2022-07-17,2,4056.26,0.23,6246.64,Cash on Delivery,Store
ORD107361,CUST100443,PROD1124,2022-07-23,3,1557.13,0.16,3923.97,Credit Card,Online
ORD107362,CUST103704,PROD1038,2023-01-31,4,2162.08,0.24,6572.72,Net Banking,Store
ORD107363,CUST101900,PROD1180,2023-01-13,4,4036.27,0.24,12270.26,Debit Card,Online
ORD107364,CUST109709,PROD1082,2023-07-28,3,595.95,0.14,1537.55,Debit Card,Store
ORD107365,CUST101556,PROD1158,2023-08-06,1,611.58,0.15,519.84,Debit Card,Online
ORD107366,CUST108289,PROD1105,2023-08-27,2,850.29,0.01,1683.57,UPI,Online
ORD107367,CUST101044,PROD1062,2023-04-19,1,4227.41,0.16,3551.02,Debit Card,Online
ORD107368,CUST108659,PROD1024,2023-11-19,2,3137.89,0.2,5020.62,Debit Card,Store
ORD107369,CUST108545,PROD1040,2023-01-26,2,331.95,0.07,617.43,Credit Card,Store
ORD107370,CUST100071,PROD1177,2023-11-28,4,3377.85,0.3,9457.98,Net Banking,Store
ORD107371,CUST109567,PROD1058,2023-07-22,2,1109.98,0.29,1576.17,Net Banking,Online
ORD107372,CUST101075,PROD1176,2023-08-02,3,770.65,0.08,2126.99,Cash on Delivery,Store
ORD107373,CUST109437,PROD1029,2024-06-27,2,935.53,0.21,1478.14,Debit Card,Store
ORD107374,CUST109215,PROD1044,2023-03-12,4,452.32,0.01,1791.19,Net Banking,Store
ORD107375,CUST109181,PROD1195,2022-03-04,4,4224.79,0.2,13519.33,Net Banking,Online
ORD107376,CUST104555,PROD1052,2023-07-07,2,2302.12,0.19,3729.43,Net Banking,Online
ORD107377,CUST105286,PROD1153,2024-08-28,2,656.81,0.25,985.21,Net Banking,Store
ORD107378,CUST104462,PROD1198,2024-01-13,2,1926.28,0.09,3505.83,Credit Card,Online
ORD107379,CUST103721,PROD1039,2023-10-25,1,2735.18,0.26,2024.03,Debit Card,Store
ORD107380,CUST103107,PROD1139,2022-06-24,3,3501.6,0.26,7773.55,Net Banking,Store
ORD107381,CUST104702,PROD1000,2024-04-12,2,1986.03,0.2,3177.65,Credit Card,Store
ORD107382,CUST102575,PROD1069,2024-01-08,3,3553.73,0.14,9168.62,UPI,Store
ORD107383,CUST103046,PROD1128,2024-07-15,4,3522.95,0.19,11414.36,Cash on Delivery,Store
ORD107384,CUST100748,PROD1135,2023-09-01,3,3539.91,0.22,8283.39,Credit Card,Online
ORD107385,CUST101699,PROD1111,2024-01-10,2,1904.48,0.29,2704.36,Cash on Delivery,Store
ORD107386,CUST108793,PROD1032,2022-02-05,4,940.88,0.04,3612.98,Cash on Delivery,Online
ORD107387,CUST104715,PROD1195,2022-01-14,2,4224.79,0.09,7689.12,UPI,Store
ORD107388,CUST108446,PROD1114,2022-06-14,3,671.01,0.23,1550.03,UPI,Store
ORD107389,CUST102724,PROD1177,2024-07-16,3,3377.85,0.12,8917.52,UPI,Store
ORD107390,CUST105319,PROD1103,2022-06-30,1,472.31,0.2,377.85,Credit Card,Store
ORD107391,CUST100835,PROD1133,2023-02-16,3,1474.25,0.04,4245.84,UPI,Store
ORD107392,CUST101850,PROD1187,2022-07-12,4,4781.3,0.21,15108.91,Net Banking,Store
ORD107393,CUST104764,PROD1190,2022-10-30,2,2787.44,0.2,4459.9,Credit Card,Online
ORD107394,CUST103102,PROD1179,2023-12-12,3,3516.31,0.18,8650.12,Debit Card,Online
ORD107395,CUST103649,PROD1130,2024-04-27,2,1651.44,0.23,2543.22,UPI,Store
ORD107396,CUST106744,PROD1078,2022-09-03,1,3766.22,0.26,2787.0,Credit Card,Online
ORD107397,CUST102533,PROD1197,2024-07-16,2,2029.94,0.25,3044.91,UPI,Online
ORD107398,CUST102306,PROD1005,2023-02-12,2,900.54,0.04,1729.04,Cash on Delivery,Store
ORD107399,CUST100493,PROD1036,2022-01-14,3,924.34,0.22,2162.96,Net Banking,Store
ORD107400,CUST109322,PROD1178,2023-03-07,3,4804.5,0.13,12539.74,Cash on Delivery,Online
ORD107401,CUST105700,PROD1026,2022-03-20,2,3182.76,0.1,5728.97,UPI,Store
ORD107402,CUST106933,PROD1105,2024-06-02,1,850.29,0.26,629.21,Credit Card,Online
ORD107403,CUST104040,PROD1173,2022-01-01,4,3575.41,0.17,11870.36,Net Banking,Online
ORD107404,CUST101776,PROD1068,2024-09-14,4,3161.5,0.15,10749.1,Cash on Delivery,Online
ORD107405,CUST101867,PROD1122,2024-02-26,4,2405.73,0.24,7313.42,Net Banking,Store
ORD107406,CUST102734,PROD1144,2024-06-07,4,1220.66,0.17,4052.59,Net Banking,Store
ORD107407,CUST103331,PROD1016,2024-04-05,2,3052.07,0.26,4517.06,UPI,Store
ORD107408,CUST103440,PROD1104,2023-10-09,2,431.37,0.03,836.86,Net Banking,Online
ORD107409,CUST100209,PROD1117,2023-04-11,2,2765.48,0.23,4258.84,Debit Card,Online
ORD107410,CUST108106,PROD1022,2023-05-26,2,1744.61,0.05,3314.76,Debit Card,Store
ORD107411,CUST105108,PROD1038,2023-05-10,1,2162.08,0.07,2010.73,Cash on Delivery,Online
ORD107412,CUST102729,PROD1160,2024-04-24,2,2584.14,0.05,4909.87,Cash on Delivery,Online
ORD107413,CUST108122,PROD1193,2022-04-25,2,4987.26,0.07,9276.3,Credit Card,Online
ORD107414,CUST104770,PROD1009,2023-07-30,2,3453.81,0.22,5387.94,UPI,Online
ORD107415,CUST104200,PROD1082,2022-10-01,3,595.95,0.2,1430.28,Cash on Delivery,Online
ORD107416,CUST103761,PROD1167,2023-03-23,4,3946.83,0.07,14682.21,Credit Card,Online
ORD107417,CUST109339,PROD1072,2023-12-09,3,4258.76,0.08,11754.18,Cash on Delivery,Online
ORD107418,CUST106943,PROD1142,2022-11-02,1,1570.45,0.03,1523.34,Credit Card,Store
ORD107419,CUST109482,PROD1042,2022-11-20,1,935.8,0.12,823.5,UPI,Store
ORD107420,CUST103114,PROD1087,2023-08-26,4,3115.6,0.11,11091.54,UPI,Online
ORD107421,CUST102700,PROD1011,2024-02-23,4,1834.14,0.04,7043.1,Cash on Delivery,Online
ORD107422,CUST106694,PROD1021,2023-02-02,2,1572.17,0.25,2358.26,Debit Card,Online
ORD107423,CUST108865,PROD1017,2024-08-15,4,791.05,0.26,2341.51,Net Banking,Store
ORD107424,CUST106759,PROD1193,2023-08-13,1,4987.26,0.03,4837.64,Cash on Delivery,Store
ORD107425,CUST108948,PROD1061,2023-01-26,2,1679.78,0.08,3090.8,Credit Card,Store
ORD107426,CUST105184,PROD1188,2024-01-19,1,2539.12,0.22,1980.51,UPI,Online
ORD107427,CUST104296,PROD1187,2022-11-08,3,4781.3,0.26,10614.49,Cash on Delivery,Store
ORD107428,CUST108048,PROD1078,2022-01-14,2,3766.22,0.02,7381.79,UPI,Online
ORD107429,CUST104337,PROD1166,2022-06-19,2,4056.26,0.27,5922.14,Cash on Delivery,Online
ORD107430,CUST109679,PROD1149,2022-04-19,3,1630.37,0.02,4793.29,UPI,Store
ORD107431,CUST109159,PROD1141,2024-04-17,1,1551.56,0.19,1256.76,Debit Card,Store
ORD107432,CUST103012,PROD1104,2024-04-09,4,431.37,0.01,1708.23,Credit Card,Store
ORD107433,CUST102352,PROD1006,2022-02-12,2,2076.92,0.28,2990.76,Cash on Delivery,Online
ORD107434,CUST104409,PROD1162,2024-04-04,4,307.56,0.11,1094.91,UPI,Online
ORD107435,CUST106621,PROD1033,2022-12-24,3,647.39,0.19,1573.16,Cash on Delivery,Store
ORD107436,CUST102843,PROD1194,2023-04-20,1,270.22,0.06,254.01,Credit Card,Store
ORD107437,CUST100882,PROD1062,2022-03-16,1,4227.41,0.1,3804.67,Cash on Delivery,Store
ORD107438,CUST100497,PROD1129,2024-07-15,1,1033.9,0.22,806.44,Net Banking,Store
ORD107439,CUST106214,PROD1108,2022-11-03,4,871.28,0.29,2474.44,UPI,Store
ORD107440,CUST101905,PROD1172,2024-01-23,4,3051.89,0.3,8545.29,Credit Card,Online
ORD107441,CUST101540,PROD1062,2023-05-20,4,4227.41,0.24,12851.33,Debit Card,Online
ORD107442,CUST107189,PROD1129,2024-04-14,4,1033.9,0.25,3101.7,Net Banking,Online
ORD107443,CUST101998,PROD1181,2024-06-15,2,2171.47,0.29,3083.49,Cash on Delivery,Online
ORD107444,CUST101332,PROD1050,2022-03-21,4,4767.36,0.01,18878.75,Cash on Delivery,Store
ORD107445,CUST103366,PROD1040,2023-11-15,3,331.95,0.05,946.06,Net Banking,Store
ORD107446,CUST109764,PROD1132,2024-09-13,2,1728.02,0.02,3386.92,Debit Card,Store
ORD107447,CUST107229,PROD1084,2023-05-09,1,1758.62,0.15,1494.83,Debit Card,Store
ORD107448,CUST105340,PROD1070,2024-08-03,4,3731.49,0.29,10597.43,Cash on Delivery,Store
ORD107449,CUST107526,PROD1152,2024-04-07,4,3367.3,0.17,11179.44,Cash on Delivery,Store
ORD107450,CUST103454,PROD1000,2022-09-16,2,1986.03,0.17,3296.81,Debit Card,Online
ORD107451,CUST103816,PROD1008,2023-05-19,1,1199.69,0.25,899.77,Debit Card,Store
ORD107452,CUST105637,PROD1193,2022-11-24,1,4987.26,0.28,3590.83,Debit Card,Store
ORD107453,CUST101360,PROD1194,2023-09-18,3,270.22,0.21,640.42,Cash on Delivery,Store
ORD107454,CUST106305,PROD1107,2024-04-27,2,2161.29,0.27,3155.48,UPI,Online
ORD107455,CUST105974,PROD1100,2022-04-21,3,3701.69,0.05,10549.82,Net Banking,Store
ORD107456,CUST100563,PROD1121,2024-04-01,2,1191.0,0.15,2024.7,Debit Card,Store
ORD107457,CUST106301,PROD1107,2023-05-29,2,2161.29,0.11,3847.1,Cash on Delivery,Online
ORD107458,CUST106156,PROD1003,2023-06-25,2,1363.94,0.1,2455.09,Credit Card,Online
ORD107459,CUST100733,PROD1148,2024-02-23,1,3902.89,0.06,3668.72,Cash on Delivery,Online
ORD107460,CUST108944,PROD1060,2022-09-04,3,4998.52,0.27,10946.76,UPI,Store
ORD107461,CUST105174,PROD1025,2022-08-09,3,1799.14,0.14,4641.78,UPI,Store
ORD107462,CUST102974,PROD1116,2023-08-30,4,4033.51,0.16,13552.59,Debit Card,Online
ORD107463,CUST106714,PROD1171,2024-01-16,3,4945.55,0.08,13649.72,Net Banking,Store
ORD107464,CUST103986,PROD1164,2022-11-11,4,3496.96,0.29,9931.37,Cash on Delivery,Store
ORD107465,CUST105829,PROD1077,2023-01-30,4,4838.73,0.18,15871.03,Net Banking,Store
ORD107466,CUST101785,PROD1137,2024-01-25,1,3649.67,0.0,3649.67,Credit Card,Online
ORD107467,CUST102633,PROD1081,2023-04-25,4,473.74,0.08,1743.36,Net Banking,Online
ORD107468,CUST107080,PROD1080,2022-01-24,2,760.03,0.3,1064.04,Net Banking,Store
ORD107469,CUST102092,PROD1074,2024-04-30,2,1160.21,0.29,1647.5,Debit Card,Online
ORD107470,CUST107814,PROD1046,2023-11-03,1,3362.42,0.16,2824.43,Credit Card,Online
ORD107471,CUST109997,PROD1087,2024-04-21,2,3115.6,0.17,5171.9,UPI,Store
ORD107472,CUST107435,PROD1082,2023-11-25,2,595.95,0.27,870.09,Net Banking,Online
ORD107473,CUST101248,PROD1150,2022-08-29,3,4820.06,0.21,11423.54,Credit Card,Store
ORD107474,CUST108407,PROD1119,2023-11-27,1,3955.63,0.28,2848.05,Credit Card,Store
ORD107475,CUST103945,PROD1122,2022-12-18,2,2405.73,0.14,4137.86,UPI,Online
ORD107476,CUST101725,PROD1053,2024-05-04,1,1312.97,0.29,932.21,Debit Card,Store
ORD107477,CUST102701,PROD1186,2022-12-19,1,158.9,0.16,133.48,Credit Card,Online
ORD107478,CUST109392,PROD1146,2022-12-16,2,2720.43,0.19,4407.1,UPI,Online
ORD107479,CUST101540,PROD1024,2022-04-04,2,3137.89,0.02,6150.26,Cash on Delivery,Store
ORD107480,CUST105842,PROD1066,2022-11-23,4,3804.6,0.18,12479.09,Credit Card,Online
ORD107481,CUST104802,PROD1140,2023-12-21,1,4426.54,0.23,3408.44,Cash on Delivery,Store
ORD107482,CUST100512,PROD1020,2024-07-27,1,319.32,0.13,277.81,Cash on Delivery,Store
ORD107483,CUST107271,PROD1021,2022-02-22,2,1572.17,0.15,2672.69,Credit Card,Store
ORD107484,CUST108173,PROD1174,2023-01-05,4,4761.29,0.12,16759.74,UPI,Online
ORD107485,CUST106088,PROD1190,2024-06-15,3,2787.44,0.29,5937.25,Cash on Delivery,Store
ORD107486,CUST100802,PROD1028,2022-04-04,2,4912.04,0.14,8448.71,Debit Card,Store
ORD107487,CUST105388,PROD1048,2023-09-02,4,3417.13,0.04,13121.78,Net Banking,Online
ORD107488,CUST107539,PROD1106,2023-03-21,1,822.51,0.01,814.28,Cash on Delivery,Store
ORD107489,CUST107076,PROD1024,2023-09-22,1,3137.89,0.23,2416.18,Cash on Delivery,Store
ORD107490,CUST100901,PROD1150,2022-10-17,2,4820.06,0.16,8097.7,Net Banking,Store
ORD107491,CUST106876,PROD1075,2024-04-08,4,2758.4,0.0,11033.6,UPI,Online
ORD107492,CUST104158,PROD1048,2022-12-24,2,3417.13,0.11,6082.49,Debit Card,Online
ORD107493,CUST101788,PROD1150,2022-03-02,1,4820.06,0.27,3518.64,Debit Card,Online
ORD107494,CUST104600,PROD1004,2023-04-24,4,1760.0,0.28,5068.8,Cash on Delivery,Store
ORD107495,CUST101699,PROD1156,2022-09-09,4,4272.09,0.02,16746.59,Credit Card,Store
ORD107496,CUST106678,PROD1004,2024-01-30,1,1760.0,0.04,1689.6,Credit Card,Online
ORD107497,CUST105749,PROD1038,2024-02-15,1,2162.08,0.0,2162.08,Cash on Delivery,Store
ORD107498,CUST109400,PROD1162,2023-07-20,3,307.56,0.26,682.78,Credit Card,Online
ORD107499,CUST102993,PROD1080,2022-06-30,3,760.03,0.02,2234.49,Debit Card,Store
ORD107500,CUST101594,PROD1029,2022-05-28,1,935.53,0.03,907.46,Debit Card,Online
ORD107501,CUST103441,PROD1183,2022-02-15,4,927.52,0.07,3450.37,Net Banking,Store
ORD107502,CUST101838,PROD1001,2022-04-28,1,2108.14,0.28,1517.86,Debit Card,Store
ORD107503,CUST107908,PROD1014,2022-04-03,2,2197.11,0.21,3471.43,UPI,Store
ORD107504,CUST102902,PROD1050,2023-06-27,1,4767.36,0.19,3861.56,Debit Card,Store
ORD107505,CUST107405,PROD1022,2022-08-01,4,1744.61,0.24,5303.61,Cash on Delivery,Online
ORD107506,CUST107047,PROD1025,2022-06-03,3,1799.14,0.21,4263.96,Credit Card,Store
ORD107507,CUST102339,PROD1010,2023-04-24,1,794.74,0.22,619.9,Credit Card,Online
ORD107508,CUST104521,PROD1127,2023-03-23,3,509.27,0.02,1497.25,Debit Card,Store
ORD107509,CUST104928,PROD1023,2024-07-04,2,554.45,0.18,909.3,Debit Card,Store
ORD107510,CUST100499,PROD1136,2022-10-05,4,4779.14,0.23,14719.75,Credit Card,Online
ORD107511,CUST103627,PROD1070,2022-11-09,3,3731.49,0.17,9291.41,Credit Card,Store
ORD107512,CUST109036,PROD1137,2023-03-17,2,3649.67,0.0,7299.34,Debit Card,Online
ORD107513,CUST109252,PROD1096,2023-09-08,4,4510.68,0.06,16960.16,UPI,Store
ORD107514,CUST105645,PROD1109,2022-06-03,4,4287.18,0.29,12175.59,UPI,Online
ORD107515,CUST102681,PROD1071,2024-02-24,3,1115.14,0.21,2642.88,Credit Card,Store
ORD107516,CUST109612,PROD1070,2024-05-06,3,3731.49,0.21,8843.63,Net Banking,Store
ORD107517,CUST108941,PROD1184,2024-05-18,3,4915.01,0.2,11796.02,UPI,Online
ORD107518,CUST109237,PROD1089,2022-06-04,4,1920.59,0.04,7375.07,Cash on Delivery,Store
ORD107519,CUST104590,PROD1126,2024-04-14,4,362.9,0.0,1451.6,Credit Card,Store
ORD107520,CUST103474,PROD1122,2023-07-22,4,2405.73,0.13,8371.94,UPI,Online
ORD107521,CUST101226,PROD1142,2024-03-02,3,1570.45,0.13,4098.87,Debit Card,Store
ORD107522,CUST102973,PROD1032,2023-06-21,3,940.88,0.24,2145.21,Net Banking,Store
ORD107523,CUST105045,PROD1138,2024-05-31,2,3504.61,0.05,6658.76,Debit Card,Store
ORD107524,CUST109561,PROD1146,2024-02-17,1,2720.43,0.08,2502.8,Debit Card,Store
ORD107525,CUST101038,PROD1169,2024-03-14,2,2046.46,0.02,4011.06,Net Banking,Store
ORD107526,CUST101787,PROD1057,2024-01-16,1,2667.72,0.12,2347.59,Credit Card,Store
ORD107527,CUST109844,PROD1145,2023-12-23,2,4568.9,0.08,8406.78,Debit Card,Store
ORD107528,CUST104715,PROD1145,2023-09-29,3,4568.9,0.08,12610.16,Credit Card,Store
ORD107529,CUST104722,PROD1021,2023-11-16,4,1572.17,0.08,5785.59,Credit Card,Store
ORD107530,CUST108611,PROD1088,2023-09-22,1,4002.67,0.07,3722.48,Credit Card,Store
ORD107531,CUST102897,PROD1117,2023-02-05,4,2765.48,0.1,9955.73,Debit Card,Online
ORD107532,CUST104584,PROD1179,2024-08-31,1,3516.31,0.16,2953.7,Credit Card,Online
ORD107533,CUST106319,PROD1043,2022-11-10,4,1864.75,0.13,6489.33,Debit Card,Store
ORD107534,CUST103302,PROD1158,2023-08-18,2,611.58,0.02,1198.7,Credit Card,Online
ORD107535,CUST100795,PROD1008,2023-08-17,4,1199.69,0.13,4174.92,Cash on Delivery,Store
ORD107536,CUST105437,PROD1049,2022-01-23,1,2805.47,0.25,2104.1,Debit Card,Online
ORD107537,CUST102809,PROD1118,2023-10-10,3,833.05,0.03,2424.18,Cash on Delivery,Store
ORD107538,CUST100466,PROD1060,2022-11-02,1,4998.52,0.28,3598.93,Credit Card,Online
ORD107539,CUST109546,PROD1018,2023-02-04,4,4703.75,0.09,17121.65,Debit Card,Store
ORD107540,CUST100272,PROD1051,2023-08-24,2,2585.17,0.0,5170.34,Net Banking,Online
ORD107541,CUST106308,PROD1054,2024-03-21,1,584.36,0.08,537.61,Cash on Delivery,Online
ORD107542,CUST103489,PROD1024,2022-12-18,2,3137.89,0.02,6150.26,UPI,Store
ORD107543,CUST103651,PROD1068,2024-05-30,3,3161.5,0.17,7872.13,UPI,Store
ORD107544,CUST107135,PROD1074,2024-05-31,2,1160.21,0.09,2111.58,Net Banking,Online
ORD107545,CUST100955,PROD1140,2022-07-30,2,4426.54,0.24,6728.34,Net Banking,Online
ORD107546,CUST105386,PROD1161,2023-08-17,1,4435.03,0.22,3459.32,UPI,Online
ORD107547,CUST107897,PROD1071,2022-04-06,2,1115.14,0.14,1918.04,Debit Card,Online
ORD107548,CUST103409,PROD1024,2023-07-12,2,3137.89,0.17,5208.9,Credit Card,Store
ORD107549,CUST101919,PROD1090,2023-03-09,2,2110.16,0.18,3460.66,Debit Card,Store
ORD107550,CUST102932,PROD1074,2022-12-26,4,1160.21,0.08,4269.57,UPI,Online
ORD107551,CUST107775,PROD1063,2024-02-22,2,4377.63,0.04,8405.05,Cash on Delivery,Store
ORD107552,CUST108379,PROD1081,2022-02-18,2,473.74,0.11,843.26,Cash on Delivery,Store
ORD107553,CUST100207,PROD1137,2023-10-23,2,3649.67,0.03,7080.36,Credit Card,Online
ORD107554,CUST100073,PROD1096,2023-08-10,1,4510.68,0.09,4104.72,Credit Card,Online
ORD107555,CUST108043,PROD1099,2022-08-09,1,4731.44,0.17,3927.1,UPI,Online
ORD107556,CUST104768,PROD1016,2024-01-06,2,3052.07,0.16,5127.48,UPI,Store
ORD107557,CUST107561,PROD1004,2022-01-06,2,1760.0,0.04,3379.2,Credit Card,Online
ORD107558,CUST109241,PROD1066,2022-02-24,4,3804.6,0.0,15218.4,Cash on Delivery,Online
ORD107559,CUST104969,PROD1100,2024-04-30,2,3701.69,0.03,7181.28,Net Banking,Online
ORD107560,CUST107704,PROD1137,2024-09-02,3,3649.67,0.01,10839.52,Net Banking,Online
ORD107561,CUST105889,PROD1154,2024-04-23,2,1389.72,0.12,2445.91,Net Banking,Online
ORD107562,CUST108019,PROD1183,2022-01-15,1,927.52,0.12,816.22,Cash on Delivery,Online
ORD107563,CUST108706,PROD1134,2023-06-07,1,3708.05,0.07,3448.49,Debit Card,Online
ORD107564,CUST105919,PROD1112,2023-01-18,2,441.15,0.06,829.36,Debit Card,Store
ORD107565,CUST100279,PROD1028,2022-06-16,1,4912.04,0.12,4322.6,Cash on Delivery,Online
ORD107566,CUST104855,PROD1048,2023-01-11,4,3417.13,0.03,13258.46,Debit Card,Online
ORD107567,CUST108747,PROD1166,2022-03-15,1,4056.26,0.06,3812.88,Net Banking,Online
ORD107568,CUST105152,PROD1197,2024-03-29,3,2029.94,0.12,5359.04,Cash on Delivery,Store
ORD107569,CUST107461,PROD1008,2023-11-08,2,1199.69,0.03,2327.4,Credit Card,Store
ORD107570,CUST107791,PROD1199,2024-08-02,1,4504.11,0.25,3378.08,Cash on Delivery,Online
ORD107571,CUST100290,PROD1188,2022-07-04,1,2539.12,0.2,2031.3,UPI,Store
ORD107572,CUST104880,PROD1077,2022-03-29,2,4838.73,0.11,8612.94,Net Banking,Store
ORD107573,CUST107983,PROD1181,2024-01-25,1,2171.47,0.05,2062.9,Net Banking,Online
ORD107574,CUST107723,PROD1136,2022-12-22,3,4779.14,0.06,13477.17,UPI,Online
ORD107575,CUST107968,PROD1059,2022-03-06,2,4207.05,0.04,8077.54,Net Banking,Store
ORD107576,CUST101622,PROD1051,2022-09-30,1,2585.17,0.05,2455.91,UPI,Online
ORD107577,CUST103551,PROD1120,2022-07-10,4,1608.36,0.13,5597.09,UPI,Online
ORD107578,CUST104178,PROD1074,2023-10-16,4,1160.21,0.07,4315.98,Net Banking,Online
ORD107579,CUST103275,PROD1010,2022-02-07,2,794.74,0.27,1160.32,Cash on Delivery,Online
ORD107580,CUST105257,PROD1103,2023-01-09,1,472.31,0.29,335.34,UPI,Store
ORD107581,CUST108274,PROD1162,2023-10-27,4,307.56,0.21,971.89,Credit Card,Online
ORD107582,CUST103995,PROD1074,2023-01-15,3,1160.21,0.24,2645.28,UPI,Store
ORD107583,CUST105806,PROD1035,2022-02-06,1,1309.41,0.08,1204.66,Credit Card,Online
ORD107584,CUST108839,PROD1182,2024-01-09,3,572.67,0.2,1374.41,Cash on Delivery,Store
ORD107585,CUST106762,PROD1130,2024-05-03,4,1651.44,0.02,6473.64,UPI,Store
ORD107586,CUST103692,PROD1108,2024-08-09,2,871.28,0.29,1237.22,UPI,Online
ORD107587,CUST101757,PROD1082,2022-09-09,3,595.95,0.2,1430.28,UPI,Store
ORD107588,CUST104955,PROD1199,2024-05-28,4,4504.11,0.1,16214.8,Credit Card,Store
ORD107589,CUST106462,PROD1180,2022-05-15,2,4036.27,0.23,6215.86,Cash on Delivery,Store
ORD107590,CUST105964,PROD1027,2022-01-11,1,133.03,0.0,133.03,Net Banking,Online
ORD107591,CUST107414,PROD1052,2022-07-21,4,2302.12,0.11,8195.55,Debit Card,Store
ORD107592,CUST107204,PROD1053,2022-11-30,4,1312.97,0.27,3833.87,UPI,Online
ORD107593,CUST106848,PROD1180,2023-02-23,1,4036.27,0.08,3713.37,UPI,Online
ORD107594,CUST100725,PROD1064,2022-08-26,1,4980.76,0.2,3984.61,UPI,Online
ORD107595,CUST101107,PROD1052,2024-05-30,1,2302.12,0.11,2048.89,Net Banking,Store
ORD107596,CUST104348,PROD1039,2023-02-24,2,2735.18,0.12,4813.92,Cash on Delivery,Store
ORD107597,CUST108086,PROD1040,2023-03-30,2,331.95,0.22,517.84,Credit Card,Online
ORD107598,CUST107073,PROD1165,2022-11-04,1,4146.73,0.27,3027.11,Net Banking,Online
ORD107599,CUST100824,PROD1074,2023-08-04,2,1160.21,0.05,2204.4,Cash on Delivery,Online
ORD107600,CUST104602,PROD1028,2022-06-19,4,4912.04,0.08,18076.31,Debit Card,Store
ORD107601,CUST109926,PROD1158,2023-08-06,2,611.58,0.15,1039.69,Cash on Delivery,Online
ORD107602,CUST107492,PROD1188,2024-02-22,4,2539.12,0.18,8328.31,Cash on Delivery,Store
ORD107603,CUST100350,PROD1039,2022-05-29,4,2735.18,0.14,9409.02,Credit Card,Online
ORD107604,CUST105202,PROD1129,2023-05-16,2,1033.9,0.24,1571.53,Cash on Delivery,Online
ORD107605,CUST102173,PROD1047,2023-08-17,1,3493.68,0.23,2690.13,Cash on Delivery,Store
ORD107606,CUST109026,PROD1000,2023-05-28,3,1986.03,0.12,5243.12,UPI,Online
ORD107607,CUST107894,PROD1058,2023-03-28,3,1109.98,0.01,3296.64,Credit Card,Online
ORD107608,CUST104991,PROD1159,2024-06-25,2,464.94,0.06,874.09,Cash on Delivery,Store
ORD107609,CUST103002,PROD1087,2023-06-06,4,3115.6,0.15,10593.04,Cash on Delivery,Store
ORD107610,CUST102509,PROD1001,2024-07-29,3,2108.14,0.28,4553.58,UPI,Store
ORD107611,CUST102672,PROD1058,2023-03-16,4,1109.98,0.17,3685.13,Credit Card,Online
ORD107612,CUST103442,PROD1130,2022-05-27,4,1651.44,0.16,5548.84,Debit Card,Online
ORD107613,CUST104158,PROD1048,2024-06-04,4,3417.13,0.22,10661.45,Credit Card,Store
ORD107614,CUST104121,PROD1075,2022-10-25,4,2758.4,0.05,10481.92,Net Banking,Store
ORD107615,CUST107807,PROD1033,2023-08-29,3,647.39,0.04,1864.48,Cash on Delivery,Store
ORD107616,CUST106237,PROD1061,2023-01-05,2,1679.78,0.1,3023.6,Net Banking,Online
ORD107617,CUST107026,PROD1033,2024-03-19,2,647.39,0.3,906.35,Net Banking,Store
ORD107618,CUST108141,PROD1022,2024-06-12,4,1744.61,0.26,5164.05,Debit Card,Online
ORD107619,CUST107179,PROD1018,2022-08-21,4,4703.75,0.2,15052.0,Cash on Delivery,Online
ORD107620,CUST105797,PROD1179,2023-10-22,2,3516.31,0.12,6188.71,Credit Card,Online
ORD107621,CUST100297,PROD1059,2022-05-04,1,4207.05,0.17,3491.85,UPI,Store
ORD107622,CUST106080,PROD1126,2023-02-15,4,362.9,0.09,1320.96,Cash on Delivery,Store
ORD107623,CUST107746,PROD1095,2024-02-19,3,4205.79,0.2,10093.9,Net Banking,Store
ORD107624,CUST107334,PROD1155,2022-09-05,3,2625.54,0.13,6852.66,Net Banking,Store
ORD107625,CUST103938,PROD1089,2023-04-07,4,1920.59,0.04,7375.07,Cash on Delivery,Online
ORD107626,CUST107932,PROD1048,2023-01-17,4,3417.13,0.06,12848.41,Debit Card,Store
ORD107627,CUST107925,PROD1044,2022-04-08,2,452.32,0.18,741.8,Credit Card,Store
ORD107628,CUST101594,PROD1075,2024-08-17,1,2758.4,0.21,2179.14,UPI,Store
ORD107629,CUST103215,PROD1106,2022-04-16,2,822.51,0.03,1595.67,Debit Card,Store
ORD107630,CUST109673,PROD1059,2024-05-31,1,4207.05,0.24,3197.36,Credit Card,Store
ORD107631,CUST104379,PROD1183,2023-11-09,3,927.52,0.25,2086.92,Cash on Delivery,Store
ORD107632,CUST103182,PROD1131,2023-03-26,2,768.23,0.22,1198.44,Debit Card,Store
ORD107633,CUST104445,PROD1145,2022-04-23,2,4568.9,0.21,7218.86,UPI,Online
ORD107634,CUST107571,PROD1156,2023-07-24,4,4272.09,0.07,15892.17,Credit Card,Store
ORD107635,CUST109965,PROD1119,2023-04-25,4,3955.63,0.28,11392.21,Cash on Delivery,Store
ORD107636,CUST101351,PROD1166,2024-09-04,3,4056.26,0.08,11195.28,Credit Card,Store
ORD107637,CUST109509,PROD1054,2024-05-31,1,584.36,0.05,555.14,UPI,Store
ORD107638,CUST105613,PROD1185,2023-04-14,1,2516.6,0.19,2038.45,Cash on Delivery,Online
ORD107639,CUST100211,PROD1174,2023-01-01,3,4761.29,0.11,12712.64,Net Banking,Online
ORD107640,CUST101274,PROD1030,2024-01-28,1,3330.72,0.28,2398.12,Net Banking,Online
ORD107641,CUST104262,PROD1114,2024-02-18,4,671.01,0.14,2308.27,Debit Card,Online
ORD107642,CUST105967,PROD1155,2024-07-14,3,2625.54,0.05,7482.79,Cash on Delivery,Online
ORD107643,CUST103734,PROD1154,2024-08-17,4,1389.72,0.29,3946.8,Cash on Delivery,Online
ORD107644,CUST109377,PROD1029,2024-06-13,3,935.53,0.15,2385.6,Debit Card,Online
ORD107645,CUST107775,PROD1048,2022-12-05,3,3417.13,0.16,8611.17,Credit Card,Store
ORD107646,CUST109066,PROD1169,2022-06-25,1,2046.46,0.12,1800.88,Debit Card,Online
ORD107647,CUST105538,PROD1074,2022-10-23,2,1160.21,0.25,1740.32,Cash on Delivery,Store
ORD107648,CUST104502,PROD1067,2023-09-18,3,1221.16,0.09,3333.77,Net Banking,Store
ORD107649,CUST102485,PROD1099,2022-04-04,1,4731.44,0.0,4731.44,Credit Card,Store
ORD107650,CUST107254,PROD1128,2024-02-01,3,3522.95,0.15,8983.52,Cash on Delivery,Online
ORD107651,CUST104370,PROD1171,2022-12-21,1,4945.55,0.28,3560.8,UPI,Store
ORD107652,CUST105534,PROD1102,2022-03-09,3,3752.53,0.08,10356.98,Net Banking,Store
ORD107653,CUST106705,PROD1164,2022-05-29,1,3496.96,0.08,3217.2,Net Banking,Online
ORD107654,CUST103398,PROD1160,2022-01-05,3,2584.14,0.22,6046.89,Debit Card,Store
ORD107655,CUST106255,PROD1148,2022-09-03,3,3902.89,0.23,9015.68,Cash on Delivery,Online
ORD107656,CUST104887,PROD1087,2023-11-07,3,3115.6,0.13,8131.72,Cash on Delivery,Store
ORD107657,CUST106445,PROD1167,2024-02-01,1,3946.83,0.25,2960.12,Debit Card,Online
ORD107658,CUST108327,PROD1188,2024-09-13,2,2539.12,0.05,4824.33,Cash on Delivery,Store
ORD107659,CUST100332,PROD1113,2023-10-09,3,2996.04,0.11,7999.43,Cash on Delivery,Online
ORD107660,CUST109218,PROD1012,2024-06-11,1,1673.76,0.12,1472.91,Net Banking,Online
ORD107661,CUST103233,PROD1112,2023-03-20,4,441.15,0.09,1605.79,Credit Card,Online
ORD107662,CUST101535,PROD1165,2022-07-03,1,4146.73,0.07,3856.46,UPI,Store
ORD107663,CUST102124,PROD1156,2022-10-14,1,4272.09,0.1,3844.88,UPI,Online
ORD107664,CUST102232,PROD1180,2022-07-31,2,4036.27,0.01,7991.81,Credit Card,Store
ORD107665,CUST103957,PROD1063,2023-06-21,4,4377.63,0.21,13833.31,UPI,Online
ORD107666,CUST107647,PROD1035,2024-05-19,4,1309.41,0.21,4137.74,Credit Card,Online
ORD107667,CUST105282,PROD1103,2023-11-27,2,472.31,0.14,812.37,Cash on Delivery,Store
ORD107668,CUST105140,PROD1110,2022-08-05,2,2932.67,0.1,5278.81,Debit Card,Online
ORD107669,CUST107744,PROD1004,2024-04-28,3,1760.0,0.13,4593.6,Cash on Delivery,Store
ORD107670,CUST105697,PROD1147,2023-04-30,3,1570.61,0.28,3392.52,Debit Card,Store
ORD107671,CUST100952,PROD1138,2022-12-01,1,3504.61,0.18,2873.78,Credit Card,Online
ORD107672,CUST103369,PROD1071,2024-06-05,1,1115.14,0.22,869.81,Cash on Delivery,Store
ORD107673,CUST106442,PROD1155,2024-08-27,3,2625.54,0.07,7325.26,Credit Card,Online
ORD107674,CUST106553,PROD1176,2023-11-05,4,770.65,0.03,2990.12,Net Banking,Store
ORD107675,CUST106830,PROD1168,2022-06-21,1,736.02,0.02,721.3,Credit Card,Store
ORD107676,CUST100164,PROD1145,2024-05-24,1,4568.9,0.14,3929.25,Cash on Delivery,Store
ORD107677,CUST107249,PROD1157,2023-06-03,2,1005.94,0.22,1569.27,Debit Card,Store
ORD107678,CUST102705,PROD1127,2023-09-07,3,509.27,0.23,1176.41,Net Banking,Store
ORD107679,CUST109931,PROD1141,2022-11-03,2,1551.56,0.22,2420.43,Cash on Delivery,Store
ORD107680,CUST100103,PROD1055,2022-06-02,1,2785.96,0.27,2033.75,Cash on Delivery,Store
ORD107681,CUST107297,PROD1072,2023-05-02,3,4258.76,0.02,12520.75,Cash on Delivery,Online
ORD107682,CUST104691,PROD1179,2024-01-20,4,3516.31,0.26,10408.28,Net Banking,Store
ORD107683,CUST104215,PROD1090,2024-07-12,4,2110.16,0.2,6752.51,Cash on Delivery,Online
ORD107684,CUST106402,PROD1193,2023-11-13,2,4987.26,0.05,9475.79,Debit Card,Online
ORD107685,CUST101127,PROD1194,2023-02-15,3,270.22,0.2,648.53,Cash on Delivery,Online
ORD107686,CUST100363,PROD1028,2023-02-25,1,4912.04,0.15,4175.23,UPI,Store
ORD107687,CUST109761,PROD1127,2022-11-07,4,509.27,0.11,1813.0,Credit Card,Store
ORD107688,CUST108061,PROD1026,2023-05-02,4,3182.76,0.07,11839.87,UPI,Store
ORD107689,CUST100368,PROD1067,2024-03-16,4,1221.16,0.14,4200.79,Debit Card,Online
ORD107690,CUST103949,PROD1162,2023-05-15,1,307.56,0.07,286.03,Debit Card,Store
ORD107691,CUST105053,PROD1090,2023-07-22,1,2110.16,0.02,2067.96,Credit Card,Store
ORD107692,CUST105863,PROD1009,2022-04-02,4,3453.81,0.25,10361.43,Debit Card,Store
ORD107693,CUST105304,PROD1126,2023-11-05,3,362.9,0.18,892.73,Debit Card,Online
ORD107694,CUST106537,PROD1025,2023-10-31,3,1799.14,0.11,4803.7,Cash on Delivery,Online
ORD107695,CUST107511,PROD1070,2023-05-08,2,3731.49,0.13,6492.79,Credit Card,Online
ORD107696,CUST105350,PROD1090,2023-11-19,3,2110.16,0.26,4684.56,UPI,Online
ORD107697,CUST102092,PROD1093,2022-03-13,2,3090.85,0.1,5563.53,Cash on Delivery,Store
ORD107698,CUST109707,PROD1075,2022-03-18,2,2758.4,0.11,4909.95,Cash on Delivery,Store
ORD107699,CUST100594,PROD1103,2022-02-15,4,472.31,0.23,1454.71,UPI,Online
ORD107700,CUST101445,PROD1188,2024-03-15,2,2539.12,0.06,4773.55,Debit Card,Online
ORD107701,CUST103622,PROD1196,2024-01-29,3,1253.86,0.2,3009.26,Net Banking,Online
ORD107702,CUST100765,PROD1183,2023-05-30,3,927.52,0.13,2420.83,Net Banking,Store
ORD107703,CUST106040,PROD1076,2022-11-30,3,4330.45,0.15,11042.65,Debit Card,Online
ORD107704,CUST109532,PROD1191,2024-01-06,4,598.34,0.24,1818.95,Cash on Delivery,Store
ORD107705,CUST109778,PROD1040,2024-09-09,2,331.95,0.3,464.73,UPI,Store
ORD107706,CUST106436,PROD1131,2024-01-31,1,768.23,0.25,576.17,Net Banking,Store
ORD107707,CUST104631,PROD1065,2022-08-03,2,1779.33,0.05,3380.73,Cash on Delivery,Online
ORD107708,CUST108825,PROD1164,2022-03-18,2,3496.96,0.07,6504.35,Net Banking,Store
ORD107709,CUST106609,PROD1033,2023-05-04,4,647.39,0.12,2278.81,UPI,Store
ORD107710,CUST106192,PROD1121,2022-08-19,2,1191.0,0.22,1857.96,Cash on Delivery,Online
ORD107711,CUST108153,PROD1049,2022-02-19,3,2805.47,0.15,7153.95,Credit Card,Online
ORD107712,CUST104756,PROD1197,2023-10-23,2,2029.94,0.27,2963.71,Cash on Delivery,Online
ORD107713,CUST108650,PROD1089,2022-04-17,4,1920.59,0.01,7605.54,Credit Card,Online
ORD107714,CUST106840,PROD1041,2023-03-08,2,4320.12,0.08,7949.02,Debit Card,Store
ORD107715,CUST106905,PROD1128,2023-11-29,4,3522.95,0.07,13105.37,UPI,Online
ORD107716,CUST109872,PROD1033,2024-03-09,4,647.39,0.22,2019.86,Net Banking,Online
ORD107717,CUST104850,PROD1137,2023-05-13,4,3649.67,0.14,12554.86,Debit Card,Online
ORD107718,CUST101893,PROD1004,2022-01-07,2,1760.0,0.0,3520.0,Debit Card,Online
ORD107719,CUST100508,PROD1089,2024-04-04,1,1920.59,0.23,1478.85,Cash on Delivery,Store
ORD107720,CUST100735,PROD1171,2022-10-19,4,4945.55,0.11,17606.16,Cash on Delivery,Online
ORD107721,CUST106353,PROD1146,2024-09-05,4,2720.43,0.08,10011.18,Credit Card,Store
ORD107722,CUST102751,PROD1148,2022-12-08,3,3902.89,0.05,11123.24,Credit Card,Store
ORD107723,CUST102843,PROD1120,2022-10-07,4,1608.36,0.28,4632.08,Debit Card,Store
ORD107724,CUST108483,PROD1161,2023-06-20,2,4435.03,0.28,6386.44,Debit Card,Online
ORD107725,CUST100811,PROD1028,2022-11-08,2,4912.04,0.02,9627.6,Cash on Delivery,Online
ORD107726,CUST102097,PROD1101,2023-12-26,1,3236.62,0.07,3010.06,Cash on Delivery,Online
ORD107727,CUST100649,PROD1039,2023-12-02,3,2735.18,0.19,6646.49,Net Banking,Online
ORD107728,CUST102597,PROD1114,2023-05-06,4,671.01,0.2,2147.23,UPI,Online
ORD107729,CUST100560,PROD1017,2022-03-18,2,791.05,0.13,1376.43,Net Banking,Store
ORD107730,CUST108961,PROD1122,2022-05-04,3,2405.73,0.17,5990.27,UPI,Online
ORD107731,CUST104651,PROD1048,2024-08-23,2,3417.13,0.21,5399.07,Debit Card,Online
ORD107732,CUST100503,PROD1188,2022-10-11,4,2539.12,0.29,7211.1,Cash on Delivery,Store
ORD107733,CUST108819,PROD1064,2023-11-03,2,4980.76,0.22,7769.99,Net Banking,Online
ORD107734,CUST103862,PROD1163,2024-04-24,3,1140.38,0.03,3318.51,UPI,Online
ORD107735,CUST106651,PROD1069,2023-04-27,1,3553.73,0.22,2771.91,Credit Card,Online
ORD107736,CUST102174,PROD1006,2022-08-12,4,2076.92,0.02,8141.53,UPI,Store
ORD107737,CUST103527,PROD1060,2024-01-28,2,4998.52,0.15,8497.48,UPI,Store
ORD107738,CUST105423,PROD1191,2022-03-19,3,598.34,0.16,1507.82,Cash on Delivery,Store
ORD107739,CUST106502,PROD1103,2023-08-31,2,472.31,0.23,727.36,Net Banking,Online
ORD107740,CUST107723,PROD1087,2023-07-11,2,3115.6,0.0,6231.2,Debit Card,Store
ORD107741,CUST108825,PROD1157,2022-03-10,1,1005.94,0.26,744.4,Net Banking,Store
ORD107742,CUST106102,PROD1016,2022-04-09,1,3052.07,0.2,2441.66,Debit Card,Online
ORD107743,CUST107988,PROD1171,2024-06-06,4,4945.55,0.01,19584.38,Credit Card,Store
ORD107744,CUST105152,PROD1199,2022-03-09,4,4504.11,0.05,17115.62,Cash on Delivery,Online
ORD107745,CUST100500,PROD1075,2022-03-19,4,2758.4,0.01,10923.26,UPI,Online
ORD107746,CUST101563,PROD1025,2022-05-26,4,1799.14,0.23,5541.35,Net Banking,Online
ORD107747,CUST104075,PROD1144,2022-03-16,3,1220.66,0.05,3478.88,Net Banking,Store
ORD107748,CUST101174,PROD1162,2024-04-30,4,307.56,0.01,1217.94,Debit Card,Online
ORD107749,CUST109790,PROD1173,2023-05-29,4,3575.41,0.04,13729.57,Net Banking,Store
ORD107750,CUST107686,PROD1107,2024-09-20,2,2161.29,0.17,3587.74,UPI,Online
ORD107751,CUST102158,PROD1132,2024-06-17,2,1728.02,0.15,2937.63,Debit Card,Store
ORD107752,CUST101984,PROD1044,2023-10-31,3,452.32,0.07,1261.97,UPI,Online
ORD107753,CUST107299,PROD1074,2022-03-28,2,1160.21,0.28,1670.7,Debit Card,Store
ORD107754,CUST100519,PROD1143,2024-02-01,2,3731.95,0.26,5523.29,UPI,Store
ORD107755,CUST101328,PROD1057,2022-02-17,3,2667.72,0.09,7282.88,Debit Card,Store
ORD107756,CUST107196,PROD1041,2024-02-05,1,4320.12,0.14,3715.3,Cash on Delivery,Online
ORD107757,CUST106993,PROD1093,2023-07-31,2,3090.85,0.16,5192.63,Net Banking,Online
ORD107758,CUST109124,PROD1187,2022-02-11,1,4781.3,0.23,3681.6,UPI,Store
ORD107759,CUST107518,PROD1183,2022-05-14,1,927.52,0.13,806.94,Credit Card,Online
ORD107760,CUST109733,PROD1133,2024-04-06,1,1474.25,0.16,1238.37,Cash on Delivery,Store
ORD107761,CUST107659,PROD1019,2023-08-16,3,1794.76,0.12,4738.17,Cash on Delivery,Store
ORD107762,CUST100407,PROD1023,2022-01-19,4,554.45,0.23,1707.71,UPI,Store
ORD107763,CUST101531,PROD1090,2024-05-25,3,2110.16,0.17,5254.3,UPI,Store
ORD107764,CUST100623,PROD1194,2023-11-23,3,270.22,0.25,608.0,Credit Card,Online
ORD107765,CUST102766,PROD1051,2024-04-08,4,2585.17,0.02,10133.87,UPI,Online
ORD107766,CUST104647,PROD1137,2022-04-30,1,3649.67,0.27,2664.26,Credit Card,Store
ORD107767,CUST102827,PROD1152,2024-06-16,4,3367.3,0.25,10101.9,UPI,Store
ORD107768,CUST104415,PROD1105,2022-12-01,1,850.29,0.25,637.72,Credit Card,Online
ORD107769,CUST100666,PROD1172,2024-07-07,4,3051.89,0.04,11719.26,Debit Card,Online
ORD107770,CUST108819,PROD1000,2023-06-15,1,1986.03,0.08,1827.15,Net Banking,Store
ORD107771,CUST103276,PROD1024,2024-05-14,2,3137.89,0.29,4455.8,Net Banking,Store
ORD107772,CUST109976,PROD1111,2022-03-11,1,1904.48,0.29,1352.18,UPI,Online
ORD107773,CUST105605,PROD1102,2023-03-10,4,3752.53,0.07,13959.41,UPI,Online
ORD107774,CUST101133,PROD1136,2022-07-08,2,4779.14,0.13,8315.7,Net Banking,Online
ORD107775,CUST101509,PROD1169,2023-02-07,1,2046.46,0.05,1944.14,Net Banking,Online
ORD107776,CUST101858,PROD1190,2023-08-29,2,2787.44,0.08,5128.89,Credit Card,Store
ORD107777,CUST109807,PROD1104,2023-10-24,2,431.37,0.06,810.98,Credit Card,Online
ORD107778,CUST106219,PROD1152,2023-01-22,3,3367.3,0.02,9899.86,Debit Card,Store
ORD107779,CUST104705,PROD1047,2023-09-28,4,3493.68,0.17,11599.02,Debit Card,Store
ORD107780,CUST105617,PROD1182,2022-05-13,3,572.67,0.07,1597.75,Credit Card,Online
ORD107781,CUST104574,PROD1065,2022-08-10,4,1779.33,0.3,4982.12,Debit Card,Online
ORD107782,CUST107556,PROD1023,2022-03-08,1,554.45,0.15,471.28,Cash on Delivery,Store
ORD107783,CUST104683,PROD1081,2024-08-13,3,473.74,0.11,1264.89,Credit Card,Online
ORD107784,CUST102411,PROD1090,2024-03-17,2,2110.16,0.27,3080.83,Debit Card,Online
ORD107785,CUST100308,PROD1171,2022-08-19,3,4945.55,0.19,12017.69,Debit Card,Online
ORD107786,CUST107230,PROD1183,2023-10-30,3,927.52,0.04,2671.26,UPI,Store
ORD107787,CUST104362,PROD1034,2024-06-15,2,847.63,0.15,1440.97,UPI,Store
ORD107788,CUST106176,PROD1033,2022-05-30,4,647.39,0.13,2252.92,UPI,Store
ORD107789,CUST101832,PROD1005,2022-04-19,1,900.54,0.23,693.42,Net Banking,Online
ORD107790,CUST106183,PROD1176,2023-03-05,1,770.65,0.21,608.81,Net Banking,Store
ORD107791,CUST106879,PROD1143,2023-05-10,2,3731.95,0.11,6642.87,Net Banking,Store
ORD107792,CUST106410,PROD1140,2024-03-29,4,4426.54,0.14,15227.3,Credit Card,Store
ORD107793,CUST102000,PROD1011,2023-09-07,4,1834.14,0.16,6162.71,UPI,Store
ORD107794,CUST108858,PROD1138,2022-03-22,3,3504.61,0.13,9147.03,UPI,Store
ORD107795,CUST101684,PROD1046,2023-09-10,1,3362.42,0.03,3261.55,Credit Card,Store
ORD107796,CUST105617,PROD1059,2024-03-29,4,4207.05,0.27,12284.59,Net Banking,Online
ORD107797,CUST106782,PROD1048,2023-06-24,2,3417.13,0.2,5467.41,Debit Card,Store
ORD107798,CUST103076,PROD1051,2024-02-01,1,2585.17,0.14,2223.25,Cash on Delivery,Store
ORD107799,CUST105116,PROD1060,2024-03-08,2,4998.52,0.17,8297.54,UPI,Online
ORD107800,CUST108637,PROD1094,2023-05-03,4,2515.62,0.06,9458.73,Net Banking,Store
ORD107801,CUST104383,PROD1119,2022-01-08,3,3955.63,0.16,9968.19,Debit Card,Store
ORD107802,CUST108024,PROD1039,2023-04-20,1,2735.18,0.22,2133.44,UPI,Online
ORD107803,CUST109273,PROD1089,2022-09-11,4,1920.59,0.16,6453.18,UPI,Store
ORD107804,CUST105786,PROD1070,2023-07-07,4,3731.49,0.14,12836.33,Cash on Delivery,Store
ORD107805,CUST103751,PROD1180,2023-05-08,2,4036.27,0.14,6942.38,Net Banking,Online
ORD107806,CUST107785,PROD1060,2023-10-27,1,4998.52,0.23,3848.86,Credit Card,Online
ORD107807,CUST106095,PROD1149,2023-07-25,4,1630.37,0.23,5021.54,Debit Card,Online
ORD107808,CUST108031,PROD1037,2022-07-24,3,3402.6,0.23,7860.01,Debit Card,Store
ORD107809,CUST101545,PROD1060,2024-03-12,1,4998.52,0.07,4648.62,Net Banking,Online
ORD107810,CUST104831,PROD1082,2022-06-16,2,595.95,0.19,965.44,Debit Card,Online
ORD107811,CUST108305,PROD1099,2022-11-23,3,4731.44,0.23,10929.63,Credit Card,Online
ORD107812,CUST108963,PROD1117,2024-06-02,4,2765.48,0.17,9181.39,Debit Card,Store
ORD107813,CUST105515,PROD1046,2023-12-27,4,3362.42,0.23,10356.25,Net Banking,Store
ORD107814,CUST101012,PROD1026,2022-08-13,4,3182.76,0.26,9420.97,Credit Card,Store
ORD107815,CUST107396,PROD1145,2023-03-06,4,4568.9,0.05,17361.82,Cash on Delivery,Store
ORD107816,CUST107954,PROD1124,2024-03-16,2,1557.13,0.09,2833.98,Net Banking,Online
ORD107817,CUST109444,PROD1019,2023-04-24,3,1794.76,0.18,4415.11,Cash on Delivery,Online
ORD107818,CUST107534,PROD1041,2022-04-19,1,4320.12,0.09,3931.31,Debit Card,Store
ORD107819,CUST104203,PROD1040,2023-02-21,4,331.95,0.28,956.02,Credit Card,Online
ORD107820,CUST104377,PROD1071,2023-01-08,3,1115.14,0.06,3144.69,Debit Card,Online
ORD107821,CUST102668,PROD1057,2024-01-26,3,2667.72,0.11,7122.81,Net Banking,Store
ORD107822,CUST106533,PROD1039,2022-10-05,3,2735.18,0.3,5743.88,Cash on Delivery,Store
ORD107823,CUST109619,PROD1118,2023-02-15,3,833.05,0.06,2349.2,Cash on Delivery,Store
ORD107824,CUST103241,PROD1157,2022-07-10,2,1005.94,0.13,1750.34,Debit Card,Online
ORD107825,CUST100877,PROD1139,2023-10-29,3,3501.6,0.09,9559.37,Net Banking,Online
ORD107826,CUST101198,PROD1117,2022-01-21,2,2765.48,0.24,4203.53,Debit Card,Online
ORD107827,CUST100453,PROD1061,2024-08-06,2,1679.78,0.09,3057.2,UPI,Store
ORD107828,CUST104604,PROD1189,2023-11-06,4,4197.72,0.05,15951.34,Net Banking,Online
ORD107829,CUST109455,PROD1086,2022-09-07,1,4422.95,0.28,3184.52,Net Banking,Store
ORD107830,CUST102143,PROD1069,2023-07-13,1,3553.73,0.1,3198.36,Credit Card,Online
ORD107831,CUST106345,PROD1098,2023-07-16,3,1274.77,0.22,2982.96,UPI,Online
ORD107832,CUST107204,PROD1142,2023-01-10,3,1570.45,0.09,4287.33,Cash on Delivery,Store
ORD107833,CUST103058,PROD1123,2023-10-12,1,4620.97,0.05,4389.92,Debit Card,Store
ORD107834,CUST102856,PROD1006,2023-09-15,1,2076.92,0.24,1578.46,Cash on Delivery,Store
ORD107835,CUST109103,PROD1133,2022-10-11,2,1474.25,0.02,2889.53,Net Banking,Online
ORD107836,CUST109659,PROD1026,2024-01-14,3,3182.76,0.1,8593.45,Debit Card,Online
ORD107837,CUST100440,PROD1001,2024-03-15,1,2108.14,0.23,1623.27,Cash on Delivery,Store
ORD107838,CUST100995,PROD1133,2023-11-12,1,1474.25,0.15,1253.11,Debit Card,Store
ORD107839,CUST102111,PROD1060,2024-09-19,2,4998.52,0.21,7897.66,Cash on Delivery,Online
ORD107840,CUST104100,PROD1159,2023-12-02,4,464.94,0.02,1822.56,Debit Card,Online
ORD107841,CUST106215,PROD1156,2023-07-17,2,4272.09,0.22,6664.46,Cash on Delivery,Store
ORD107842,CUST103468,PROD1064,2023-06-04,1,4980.76,0.05,4731.72,Cash on Delivery,Online
ORD107843,CUST106473,PROD1142,2024-01-11,3,1570.45,0.24,3580.63,Debit Card,Store
ORD107844,CUST105266,PROD1137,2024-05-31,4,3649.67,0.17,12116.9,Credit Card,Online
ORD107845,CUST106492,PROD1009,2023-03-18,2,3453.81,0.22,5387.94,Debit Card,Store
ORD107846,CUST104460,PROD1009,2024-01-15,4,3453.81,0.06,12986.33,Cash on Delivery,Online
ORD107847,CUST108714,PROD1036,2023-03-21,4,924.34,0.12,3253.68,UPI,Online
ORD107848,CUST108897,PROD1031,2023-02-21,2,3607.34,0.24,5483.16,Net Banking,Online
ORD107849,CUST101759,PROD1035,2023-06-15,3,1309.41,0.27,2867.61,Credit Card,Online
ORD107850,CUST100249,PROD1063,2023-06-26,1,4377.63,0.07,4071.2,Debit Card,Online
ORD107851,CUST104996,PROD1142,2023-04-07,1,1570.45,0.24,1193.54,Net Banking,Online
ORD107852,CUST104344,PROD1072,2022-05-22,3,4258.76,0.03,12392.99,Credit Card,Online
ORD107853,CUST109566,PROD1015,2024-03-14,4,3483.28,0.13,12121.81,UPI,Online
ORD107854,CUST106591,PROD1104,2024-06-21,3,431.37,0.28,931.76,Net Banking,Online
ORD107855,CUST107708,PROD1082,2022-04-26,4,595.95,0.28,1716.34,Debit Card,Online
ORD107856,CUST106482,PROD1173,2022-04-17,2,3575.41,0.09,6507.25,UPI,Online
ORD107857,CUST109295,PROD1121,2023-06-30,4,1191.0,0.06,4478.16,Debit Card,Store
ORD107858,CUST106238,PROD1171,2022-06-27,1,4945.55,0.04,4747.73,Net Banking,Online
ORD107859,CUST108450,PROD1075,2022-02-01,1,2758.4,0.14,2372.22,Debit Card,Store
ORD107860,CUST109339,PROD1034,2022-10-25,4,847.63,0.03,3288.8,UPI,Online
ORD107861,CUST107096,PROD1124,2022-06-10,1,1557.13,0.11,1385.85,UPI,Store
ORD107862,CUST100904,PROD1050,2024-06-05,3,4767.36,0.01,14159.06,Net Banking,Online
ORD107863,CUST105042,PROD1106,2024-02-21,4,822.51,0.08,3026.84,Net Banking,Online
ORD107864,CUST107895,PROD1185,2024-09-11,3,2516.6,0.27,5511.35,Cash on Delivery,Online
ORD107865,CUST107456,PROD1004,2023-02-16,1,1760.0,0.13,1531.2,UPI,Online
ORD107866,CUST102139,PROD1165,2023-09-18,3,4146.73,0.02,12191.39,Cash on Delivery,Online
ORD107867,CUST105143,PROD1005,2023-02-27,4,900.54,0.19,2917.75,Debit Card,Store
ORD107868,CUST103178,PROD1178,2022-04-04,3,4804.5,0.29,10233.58,Net Banking,Store
ORD107869,CUST104147,PROD1141,2023-06-27,3,1551.56,0.14,4003.02,Credit Card,Store
ORD107870,CUST104389,PROD1175,2022-06-01,1,2304.65,0.19,1866.77,Debit Card,Online
ORD107871,CUST102347,PROD1011,2024-01-25,1,1834.14,0.28,1320.58,Cash on Delivery,Online
ORD107872,CUST105501,PROD1113,2024-06-18,4,2996.04,0.13,10426.22,UPI,Online
ORD107873,CUST101591,PROD1179,2023-04-07,4,3516.31,0.2,11252.19,Net Banking,Online
ORD107874,CUST102241,PROD1113,2024-02-16,1,2996.04,0.13,2606.55,Net Banking,Store
ORD107875,CUST103628,PROD1067,2022-12-22,2,1221.16,0.29,1734.05,Debit Card,Store
ORD107876,CUST109046,PROD1106,2024-04-17,1,822.51,0.15,699.13,Debit Card,Online
ORD107877,CUST100750,PROD1058,2023-06-20,2,1109.98,0.27,1620.57,Net Banking,Store
ORD107878,CUST107911,PROD1017,2022-08-06,3,791.05,0.15,2017.18,Cash on Delivery,Online
ORD107879,CUST108430,PROD1180,2022-12-20,4,4036.27,0.2,12916.06,UPI,Store
ORD107880,CUST106535,PROD1030,2023-07-31,3,3330.72,0.12,8793.1,Net Banking,Online
ORD107881,CUST102695,PROD1034,2023-12-28,3,847.63,0.28,1830.88,Net Banking,Store
ORD107882,CUST106156,PROD1003,2023-02-05,1,1363.94,0.19,1104.79,Debit Card,Online
ORD107883,CUST104636,PROD1008,2022-04-10,4,1199.69,0.01,4750.77,UPI,Store
ORD107884,CUST109508,PROD1108,2023-02-25,2,871.28,0.0,1742.56,Net Banking,Online
ORD107885,CUST102304,PROD1142,2022-11-02,1,1570.45,0.2,1256.36,Debit Card,Store
ORD107886,CUST100107,PROD1041,2022-09-07,1,4320.12,0.03,4190.52,Credit Card,Store
ORD107887,CUST101604,PROD1186,2023-03-05,3,158.9,0.21,376.59,Net Banking,Store
ORD107888,CUST101908,PROD1084,2022-10-03,2,1758.62,0.1,3165.52,Credit Card,Store
ORD107889,CUST102230,PROD1095,2022-11-11,1,4205.79,0.16,3532.86,UPI,Online
ORD107890,CUST107921,PROD1111,2022-11-11,4,1904.48,0.05,7237.02,UPI,Online
ORD107891,CUST108558,PROD1031,2022-03-31,2,3607.34,0.07,6709.65,Net Banking,Store
ORD107892,CUST107163,PROD1079,2023-01-30,1,127.55,0.13,110.97,Cash on Delivery,Store
ORD107893,CUST107701,PROD1044,2023-03-15,3,452.32,0.2,1085.57,Debit Card,Store
ORD107894,CUST103594,PROD1004,2024-05-01,1,1760.0,0.05,1672.0,Debit Card,Store
ORD107895,CUST102921,PROD1158,2022-09-08,2,611.58,0.08,1125.31,Cash on Delivery,Store
ORD107896,CUST101740,PROD1152,2023-07-31,3,3367.3,0.06,9495.79,Credit Card,Online
ORD107897,CUST102818,PROD1183,2022-08-24,1,927.52,0.26,686.36,UPI,Store
ORD107898,CUST101353,PROD1000,2022-03-18,2,1986.03,0.19,3217.37,Net Banking,Online
ORD107899,CUST108643,PROD1060,2023-07-24,2,4998.52,0.14,8597.45,Debit Card,Store
ORD107900,CUST106140,PROD1066,2022-04-10,3,3804.6,0.28,8217.94,Debit Card,Store
ORD107901,CUST104416,PROD1066,2024-06-09,3,3804.6,0.22,8902.76,Net Banking,Store
ORD107902,CUST109076,PROD1169,2024-03-22,4,2046.46,0.28,5893.8,Net Banking,Online
ORD107903,CUST106017,PROD1095,2024-09-24,4,4205.79,0.18,13794.99,Debit Card,Online
ORD107904,CUST106993,PROD1093,2023-04-06,1,3090.85,0.04,2967.22,Debit Card,Online
ORD107905,CUST100742,PROD1058,2023-02-02,4,1109.98,0.2,3551.94,Debit Card,Store
ORD107906,CUST105589,PROD1177,2024-08-29,4,3377.85,0.06,12700.72,Net Banking,Store
ORD107907,CUST107005,PROD1033,2022-09-02,3,647.39,0.1,1747.95,Credit Card,Store
ORD107908,CUST107628,PROD1111,2023-01-16,1,1904.48,0.15,1618.81,Debit Card,Store
ORD107909,CUST108002,PROD1067,2022-02-21,2,1221.16,0.05,2320.2,Credit Card,Online
ORD107910,CUST102562,PROD1181,2022-06-11,3,2171.47,0.01,6449.27,Debit Card,Online
ORD107911,CUST101260,PROD1141,2022-07-10,2,1551.56,0.1,2792.81,Net Banking,Online
ORD107912,CUST107239,PROD1159,2022-05-02,4,464.94,0.25,1394.82,Cash on Delivery,Online
ORD107913,CUST107439,PROD1197,2023-02-15,4,2029.94,0.0,8119.76,Credit Card,Online
ORD107914,CUST102334,PROD1106,2024-02-19,4,822.51,0.03,3191.34,Cash on Delivery,Online
ORD107915,CUST106230,PROD1080,2022-10-21,2,760.03,0.24,1155.25,Debit Card,Online
ORD107916,CUST108577,PROD1007,2022-09-03,1,4532.56,0.09,4124.63,Debit Card,Store
ORD107917,CUST100602,PROD1162,2024-09-22,3,307.56,0.28,664.33,Net Banking,Store
ORD107918,CUST100442,PROD1023,2022-07-03,4,554.45,0.11,1973.84,Cash on Delivery,Online
ORD107919,CUST103307,PROD1002,2023-03-25,4,1666.73,0.24,5066.86,Cash on Delivery,Store
ORD107920,CUST107841,PROD1080,2022-12-12,1,760.03,0.08,699.23,Debit Card,Store
ORD107921,CUST105856,PROD1035,2022-06-17,3,1309.41,0.02,3849.67,UPI,Online
ORD107922,CUST103301,PROD1178,2023-09-08,1,4804.5,0.26,3555.33,UPI,Store
ORD107923,CUST102301,PROD1103,2023-02-09,1,472.31,0.28,340.06,Cash on Delivery,Online
ORD107924,CUST107095,PROD1080,2023-02-20,4,760.03,0.21,2401.69,Cash on Delivery,Store
ORD107925,CUST107841,PROD1184,2023-08-24,4,4915.01,0.23,15138.23,Credit Card,Online
ORD107926,CUST104450,PROD1058,2023-06-08,1,1109.98,0.0,1109.98,Debit Card,Online
ORD107927,CUST103566,PROD1093,2023-08-24,2,3090.85,0.23,4759.91,UPI,Online
ORD107928,CUST106553,PROD1021,2023-10-28,4,1572.17,0.14,5408.26,Net Banking,Online
ORD107929,CUST102476,PROD1164,2022-02-05,3,3496.96,0.14,9022.16,Credit Card,Store
ORD107930,CUST107120,PROD1125,2022-01-16,4,4537.33,0.16,15245.43,UPI,Online
ORD107931,CUST104010,PROD1011,2022-07-25,2,1834.14,0.08,3374.82,Debit Card,Online
ORD107932,CUST102389,PROD1148,2023-05-09,2,3902.89,0.21,6166.57,Debit Card,Store
ORD107933,CUST101830,PROD1142,2023-11-05,1,1570.45,0.09,1429.11,Debit Card,Store
ORD107934,CUST106540,PROD1011,2024-05-30,1,1834.14,0.17,1522.34,UPI,Store
ORD107935,CUST104073,PROD1085,2024-07-08,2,657.06,0.04,1261.56,Debit Card,Store
ORD107936,CUST105545,PROD1102,2023-12-13,3,3752.53,0.2,9006.07,Net Banking,Online
ORD107937,CUST104829,PROD1055,2024-09-13,1,2785.96,0.06,2618.8,Debit Card,Store
ORD107938,CUST108054,PROD1105,2023-02-27,2,850.29,0.05,1615.55,Credit Card,Store
ORD107939,CUST102266,PROD1143,2024-08-17,3,3731.95,0.01,11083.89,Net Banking,Online
ORD107940,CUST108787,PROD1032,2022-07-24,3,940.88,0.04,2709.73,Credit Card,Store
ORD107941,CUST108382,PROD1116,2022-06-06,2,4033.51,0.07,7502.33,Credit Card,Online
ORD107942,CUST103462,PROD1170,2023-02-19,2,4925.25,0.07,9160.96,Cash on Delivery,Store
ORD107943,CUST108835,PROD1048,2024-04-10,3,3417.13,0.1,9226.25,Cash on Delivery,Online
ORD107944,CUST105918,PROD1077,2022-10-26,3,4838.73,0.02,14225.87,Debit Card,Store
ORD107945,CUST109310,PROD1017,2022-01-19,2,791.05,0.28,1139.11,Net Banking,Online
ORD107946,CUST103767,PROD1143,2023-05-14,2,3731.95,0.04,7165.34,UPI,Store
ORD107947,CUST109859,PROD1167,2022-05-18,4,3946.83,0.21,12471.98,Cash on Delivery,Store
ORD107948,CUST101105,PROD1194,2023-07-22,3,270.22,0.16,680.95,Net Banking,Online
ORD107949,CUST102855,PROD1106,2023-12-01,1,822.51,0.17,682.68,Cash on Delivery,Store
ORD107950,CUST106503,PROD1189,2022-02-12,4,4197.72,0.03,16287.15,Net Banking,Store
ORD107951,CUST102159,PROD1089,2022-10-31,4,1920.59,0.07,7144.59,Debit Card,Online
ORD107952,CUST104398,PROD1078,2022-10-23,3,3766.22,0.23,8699.97,Credit Card,Store
ORD107953,CUST104146,PROD1099,2022-10-17,3,4731.44,0.14,12207.12,Cash on Delivery,Online
ORD107954,CUST108997,PROD1154,2023-01-01,4,1389.72,0.14,4780.64,Credit Card,Store
ORD107955,CUST106024,PROD1117,2023-09-17,3,2765.48,0.16,6969.01,Credit Card,Store
ORD107956,CUST108892,PROD1119,2023-01-04,3,3955.63,0.13,10324.19,UPI,Store
ORD107957,CUST103791,PROD1126,2022-05-09,1,362.9,0.24,275.8,UPI,Online
ORD107958,CUST104756,PROD1080,2022-10-02,2,760.03,0.22,1185.65,Debit Card,Store
ORD107959,CUST109992,PROD1141,2022-09-14,4,1551.56,0.1,5585.62,Net Banking,Store
ORD107960,CUST101907,PROD1193,2023-01-11,3,4987.26,0.24,11370.95,Debit Card,Store
ORD107961,CUST101136,PROD1154,2022-03-29,2,1389.72,0.16,2334.73,Net Banking,Online
ORD107962,CUST104131,PROD1053,2024-07-09,2,1312.97,0.19,2127.01,UPI,Store
ORD107963,CUST100622,PROD1087,2024-08-21,2,3115.6,0.26,4611.09,Debit Card,Online
ORD107964,CUST107245,PROD1187,2022-08-04,3,4781.3,0.14,12335.75,Net Banking,Store
ORD107965,CUST102896,PROD1167,2022-12-25,4,3946.83,0.23,12156.24,UPI,Online
ORD107966,CUST105659,PROD1172,2024-05-01,4,3051.89,0.19,9888.12,Net Banking,Online
ORD107967,CUST104968,PROD1098,2023-04-26,3,1274.77,0.13,3327.15,Debit Card,Store
ORD107968,CUST105423,PROD1067,2022-10-11,3,1221.16,0.24,2784.24,Cash on Delivery,Store
ORD107969,CUST101415,PROD1195,2022-04-17,4,4224.79,0.03,16392.19,Cash on Delivery,Online
ORD107970,CUST106797,PROD1190,2024-03-23,4,2787.44,0.17,9254.3,Debit Card,Online
ORD107971,CUST102062,PROD1167,2023-04-28,4,3946.83,0.01,15629.45,Credit Card,Online
ORD107972,CUST102687,PROD1040,2022-01-24,1,331.95,0.05,315.35,Cash on Delivery,Store
ORD107973,CUST104262,PROD1188,2022-08-20,2,2539.12,0.18,4164.16,Cash on Delivery,Store
ORD107974,CUST101688,PROD1192,2022-02-13,1,3116.29,0.09,2835.82,Cash on Delivery,Online
ORD107975,CUST104158,PROD1000,2023-01-21,1,1986.03,0.08,1827.15,Credit Card,Online
ORD107976,CUST107738,PROD1008,2024-07-07,3,1199.69,0.29,2555.34,UPI,Online
ORD107977,CUST108394,PROD1074,2023-04-26,2,1160.21,0.11,2065.17,UPI,Online
ORD107978,CUST109730,PROD1079,2022-03-19,2,127.55,0.17,211.73,Credit Card,Online
ORD107979,CUST101124,PROD1092,2022-11-14,4,2248.29,0.16,7554.25,Credit Card,Store
ORD107980,CUST109086,PROD1142,2022-05-23,3,1570.45,0.02,4617.12,Debit Card,Online
ORD107981,CUST105288,PROD1058,2024-07-16,3,1109.98,0.2,2663.95,Debit Card,Online
ORD107982,CUST109747,PROD1193,2023-12-28,4,4987.26,0.15,16956.68,Debit Card,Store
ORD107983,CUST102450,PROD1009,2023-05-31,4,3453.81,0.11,12295.56,UPI,Store
ORD107984,CUST106490,PROD1176,2022-07-31,1,770.65,0.02,755.24,Net Banking,Store
ORD107985,CUST108978,PROD1138,2024-06-12,4,3504.61,0.09,12756.78,Cash on Delivery,Store
ORD107986,CUST109167,PROD1029,2024-03-09,4,935.53,0.27,2731.75,Debit Card,Store
ORD107987,CUST104929,PROD1022,2024-04-06,3,1744.61,0.05,4972.14,Cash on Delivery,Online
ORD107988,CUST104288,PROD1021,2023-12-12,1,1572.17,0.07,1462.12,Credit Card,Store
ORD107989,CUST102946,PROD1178,2023-05-28,2,4804.5,0.06,9032.46,UPI,Online
ORD107990,CUST107915,PROD1041,2022-11-21,1,4320.12,0.27,3153.69,Debit Card,Online
ORD107991,CUST103036,PROD1028,2023-06-10,3,4912.04,0.21,11641.53,Net Banking,Store
ORD107992,CUST107716,PROD1172,2022-08-10,2,3051.89,0.26,4516.8,UPI,Store
ORD107993,CUST104075,PROD1160,2023-05-01,1,2584.14,0.27,1886.42,Credit Card,Store
ORD107994,CUST105507,PROD1166,2024-03-01,4,4056.26,0.28,11682.03,Cash on Delivery,Store
ORD107995,CUST106096,PROD1064,2023-03-31,1,4980.76,0.15,4233.65,UPI,Store
ORD107996,CUST107724,PROD1177,2022-04-18,2,3377.85,0.14,5809.9,Cash on Delivery,Online
ORD107997,CUST108528,PROD1111,2023-05-02,1,1904.48,0.25,1428.36,Debit Card,Online
ORD107998,CUST103667,PROD1085,2023-01-05,1,657.06,0.1,591.35,Credit Card,Store
ORD107999,CUST108796,PROD1047,2023-09-22,1,3493.68,0.01,3458.74,Net Banking,Online
ORD108000,CUST102536,PROD1036,2024-06-30,4,924.34,0.1,3327.62,UPI,Store
ORD108001,CUST100665,PROD1085,2023-01-28,3,657.06,0.21,1557.23,Cash on Delivery,Online
ORD108002,CUST102917,PROD1160,2024-09-25,3,2584.14,0.04,7442.32,Credit Card,Online
ORD108003,CUST101232,PROD1133,2022-04-29,3,1474.25,0.24,3361.29,Credit Card,Store
ORD108004,CUST107927,PROD1090,2023-05-24,1,2110.16,0.24,1603.72,Debit Card,Online
ORD108005,CUST106024,PROD1069,2024-01-20,2,3553.73,0.03,6894.24,UPI,Online
ORD108006,CUST108543,PROD1054,2022-12-20,1,584.36,0.03,566.83,Debit Card,Store
ORD108007,CUST109953,PROD1171,2024-02-05,1,4945.55,0.06,4648.82,Debit Card,Store
ORD108008,CUST102895,PROD1049,2024-07-15,3,2805.47,0.11,7490.6,Debit Card,Store
ORD108009,CUST107413,PROD1053,2024-08-14,3,1312.97,0.16,3308.68,Credit Card,Online
ORD108010,CUST106174,PROD1190,2023-07-11,4,2787.44,0.15,9477.3,Cash on Delivery,Store
ORD108011,CUST104570,PROD1104,2023-09-30,1,431.37,0.26,319.21,Cash on Delivery,Store
ORD108012,CUST107424,PROD1015,2023-10-09,4,3483.28,0.04,13375.8,Net Banking,Online
ORD108013,CUST109341,PROD1127,2022-11-09,4,509.27,0.21,1609.29,Net Banking,Online
ORD108014,CUST106362,PROD1046,2022-03-05,4,3362.42,0.16,11297.73,Cash on Delivery,Store
ORD108015,CUST106388,PROD1184,2022-09-15,3,4915.01,0.22,11501.12,Debit Card,Store
ORD108016,CUST104538,PROD1129,2022-01-06,4,1033.9,0.1,3722.04,Credit Card,Online
ORD108017,CUST106644,PROD1164,2024-05-25,1,3496.96,0.14,3007.39,Debit Card,Store
ORD108018,CUST107394,PROD1092,2022-11-13,4,2248.29,0.01,8903.23,Debit Card,Online
ORD108019,CUST104350,PROD1022,2023-02-22,3,1744.61,0.03,5076.82,Debit Card,Online
ORD108020,CUST100069,PROD1140,2022-01-17,1,4426.54,0.11,3939.62,UPI,Online
ORD108021,CUST108769,PROD1114,2022-10-09,1,671.01,0.14,577.07,UPI,Online
ORD108022,CUST107169,PROD1064,2024-04-23,2,4980.76,0.03,9662.67,Debit Card,Online
ORD108023,CUST104590,PROD1047,2023-02-08,3,3493.68,0.25,7860.78,Net Banking,Online
ORD108024,CUST104084,PROD1006,2023-07-07,2,2076.92,0.28,2990.76,Net Banking,Store
ORD108025,CUST105934,PROD1158,2023-03-18,3,611.58,0.18,1504.49,Cash on Delivery,Store
ORD108026,CUST108320,PROD1190,2023-01-01,3,2787.44,0.02,8195.07,Credit Card,Online
ORD108027,CUST101506,PROD1172,2022-12-21,3,3051.89,0.22,7141.42,UPI,Store
ORD108028,CUST101648,PROD1055,2022-12-21,2,2785.96,0.07,5181.89,Debit Card,Store
ORD108029,CUST108184,PROD1191,2022-11-06,4,598.34,0.22,1866.82,UPI,Online
ORD108030,CUST103167,PROD1021,2023-02-17,3,1572.17,0.13,4103.36,Cash on Delivery,Online
ORD108031,CUST102548,PROD1062,2024-03-26,1,4227.41,0.02,4142.86,Net Banking,Online
ORD108032,CUST101479,PROD1079,2024-09-24,1,127.55,0.08,117.35,Net Banking,Online
ORD108033,CUST109994,PROD1027,2024-05-12,3,133.03,0.13,347.21,Credit Card,Online
ORD108034,CUST105523,PROD1171,2022-08-20,3,4945.55,0.22,11572.59,Credit Card,Online
ORD108035,CUST100007,PROD1102,2023-04-06,3,3752.53,0.04,10807.29,Cash on Delivery,Store
ORD108036,CUST100219,PROD1141,2022-03-31,4,1551.56,0.09,5647.68,Credit Card,Online
ORD108037,CUST108916,PROD1084,2022-05-30,3,1758.62,0.03,5117.58,Cash on Delivery,Store
ORD108038,CUST104197,PROD1146,2023-08-07,4,2720.43,0.18,8923.01,UPI,Online
ORD108039,CUST106917,PROD1187,2024-05-21,4,4781.3,0.14,16447.67,Debit Card,Store
ORD108040,CUST102049,PROD1076,2023-03-31,3,4330.45,0.28,9353.77,Net Banking,Store
ORD108041,CUST103785,PROD1001,2023-01-24,3,2108.14,0.22,4933.05,Debit Card,Store
ORD108042,CUST107657,PROD1050,2022-11-04,4,4767.36,0.23,14683.47,UPI,Store
ORD108043,CUST103912,PROD1077,2022-09-14,2,4838.73,0.05,9193.59,Credit Card,Store
ORD108044,CUST108962,PROD1161,2023-07-11,4,4435.03,0.08,16320.91,Net Banking,Store
ORD108045,CUST100739,PROD1081,2023-01-09,1,473.74,0.15,402.68,Credit Card,Online
ORD108046,CUST104295,PROD1050,2023-07-06,3,4767.36,0.0,14302.08,Debit Card,Online
ORD108047,CUST104121,PROD1146,2022-07-11,2,2720.43,0.26,4026.24,Credit Card,Online
ORD108048,CUST105039,PROD1163,2023-06-07,2,1140.38,0.23,1756.19,Cash on Delivery,Store
ORD108049,CUST107815,PROD1117,2023-01-17,3,2765.48,0.02,8130.51,Debit Card,Online
ORD108050,CUST107000,PROD1153,2023-03-12,2,656.81,0.25,985.21,Credit Card,Online
ORD108051,CUST108388,PROD1162,2024-05-13,1,307.56,0.0,307.56,Debit Card,Online
ORD108052,CUST100509,PROD1062,2022-05-15,3,4227.41,0.03,12301.76,Credit Card,Store
ORD108053,CUST101995,PROD1103,2022-06-28,4,472.31,0.02,1851.46,Credit Card,Store
ORD108054,CUST101014,PROD1131,2022-08-09,3,768.23,0.14,1982.03,Debit Card,Online
ORD108055,CUST103101,PROD1084,2022-08-10,1,1758.62,0.24,1336.55,UPI,Store
ORD108056,CUST100922,PROD1002,2024-07-05,2,1666.73,0.05,3166.79,Debit Card,Store
ORD108057,CUST109983,PROD1004,2023-07-05,3,1760.0,0.23,4065.6,Net Banking,Store
ORD108058,CUST109747,PROD1156,2023-07-10,1,4272.09,0.06,4015.76,Net Banking,Online
ORD108059,CUST105427,PROD1118,2022-11-09,4,833.05,0.3,2332.54,UPI,Online
ORD108060,CUST108212,PROD1018,2024-03-19,1,4703.75,0.26,3480.78,Credit Card,Store
ORD108061,CUST101064,PROD1114,2022-10-22,3,671.01,0.22,1570.16,Debit Card,Online
ORD108062,CUST106011,PROD1144,2023-10-22,1,1220.66,0.18,1000.94,Credit Card,Store
ORD108063,CUST101899,PROD1033,2023-06-18,4,647.39,0.07,2408.29,Credit Card,Store
ORD108064,CUST103543,PROD1019,2022-06-06,3,1794.76,0.04,5168.91,Net Banking,Online
ORD108065,CUST100966,PROD1155,2024-03-24,2,2625.54,0.14,4515.93,Debit Card,Store
ORD108066,CUST105783,PROD1072,2023-03-28,3,4258.76,0.12,11243.13,Cash on Delivery,Store
ORD108067,CUST108705,PROD1194,2022-01-03,4,270.22,0.2,864.7,Net Banking,Store
ORD108068,CUST103574,PROD1137,2022-07-20,4,3649.67,0.05,13868.75,Credit Card,Online
ORD108069,CUST100040,PROD1148,2023-01-24,3,3902.89,0.17,9718.2,Credit Card,Store
ORD108070,CUST106981,PROD1115,2024-04-03,4,3741.78,0.21,11824.02,Cash on Delivery,Online
ORD108071,CUST100262,PROD1003,2022-11-19,1,1363.94,0.09,1241.19,Credit Card,Store
ORD108072,CUST108145,PROD1021,2022-12-11,1,1572.17,0.23,1210.57,UPI,Online
ORD108073,CUST109224,PROD1070,2023-02-20,2,3731.49,0.13,6492.79,Cash on Delivery,Store
ORD108074,CUST101819,PROD1189,2022-04-07,3,4197.72,0.05,11963.5,Credit Card,Store
ORD108075,CUST100127,PROD1011,2024-09-04,2,1834.14,0.06,3448.18,Net Banking,Online
ORD108076,CUST102578,PROD1138,2023-09-13,1,3504.61,0.08,3224.24,Net Banking,Store
ORD108077,CUST105851,PROD1149,2024-01-10,2,1630.37,0.05,3097.7,UPI,Store
ORD108078,CUST107937,PROD1156,2024-01-24,4,4272.09,0.17,14183.34,Cash on Delivery,Store
ORD108079,CUST103211,PROD1188,2024-03-19,3,2539.12,0.28,5484.5,Cash on Delivery,Online
ORD108080,CUST109085,PROD1060,2023-06-25,3,4998.52,0.27,10946.76,Credit Card,Online
ORD108081,CUST102806,PROD1026,2022-12-25,3,3182.76,0.1,8593.45,Credit Card,Store
ORD108082,CUST102279,PROD1174,2024-05-28,1,4761.29,0.26,3523.35,Debit Card,Store
ORD108083,CUST107076,PROD1083,2022-04-19,4,1976.87,0.29,5614.31,UPI,Online
ORD108084,CUST105687,PROD1141,2023-03-26,1,1551.56,0.09,1411.92,Cash on Delivery,Online
ORD108085,CUST107926,PROD1006,2023-06-07,4,2076.92,0.27,6064.61,Credit Card,Online
ORD108086,CUST101787,PROD1142,2024-08-12,4,1570.45,0.3,4397.26,Cash on Delivery,Online
ORD108087,CUST104732,PROD1173,2022-04-05,3,3575.41,0.24,8151.93,UPI,Store
ORD108088,CUST102179,PROD1155,2022-05-12,1,2625.54,0.12,2310.48,Net Banking,Online
ORD108089,CUST108368,PROD1170,2023-08-28,2,4925.25,0.18,8077.41,UPI,Online
ORD108090,CUST103123,PROD1009,2023-07-20,2,3453.81,0.11,6147.78,Cash on Delivery,Online
ORD108091,CUST105665,PROD1178,2022-08-30,3,4804.5,0.3,10089.45,Credit Card,Online
ORD108092,CUST108213,PROD1002,2023-01-12,1,1666.73,0.02,1633.4,Cash on Delivery,Online
ORD108093,CUST100652,PROD1102,2022-07-14,4,3752.53,0.27,10957.39,Debit Card,Store
ORD108094,CUST103390,PROD1043,2022-09-15,3,1864.75,0.02,5482.36,UPI,Online
ORD108095,CUST108974,PROD1053,2024-05-17,2,1312.97,0.01,2599.68,Debit Card,Store
ORD108096,CUST108359,PROD1161,2024-04-25,2,4435.03,0.28,6386.44,Cash on Delivery,Store
ORD108097,CUST109253,PROD1192,2022-10-31,4,3116.29,0.26,9224.22,Cash on Delivery,Store
ORD108098,CUST109064,PROD1088,2023-05-16,1,4002.67,0.11,3562.38,Debit Card,Store
ORD108099,CUST101781,PROD1024,2023-08-03,2,3137.89,0.29,4455.8,Credit Card,Store
ORD108100,CUST105866,PROD1190,2024-03-22,1,2787.44,0.26,2062.71,Credit Card,Store
ORD108101,CUST107083,PROD1069,2022-07-09,1,3553.73,0.27,2594.22,UPI,Online
ORD108102,CUST109588,PROD1044,2023-10-02,2,452.32,0.18,741.8,Debit Card,Store
ORD108103,CUST108823,PROD1067,2024-05-11,2,1221.16,0.29,1734.05,UPI,Online
ORD108104,CUST101601,PROD1025,2022-12-05,3,1799.14,0.24,4102.04,UPI,Online
ORD108105,CUST102881,PROD1025,2022-01-19,1,1799.14,0.28,1295.38,Net Banking,Store
ORD108106,CUST109642,PROD1153,2023-11-15,3,656.81,0.08,1812.8,UPI,Store
ORD108107,CUST101863,PROD1189,2023-02-19,1,4197.72,0.16,3526.08,UPI,Store
ORD108108,CUST107333,PROD1111,2022-03-03,2,1904.48,0.26,2818.63,Net Banking,Store
ORD108109,CUST100721,PROD1091,2024-06-29,1,1656.34,0.17,1374.76,UPI,Store
ORD108110,CUST107242,PROD1188,2024-07-13,3,2539.12,0.24,5789.19,UPI,Online
ORD108111,CUST107573,PROD1129,2022-03-08,1,1033.9,0.29,734.07,UPI,Online
ORD108112,CUST107853,PROD1040,2023-12-24,2,331.95,0.24,504.56,Debit Card,Store
ORD108113,CUST100242,PROD1172,2024-05-03,3,3051.89,0.09,8331.66,Net Banking,Online
ORD108114,CUST106905,PROD1013,2022-06-24,1,4691.44,0.04,4503.78,Credit Card,Store
ORD108115,CUST104638,PROD1164,2024-05-01,1,3496.96,0.08,3217.2,UPI,Online
ORD108116,CUST104372,PROD1129,2023-01-16,1,1033.9,0.2,827.12,Debit Card,Online
ORD108117,CUST104645,PROD1004,2023-06-03,1,1760.0,0.0,1760.0,Debit Card,Online
ORD108118,CUST105427,PROD1101,2024-08-21,4,3236.62,0.06,12169.69,Debit Card,Online
ORD108119,CUST108594,PROD1129,2024-06-15,1,1033.9,0.1,930.51,Net Banking,Online
ORD108120,CUST101453,PROD1128,2022-08-21,2,3522.95,0.26,5213.97,Net Banking,Online
ORD108121,CUST109188,PROD1175,2023-12-12,2,2304.65,0.02,4517.11,Cash on Delivery,Store
ORD108122,CUST104171,PROD1021,2023-06-18,3,1572.17,0.01,4669.34,UPI,Online
ORD108123,CUST106482,PROD1040,2024-01-11,1,331.95,0.17,275.52,Credit Card,Store
ORD108124,CUST106908,PROD1152,2024-04-04,4,3367.3,0.05,12795.74,Credit Card,Store
ORD108125,CUST105569,PROD1045,2022-12-16,4,770.29,0.07,2865.48,Cash on Delivery,Store
ORD108126,CUST103501,PROD1093,2022-05-05,2,3090.85,0.06,5810.8,Credit Card,Store
ORD108127,CUST101186,PROD1008,2023-08-08,4,1199.69,0.17,3982.97,UPI,Online
ORD108128,CUST101381,PROD1188,2023-11-29,2,2539.12,0.02,4976.68,Credit Card,Online
ORD108129,CUST106813,PROD1100,2024-03-05,1,3701.69,0.28,2665.22,UPI,Store
ORD108130,CUST101904,PROD1046,2022-02-07,3,3362.42,0.04,9683.77,Net Banking,Online
ORD108131,CUST101752,PROD1073,2022-09-05,1,2162.76,0.29,1535.56,Net Banking,Store
ORD108132,CUST109929,PROD1002,2024-09-09,4,1666.73,0.23,5133.53,UPI,Online
ORD108133,CUST101954,PROD1007,2024-06-14,3,4532.56,0.25,10198.26,UPI,Online
ORD108134,CUST105271,PROD1152,2023-08-11,3,3367.3,0.05,9596.8,Net Banking,Store
ORD108135,CUST100537,PROD1035,2022-05-21,2,1309.41,0.2,2095.06,UPI,Online
ORD108136,CUST107582,PROD1042,2022-04-07,3,935.8,0.25,2105.55,Cash on Delivery,Online
ORD108137,CUST102390,PROD1177,2023-10-17,2,3377.85,0.17,5607.23,Net Banking,Store
ORD108138,CUST109981,PROD1062,2023-08-15,4,4227.41,0.17,14035.0,Credit Card,Store
ORD108139,CUST107930,PROD1161,2022-09-13,2,4435.03,0.05,8426.56,Net Banking,Store
ORD108140,CUST109382,PROD1137,2022-12-20,1,3649.67,0.12,3211.71,Credit Card,Online
ORD108141,CUST103936,PROD1026,2024-08-26,4,3182.76,0.05,12094.49,Credit Card,Store
ORD108142,CUST101495,PROD1088,2023-04-20,1,4002.67,0.29,2841.9,Cash on Delivery,Online
ORD108143,CUST106216,PROD1012,2024-03-26,4,1673.76,0.21,5289.08,Net Banking,Store
ORD108144,CUST104523,PROD1050,2023-06-11,3,4767.36,0.01,14159.06,Net Banking,Online
ORD108145,CUST103370,PROD1067,2024-05-16,4,1221.16,0.14,4200.79,Cash on Delivery,Online
ORD108146,CUST101259,PROD1123,2024-09-20,1,4620.97,0.19,3742.99,Net Banking,Store
ORD108147,CUST105826,PROD1143,2024-03-18,4,3731.95,0.03,14479.97,Credit Card,Online
ORD108148,CUST104075,PROD1139,2024-03-08,1,3501.6,0.2,2801.28,UPI,Store
ORD108149,CUST103030,PROD1024,2023-01-03,3,3137.89,0.05,8942.99,Cash on Delivery,Online
ORD108150,CUST104695,PROD1176,2023-06-19,1,770.65,0.12,678.17,Cash on Delivery,Online
ORD108151,CUST100096,PROD1143,2022-09-22,2,3731.95,0.19,6045.76,UPI,Store
ORD108152,CUST109511,PROD1102,2023-11-03,4,3752.53,0.11,13359.01,Credit Card,Online
ORD108153,CUST104501,PROD1001,2024-03-13,1,2108.14,0.11,1876.24,UPI,Online
ORD108154,CUST108906,PROD1072,2022-11-01,1,4258.76,0.25,3194.07,Net Banking,Online
ORD108155,CUST102494,PROD1122,2023-08-31,1,2405.73,0.09,2189.21,UPI,Store
ORD108156,CUST102746,PROD1126,2023-03-05,2,362.9,0.2,580.64,Cash on Delivery,Online
ORD108157,CUST104043,PROD1076,2024-02-23,3,4330.45,0.25,9743.51,Debit Card,Store
ORD108158,CUST105139,PROD1077,2022-10-15,2,4838.73,0.05,9193.59,Net Banking,Online
ORD108159,CUST100584,PROD1075,2024-03-03,3,2758.4,0.01,8192.45,UPI,Store
ORD108160,CUST100953,PROD1162,2024-05-11,2,307.56,0.25,461.34,UPI,Store
ORD108161,CUST102897,PROD1149,2022-10-20,1,1630.37,0.17,1353.21,Credit Card,Online
ORD108162,CUST107528,PROD1047,2022-02-06,2,3493.68,0.25,5240.52,Net Banking,Online
ORD108163,CUST102030,PROD1113,2023-11-06,4,2996.04,0.06,11265.11,Credit Card,Online
ORD108164,CUST100593,PROD1063,2022-10-28,3,4377.63,0.25,9849.67,Cash on Delivery,Online
ORD108165,CUST101831,PROD1194,2022-05-16,1,270.22,0.03,262.11,Cash on Delivery,Store
ORD108166,CUST108547,PROD1149,2023-05-03,3,1630.37,0.26,3619.42,Credit Card,Online
ORD108167,CUST109868,PROD1072,2022-08-29,1,4258.76,0.25,3194.07,Net Banking,Store
ORD108168,CUST106599,PROD1046,2022-06-24,1,3362.42,0.17,2790.81,Credit Card,Store
ORD108169,CUST100111,PROD1039,2024-03-14,4,2735.18,0.18,8971.39,Credit Card,Online
ORD108170,CUST104470,PROD1105,2023-09-22,2,850.29,0.1,1530.52,Net Banking,Store
ORD108171,CUST109036,PROD1180,2024-09-11,4,4036.27,0.06,15176.38,Cash on Delivery,Store
ORD108172,CUST102173,PROD1117,2022-12-04,3,2765.48,0.14,7134.94,Debit Card,Store
ORD108173,CUST103078,PROD1002,2022-12-25,2,1666.73,0.2,2666.77,Credit Card,Online
ORD108174,CUST101383,PROD1094,2024-06-24,3,2515.62,0.3,5282.8,Credit Card,Store
ORD108175,CUST106721,PROD1100,2022-09-14,2,3701.69,0.25,5552.54,UPI,Store
ORD108176,CUST103970,PROD1133,2023-03-28,4,1474.25,0.13,5130.39,Net Banking,Store
ORD108177,CUST100361,PROD1141,2022-08-06,1,1551.56,0.22,1210.22,UPI,Store
ORD108178,CUST108870,PROD1082,2022-07-22,3,595.95,0.03,1734.21,Cash on Delivery,Store
ORD108179,CUST105078,PROD1185,2023-10-17,3,2516.6,0.12,6643.82,UPI,Store
ORD108180,CUST102811,PROD1081,2022-09-12,4,473.74,0.13,1648.62,Net Banking,Store
ORD108181,CUST102822,PROD1120,2022-04-06,4,1608.36,0.3,4503.41,Credit Card,Online
ORD108182,CUST109923,PROD1134,2023-12-20,2,3708.05,0.12,6526.17,Credit Card,Online
ORD108183,CUST109479,PROD1156,2022-12-14,3,4272.09,0.02,12559.94,Debit Card,Online
ORD108184,CUST104895,PROD1002,2023-08-22,4,1666.73,0.02,6533.58,Cash on Delivery,Online
ORD108185,CUST108466,PROD1012,2022-05-11,2,1673.76,0.21,2644.54,Credit Card,Online
ORD108186,CUST100905,PROD1163,2023-09-19,2,1140.38,0.09,2075.49,UPI,Online
ORD108187,CUST108141,PROD1104,2022-10-15,3,431.37,0.26,957.64,Debit Card,Store
ORD108188,CUST101882,PROD1088,2024-02-06,2,4002.67,0.14,6884.59,Debit Card,Online
ORD108189,CUST100491,PROD1091,2023-10-22,4,1656.34,0.1,5962.82,Cash on Delivery,Online
ORD108190,CUST107811,PROD1165,2022-02-25,4,4146.73,0.23,12771.93,Debit Card,Store
ORD108191,CUST108732,PROD1074,2022-11-30,4,1160.21,0.13,4037.53,Net Banking,Store
ORD108192,CUST102886,PROD1059,2023-09-03,3,4207.05,0.22,9844.5,UPI,Online
ORD108193,CUST106132,PROD1125,2024-05-21,4,4537.33,0.21,14337.96,Debit Card,Online
ORD108194,CUST100455,PROD1072,2024-03-20,1,4258.76,0.22,3321.83,Credit Card,Store
ORD108195,CUST100650,PROD1021,2024-04-20,2,1572.17,0.26,2326.81,UPI,Online
ORD108196,CUST109504,PROD1148,2023-07-26,1,3902.89,0.25,2927.17,Cash on Delivery,Store
ORD108197,CUST101304,PROD1122,2022-07-03,2,2405.73,0.2,3849.17,Debit Card,Online
ORD108198,CUST104512,PROD1032,2023-11-18,3,940.88,0.29,2004.07,UPI,Store
ORD108199,CUST103609,PROD1003,2023-10-26,4,1363.94,0.01,5401.2,Credit Card,Store
ORD108200,CUST108995,PROD1171,2024-03-19,2,4945.55,0.28,7121.59,Debit Card,Online
ORD108201,CUST108989,PROD1128,2022-01-04,2,3522.95,0.04,6764.06,Cash on Delivery,Online
ORD108202,CUST103384,PROD1189,2023-08-11,4,4197.72,0.06,15783.43,Cash on Delivery,Online
ORD108203,CUST104704,PROD1149,2023-03-11,3,1630.37,0.25,3668.33,Cash on Delivery,Online
ORD108204,CUST105727,PROD1058,2024-09-10,1,1109.98,0.12,976.78,Debit Card,Online
ORD108205,CUST109272,PROD1036,2023-05-28,3,924.34,0.13,2412.53,Debit Card,Store
ORD108206,CUST109505,PROD1150,2024-02-21,4,4820.06,0.08,17737.82,Debit Card,Store
ORD108207,CUST102645,PROD1160,2024-09-17,1,2584.14,0.07,2403.25,Credit Card,Store
ORD108208,CUST107116,PROD1112,2023-01-29,4,441.15,0.03,1711.66,Cash on Delivery,Store
ORD108209,CUST105429,PROD1149,2024-05-14,1,1630.37,0.06,1532.55,UPI,Store
ORD108210,CUST102053,PROD1191,2022-06-13,2,598.34,0.17,993.24,UPI,Online
ORD108211,CUST103514,PROD1126,2024-03-20,4,362.9,0.21,1146.76,Debit Card,Online
ORD108212,CUST100309,PROD1189,2024-09-21,4,4197.72,0.22,13096.89,Cash on Delivery,Online
ORD108213,CUST108976,PROD1117,2023-01-13,2,2765.48,0.11,4922.55,Cash on Delivery,Store
ORD108214,CUST105000,PROD1181,2022-02-17,4,2171.47,0.28,6253.83,Debit Card,Online
ORD108215,CUST105121,PROD1185,2023-06-14,1,2516.6,0.1,2264.94,Credit Card,Store
ORD108216,CUST105722,PROD1139,2023-08-24,4,3501.6,0.03,13586.21,UPI,Online
ORD108217,CUST106897,PROD1111,2022-11-28,3,1904.48,0.28,4113.68,UPI,Store
ORD108218,CUST105494,PROD1145,2024-04-07,1,4568.9,0.16,3837.88,Net Banking,Online
ORD108219,CUST107639,PROD1194,2022-06-05,4,270.22,0.29,767.42,Debit Card,Online
ORD108220,CUST109806,PROD1187,2023-11-24,2,4781.3,0.12,8415.09,UPI,Online
ORD108221,CUST109014,PROD1124,2023-05-14,3,1557.13,0.23,3596.97,UPI,Store
ORD108222,CUST109519,PROD1099,2022-01-09,3,4731.44,0.03,13768.49,Credit Card,Online
ORD108223,CUST100057,PROD1000,2022-06-01,2,1986.03,0.26,2939.32,Debit Card,Online
ORD108224,CUST101248,PROD1120,2023-10-22,3,1608.36,0.05,4583.83,Debit Card,Online
ORD108225,CUST109641,PROD1088,2023-04-19,3,4002.67,0.02,11767.85,UPI,Online
ORD108226,CUST106036,PROD1019,2024-08-22,1,1794.76,0.03,1740.92,UPI,Store
ORD108227,CUST100517,PROD1016,2022-01-27,4,3052.07,0.17,10132.87,Cash on Delivery,Store
ORD108228,CUST102077,PROD1176,2024-09-14,1,770.65,0.09,701.29,Net Banking,Online
ORD108229,CUST108342,PROD1149,2023-09-05,2,1630.37,0.29,2315.13,UPI,Online
ORD108230,CUST102157,PROD1113,2024-07-24,1,2996.04,0.26,2217.07,Debit Card,Store
ORD108231,CUST106384,PROD1160,2022-07-18,3,2584.14,0.24,5891.84,Cash on Delivery,Store
ORD108232,CUST103673,PROD1025,2022-03-24,2,1799.14,0.24,2734.69,Credit Card,Store
ORD108233,CUST108097,PROD1026,2022-02-23,4,3182.76,0.27,9293.66,Debit Card,Online
ORD108234,CUST105149,PROD1187,2024-05-03,2,4781.3,0.26,7076.32,Cash on Delivery,Store
ORD108235,CUST102513,PROD1161,2023-08-17,2,4435.03,0.28,6386.44,Debit Card,Store
ORD108236,CUST106608,PROD1086,2022-05-23,3,4422.95,0.28,9553.57,Debit Card,Store
ORD108237,CUST101394,PROD1079,2022-09-10,1,127.55,0.09,116.07,Debit Card,Online
ORD108238,CUST101705,PROD1179,2022-04-07,3,3516.31,0.07,9810.5,UPI,Store
ORD108239,CUST109364,PROD1054,2024-05-20,3,584.36,0.19,1419.99,UPI,Online
ORD108240,CUST102421,PROD1060,2023-03-11,1,4998.52,0.04,4798.58,Net Banking,Online
ORD108241,CUST108791,PROD1177,2023-03-29,1,3377.85,0.06,3175.18,Credit Card,Online
ORD108242,CUST103504,PROD1190,2023-07-06,3,2787.44,0.23,6438.99,Credit Card,Store
ORD108243,CUST102299,PROD1191,2022-08-17,4,598.34,0.19,1938.62,UPI,Store
ORD108244,CUST104015,PROD1013,2022-07-16,1,4691.44,0.2,3753.15,Debit Card,Store
ORD108245,CUST101496,PROD1125,2023-04-30,4,4537.33,0.29,12886.02,Debit Card,Store
ORD108246,CUST106706,PROD1108,2022-06-20,3,871.28,0.2,2091.07,Cash on Delivery,Store
ORD108247,CUST106771,PROD1121,2024-04-11,1,1191.0,0.13,1036.17,Cash on Delivery,Store
ORD108248,CUST107706,PROD1050,2024-06-21,3,4767.36,0.08,13157.91,Cash on Delivery,Store
ORD108249,CUST108626,PROD1112,2023-05-29,1,441.15,0.1,397.04,Credit Card,Online
ORD108250,CUST102658,PROD1154,2022-10-13,2,1389.72,0.08,2557.08,Credit Card,Online
ORD108251,CUST102323,PROD1167,2023-05-12,1,3946.83,0.01,3907.36,Cash on Delivery,Online
ORD108252,CUST102895,PROD1067,2023-04-04,3,1221.16,0.08,3370.4,Cash on Delivery,Online
ORD108253,CUST101531,PROD1008,2023-07-18,1,1199.69,0.25,899.77,Cash on Delivery,Store
ORD108254,CUST100781,PROD1183,2024-05-18,1,927.52,0.22,723.47,Credit Card,Online
ORD108255,CUST101425,PROD1038,2023-09-07,3,2162.08,0.19,5253.85,UPI,Online
ORD108256,CUST104928,PROD1142,2022-02-02,1,1570.45,0.27,1146.43,Debit Card,Store
ORD108257,CUST102551,PROD1088,2024-02-16,2,4002.67,0.08,7364.91,UPI,Store
ORD108258,CUST107423,PROD1017,2023-06-07,4,791.05,0.17,2626.29,Credit Card,Online
ORD108259,CUST100556,PROD1051,2023-01-15,4,2585.17,0.01,10237.27,Credit Card,Store
ORD108260,CUST108704,PROD1188,2023-08-11,2,2539.12,0.27,3707.12,Cash on Delivery,Online
ORD108261,CUST106438,PROD1036,2024-06-24,2,924.34,0.13,1608.35,UPI,Store
ORD108262,CUST106518,PROD1079,2022-02-23,4,127.55,0.05,484.69,Credit Card,Online
ORD108263,CUST105786,PROD1180,2022-11-27,2,4036.27,0.07,7507.46,Net Banking,Online
ORD108264,CUST104151,PROD1139,2022-04-07,1,3501.6,0.25,2626.2,UPI,Store
ORD108265,CUST106093,PROD1152,2023-05-20,4,3367.3,0.03,13065.12,UPI,Store
ORD108266,CUST102899,PROD1078,2022-05-28,4,3766.22,0.28,10846.71,Credit Card,Online
ORD108267,CUST106734,PROD1024,2023-06-01,4,3137.89,0.11,11170.89,Debit Card,Store
ORD108268,CUST105016,PROD1148,2023-05-10,2,3902.89,0.08,7181.32,Credit Card,Online
ORD108269,CUST106509,PROD1121,2022-10-07,1,1191.0,0.1,1071.9,UPI,Online
ORD108270,CUST102960,PROD1087,2023-02-20,4,3115.6,0.12,10966.91,Net Banking,Online
ORD108271,CUST104943,PROD1134,2022-10-14,2,3708.05,0.16,6229.52,UPI,Online
ORD108272,CUST109444,PROD1176,2022-04-16,4,770.65,0.18,2527.73,Credit Card,Online
ORD108273,CUST108916,PROD1038,2023-07-10,2,2162.08,0.13,3762.02,Cash on Delivery,Store
ORD108274,CUST101306,PROD1074,2022-07-25,3,1160.21,0.13,3028.15,Debit Card,Online
ORD108275,CUST100759,PROD1096,2024-07-03,1,4510.68,0.09,4104.72,UPI,Online
ORD108276,CUST105238,PROD1048,2024-03-02,4,3417.13,0.12,12028.3,Net Banking,Store
ORD108277,CUST100226,PROD1161,2022-04-28,1,4435.03,0.14,3814.13,Net Banking,Online
ORD108278,CUST104797,PROD1143,2023-04-25,4,3731.95,0.18,12240.8,Net Banking,Online
ORD108279,CUST108499,PROD1095,2024-02-19,1,4205.79,0.04,4037.56,Debit Card,Online
ORD108280,CUST103378,PROD1142,2023-11-21,3,1570.45,0.23,3627.74,UPI,Online
ORD108281,CUST106712,PROD1039,2024-05-02,1,2735.18,0.2,2188.14,Cash on Delivery,Store
ORD108282,CUST109709,PROD1006,2023-01-06,3,2076.92,0.09,5669.99,Credit Card,Online
ORD108283,CUST109723,PROD1100,2022-08-16,4,3701.69,0.14,12733.81,UPI,Online
ORD108284,CUST105208,PROD1039,2022-10-08,1,2735.18,0.28,1969.33,UPI,Online
ORD108285,CUST107442,PROD1193,2023-03-11,2,4987.26,0.01,9874.77,Cash on Delivery,Online
ORD108286,CUST104748,PROD1069,2022-04-27,4,3553.73,0.24,10803.34,Debit Card,Store
ORD108287,CUST108988,PROD1102,2023-10-16,3,3752.53,0.15,9568.95,Credit Card,Store
ORD108288,CUST107045,PROD1091,2023-08-07,3,1656.34,0.19,4024.91,Credit Card,Online
ORD108289,CUST107624,PROD1021,2023-06-25,3,1572.17,0.21,3726.04,Credit Card,Store
ORD108290,CUST101779,PROD1100,2022-01-25,4,3701.69,0.14,12733.81,UPI,Store
ORD108291,CUST107063,PROD1186,2022-03-28,4,158.9,0.06,597.46,Cash on Delivery,Store
ORD108292,CUST100585,PROD1132,2022-07-06,1,1728.02,0.27,1261.45,Cash on Delivery,Online
ORD108293,CUST101378,PROD1145,2023-09-04,2,4568.9,0.22,7127.48,Debit Card,Online
ORD108294,CUST105707,PROD1010,2024-08-10,3,794.74,0.17,1978.9,Cash on Delivery,Store
ORD108295,CUST105442,PROD1118,2022-09-12,3,833.05,0.13,2174.26,Cash on Delivery,Store
ORD108296,CUST106929,PROD1007,2023-01-31,1,4532.56,0.15,3852.68,Credit Card,Online
ORD108297,CUST106420,PROD1019,2022-06-27,1,1794.76,0.25,1346.07,Debit Card,Store
ORD108298,CUST104031,PROD1058,2022-05-20,2,1109.98,0.0,2219.96,Cash on Delivery,Online
ORD108299,CUST107442,PROD1090,2022-03-23,3,2110.16,0.26,4684.56,Cash on Delivery,Store
ORD108300,CUST106360,PROD1152,2024-05-17,4,3367.3,0.01,13334.51,Cash on Delivery,Store
ORD108301,CUST101847,PROD1185,2023-03-08,4,2516.6,0.18,8254.45,Cash on Delivery,Store
ORD108302,CUST101041,PROD1114,2024-08-03,4,671.01,0.1,2415.64,Credit Card,Online
ORD108303,CUST104839,PROD1018,2023-06-15,3,4703.75,0.2,11289.0,UPI,Store
ORD108304,CUST107351,PROD1124,2023-01-03,4,1557.13,0.03,6041.66,Debit Card,Online
ORD108305,CUST107785,PROD1129,2024-02-06,3,1033.9,0.17,2574.41,UPI,Store
ORD108306,CUST100242,PROD1105,2022-02-22,4,850.29,0.26,2516.86,Credit Card,Store
ORD108307,CUST105545,PROD1185,2023-07-01,3,2516.6,0.15,6417.33,UPI,Online
ORD108308,CUST102100,PROD1065,2023-01-04,3,1779.33,0.03,5177.85,Cash on Delivery,Store
ORD108309,CUST109441,PROD1006,2023-10-29,4,2076.92,0.01,8224.6,Debit Card,Online
ORD108310,CUST101737,PROD1050,2023-08-02,4,4767.36,0.19,15446.25,Cash on Delivery,Store
ORD108311,CUST102754,PROD1094,2024-08-30,2,2515.62,0.02,4930.62,Debit Card,Online
ORD108312,CUST101392,PROD1160,2024-01-12,3,2584.14,0.02,7597.37,UPI,Online
ORD108313,CUST108439,PROD1074,2022-02-20,1,1160.21,0.13,1009.38,Cash on Delivery,Store
ORD108314,CUST107735,PROD1103,2022-12-27,3,472.31,0.06,1331.91,Credit Card,Online
ORD108315,CUST107643,PROD1012,2024-07-03,4,1673.76,0.06,6293.34,Cash on Delivery,Store
ORD108316,CUST109877,PROD1137,2022-02-12,3,3649.67,0.14,9416.15,Net Banking,Online
ORD108317,CUST104016,PROD1112,2023-07-01,3,441.15,0.08,1217.57,Credit Card,Online
ORD108318,CUST103432,PROD1058,2023-06-11,3,1109.98,0.07,3096.84,Debit Card,Store
ORD108319,CUST104526,PROD1037,2023-10-18,3,3402.6,0.15,8676.63,Net Banking,Online
ORD108320,CUST107784,PROD1019,2024-05-16,2,1794.76,0.09,3266.46,Cash on Delivery,Store
ORD108321,CUST102081,PROD1013,2022-03-10,1,4691.44,0.02,4597.61,Cash on Delivery,Store
ORD108322,CUST109539,PROD1039,2023-12-12,2,2735.18,0.2,4376.29,Cash on Delivery,Online
ORD108323,CUST105575,PROD1134,2022-03-26,1,3708.05,0.18,3040.6,Cash on Delivery,Store
ORD108324,CUST105344,PROD1196,2022-06-18,1,1253.86,0.06,1178.63,Net Banking,Online
ORD108325,CUST104736,PROD1005,2024-08-07,1,900.54,0.17,747.45,Credit Card,Store
ORD108326,CUST100132,PROD1167,2023-12-06,4,3946.83,0.29,11209.0,Net Banking,Online
ORD108327,CUST101854,PROD1180,2024-09-11,3,4036.27,0.29,8597.26,Credit Card,Online
ORD108328,CUST106050,PROD1008,2022-01-30,2,1199.69,0.16,2015.48,UPI,Store
ORD108329,CUST105077,PROD1105,2022-05-27,1,850.29,0.03,824.78,UPI,Store
ORD108330,CUST105340,PROD1064,2022-03-29,4,4980.76,0.14,17133.81,Credit Card,Store
ORD108331,CUST108592,PROD1147,2022-10-29,1,1570.61,0.01,1554.9,Credit Card,Online
ORD108332,CUST100605,PROD1133,2024-04-07,4,1474.25,0.12,5189.36,Credit Card,Store
ORD108333,CUST100131,PROD1095,2023-08-14,4,4205.79,0.27,12280.91,UPI,Store
ORD108334,CUST107071,PROD1038,2024-01-09,3,2162.08,0.14,5578.17,Credit Card,Online
ORD108335,CUST106157,PROD1122,2022-01-24,3,2405.73,0.17,5990.27,Credit Card,Online
ORD108336,CUST106578,PROD1020,2023-02-24,2,319.32,0.05,606.71,Net Banking,Online
ORD108337,CUST106613,PROD1036,2022-06-26,1,924.34,0.0,924.34,Debit Card,Online
ORD108338,CUST104506,PROD1011,2022-07-06,1,1834.14,0.3,1283.9,Cash on Delivery,Store
ORD108339,CUST100803,PROD1197,2024-02-21,1,2029.94,0.1,1826.95,Cash on Delivery,Online
ORD108340,CUST105192,PROD1014,2022-08-02,4,2197.11,0.08,8085.36,Net Banking,Store
ORD108341,CUST104289,PROD1148,2022-10-22,2,3902.89,0.17,6478.8,Credit Card,Online
ORD108342,CUST103633,PROD1084,2024-02-15,3,1758.62,0.22,4115.17,Debit Card,Online
ORD108343,CUST102676,PROD1091,2023-11-19,3,1656.34,0.08,4571.5,Net Banking,Online
ORD108344,CUST101215,PROD1099,2023-08-15,2,4731.44,0.16,7948.82,Debit Card,Online
ORD108345,CUST102477,PROD1173,2024-01-20,3,3575.41,0.1,9653.61,UPI,Online
ORD108346,CUST102264,PROD1198,2023-08-16,1,1926.28,0.14,1656.6,Debit Card,Online
ORD108347,CUST107790,PROD1108,2022-07-16,4,871.28,0.05,3310.86,Net Banking,Online
ORD108348,CUST100969,PROD1085,2024-03-19,1,657.06,0.15,558.5,Cash on Delivery,Online
ORD108349,CUST106628,PROD1137,2024-03-13,2,3649.67,0.01,7226.35,UPI,Store
ORD108350,CUST100600,PROD1081,2023-03-24,3,473.74,0.25,1065.92,Debit Card,Online
ORD108351,CUST104455,PROD1065,2022-06-30,2,1779.33,0.19,2882.51,Cash on Delivery,Store
ORD108352,CUST105941,PROD1117,2022-02-23,2,2765.48,0.28,3982.29,Debit Card,Store
ORD108353,CUST109524,PROD1116,2022-06-14,3,4033.51,0.18,9922.43,Debit Card,Online
ORD108354,CUST102716,PROD1166,2023-03-12,2,4056.26,0.05,7706.89,Credit Card,Online
ORD108355,CUST100781,PROD1021,2023-06-14,1,1572.17,0.15,1336.34,Cash on Delivery,Store
ORD108356,CUST101434,PROD1085,2024-02-28,2,657.06,0.2,1051.3,UPI,Store
ORD108357,CUST104338,PROD1169,2022-09-13,4,2046.46,0.11,7285.4,UPI,Store
ORD108358,CUST109208,PROD1133,2022-10-25,1,1474.25,0.17,1223.63,UPI,Store
ORD108359,CUST102702,PROD1109,2024-04-12,1,4287.18,0.05,4072.82,Debit Card,Store
ORD108360,CUST103991,PROD1179,2024-09-03,2,3516.31,0.23,5415.12,Cash on Delivery,Store
ORD108361,CUST108651,PROD1164,2022-05-16,1,3496.96,0.27,2552.78,UPI,Online
ORD108362,CUST107532,PROD1005,2023-04-22,2,900.54,0.09,1638.98,UPI,Store
ORD108363,CUST107245,PROD1072,2023-12-25,4,4258.76,0.24,12946.63,Debit Card,Online
ORD108364,CUST103640,PROD1156,2024-01-23,2,4272.09,0.03,8287.85,Net Banking,Online
ORD108365,CUST100531,PROD1100,2022-04-24,3,3701.69,0.07,10327.72,UPI,Online
ORD108366,CUST101977,PROD1196,2022-12-23,2,1253.86,0.14,2156.64,Cash on Delivery,Online
ORD108367,CUST103764,PROD1178,2023-02-27,1,4804.5,0.12,4227.96,UPI,Online
ORD108368,CUST100290,PROD1076,2022-11-13,2,4330.45,0.19,7015.33,Debit Card,Online
ORD108369,CUST106077,PROD1026,2024-08-13,2,3182.76,0.17,5283.38,Net Banking,Store
ORD108370,CUST107868,PROD1164,2023-12-10,3,3496.96,0.03,10176.15,Net Banking,Online
ORD108371,CUST103575,PROD1173,2022-07-06,3,3575.41,0.04,10297.18,Cash on Delivery,Online
ORD108372,CUST104649,PROD1097,2022-09-23,1,2401.45,0.02,2353.42,Net Banking,Store
ORD108373,CUST106614,PROD1024,2023-12-04,4,3137.89,0.29,8911.61,UPI,Store
ORD108374,CUST100512,PROD1164,2024-08-23,4,3496.96,0.19,11330.15,Credit Card,Store
ORD108375,CUST101639,PROD1150,2024-02-14,1,4820.06,0.26,3566.84,Debit Card,Store
ORD108376,CUST108446,PROD1153,2023-07-01,1,656.81,0.16,551.72,UPI,Online
ORD108377,CUST104816,PROD1075,2024-05-08,1,2758.4,0.06,2592.9,UPI,Online
ORD108378,CUST105849,PROD1119,2022-02-11,4,3955.63,0.19,12816.24,Debit Card,Store
ORD108379,CUST102637,PROD1179,2023-12-26,4,3516.31,0.15,11955.45,Debit Card,Store
ORD108380,CUST101965,PROD1002,2022-03-29,4,1666.73,0.12,5866.89,UPI,Store
ORD108381,CUST100050,PROD1072,2022-10-12,3,4258.76,0.11,11370.89,Net Banking,Online
ORD108382,CUST100799,PROD1110,2022-06-04,2,2932.67,0.2,4692.27,Cash on Delivery,Online
ORD108383,CUST108291,PROD1078,2022-10-21,3,3766.22,0.19,9151.91,UPI,Store
ORD108384,CUST109939,PROD1071,2024-02-09,3,1115.14,0.05,3178.15,Credit Card,Store
ORD108385,CUST106642,PROD1155,2023-06-21,3,2625.54,0.24,5986.23,UPI,Online
ORD108386,CUST100236,PROD1033,2023-12-07,2,647.39,0.19,1048.77,Credit Card,Store
ORD108387,CUST100471,PROD1083,2022-10-21,4,1976.87,0.16,6642.28,UPI,Online
ORD108388,CUST102204,PROD1064,2022-02-28,2,4980.76,0.22,7769.99,UPI,Store
ORD108389,CUST107181,PROD1028,2023-04-11,3,4912.04,0.05,13999.31,Credit Card,Online
ORD108390,CUST106259,PROD1003,2023-09-10,2,1363.94,0.28,1964.07,Cash on Delivery,Online
ORD108391,CUST108330,PROD1195,2023-06-03,4,4224.79,0.08,15547.23,Credit Card,Store
ORD108392,CUST101383,PROD1118,2023-11-20,3,833.05,0.08,2299.22,Cash on Delivery,Online
ORD108393,CUST104501,PROD1189,2022-07-15,3,4197.72,0.24,9570.8,Cash on Delivery,Store
ORD108394,CUST101712,PROD1165,2024-05-25,1,4146.73,0.1,3732.06,Credit Card,Store
ORD108395,CUST109142,PROD1194,2024-01-14,4,270.22,0.25,810.66,Debit Card,Online
ORD108396,CUST106710,PROD1129,2022-10-24,3,1033.9,0.1,2791.53,Credit Card,Store
ORD108397,CUST103796,PROD1112,2022-07-21,3,441.15,0.17,1098.46,Debit Card,Online
ORD108398,CUST102373,PROD1091,2023-03-11,4,1656.34,0.07,6161.58,UPI,Store
ORD108399,CUST109549,PROD1075,2024-05-22,3,2758.4,0.22,6454.66,Debit Card,Online
ORD108400,CUST104424,PROD1124,2024-01-02,1,1557.13,0.05,1479.27,Net Banking,Online
ORD108401,CUST105419,PROD1043,2024-05-11,2,1864.75,0.27,2722.54,UPI,Store
ORD108402,CUST101699,PROD1113,2024-03-02,1,2996.04,0.11,2666.48,UPI,Online
ORD108403,CUST104110,PROD1104,2022-10-19,2,431.37,0.14,741.96,Debit Card,Online
ORD108404,CUST103372,PROD1094,2024-04-27,1,2515.62,0.01,2490.46,Debit Card,Store
ORD108405,CUST108825,PROD1116,2023-04-26,2,4033.51,0.29,5727.58,Net Banking,Online
ORD108406,CUST105581,PROD1100,2024-06-24,1,3701.69,0.24,2813.28,UPI,Online
ORD108407,CUST109320,PROD1031,2024-02-28,3,3607.34,0.13,9415.16,Debit Card,Online
ORD108408,CUST102386,PROD1130,2022-10-10,2,1651.44,0.28,2378.07,Credit Card,Store
ORD108409,CUST108583,PROD1016,2024-04-02,4,3052.07,0.28,8789.96,Cash on Delivery,Online
ORD108410,CUST100168,PROD1118,2023-08-20,4,833.05,0.16,2799.05,Cash on Delivery,Store
ORD108411,CUST103965,PROD1139,2022-08-07,1,3501.6,0.07,3256.49,Debit Card,Online
ORD108412,CUST103208,PROD1063,2024-09-18,1,4377.63,0.15,3720.99,Net Banking,Online
ORD108413,CUST109377,PROD1190,2024-06-19,1,2787.44,0.1,2508.7,Debit Card,Online
ORD108414,CUST108172,PROD1077,2024-06-03,2,4838.73,0.13,8419.39,Net Banking,Store
ORD108415,CUST102727,PROD1199,2024-01-09,3,4504.11,0.27,9864.0,UPI,Online
ORD108416,CUST103509,PROD1040,2024-09-08,4,331.95,0.08,1221.58,Credit Card,Online
ORD108417,CUST107549,PROD1001,2024-04-06,1,2108.14,0.25,1581.1,UPI,Online
ORD108418,CUST104477,PROD1180,2024-07-20,2,4036.27,0.28,5812.23,Credit Card,Store
ORD108419,CUST104720,PROD1033,2024-04-21,2,647.39,0.24,984.03,Net Banking,Online
ORD108420,CUST101713,PROD1124,2022-10-17,4,1557.13,0.16,5231.96,Debit Card,Store
ORD108421,CUST106619,PROD1087,2023-07-18,4,3115.6,0.17,10343.79,Debit Card,Store
ORD108422,CUST102512,PROD1111,2023-05-17,3,1904.48,0.25,4285.08,Debit Card,Store
ORD108423,CUST104589,PROD1039,2023-05-24,4,2735.18,0.01,10831.31,Debit Card,Online
ORD108424,CUST106678,PROD1198,2023-01-25,3,1926.28,0.22,4507.5,UPI,Online
ORD108425,CUST102678,PROD1192,2023-10-16,3,3116.29,0.16,7853.05,UPI,Online
ORD108426,CUST100281,PROD1054,2022-02-28,2,584.36,0.12,1028.47,Net Banking,Store
ORD108427,CUST104926,PROD1125,2022-02-26,2,4537.33,0.23,6987.49,Credit Card,Store
ORD108428,CUST100429,PROD1073,2023-09-24,3,2162.76,0.08,5969.22,Credit Card,Online
ORD108429,CUST104658,PROD1178,2022-02-06,1,4804.5,0.27,3507.28,Credit Card,Online
ORD108430,CUST105162,PROD1004,2023-11-29,3,1760.0,0.21,4171.2,Debit Card,Store
ORD108431,CUST108105,PROD1055,2023-04-12,4,2785.96,0.18,9137.95,UPI,Store
ORD108432,CUST103212,PROD1117,2024-03-10,3,2765.48,0.16,6969.01,Cash on Delivery,Online
ORD108433,CUST104632,PROD1148,2024-02-27,3,3902.89,0.06,11006.15,Cash on Delivery,Store
ORD108434,CUST102663,PROD1057,2022-05-06,3,2667.72,0.19,6482.56,Debit Card,Online
ORD108435,CUST109127,PROD1092,2023-12-26,1,2248.29,0.22,1753.67,Cash on Delivery,Online
ORD108436,CUST101688,PROD1030,2023-04-08,1,3330.72,0.0,3330.72,Credit Card,Online
ORD108437,CUST105594,PROD1173,2022-12-03,3,3575.41,0.11,9546.34,Credit Card,Online
ORD108438,CUST105935,PROD1154,2023-12-02,4,1389.72,0.25,4169.16,Net Banking,Online
ORD108439,CUST109074,PROD1197,2022-07-04,2,2029.94,0.19,3288.5,Debit Card,Store
ORD108440,CUST100816,PROD1106,2023-09-13,4,822.51,0.18,2697.83,Net Banking,Online
ORD108441,CUST103866,PROD1158,2022-02-21,2,611.58,0.07,1137.54,Credit Card,Online
ORD108442,CUST106188,PROD1168,2022-12-10,4,736.02,0.19,2384.7,UPI,Online
ORD108443,CUST100677,PROD1044,2024-05-02,1,452.32,0.24,343.76,Debit Card,Store
ORD108444,CUST102489,PROD1163,2024-08-01,4,1140.38,0.12,4014.14,Net Banking,Store
ORD108445,CUST107232,PROD1001,2024-04-26,3,2108.14,0.05,6008.2,Net Banking,Online
ORD108446,CUST102446,PROD1061,2024-06-25,2,1679.78,0.02,3292.37,Credit Card,Online
ORD108447,CUST101888,PROD1148,2023-09-05,4,3902.89,0.15,13269.83,Net Banking,Online
ORD108448,CUST101720,PROD1161,2023-02-18,4,4435.03,0.21,14014.69,Credit Card,Online
ORD108449,CUST100223,PROD1085,2022-11-12,4,657.06,0.05,2496.83,UPI,Store
ORD108450,CUST100934,PROD1012,2022-05-26,1,1673.76,0.13,1456.17,Net Banking,Online
ORD108451,CUST109504,PROD1018,2023-01-11,1,4703.75,0.17,3904.11,Credit Card,Store
ORD108452,CUST101308,PROD1160,2024-09-14,4,2584.14,0.05,9819.73,Credit Card,Store
ORD108453,CUST108417,PROD1123,2022-07-24,1,4620.97,0.08,4251.29,UPI,Online
ORD108454,CUST100199,PROD1101,2023-04-03,4,3236.62,0.18,10616.11,Net Banking,Online
ORD108455,CUST104106,PROD1103,2023-11-18,1,472.31,0.22,368.4,UPI,Store
ORD108456,CUST105074,PROD1048,2022-08-19,4,3417.13,0.19,11071.5,UPI,Store
ORD108457,CUST103993,PROD1002,2023-09-30,3,1666.73,0.21,3950.15,UPI,Store
ORD108458,CUST107072,PROD1165,2022-09-25,1,4146.73,0.17,3441.79,Net Banking,Online
ORD108459,CUST103933,PROD1070,2024-08-03,4,3731.49,0.25,11194.47,Cash on Delivery,Store
ORD108460,CUST106933,PROD1014,2024-02-02,2,2197.11,0.25,3295.66,Credit Card,Store
ORD108461,CUST101597,PROD1037,2022-12-24,3,3402.6,0.24,7757.93,Credit Card,Store
ORD108462,CUST100004,PROD1152,2023-05-04,1,3367.3,0.17,2794.86,UPI,Store
ORD108463,CUST108471,PROD1060,2023-09-16,4,4998.52,0.3,13995.86,UPI,Store
ORD108464,CUST107590,PROD1177,2022-02-09,2,3377.85,0.01,6688.14,Cash on Delivery,Online
ORD108465,CUST103019,PROD1009,2023-12-31,2,3453.81,0.06,6493.16,Debit Card,Online
ORD108466,CUST105357,PROD1099,2024-01-18,2,4731.44,0.24,7191.79,Credit Card,Online
ORD108467,CUST102364,PROD1100,2022-07-11,3,3701.69,0.25,8328.8,Debit Card,Store
ORD108468,CUST100126,PROD1177,2022-10-02,3,3377.85,0.25,7600.16,UPI,Store
ORD108469,CUST104826,PROD1122,2023-08-22,2,2405.73,0.26,3560.48,Credit Card,Online
ORD108470,CUST103249,PROD1041,2024-01-22,3,4320.12,0.13,11275.51,Credit Card,Online
ORD108471,CUST103901,PROD1198,2022-12-22,4,1926.28,0.28,5547.69,UPI,Online
ORD108472,CUST105157,PROD1179,2022-06-04,1,3516.31,0.06,3305.33,Debit Card,Online
ORD108473,CUST108674,PROD1173,2023-11-23,1,3575.41,0.28,2574.3,Debit Card,Online
ORD108474,CUST103039,PROD1039,2023-08-15,1,2735.18,0.17,2270.2,Net Banking,Store
ORD108475,CUST104410,PROD1185,2023-06-03,3,2516.6,0.05,7172.31,Net Banking,Online
ORD108476,CUST109699,PROD1023,2024-02-02,4,554.45,0.22,1729.88,Cash on Delivery,Store
ORD108477,CUST109130,PROD1068,2022-07-10,4,3161.5,0.09,11507.86,Cash on Delivery,Store
ORD108478,CUST100016,PROD1084,2022-03-18,3,1758.62,0.07,4906.55,Debit Card,Store
ORD108479,CUST108004,PROD1167,2022-02-24,3,3946.83,0.05,11248.47,UPI,Online
ORD108480,CUST107083,PROD1147,2023-12-17,4,1570.61,0.01,6219.62,Debit Card,Store
ORD108481,CUST105075,PROD1028,2024-05-08,4,4912.04,0.23,15129.08,Credit Card,Store
ORD108482,CUST103942,PROD1036,2023-04-26,2,924.34,0.15,1571.38,Net Banking,Store
ORD108483,CUST106172,PROD1019,2023-11-02,1,1794.76,0.29,1274.28,Net Banking,Online
ORD108484,CUST103617,PROD1145,2022-05-19,2,4568.9,0.13,7949.89,Debit Card,Store
ORD108485,CUST109225,PROD1003,2023-02-05,4,1363.94,0.25,4091.82,Credit Card,Online
ORD108486,CUST106230,PROD1138,2022-08-18,2,3504.61,0.29,4976.55,Debit Card,Store
ORD108487,CUST108661,PROD1191,2022-11-18,1,598.34,0.01,592.36,Debit Card,Store
ORD108488,CUST101324,PROD1085,2022-03-08,3,657.06,0.03,1912.04,Debit Card,Online
ORD108489,CUST103277,PROD1051,2022-04-08,2,2585.17,0.1,4653.31,Credit Card,Store
ORD108490,CUST101624,PROD1042,2022-04-24,2,935.8,0.26,1384.98,Net Banking,Store
ORD108491,CUST107249,PROD1141,2023-02-20,3,1551.56,0.25,3491.01,UPI,Online
ORD108492,CUST109427,PROD1121,2024-07-08,3,1191.0,0.11,3179.97,Cash on Delivery,Store
ORD108493,CUST100118,PROD1172,2024-09-10,1,3051.89,0.06,2868.78,Credit Card,Online
ORD108494,CUST107303,PROD1155,2022-01-13,4,2625.54,0.24,7981.64,Net Banking,Store
ORD108495,CUST107940,PROD1131,2024-07-06,2,768.23,0.18,1259.9,Debit Card,Store
ORD108496,CUST108979,PROD1143,2023-10-21,1,3731.95,0.01,3694.63,UPI,Store
ORD108497,CUST106520,PROD1165,2024-08-06,2,4146.73,0.24,6303.03,Cash on Delivery,Online
ORD108498,CUST102475,PROD1190,2022-08-10,1,2787.44,0.29,1979.08,Cash on Delivery,Store
ORD108499,CUST102767,PROD1150,2023-02-27,1,4820.06,0.01,4771.86,Credit Card,Store
ORD108500,CUST109619,PROD1076,2022-01-21,3,4330.45,0.09,11822.13,Debit Card,Store
ORD108501,CUST100242,PROD1147,2023-05-11,4,1570.61,0.25,4711.83,Debit Card,Store
ORD108502,CUST105080,PROD1196,2022-08-03,2,1253.86,0.18,2056.33,UPI,Online
ORD108503,CUST105464,PROD1082,2022-05-24,4,595.95,0.3,1668.66,Cash on Delivery,Online
ORD108504,CUST104722,PROD1148,2023-05-05,1,3902.89,0.27,2849.11,Credit Card,Online
ORD108505,CUST108207,PROD1169,2024-06-21,3,2046.46,0.05,5832.41,Debit Card,Store
ORD108506,CUST104611,PROD1068,2022-12-06,4,3161.5,0.2,10116.8,Cash on Delivery,Store
ORD108507,CUST106409,PROD1013,2022-04-22,3,4691.44,0.2,11259.46,Cash on Delivery,Store
ORD108508,CUST108114,PROD1069,2023-01-17,3,3553.73,0.03,10341.35,Net Banking,Online
ORD108509,CUST106703,PROD1004,2022-03-19,2,1760.0,0.03,3414.4,UPI,Store
ORD108510,CUST102782,PROD1151,2023-10-28,1,4916.65,0.17,4080.82,Debit Card,Online
ORD108511,CUST106859,PROD1156,2022-03-27,2,4272.09,0.12,7518.88,Net Banking,Online
ORD108512,CUST106163,PROD1001,2022-12-27,2,2108.14,0.16,3541.68,UPI,Online
ORD108513,CUST101823,PROD1005,2023-04-29,4,900.54,0.07,3350.01,Net Banking,Online
ORD108514,CUST104923,PROD1033,2023-04-19,3,647.39,0.17,1612.0,Debit Card,Store
ORD108515,CUST108202,PROD1021,2022-03-17,2,1572.17,0.12,2767.02,Credit Card,Online
ORD108516,CUST105139,PROD1131,2024-05-30,2,768.23,0.27,1121.62,Net Banking,Online
ORD108517,CUST108470,PROD1112,2022-01-31,1,441.15,0.09,401.45,Net Banking,Store
ORD108518,CUST105666,PROD1133,2022-12-26,4,1474.25,0.26,4363.78,Cash on Delivery,Online
ORD108519,CUST105520,PROD1066,2022-11-20,4,3804.6,0.12,13392.19,Debit Card,Online
ORD108520,CUST106921,PROD1076,2022-06-17,3,4330.45,0.17,10782.82,Net Banking,Online
ORD108521,CUST102085,PROD1190,2022-10-10,3,2787.44,0.09,7609.71,Credit Card,Online
ORD108522,CUST105069,PROD1089,2024-06-23,4,1920.59,0.24,5838.59,Net Banking,Store
ORD108523,CUST101106,PROD1115,2024-08-29,4,3741.78,0.25,11225.34,UPI,Store
ORD108524,CUST108223,PROD1086,2024-05-10,1,4422.95,0.24,3361.44,Credit Card,Online
ORD108525,CUST108928,PROD1067,2022-08-08,2,1221.16,0.19,1978.28,Credit Card,Store
ORD108526,CUST101848,PROD1161,2022-09-29,1,4435.03,0.09,4035.88,Net Banking,Online
ORD108527,CUST103608,PROD1100,2023-12-13,1,3701.69,0.19,2998.37,Net Banking,Online
ORD108528,CUST108107,PROD1199,2023-01-02,4,4504.11,0.29,12791.67,Cash on Delivery,Store
ORD108529,CUST102677,PROD1161,2022-04-23,4,4435.03,0.19,14369.5,Debit Card,Online
ORD108530,CUST100293,PROD1056,2023-06-09,2,1642.96,0.29,2333.0,Cash on Delivery,Store
ORD108531,CUST103196,PROD1164,2024-08-31,3,3496.96,0.09,9546.7,UPI,Store
ORD108532,CUST101571,PROD1133,2023-07-26,4,1474.25,0.25,4422.75,Debit Card,Online
ORD108533,CUST106566,PROD1070,2024-04-26,1,3731.49,0.22,2910.56,Cash on Delivery,Store
ORD108534,CUST100268,PROD1172,2023-12-01,2,3051.89,0.25,4577.84,Cash on Delivery,Store
ORD108535,CUST107073,PROD1168,2024-06-23,3,736.02,0.21,1744.37,Net Banking,Online
ORD108536,CUST109339,PROD1102,2024-08-06,1,3752.53,0.14,3227.18,Cash on Delivery,Store
ORD108537,CUST103342,PROD1132,2024-06-06,1,1728.02,0.21,1365.14,Net Banking,Online
ORD108538,CUST105177,PROD1059,2024-06-11,3,4207.05,0.28,9087.23,Credit Card,Store
ORD108539,CUST100879,PROD1194,2022-12-30,1,270.22,0.13,235.09,Debit Card,Store
ORD108540,CUST100058,PROD1144,2022-10-15,1,1220.66,0.29,866.67,Net Banking,Store
ORD108541,CUST103891,PROD1108,2024-09-08,2,871.28,0.01,1725.13,Cash on Delivery,Online
ORD108542,CUST100216,PROD1192,2022-02-24,1,3116.29,0.0,3116.29,Net Banking,Store
ORD108543,CUST105700,PROD1100,2022-08-31,1,3701.69,0.15,3146.44,Credit Card,Online
ORD108544,CUST107649,PROD1182,2022-06-02,2,572.67,0.25,859.0,UPI,Online
ORD108545,CUST106246,PROD1008,2022-06-18,2,1199.69,0.07,2231.42,UPI,Online
ORD108546,CUST107978,PROD1131,2024-03-04,3,768.23,0.21,1820.71,Credit Card,Online
ORD108547,CUST106384,PROD1169,2022-04-19,3,2046.46,0.16,5157.08,Cash on Delivery,Online
ORD108548,CUST104956,PROD1173,2024-07-13,3,3575.41,0.09,9760.87,Debit Card,Online
ORD108549,CUST100733,PROD1073,2024-06-14,2,2162.76,0.09,3936.22,Debit Card,Store
ORD108550,CUST105950,PROD1095,2022-12-04,1,4205.79,0.02,4121.67,Net Banking,Store
ORD108551,CUST105348,PROD1128,2022-02-05,1,3522.95,0.16,2959.28,UPI,Store
ORD108552,CUST105571,PROD1086,2023-12-25,1,4422.95,0.14,3803.74,Credit Card,Store
ORD108553,CUST107074,PROD1114,2024-05-14,1,671.01,0.09,610.62,Cash on Delivery,Online
ORD108554,CUST102421,PROD1144,2022-12-06,2,1220.66,0.29,1733.34,Credit Card,Online
ORD108555,CUST103377,PROD1115,2022-05-11,4,3741.78,0.25,11225.34,UPI,Online
ORD108556,CUST108565,PROD1127,2022-02-28,3,509.27,0.16,1283.36,Credit Card,Store
ORD108557,CUST107104,PROD1090,2023-05-06,4,2110.16,0.16,7090.14,Credit Card,Store
ORD108558,CUST106783,PROD1078,2023-11-05,3,3766.22,0.06,10620.74,Credit Card,Online
ORD108559,CUST100111,PROD1117,2024-02-13,3,2765.48,0.19,6720.12,Net Banking,Store
ORD108560,CUST108485,PROD1006,2023-11-02,2,2076.92,0.29,2949.23,Cash on Delivery,Store
ORD108561,CUST102469,PROD1132,2024-01-09,3,1728.02,0.27,3784.36,Debit Card,Store
ORD108562,CUST102198,PROD1179,2022-06-09,2,3516.31,0.03,6821.64,Cash on Delivery,Online
ORD108563,CUST105293,PROD1115,2024-03-20,4,3741.78,0.02,14667.78,UPI,Online
ORD108564,CUST107581,PROD1102,2024-04-04,1,3752.53,0.29,2664.3,Debit Card,Online
ORD108565,CUST108359,PROD1052,2022-11-25,4,2302.12,0.06,8655.97,Net Banking,Store
ORD108566,CUST100069,PROD1118,2023-07-12,4,833.05,0.17,2765.73,Debit Card,Store
ORD108567,CUST105956,PROD1002,2023-01-03,2,1666.73,0.02,3266.79,Debit Card,Store
ORD108568,CUST109617,PROD1061,2024-09-13,2,1679.78,0.25,2519.67,Debit Card,Online
ORD108569,CUST106074,PROD1031,2022-12-10,3,3607.34,0.04,10389.14,Credit Card,Store
ORD108570,CUST102572,PROD1001,2022-11-08,1,2108.14,0.19,1707.59,UPI,Online
ORD108571,CUST101654,PROD1079,2024-08-03,4,127.55,0.02,500.0,Net Banking,Online
ORD108572,CUST102259,PROD1123,2023-09-27,4,4620.97,0.05,17559.69,UPI,Online
ORD108573,CUST100101,PROD1080,2022-08-02,2,760.03,0.15,1292.05,Credit Card,Store
ORD108574,CUST105908,PROD1052,2022-06-07,2,2302.12,0.01,4558.2,Net Banking,Online
ORD108575,CUST109923,PROD1139,2022-06-13,2,3501.6,0.06,6583.01,Credit Card,Online
ORD108576,CUST105708,PROD1123,2022-10-09,4,4620.97,0.04,17744.52,Net Banking,Online
ORD108577,CUST101361,PROD1132,2022-02-19,2,1728.02,0.01,3421.48,Net Banking,Online
ORD108578,CUST108524,PROD1003,2022-05-10,3,1363.94,0.29,2905.19,Cash on Delivery,Store
ORD108579,CUST103260,PROD1055,2022-12-28,3,2785.96,0.14,7187.78,Credit Card,Store
ORD108580,CUST101122,PROD1079,2024-05-25,3,127.55,0.26,283.16,UPI,Online
ORD108581,CUST101957,PROD1191,2022-09-20,1,598.34,0.11,532.52,Credit Card,Online
ORD108582,CUST108651,PROD1044,2022-06-04,3,452.32,0.01,1343.39,Credit Card,Online
ORD108583,CUST109409,PROD1187,2022-12-02,2,4781.3,0.21,7554.45,Credit Card,Online
ORD108584,CUST106698,PROD1147,2022-11-01,2,1570.61,0.01,3109.81,Cash on Delivery,Online
ORD108585,CUST104985,PROD1052,2022-02-15,4,2302.12,0.17,7643.04,Cash on Delivery,Store
ORD108586,CUST106779,PROD1072,2022-09-05,1,4258.76,0.04,4088.41,Cash on Delivery,Store
ORD108587,CUST100930,PROD1015,2024-01-03,1,3483.28,0.2,2786.62,Cash on Delivery,Store
ORD108588,CUST108502,PROD1092,2022-08-01,2,2248.29,0.27,3282.5,Credit Card,Store
ORD108589,CUST102889,PROD1112,2023-02-14,4,441.15,0.29,1252.87,UPI,Store
ORD108590,CUST105959,PROD1029,2024-09-04,3,935.53,0.16,2357.54,Debit Card,Online
ORD108591,CUST107139,PROD1019,2024-04-12,3,1794.76,0.16,4522.8,Credit Card,Online
ORD108592,CUST101758,PROD1105,2023-05-24,4,850.29,0.01,3367.15,UPI,Online
ORD108593,CUST108081,PROD1086,2022-01-02,4,4422.95,0.23,13622.69,Debit Card,Store
ORD108594,CUST104341,PROD1179,2023-12-19,2,3516.31,0.29,4993.16,Debit Card,Store
ORD108595,CUST108146,PROD1035,2024-01-12,1,1309.41,0.13,1139.19,Cash on Delivery,Online
ORD108596,CUST100471,PROD1021,2024-04-26,4,1572.17,0.24,4779.4,Debit Card,Store
ORD108597,CUST104417,PROD1128,2023-12-05,2,3522.95,0.24,5354.88,UPI,Online
ORD108598,CUST103180,PROD1020,2022-11-16,1,319.32,0.24,242.68,Cash on Delivery,Online
ORD108599,CUST107816,PROD1175,2024-05-17,3,2304.65,0.23,5323.74,Credit Card,Online
ORD108600,CUST101144,PROD1199,2022-09-10,4,4504.11,0.06,16935.45,Credit Card,Store
ORD108601,CUST100098,PROD1004,2023-04-17,3,1760.0,0.23,4065.6,Cash on Delivery,Store
ORD108602,CUST103649,PROD1119,2024-04-07,2,3955.63,0.04,7594.81,Cash on Delivery,Store
ORD108603,CUST100493,PROD1167,2022-03-30,3,3946.83,0.21,9353.99,Debit Card,Store
ORD108604,CUST102157,PROD1081,2024-06-23,2,473.74,0.0,947.48,Debit Card,Online
ORD108605,CUST104579,PROD1078,2022-01-15,2,3766.22,0.28,5423.36,UPI,Online
ORD108606,CUST102177,PROD1044,2022-06-14,1,452.32,0.25,339.24,Cash on Delivery,Online
ORD108607,CUST109615,PROD1158,2024-02-13,2,611.58,0.2,978.53,Credit Card,Store
ORD108608,CUST108697,PROD1142,2023-03-03,2,1570.45,0.03,3046.67,UPI,Store
ORD108609,CUST106912,PROD1057,2023-07-11,3,2667.72,0.25,6002.37,Credit Card,Online
ORD108610,CUST108552,PROD1180,2024-04-23,1,4036.27,0.26,2986.84,Credit Card,Store
ORD108611,CUST108345,PROD1044,2023-04-20,1,452.32,0.21,357.33,UPI,Store
ORD108612,CUST108107,PROD1194,2024-08-24,1,270.22,0.29,191.86,Credit Card,Store
ORD108613,CUST100532,PROD1169,2024-07-12,3,2046.46,0.03,5955.2,Cash on Delivery,Store
ORD108614,CUST105666,PROD1151,2023-11-23,1,4916.65,0.21,3884.15,Cash on Delivery,Store
ORD108615,CUST102357,PROD1037,2024-08-29,3,3402.6,0.16,8574.55,UPI,Store
ORD108616,CUST106779,PROD1050,2023-09-10,1,4767.36,0.04,4576.67,Credit Card,Online
ORD108617,CUST101969,PROD1023,2023-02-23,2,554.45,0.2,887.12,Credit Card,Online
ORD108618,CUST104971,PROD1090,2024-04-13,4,2110.16,0.24,6414.89,Debit Card,Store
ORD108619,CUST107171,PROD1160,2023-02-14,1,2584.14,0.05,2454.93,Net Banking,Online
ORD108620,CUST100634,PROD1146,2023-10-22,3,2720.43,0.24,6202.58,UPI,Online
ORD108621,CUST102601,PROD1024,2024-09-11,4,3137.89,0.03,12175.01,Credit Card,Online
ORD108622,CUST101192,PROD1069,2023-12-03,3,3553.73,0.18,8742.18,UPI,Store
ORD108623,CUST108928,PROD1048,2023-04-14,2,3417.13,0.24,5194.04,Debit Card,Online
ORD108624,CUST109400,PROD1016,2023-10-03,2,3052.07,0.04,5859.97,UPI,Store
ORD108625,CUST105804,PROD1148,2024-05-09,3,3902.89,0.17,9718.2,Cash on Delivery,Online
ORD108626,CUST100607,PROD1042,2023-03-13,4,935.8,0.13,3256.58,Credit Card,Store
ORD108627,CUST106421,PROD1081,2024-09-24,4,473.74,0.18,1553.87,Debit Card,Store
ORD108628,CUST105258,PROD1149,2022-07-24,1,1630.37,0.13,1418.42,Cash on Delivery,Store
ORD108629,CUST103065,PROD1062,2022-01-30,2,4227.41,0.08,7778.43,Net Banking,Online
ORD108630,CUST107866,PROD1023,2024-08-13,4,554.45,0.08,2040.38,Net Banking,Store
ORD108631,CUST107253,PROD1032,2023-06-06,2,940.88,0.26,1392.5,UPI,Online
ORD108632,CUST104326,PROD1194,2023-09-13,4,270.22,0.05,1026.84,Credit Card,Store
ORD108633,CUST105570,PROD1016,2023-10-24,4,3052.07,0.04,11719.95,Net Banking,Online
ORD108634,CUST102037,PROD1175,2022-10-12,1,2304.65,0.03,2235.51,Debit Card,Store
ORD108635,CUST102185,PROD1043,2024-04-16,3,1864.75,0.02,5482.36,Credit Card,Online
ORD108636,CUST109188,PROD1152,2023-01-27,2,3367.3,0.0,6734.6,Debit Card,Store
ORD108637,CUST107505,PROD1199,2023-03-13,2,4504.11,0.05,8557.81,Debit Card,Store
ORD108638,CUST101179,PROD1106,2022-05-19,3,822.51,0.06,2319.48,Debit Card,Store
ORD108639,CUST104702,PROD1098,2023-10-28,1,1274.77,0.08,1172.79,Net Banking,Online
ORD108640,CUST106935,PROD1187,2023-10-21,1,4781.3,0.04,4590.05,UPI,Online
ORD108641,CUST109524,PROD1028,2024-07-03,2,4912.04,0.03,9529.36,Net Banking,Online
ORD108642,CUST102744,PROD1011,2023-02-18,3,1834.14,0.16,4622.03,Net Banking,Online
ORD108643,CUST102260,PROD1099,2023-07-02,1,4731.44,0.22,3690.52,UPI,Online
ORD108644,CUST106120,PROD1126,2024-07-26,3,362.9,0.19,881.85,Cash on Delivery,Store
ORD108645,CUST103498,PROD1136,2023-11-27,4,4779.14,0.17,15866.74,Debit Card,Online
ORD108646,CUST103413,PROD1085,2024-02-16,2,657.06,0.13,1143.28,Cash on Delivery,Store
ORD108647,CUST105478,PROD1052,2023-10-09,1,2302.12,0.19,1864.72,Debit Card,Online
ORD108648,CUST105798,PROD1060,2023-06-14,4,4998.52,0.27,14595.68,Cash on Delivery,Online
ORD108649,CUST108097,PROD1158,2022-05-17,3,611.58,0.19,1486.14,Debit Card,Store
ORD108650,CUST100205,PROD1112,2023-01-25,3,441.15,0.02,1296.98,UPI,Online
ORD108651,CUST105380,PROD1047,2022-07-17,2,3493.68,0.17,5799.51,UPI,Online
ORD108652,CUST101809,PROD1107,2023-07-11,4,2161.29,0.16,7261.93,UPI,Store
ORD108653,CUST109091,PROD1078,2023-02-10,1,3766.22,0.14,3238.95,Credit Card,Online
ORD108654,CUST108939,PROD1046,2024-09-03,2,3362.42,0.17,5581.62,Debit Card,Online
ORD108655,CUST106942,PROD1160,2023-08-14,4,2584.14,0.2,8269.25,UPI,Online
ORD108656,CUST109953,PROD1066,2023-04-02,2,3804.6,0.01,7533.11,Cash on Delivery,Store
ORD108657,CUST102296,PROD1063,2023-03-30,4,4377.63,0.14,15059.05,Credit Card,Store
ORD108658,CUST104928,PROD1121,2022-03-28,1,1191.0,0.25,893.25,Credit Card,Store
ORD108659,CUST109923,PROD1144,2022-07-28,3,1220.66,0.16,3076.06,UPI,Online
ORD108660,CUST105149,PROD1043,2022-08-12,3,1864.75,0.02,5482.36,Net Banking,Store
ORD108661,CUST103998,PROD1004,2022-09-10,3,1760.0,0.23,4065.6,UPI,Online
ORD108662,CUST105934,PROD1093,2022-06-09,1,3090.85,0.28,2225.41,Net Banking,Store
ORD108663,CUST100938,PROD1189,2022-08-17,4,4197.72,0.26,12425.25,UPI,Online
ORD108664,CUST105250,PROD1190,2022-07-14,2,2787.44,0.11,4961.64,Debit Card,Online
ORD108665,CUST104555,PROD1078,2023-01-12,3,3766.22,0.16,9490.87,Cash on Delivery,Online
ORD108666,CUST106538,PROD1038,2022-05-24,3,2162.08,0.18,5318.72,Net Banking,Online
ORD108667,CUST107695,PROD1199,2022-05-10,1,4504.11,0.21,3558.25,Net Banking,Store
ORD108668,CUST106556,PROD1169,2023-03-27,1,2046.46,0.2,1637.17,Credit Card,Store
ORD108669,CUST102164,PROD1101,2022-02-10,4,3236.62,0.06,12169.69,Net Banking,Store
ORD108670,CUST105268,PROD1091,2023-11-22,4,1656.34,0.25,4969.02,Debit Card,Store
ORD108671,CUST106252,PROD1020,2022-01-14,4,319.32,0.25,957.96,Cash on Delivery,Online
ORD108672,CUST106121,PROD1174,2024-08-31,2,4761.29,0.12,8379.87,Net Banking,Store
ORD108673,CUST102873,PROD1073,2024-09-16,4,2162.76,0.04,8305.0,Credit Card,Store
ORD108674,CUST101450,PROD1027,2023-03-09,4,133.03,0.18,436.34,Cash on Delivery,Store
ORD108675,CUST105105,PROD1148,2024-01-14,2,3902.89,0.11,6947.14,Net Banking,Store
ORD108676,CUST105636,PROD1112,2023-03-09,3,441.15,0.22,1032.29,Debit Card,Online
ORD108677,CUST101203,PROD1027,2023-06-23,3,133.03,0.09,363.17,Debit Card,Store
ORD108678,CUST107052,PROD1085,2024-04-28,1,657.06,0.08,604.5,Cash on Delivery,Online
ORD108679,CUST104491,PROD1101,2023-02-27,2,3236.62,0.26,4790.2,Credit Card,Store
ORD108680,CUST103024,PROD1018,2022-11-25,4,4703.75,0.18,15428.3,Debit Card,Store
ORD108681,CUST106144,PROD1062,2024-07-20,3,4227.41,0.03,12301.76,UPI,Online
ORD108682,CUST102055,PROD1115,2023-06-06,1,3741.78,0.21,2956.01,UPI,Store
ORD108683,CUST102191,PROD1179,2024-05-10,2,3516.31,0.23,5415.12,Net Banking,Store
ORD108684,CUST109870,PROD1037,2024-06-18,2,3402.6,0.07,6328.84,Debit Card,Store
ORD108685,CUST107832,PROD1045,2022-03-26,2,770.29,0.29,1093.81,UPI,Online
ORD108686,CUST109857,PROD1151,2024-05-18,4,4916.65,0.11,17503.27,Net Banking,Online
ORD108687,CUST104728,PROD1091,2022-01-02,4,1656.34,0.28,4770.26,Net Banking,Online
ORD108688,CUST105690,PROD1172,2022-07-26,4,3051.89,0.09,11108.88,Net Banking,Store
ORD108689,CUST104824,PROD1008,2023-02-16,1,1199.69,0.18,983.75,Credit Card,Store
ORD108690,CUST103011,PROD1008,2023-08-24,2,1199.69,0.16,2015.48,Net Banking,Online
ORD108691,CUST107619,PROD1020,2024-07-10,1,319.32,0.3,223.52,Credit Card,Store
ORD108692,CUST108435,PROD1023,2022-05-01,1,554.45,0.12,487.92,UPI,Store
ORD108693,CUST108331,PROD1094,2023-04-02,1,2515.62,0.05,2389.84,Net Banking,Online
ORD108694,CUST102448,PROD1191,2023-06-26,4,598.34,0.25,1795.02,UPI,Store
ORD108695,CUST100724,PROD1092,2022-01-09,2,2248.29,0.01,4451.61,Debit Card,Online
ORD108696,CUST109756,PROD1039,2023-10-03,3,2735.18,0.27,5990.04,Credit Card,Online
ORD108697,CUST100103,PROD1179,2022-11-08,4,3516.31,0.03,13643.28,UPI,Store
ORD108698,CUST104047,PROD1131,2024-04-03,4,768.23,0.17,2550.52,Net Banking,Online
ORD108699,CUST100062,PROD1130,2022-07-23,3,1651.44,0.21,3913.91,UPI,Online
ORD108700,CUST102062,PROD1140,2024-04-08,1,4426.54,0.1,3983.89,Net Banking,Store
ORD108701,CUST103565,PROD1020,2024-03-23,1,319.32,0.25,239.49,Cash on Delivery,Online
ORD108702,CUST109738,PROD1007,2023-05-15,4,4532.56,0.18,14866.8,Credit Card,Online
ORD108703,CUST106584,PROD1119,2024-06-27,4,3955.63,0.12,13923.82,Debit Card,Store
ORD108704,CUST106668,PROD1109,2024-06-28,4,4287.18,0.1,15433.85,UPI,Online
ORD108705,CUST104822,PROD1128,2023-10-12,3,3522.95,0.03,10251.78,UPI,Online
ORD108706,CUST104833,PROD1013,2022-05-25,4,4691.44,0.19,15200.27,Cash on Delivery,Online
ORD108707,CUST103646,PROD1075,2023-02-05,4,2758.4,0.11,9819.9,Net Banking,Store
ORD108708,CUST109982,PROD1035,2024-07-15,2,1309.41,0.1,2356.94,Debit Card,Online
ORD108709,CUST100129,PROD1149,2023-11-17,3,1630.37,0.28,3521.6,Net Banking,Store
ORD108710,CUST103015,PROD1116,2023-07-15,3,4033.51,0.08,11132.49,Net Banking,Store
ORD108711,CUST107669,PROD1163,2024-01-25,2,1140.38,0.26,1687.76,UPI,Online
ORD108712,CUST105290,PROD1044,2023-08-25,1,452.32,0.29,321.15,UPI,Online
ORD108713,CUST100926,PROD1143,2023-04-28,3,3731.95,0.25,8396.89,UPI,Store
ORD108714,CUST101980,PROD1010,2022-04-10,4,794.74,0.01,3147.17,Credit Card,Online
ORD108715,CUST105525,PROD1066,2022-07-22,4,3804.6,0.26,11261.62,Credit Card,Online
ORD108716,CUST109917,PROD1097,2022-07-27,1,2401.45,0.06,2257.36,UPI,Store
ORD108717,CUST101819,PROD1152,2023-08-28,2,3367.3,0.11,5993.79,Net Banking,Online
ORD108718,CUST105107,PROD1089,2024-01-19,2,1920.59,0.3,2688.83,Debit Card,Online
ORD108719,CUST104783,PROD1194,2024-02-25,2,270.22,0.12,475.59,Debit Card,Store
ORD108720,CUST102895,PROD1158,2024-08-28,4,611.58,0.2,1957.06,Net Banking,Online
ORD108721,CUST101756,PROD1112,2022-09-24,2,441.15,0.09,802.89,Cash on Delivery,Store
ORD108722,CUST102327,PROD1192,2023-12-14,2,3116.29,0.11,5547.0,Net Banking,Store
ORD108723,CUST103196,PROD1089,2023-05-21,4,1920.59,0.18,6299.54,Debit Card,Store
ORD108724,CUST103653,PROD1088,2024-09-11,1,4002.67,0.28,2881.92,Cash on Delivery,Store
ORD108725,CUST106254,PROD1010,2022-09-07,4,794.74,0.08,2924.64,Cash on Delivery,Store
ORD108726,CUST104259,PROD1079,2023-03-15,2,127.55,0.07,237.24,Debit Card,Store
ORD108727,CUST100414,PROD1083,2023-08-31,1,1976.87,0.01,1957.1,Cash on Delivery,Online
ORD108728,CUST106337,PROD1105,2024-01-08,2,850.29,0.06,1598.55,Credit Card,Store
ORD108729,CUST108146,PROD1115,2023-01-22,4,3741.78,0.08,13769.75,UPI,Online
ORD108730,CUST102870,PROD1165,2023-04-07,4,4146.73,0.02,16255.18,Cash on Delivery,Online
ORD108731,CUST109214,PROD1001,2023-05-11,1,2108.14,0.17,1749.76,Cash on Delivery,Online
ORD108732,CUST106252,PROD1053,2023-09-08,2,1312.97,0.04,2520.9,Credit Card,Store
ORD108733,CUST100398,PROD1092,2024-09-11,2,2248.29,0.15,3822.09,Credit Card,Store
ORD108734,CUST103970,PROD1006,2023-10-18,1,2076.92,0.06,1952.3,Net Banking,Store
ORD108735,CUST108320,PROD1176,2024-09-22,3,770.65,0.28,1664.6,Debit Card,Online
ORD108736,CUST109724,PROD1039,2022-05-17,4,2735.18,0.09,9956.06,Net Banking,Online
ORD108737,CUST106570,PROD1044,2023-08-03,4,452.32,0.03,1755.0,Debit Card,Store
ORD108738,CUST101050,PROD1181,2022-06-22,2,2171.47,0.25,3257.2,Credit Card,Online
ORD108739,CUST102952,PROD1188,2022-01-02,4,2539.12,0.12,8937.7,UPI,Store
ORD108740,CUST100343,PROD1131,2022-04-29,1,768.23,0.25,576.17,Debit Card,Store
ORD108741,CUST109616,PROD1106,2024-05-06,4,822.51,0.09,2993.94,Debit Card,Store
ORD108742,CUST100603,PROD1033,2023-05-13,1,647.39,0.15,550.28,Credit Card,Online
ORD108743,CUST109782,PROD1007,2022-04-30,4,4532.56,0.13,15773.31,Cash on Delivery,Store
ORD108744,CUST107036,PROD1031,2024-02-29,3,3607.34,0.17,8982.28,Net Banking,Store
ORD108745,CUST104828,PROD1145,2023-01-12,2,4568.9,0.12,8041.26,UPI,Store
ORD108746,CUST105932,PROD1167,2024-08-22,3,3946.83,0.15,10064.42,Debit Card,Online
ORD108747,CUST104251,PROD1074,2024-08-02,1,1160.21,0.2,928.17,Cash on Delivery,Online
ORD108748,CUST106583,PROD1183,2022-05-29,2,927.52,0.12,1632.44,Credit Card,Online
ORD108749,CUST102148,PROD1036,2024-04-21,4,924.34,0.21,2920.91,Debit Card,Online
ORD108750,CUST106044,PROD1182,2024-05-04,4,572.67,0.21,1809.64,Cash on Delivery,Online
ORD108751,CUST100747,PROD1035,2022-08-07,3,1309.41,0.22,3064.02,Net Banking,Online
ORD108752,CUST108691,PROD1009,2024-09-16,2,3453.81,0.14,5940.55,Credit Card,Online
ORD108753,CUST103356,PROD1069,2022-07-02,4,3553.73,0.0,14214.92,Cash on Delivery,Store
ORD108754,CUST105188,PROD1117,2023-05-31,1,2765.48,0.23,2129.42,Cash on Delivery,Store
ORD108755,CUST105898,PROD1190,2023-07-24,3,2787.44,0.27,6104.49,Debit Card,Online
ORD108756,CUST100385,PROD1161,2022-07-17,4,4435.03,0.2,14192.1,Net Banking,Online
ORD108757,CUST104233,PROD1094,2023-01-09,1,2515.62,0.16,2113.12,Credit Card,Online
ORD108758,CUST106246,PROD1071,2023-03-19,1,1115.14,0.17,925.57,Credit Card,Store
ORD108759,CUST101735,PROD1144,2022-01-26,3,1220.66,0.19,2966.2,Net Banking,Store
ORD108760,CUST102557,PROD1122,2023-04-03,3,2405.73,0.3,5052.03,UPI,Online
ORD108761,CUST104822,PROD1060,2022-04-23,3,4998.52,0.02,14695.65,Debit Card,Store
ORD108762,CUST101178,PROD1145,2023-12-10,1,4568.9,0.01,4523.21,Cash on Delivery,Store
ORD108763,CUST100879,PROD1188,2024-07-23,2,2539.12,0.29,3605.55,Debit Card,Online
ORD108764,CUST101505,PROD1035,2022-08-17,2,1309.41,0.13,2278.37,Net Banking,Online
ORD108765,CUST105328,PROD1180,2022-12-26,2,4036.27,0.18,6619.48,Cash on Delivery,Online
ORD108766,CUST101006,PROD1160,2023-01-20,2,2584.14,0.23,3979.58,UPI,Store
ORD108767,CUST105297,PROD1150,2023-03-17,2,4820.06,0.22,7519.29,Net Banking,Store
ORD108768,CUST103657,PROD1191,2022-04-08,2,598.34,0.19,969.31,Debit Card,Store
ORD108769,CUST105109,PROD1037,2022-10-31,4,3402.6,0.14,11704.94,Cash on Delivery,Store
ORD108770,CUST100272,PROD1196,2023-12-13,4,1253.86,0.17,4162.82,Credit Card,Store
ORD108771,CUST102895,PROD1157,2022-01-21,3,1005.94,0.22,2353.9,Cash on Delivery,Store
ORD108772,CUST103095,PROD1143,2024-07-15,2,3731.95,0.26,5523.29,Cash on Delivery,Store
ORD108773,CUST101606,PROD1181,2023-11-29,4,2171.47,0.04,8338.44,Net Banking,Online
ORD108774,CUST102447,PROD1186,2022-06-24,1,158.9,0.08,146.19,UPI,Store
ORD108775,CUST106496,PROD1103,2022-10-06,1,472.31,0.12,415.63,Cash on Delivery,Store
ORD108776,CUST101324,PROD1091,2024-08-28,2,1656.34,0.2,2650.14,Cash on Delivery,Store
ORD108777,CUST103902,PROD1005,2022-07-27,1,900.54,0.12,792.48,UPI,Store
ORD108778,CUST107210,PROD1132,2023-08-26,4,1728.02,0.07,6428.23,UPI,Store
ORD108779,CUST103122,PROD1091,2024-02-14,1,1656.34,0.01,1639.78,Cash on Delivery,Online
ORD108780,CUST104866,PROD1000,2023-01-19,2,1986.03,0.25,2979.04,Credit Card,Store
ORD108781,CUST101729,PROD1013,2022-11-01,3,4691.44,0.13,12244.66,Credit Card,Store
ORD108782,CUST105354,PROD1082,2023-12-29,3,595.95,0.1,1609.06,Credit Card,Online
ORD108783,CUST104585,PROD1030,2024-09-18,4,3330.72,0.16,11191.22,Net Banking,Online
ORD108784,CUST102722,PROD1178,2024-02-04,4,4804.5,0.04,18449.28,Net Banking,Online
ORD108785,CUST104676,PROD1120,2022-12-21,4,1608.36,0.12,5661.43,Credit Card,Online
ORD108786,CUST102894,PROD1078,2022-01-31,4,3766.22,0.23,11599.96,Credit Card,Store
ORD108787,CUST107648,PROD1146,2022-05-05,2,2720.43,0.22,4243.87,Credit Card,Online
ORD108788,CUST101961,PROD1101,2023-03-07,3,3236.62,0.23,7476.59,UPI,Store
ORD108789,CUST106568,PROD1031,2024-05-10,3,3607.34,0.14,9306.94,Debit Card,Store
ORD108790,CUST104862,PROD1056,2023-12-09,2,1642.96,0.11,2924.47,Net Banking,Store
ORD108791,CUST102675,PROD1030,2022-10-18,1,3330.72,0.25,2498.04,Net Banking,Online
ORD108792,CUST101939,PROD1057,2023-04-04,3,2667.72,0.05,7603.0,Net Banking,Online
ORD108793,CUST100013,PROD1153,2022-02-03,2,656.81,0.22,1024.62,Debit Card,Online
ORD108794,CUST100745,PROD1047,2024-01-13,1,3493.68,0.27,2550.39,Cash on Delivery,Online
ORD108795,CUST108162,PROD1122,2024-08-11,4,2405.73,0.09,8756.86,Net Banking,Online
ORD108796,CUST104570,PROD1040,2023-06-11,3,331.95,0.06,936.1,Cash on Delivery,Online
ORD108797,CUST107709,PROD1152,2024-04-25,2,3367.3,0.15,5724.41,UPI,Online
ORD108798,CUST102946,PROD1174,2022-12-07,3,4761.29,0.06,13426.84,Credit Card,Online
ORD108799,CUST103182,PROD1181,2024-04-18,3,2171.47,0.26,4820.66,Credit Card,Online
ORD108800,CUST103486,PROD1120,2022-12-03,2,1608.36,0.07,2991.55,UPI,Store
ORD108801,CUST106564,PROD1184,2022-06-19,4,4915.01,0.09,17890.64,Credit Card,Online
ORD108802,CUST104506,PROD1199,2022-05-26,1,4504.11,0.27,3288.0,UPI,Online
ORD108803,CUST104078,PROD1060,2023-12-19,2,4998.52,0.06,9397.22,Credit Card,Store
ORD108804,CUST101907,PROD1131,2023-07-04,1,768.23,0.27,560.81,UPI,Store
ORD108805,CUST103991,PROD1158,2022-11-16,2,611.58,0.06,1149.77,UPI,Store
ORD108806,CUST101647,PROD1119,2022-01-29,2,3955.63,0.27,5775.22,Credit Card,Online
ORD108807,CUST104776,PROD1095,2023-01-09,3,4205.79,0.1,11355.63,Cash on Delivery,Online
ORD108808,CUST102663,PROD1111,2023-01-06,1,1904.48,0.07,1771.17,Net Banking,Online
ORD108809,CUST108127,PROD1194,2022-01-10,1,270.22,0.14,232.39,Net Banking,Online
ORD108810,CUST101882,PROD1040,2024-02-24,1,331.95,0.11,295.44,Debit Card,Online
ORD108811,CUST100328,PROD1025,2023-02-20,3,1799.14,0.06,5073.57,Debit Card,Online
ORD108812,CUST104367,PROD1195,2024-08-14,2,4224.79,0.1,7604.62,Credit Card,Store
ORD108813,CUST104717,PROD1193,2022-04-25,3,4987.26,0.21,11819.81,Net Banking,Store
ORD108814,CUST109879,PROD1018,2022-03-25,2,4703.75,0.25,7055.62,Debit Card,Online
ORD108815,CUST105600,PROD1086,2023-08-16,2,4422.95,0.25,6634.42,Net Banking,Online
ORD108816,CUST102166,PROD1024,2024-07-30,2,3137.89,0.23,4832.35,UPI,Store
ORD108817,CUST100381,PROD1046,2023-08-06,2,3362.42,0.0,6724.84,Cash on Delivery,Store
ORD108818,CUST109625,PROD1198,2024-06-01,4,1926.28,0.13,6703.45,UPI,Store
ORD108819,CUST104144,PROD1007,2022-02-25,2,4532.56,0.05,8611.86,Debit Card,Store
ORD108820,CUST103881,PROD1002,2024-04-08,3,1666.73,0.02,4900.19,Debit Card,Online
ORD108821,CUST108108,PROD1032,2024-05-20,1,940.88,0.22,733.89,Credit Card,Store
ORD108822,CUST106747,PROD1111,2022-10-27,2,1904.48,0.24,2894.81,Cash on Delivery,Store
ORD108823,CUST102199,PROD1155,2022-08-10,3,2625.54,0.24,5986.23,Cash on Delivery,Store
ORD108824,CUST103532,PROD1021,2024-07-22,3,1572.17,0.27,3443.05,Net Banking,Store
ORD108825,CUST102729,PROD1098,2023-09-08,3,1274.77,0.18,3135.93,Credit Card,Store
ORD108826,CUST108787,PROD1097,2022-08-21,3,2401.45,0.3,5043.04,Cash on Delivery,Store
ORD108827,CUST108038,PROD1029,2022-06-27,3,935.53,0.15,2385.6,Debit Card,Online
ORD108828,CUST103910,PROD1046,2022-03-15,2,3362.42,0.27,4909.13,UPI,Store
ORD108829,CUST103496,PROD1163,2022-10-15,1,1140.38,0.03,1106.17,UPI,Online
ORD108830,CUST107502,PROD1058,2024-06-07,2,1109.98,0.04,2131.16,Cash on Delivery,Store
ORD108831,CUST103800,PROD1013,2022-12-12,2,4691.44,0.18,7693.96,UPI,Online
ORD108832,CUST108162,PROD1072,2022-02-22,1,4258.76,0.04,4088.41,Debit Card,Online
ORD108833,CUST102636,PROD1104,2023-03-08,4,431.37,0.02,1690.97,Net Banking,Store
ORD108834,CUST102823,PROD1013,2023-04-10,2,4691.44,0.06,8819.91,Debit Card,Online
ORD108835,CUST101492,PROD1183,2024-02-08,1,927.52,0.24,704.92,Cash on Delivery,Online
ORD108836,CUST103316,PROD1151,2024-05-20,2,4916.65,0.28,7079.98,Debit Card,Online
ORD108837,CUST106775,PROD1048,2022-04-28,1,3417.13,0.1,3075.42,Debit Card,Store
ORD108838,CUST103902,PROD1170,2022-08-06,4,4925.25,0.29,13987.71,UPI,Store
ORD108839,CUST104937,PROD1002,2023-06-26,3,1666.73,0.24,3800.14,Net Banking,Online
ORD108840,CUST107417,PROD1022,2024-02-16,1,1744.61,0.07,1622.49,Credit Card,Store
ORD108841,CUST104584,PROD1147,2023-09-12,2,1570.61,0.18,2575.8,Cash on Delivery,Store
ORD108842,CUST106394,PROD1108,2024-03-11,2,871.28,0.29,1237.22,Cash on Delivery,Online
ORD108843,CUST108172,PROD1142,2022-10-09,4,1570.45,0.25,4711.35,Debit Card,Store
ORD108844,CUST106457,PROD1042,2022-10-25,4,935.8,0.11,3331.45,UPI,Online
ORD108845,CUST103296,PROD1070,2023-12-15,1,3731.49,0.09,3395.66,UPI,Store
ORD108846,CUST105784,PROD1160,2022-10-25,3,2584.14,0.25,5814.32,Cash on Delivery,Online
ORD108847,CUST107223,PROD1054,2023-08-31,2,584.36,0.16,981.72,Credit Card,Online
ORD108848,CUST109715,PROD1125,2022-02-08,3,4537.33,0.05,12931.39,Credit Card,Online
ORD108849,CUST108164,PROD1081,2022-11-13,4,473.74,0.1,1705.46,Net Banking,Online
ORD108850,CUST105560,PROD1040,2024-01-30,4,331.95,0.2,1062.24,Debit Card,Online
ORD108851,CUST100974,PROD1145,2022-10-30,1,4568.9,0.05,4340.45,Cash on Delivery,Store
ORD108852,CUST106276,PROD1130,2024-07-26,4,1651.44,0.21,5218.55,Credit Card,Store
ORD108853,CUST106224,PROD1002,2024-03-26,1,1666.73,0.21,1316.72,Credit Card,Store
ORD108854,CUST106493,PROD1099,2024-01-22,1,4731.44,0.08,4352.92,UPI,Online
ORD108855,CUST101670,PROD1143,2022-06-29,3,3731.95,0.12,9852.35,Net Banking,Online
ORD108856,CUST107118,PROD1170,2022-06-10,3,4925.25,0.28,10638.54,Cash on Delivery,Store
ORD108857,CUST108184,PROD1022,2022-06-04,1,1744.61,0.22,1360.8,Net Banking,Store
ORD108858,CUST105171,PROD1142,2024-07-27,1,1570.45,0.24,1193.54,Credit Card,Online
ORD108859,CUST106637,PROD1126,2022-06-06,1,362.9,0.15,308.46,Net Banking,Store
ORD108860,CUST104805,PROD1057,2024-07-03,4,2667.72,0.06,10030.63,Credit Card,Store
ORD108861,CUST106761,PROD1167,2023-12-23,3,3946.83,0.18,9709.2,UPI,Store
ORD108862,CUST102803,PROD1117,2023-01-19,4,2765.48,0.23,8517.68,Debit Card,Online
ORD108863,CUST109723,PROD1165,2024-05-16,3,4146.73,0.0,12440.19,Cash on Delivery,Online
ORD108864,CUST103816,PROD1116,2023-09-15,4,4033.51,0.03,15650.02,Debit Card,Online
ORD108865,CUST105133,PROD1081,2022-10-11,3,473.74,0.14,1222.25,Net Banking,Online
ORD108866,CUST104079,PROD1101,2024-09-24,1,3236.62,0.13,2815.86,Credit Card,Online
ORD108867,CUST108075,PROD1133,2024-02-17,3,1474.25,0.29,3140.15,Debit Card,Store
ORD108868,CUST108773,PROD1107,2023-03-27,4,2161.29,0.03,8385.81,UPI,Store
ORD108869,CUST106262,PROD1045,2022-12-28,2,770.29,0.1,1386.52,Net Banking,Store
ORD108870,CUST107818,PROD1005,2023-04-22,3,900.54,0.24,2053.23,Net Banking,Online
ORD108871,CUST103557,PROD1122,2022-05-24,4,2405.73,0.18,7890.79,Debit Card,Online
ORD108872,CUST107350,PROD1091,2022-04-10,3,1656.34,0.17,4124.29,Net Banking,Online
ORD108873,CUST102382,PROD1147,2022-09-14,4,1570.61,0.22,4900.3,Cash on Delivery,Online
ORD108874,CUST105681,PROD1018,2023-09-22,2,4703.75,0.01,9313.42,Debit Card,Store
ORD108875,CUST100230,PROD1013,2022-12-04,3,4691.44,0.28,10133.51,Debit Card,Store
ORD108876,CUST106454,PROD1064,2023-01-23,1,4980.76,0.06,4681.91,UPI,Online
ORD108877,CUST101883,PROD1095,2024-08-22,4,4205.79,0.02,16486.7,Net Banking,Online
ORD108878,CUST106031,PROD1156,2023-12-26,4,4272.09,0.1,15379.52,UPI,Online
ORD108879,CUST108876,PROD1158,2022-05-12,2,611.58,0.21,966.3,Net Banking,Store
ORD108880,CUST104176,PROD1152,2023-09-19,1,3367.3,0.07,3131.59,Debit Card,Online
ORD108881,CUST109490,PROD1198,2023-02-08,2,1926.28,0.01,3814.03,Net Banking,Online
ORD108882,CUST104483,PROD1045,2022-11-15,3,770.29,0.02,2264.65,UPI,Store
ORD108883,CUST104922,PROD1179,2023-04-12,2,3516.31,0.08,6470.01,Debit Card,Online
ORD108884,CUST101368,PROD1015,2024-03-13,4,3483.28,0.04,13375.8,Net Banking,Store
ORD108885,CUST102266,PROD1107,2022-04-26,3,2161.29,0.11,5770.64,UPI,Online
ORD108886,CUST100651,PROD1138,2024-03-23,3,3504.61,0.05,9988.14,Net Banking,Store
ORD108887,CUST102110,PROD1017,2022-02-26,1,791.05,0.1,711.94,UPI,Store
ORD108888,CUST103098,PROD1107,2023-01-12,4,2161.29,0.13,7521.29,Cash on Delivery,Store
ORD108889,CUST102755,PROD1183,2023-10-26,2,927.52,0.22,1446.93,UPI,Online
ORD108890,CUST107548,PROD1183,2022-10-03,2,927.52,0.07,1725.19,Credit Card,Store
ORD108891,CUST104048,PROD1184,2023-05-13,3,4915.01,0.14,12680.73,Net Banking,Store
ORD108892,CUST101177,PROD1068,2024-07-12,1,3161.5,0.24,2402.74,Credit Card,Online
ORD108893,CUST107749,PROD1119,2023-05-20,1,3955.63,0.3,2768.94,Cash on Delivery,Online
ORD108894,CUST109234,PROD1193,2022-06-15,4,4987.26,0.17,16557.7,UPI,Store
ORD108895,CUST102556,PROD1087,2022-06-01,4,3115.6,0.13,10842.29,Debit Card,Store
ORD108896,CUST106794,PROD1089,2022-07-31,4,1920.59,0.19,6222.71,Debit Card,Store
ORD108897,CUST109815,PROD1015,2022-10-07,3,3483.28,0.15,8882.36,UPI,Store
ORD108898,CUST107596,PROD1101,2022-11-22,4,3236.62,0.05,12299.16,Cash on Delivery,Store
ORD108899,CUST102084,PROD1133,2022-04-12,1,1474.25,0.14,1267.86,UPI,Online
ORD108900,CUST102471,PROD1179,2023-01-18,4,3516.31,0.29,9986.32,Debit Card,Online
ORD108901,CUST104778,PROD1124,2023-01-09,1,1557.13,0.19,1261.28,Debit Card,Store
ORD108902,CUST102385,PROD1119,2024-02-04,4,3955.63,0.09,14398.49,Debit Card,Store
ORD108903,CUST108157,PROD1182,2022-10-08,4,572.67,0.28,1649.29,UPI,Store
ORD108904,CUST109486,PROD1075,2023-04-25,3,2758.4,0.12,7282.18,Cash on Delivery,Online
ORD108905,CUST100918,PROD1072,2023-04-10,1,4258.76,0.12,3747.71,Cash on Delivery,Online
ORD108906,CUST104747,PROD1176,2023-08-16,3,770.65,0.18,1895.8,Cash on Delivery,Online
ORD108907,CUST109795,PROD1199,2023-03-29,1,4504.11,0.17,3738.41,Debit Card,Store
ORD108908,CUST105736,PROD1183,2022-09-30,4,927.52,0.09,3376.17,Net Banking,Online
ORD108909,CUST105581,PROD1040,2023-07-24,3,331.95,0.14,856.43,UPI,Store
ORD108910,CUST101081,PROD1198,2023-04-02,4,1926.28,0.1,6934.61,Debit Card,Online
ORD108911,CUST108567,PROD1105,2024-07-04,4,850.29,0.22,2652.9,Cash on Delivery,Online
ORD108912,CUST107866,PROD1183,2023-05-29,2,927.52,0.04,1780.84,UPI,Online
ORD108913,CUST107623,PROD1120,2022-12-05,1,1608.36,0.23,1238.44,Cash on Delivery,Store
ORD108914,CUST106550,PROD1088,2023-06-05,1,4002.67,0.05,3802.54,Credit Card,Online
ORD108915,CUST109600,PROD1190,2023-12-04,1,2787.44,0.09,2536.57,Debit Card,Online
ORD108916,CUST102103,PROD1117,2022-05-03,1,2765.48,0.1,2488.93,Cash on Delivery,Store
ORD108917,CUST105635,PROD1155,2022-04-14,1,2625.54,0.3,1837.88,Credit Card,Online
ORD108918,CUST105916,PROD1158,2022-03-24,3,611.58,0.18,1504.49,Cash on Delivery,Store
ORD108919,CUST108208,PROD1182,2022-04-19,1,572.67,0.23,440.96,Debit Card,Online
ORD108920,CUST100432,PROD1179,2022-04-30,3,3516.31,0.17,8755.61,Net Banking,Store
ORD108921,CUST104050,PROD1065,2023-03-28,2,1779.33,0.29,2526.65,Cash on Delivery,Store
ORD108922,CUST100236,PROD1045,2024-06-20,2,770.29,0.05,1463.55,Cash on Delivery,Store
ORD108923,CUST100306,PROD1107,2022-08-16,3,2161.29,0.18,5316.77,Credit Card,Online
ORD108924,CUST105881,PROD1003,2022-09-24,2,1363.94,0.24,2073.19,Debit Card,Store
ORD108925,CUST100023,PROD1149,2024-07-05,3,1630.37,0.19,3961.8,Cash on Delivery,Online
ORD108926,CUST105419,PROD1172,2023-09-10,1,3051.89,0.27,2227.88,UPI,Online
ORD108927,CUST109205,PROD1155,2024-08-16,3,2625.54,0.18,6458.83,Debit Card,Online
ORD108928,CUST100680,PROD1137,2023-05-11,2,3649.67,0.25,5474.5,Credit Card,Online
ORD108929,CUST101515,PROD1193,2022-08-05,3,4987.26,0.05,14213.69,Credit Card,Online
ORD108930,CUST100951,PROD1176,2023-10-02,2,770.65,0.08,1418.0,Credit Card,Store
ORD108931,CUST105407,PROD1094,2022-10-13,4,2515.62,0.13,8754.36,Debit Card,Store
ORD108932,CUST100414,PROD1105,2024-04-29,3,850.29,0.26,1887.64,Debit Card,Online
ORD108933,CUST104848,PROD1079,2024-09-11,4,127.55,0.13,443.87,Cash on Delivery,Store
ORD108934,CUST109615,PROD1050,2023-01-06,2,4767.36,0.19,7723.12,Credit Card,Online
ORD108935,CUST104511,PROD1170,2023-10-23,1,4925.25,0.12,4334.22,Credit Card,Store
ORD108936,CUST104971,PROD1133,2023-10-25,3,1474.25,0.24,3361.29,Debit Card,Store
ORD108937,CUST104985,PROD1120,2023-07-27,1,1608.36,0.06,1511.86,Debit Card,Store
ORD108938,CUST107969,PROD1152,2023-11-01,1,3367.3,0.18,2761.19,UPI,Store
ORD108939,CUST107650,PROD1003,2022-06-23,1,1363.94,0.17,1132.07,Credit Card,Online
ORD108940,CUST105370,PROD1151,2024-08-13,2,4916.65,0.12,8653.3,Debit Card,Online
ORD108941,CUST106521,PROD1183,2022-10-01,2,927.52,0.21,1465.48,Debit Card,Online
ORD108942,CUST105457,PROD1090,2024-04-09,4,2110.16,0.01,8356.23,Cash on Delivery,Store
ORD108943,CUST100449,PROD1182,2024-01-26,4,572.67,0.25,1718.01,Credit Card,Store
ORD108944,CUST107328,PROD1053,2023-04-26,4,1312.97,0.1,4726.69,UPI,Store
ORD108945,CUST108283,PROD1002,2023-11-16,1,1666.73,0.24,1266.71,Debit Card,Online
ORD108946,CUST106628,PROD1174,2024-04-08,4,4761.29,0.09,17331.1,Cash on Delivery,Online
ORD108947,CUST107586,PROD1029,2022-02-28,3,935.53,0.06,2638.19,Cash on Delivery,Store
ORD108948,CUST102951,PROD1075,2023-02-23,2,2758.4,0.12,4854.78,Net Banking,Store
ORD108949,CUST103125,PROD1040,2023-09-14,4,331.95,0.24,1009.13,Credit Card,Store
ORD108950,CUST106744,PROD1105,2023-02-10,2,850.29,0.21,1343.46,Cash on Delivery,Online
ORD108951,CUST101537,PROD1182,2023-01-05,1,572.67,0.12,503.95,UPI,Store
ORD108952,CUST103168,PROD1058,2024-07-08,2,1109.98,0.28,1598.37,Credit Card,Store
ORD108953,CUST105687,PROD1039,2022-08-03,3,2735.18,0.12,7220.88,UPI,Online
ORD108954,CUST101895,PROD1044,2022-11-03,2,452.32,0.11,805.13,Cash on Delivery,Store
ORD108955,CUST107803,PROD1149,2022-03-06,2,1630.37,0.04,3130.31,Credit Card,Online
ORD108956,CUST108376,PROD1014,2023-02-03,3,2197.11,0.02,6459.5,Cash on Delivery,Store
ORD108957,CUST101456,PROD1016,2024-05-29,3,3052.07,0.1,8240.59,Cash on Delivery,Store
ORD108958,CUST101494,PROD1186,2023-02-16,4,158.9,0.03,616.53,Cash on Delivery,Store
ORD108959,CUST105060,PROD1107,2022-09-09,2,2161.29,0.14,3717.42,Debit Card,Online
ORD108960,CUST109340,PROD1024,2022-10-25,4,3137.89,0.26,9288.15,Debit Card,Online
ORD108961,CUST109479,PROD1042,2022-05-28,4,935.8,0.14,3219.15,UPI,Store
ORD108962,CUST101750,PROD1191,2022-08-16,3,598.34,0.14,1543.72,Debit Card,Store
ORD108963,CUST109436,PROD1178,2024-03-21,2,4804.5,0.08,8840.28,UPI,Store
ORD108964,CUST106487,PROD1060,2023-12-21,3,4998.52,0.05,14245.78,Debit Card,Online
ORD108965,CUST100173,PROD1172,2022-07-16,1,3051.89,0.07,2838.26,Cash on Delivery,Store
ORD108966,CUST104312,PROD1130,2022-08-31,2,1651.44,0.17,2741.39,Debit Card,Online
ORD108967,CUST103277,PROD1163,2023-12-04,1,1140.38,0.18,935.11,Net Banking,Online
ORD108968,CUST102021,PROD1191,2022-06-20,2,598.34,0.07,1112.91,Cash on Delivery,Online
ORD108969,CUST105698,PROD1027,2024-01-24,4,133.03,0.12,468.27,Net Banking,Online
ORD108970,CUST101396,PROD1106,2023-04-08,3,822.51,0.17,2048.05,Cash on Delivery,Store
ORD108971,CUST100173,PROD1123,2022-09-15,1,4620.97,0.23,3558.15,Debit Card,Online
ORD108972,CUST106221,PROD1172,2023-04-17,2,3051.89,0.1,5493.4,Credit Card,Online
ORD108973,CUST107551,PROD1083,2024-08-30,4,1976.87,0.08,7274.88,UPI,Online
ORD108974,CUST102246,PROD1148,2022-05-31,3,3902.89,0.22,9132.76,Cash on Delivery,Online
ORD108975,CUST106745,PROD1026,2024-06-26,3,3182.76,0.15,8116.04,Credit Card,Store
ORD108976,CUST103078,PROD1082,2023-03-06,1,595.95,0.26,441.0,Credit Card,Online
ORD108977,CUST103051,PROD1099,2023-01-17,4,4731.44,0.06,17790.21,Debit Card,Online
ORD108978,CUST104729,PROD1075,2023-02-21,2,2758.4,0.23,4247.94,Cash on Delivery,Store
ORD108979,CUST101699,PROD1034,2022-10-27,1,847.63,0.05,805.25,Credit Card,Store
ORD108980,CUST106668,PROD1175,2022-08-25,2,2304.65,0.18,3779.63,UPI,Store
ORD108981,CUST109154,PROD1096,2022-06-02,4,4510.68,0.09,16418.88,Net Banking,Online
ORD108982,CUST103091,PROD1099,2022-10-18,3,4731.44,0.03,13768.49,Debit Card,Online
ORD108983,CUST103784,PROD1150,2023-02-23,3,4820.06,0.19,11712.75,Debit Card,Online
ORD108984,CUST101844,PROD1191,2023-07-31,3,598.34,0.15,1525.77,Debit Card,Online
ORD108985,CUST106397,PROD1012,2023-03-03,2,1673.76,0.15,2845.39,UPI,Online
ORD108986,CUST103251,PROD1157,2023-03-28,2,1005.94,0.18,1649.74,Debit Card,Store
ORD108987,CUST107520,PROD1147,2024-02-01,3,1570.61,0.11,4193.53,UPI,Online
ORD108988,CUST109942,PROD1005,2022-07-09,2,900.54,0.2,1440.86,Credit Card,Store
ORD108989,CUST100892,PROD1146,2022-06-08,2,2720.43,0.04,5223.23,Cash on Delivery,Online
ORD108990,CUST108406,PROD1194,2024-07-12,3,270.22,0.21,640.42,Credit Card,Online
ORD108991,CUST103429,PROD1073,2024-06-25,3,2162.76,0.17,5385.27,Cash on Delivery,Online
ORD108992,CUST106745,PROD1009,2022-02-01,2,3453.81,0.15,5871.48,Debit Card,Online
ORD108993,CUST103644,PROD1183,2022-11-18,2,927.52,0.04,1780.84,Credit Card,Online
ORD108994,CUST105339,PROD1020,2022-03-01,4,319.32,0.08,1175.1,UPI,Store
ORD108995,CUST100605,PROD1126,2022-06-28,1,362.9,0.09,330.24,Debit Card,Online
ORD108996,CUST108743,PROD1055,2024-01-18,2,2785.96,0.07,5181.89,Credit Card,Store
ORD108997,CUST104414,PROD1056,2023-11-30,4,1642.96,0.29,4666.01,Credit Card,Online
ORD108998,CUST102513,PROD1129,2022-07-24,4,1033.9,0.27,3018.99,UPI,Store
ORD108999,CUST107043,PROD1038,2023-02-05,1,2162.08,0.16,1816.15,UPI,Online
ORD109000,CUST101177,PROD1060,2022-04-25,4,4998.52,0.06,18794.44,Credit Card,Store
ORD109001,CUST105181,PROD1172,2024-02-05,4,3051.89,0.27,8911.52,UPI,Store
ORD109002,CUST101483,PROD1109,2022-03-09,2,4287.18,0.22,6688.0,Net Banking,Store
ORD109003,CUST103311,PROD1155,2022-08-11,1,2625.54,0.01,2599.28,Net Banking,Online
ORD109004,CUST104285,PROD1145,2023-02-26,1,4568.9,0.15,3883.56,UPI,Store
ORD109005,CUST107313,PROD1013,2024-04-11,4,4691.44,0.18,15387.92,Credit Card,Store
ORD109006,CUST109737,PROD1182,2023-01-22,4,572.67,0.02,2244.87,UPI,Online
ORD109007,CUST109688,PROD1058,2022-11-06,3,1109.98,0.01,3296.64,UPI,Store
ORD109008,CUST108264,PROD1108,2024-04-23,2,871.28,0.14,1498.6,Cash on Delivery,Store
ORD109009,CUST105358,PROD1146,2023-11-15,4,2720.43,0.0,10881.72,Net Banking,Store
ORD109010,CUST106559,PROD1040,2022-07-29,3,331.95,0.01,985.89,Debit Card,Store
ORD109011,CUST101090,PROD1139,2023-10-01,3,3501.6,0.05,9979.56,Debit Card,Online
ORD109012,CUST109808,PROD1147,2023-11-01,2,1570.61,0.27,2293.09,Debit Card,Store
ORD109013,CUST104802,PROD1161,2024-05-27,3,4435.03,0.23,10244.92,UPI,Store
ORD109014,CUST109179,PROD1124,2024-08-28,4,1557.13,0.14,5356.53,Debit Card,Store
ORD109015,CUST101591,PROD1035,2023-08-23,3,1309.41,0.14,3378.28,Cash on Delivery,Online
ORD109016,CUST105901,PROD1020,2024-09-07,3,319.32,0.21,756.79,UPI,Store
ORD109017,CUST108079,PROD1055,2023-01-04,4,2785.96,0.14,9583.7,Credit Card,Online
ORD109018,CUST108779,PROD1040,2023-07-20,3,331.95,0.02,975.93,Credit Card,Store
ORD109019,CUST109034,PROD1126,2023-07-14,1,362.9,0.22,283.06,UPI,Store
ORD109020,CUST103649,PROD1168,2024-03-13,2,736.02,0.02,1442.6,Net Banking,Online
ORD109021,CUST101565,PROD1170,2024-04-15,4,4925.25,0.15,16745.85,Net Banking,Store
ORD109022,CUST103609,PROD1105,2023-06-22,2,850.29,0.26,1258.43,Credit Card,Online
ORD109023,CUST102929,PROD1199,2022-11-24,4,4504.11,0.04,17295.78,Debit Card,Store
ORD109024,CUST100721,PROD1085,2022-03-29,3,657.06,0.21,1557.23,Cash on Delivery,Online
ORD109025,CUST101804,PROD1037,2022-04-17,2,3402.6,0.01,6737.15,UPI,Store
ORD109026,CUST100654,PROD1145,2022-08-25,4,4568.9,0.3,12792.92,Cash on Delivery,Online
ORD109027,CUST108336,PROD1007,2022-11-08,1,4532.56,0.2,3626.05,Cash on Delivery,Online
ORD109028,CUST107684,PROD1193,2022-07-23,4,4987.26,0.29,14163.82,Cash on Delivery,Online
ORD109029,CUST109888,PROD1147,2023-08-04,3,1570.61,0.2,3769.46,UPI,Store
ORD109030,CUST106453,PROD1196,2023-08-15,3,1253.86,0.07,3498.27,Debit Card,Online
ORD109031,CUST104239,PROD1184,2024-08-17,3,4915.01,0.28,10616.42,UPI,Store
ORD109032,CUST100892,PROD1105,2024-05-13,1,850.29,0.19,688.73,Credit Card,Online
ORD109033,CUST104290,PROD1145,2023-10-31,2,4568.9,0.17,7584.37,Debit Card,Store
ORD109034,CUST101660,PROD1107,2023-09-30,1,2161.29,0.13,1880.32,Credit Card,Store
ORD109035,CUST104913,PROD1187,2024-09-19,2,4781.3,0.09,8701.97,Cash on Delivery,Online
ORD109036,CUST107336,PROD1129,2024-05-22,4,1033.9,0.16,3473.9,Debit Card,Online
ORD109037,CUST107350,PROD1169,2024-08-31,1,2046.46,0.11,1821.35,Cash on Delivery,Store
ORD109038,CUST103920,PROD1063,2024-04-06,1,4377.63,0.26,3239.45,Credit Card,Online
ORD109039,CUST109328,PROD1043,2023-06-21,4,1864.75,0.01,7384.41,UPI,Online
ORD109040,CUST101299,PROD1178,2024-08-25,3,4804.5,0.16,12107.34,Debit Card,Online
ORD109041,CUST102523,PROD1100,2022-01-27,3,3701.69,0.25,8328.8,Cash on Delivery,Online
ORD109042,CUST101660,PROD1105,2022-12-21,4,850.29,0.01,3367.15,Net Banking,Online
ORD109043,CUST109506,PROD1064,2023-06-18,3,4980.76,0.08,13746.9,Cash on Delivery,Store
ORD109044,CUST108625,PROD1064,2024-08-24,4,4980.76,0.02,19524.58,Credit Card,Store
ORD109045,CUST107630,PROD1117,2024-01-10,1,2765.48,0.18,2267.69,Credit Card,Online
ORD109046,CUST104512,PROD1123,2024-03-25,1,4620.97,0.1,4158.87,UPI,Store
ORD109047,CUST101858,PROD1181,2022-07-23,2,2171.47,0.29,3083.49,Debit Card,Online
ORD109048,CUST108902,PROD1107,2024-06-08,1,2161.29,0.18,1772.26,Net Banking,Store
ORD109049,CUST108329,PROD1094,2022-11-07,2,2515.62,0.17,4175.93,Credit Card,Store
ORD109050,CUST101753,PROD1166,2022-09-22,3,4056.26,0.28,8761.52,Debit Card,Online
ORD109051,CUST107335,PROD1135,2022-02-23,4,3539.91,0.07,13168.47,Net Banking,Store
ORD109052,CUST106277,PROD1066,2024-05-31,3,3804.6,0.17,9473.45,UPI,Store
ORD109053,CUST101184,PROD1110,2024-04-11,4,2932.67,0.16,9853.77,Debit Card,Store
ORD109054,CUST106927,PROD1075,2023-01-09,4,2758.4,0.02,10812.93,Cash on Delivery,Online
ORD109055,CUST100733,PROD1048,2024-05-26,1,3417.13,0.28,2460.33,Net Banking,Store
ORD109056,CUST101851,PROD1163,2023-09-03,2,1140.38,0.21,1801.8,Cash on Delivery,Online
ORD109057,CUST106520,PROD1006,2023-02-27,2,2076.92,0.27,3032.3,Cash on Delivery,Online
ORD109058,CUST109545,PROD1014,2023-08-18,3,2197.11,0.29,4679.84,Net Banking,Store
ORD109059,CUST108586,PROD1084,2022-08-08,1,1758.62,0.14,1512.41,Cash on Delivery,Online
ORD109060,CUST105291,PROD1152,2023-04-22,2,3367.3,0.24,5118.3,Net Banking,Online
ORD109061,CUST102517,PROD1184,2023-06-04,2,4915.01,0.17,8158.92,Cash on Delivery,Online
ORD109062,CUST107589,PROD1037,2022-12-29,2,3402.6,0.29,4831.69,UPI,Store
ORD109063,CUST103327,PROD1036,2024-07-11,3,924.34,0.07,2578.91,UPI,Online
ORD109064,CUST106124,PROD1121,2023-03-29,1,1191.0,0.0,1191.0,Debit Card,Store
ORD109065,CUST102066,PROD1015,2023-09-16,2,3483.28,0.06,6548.57,Cash on Delivery,Store
ORD109066,CUST100246,PROD1000,2024-09-15,1,1986.03,0.04,1906.59,UPI,Online
ORD109067,CUST105324,PROD1174,2024-09-21,2,4761.29,0.13,8284.64,UPI,Online
ORD109068,CUST107587,PROD1179,2022-09-10,3,3516.31,0.02,10337.95,UPI,Store
ORD109069,CUST103138,PROD1036,2024-07-17,1,924.34,0.07,859.64,Credit Card,Store
ORD109070,CUST100341,PROD1044,2024-01-06,2,452.32,0.03,877.5,Cash on Delivery,Online
ORD109071,CUST102434,PROD1141,2022-08-01,3,1551.56,0.15,3956.48,Debit Card,Online
ORD109072,CUST100341,PROD1184,2023-10-12,3,4915.01,0.08,13565.43,UPI,Store
ORD109073,CUST100107,PROD1161,2024-05-23,3,4435.03,0.14,11442.38,Net Banking,Store
ORD109074,CUST106820,PROD1193,2022-05-24,2,4987.26,0.03,9675.28,Credit Card,Online
ORD109075,CUST104728,PROD1158,2022-01-11,3,611.58,0.16,1541.18,Cash on Delivery,Store
ORD109076,CUST105093,PROD1082,2023-06-15,4,595.95,0.04,2288.45,Debit Card,Store
ORD109077,CUST105521,PROD1171,2023-03-24,3,4945.55,0.03,14391.55,UPI,Store
ORD109078,CUST109988,PROD1022,2022-02-21,4,1744.61,0.09,6350.38,Net Banking,Online
ORD109079,CUST105226,PROD1093,2022-07-24,3,3090.85,0.26,6861.69,Credit Card,Store
ORD109080,CUST107802,PROD1080,2023-10-17,3,760.03,0.24,1732.87,Net Banking,Online
ORD109081,CUST102384,PROD1065,2023-07-08,3,1779.33,0.29,3789.97,Net Banking,Online
ORD109082,CUST105920,PROD1138,2022-12-22,2,3504.61,0.14,6027.93,Credit Card,Online
ORD109083,CUST108800,PROD1176,2023-08-31,1,770.65,0.09,701.29,Net Banking,Store
ORD109084,CUST105923,PROD1057,2022-12-05,2,2667.72,0.29,3788.16,UPI,Online
ORD109085,CUST105468,PROD1028,2024-04-26,2,4912.04,0.11,8743.43,Credit Card,Online
ORD109086,CUST107696,PROD1082,2023-11-09,2,595.95,0.0,1191.9,Cash on Delivery,Online
ORD109087,CUST102739,PROD1178,2024-06-14,1,4804.5,0.25,3603.38,Credit Card,Store
ORD109088,CUST104823,PROD1128,2023-08-21,1,3522.95,0.05,3346.8,Debit Card,Store
ORD109089,CUST105060,PROD1132,2024-03-27,3,1728.02,0.22,4043.57,UPI,Store
ORD109090,CUST107040,PROD1114,2022-11-29,1,671.01,0.0,671.01,Cash on Delivery,Store
ORD109091,CUST108402,PROD1033,2023-08-19,2,647.39,0.03,1255.94,UPI,Store
ORD109092,CUST108477,PROD1124,2024-03-27,4,1557.13,0.15,5294.24,UPI,Store
ORD109093,CUST105838,PROD1077,2024-04-26,3,4838.73,0.02,14225.87,Credit Card,Store
ORD109094,CUST108685,PROD1018,2022-07-18,4,4703.75,0.27,13734.95,Cash on Delivery,Online
ORD109095,CUST101017,PROD1087,2023-03-15,4,3115.6,0.22,9720.67,Credit Card,Online
ORD109096,CUST103490,PROD1167,2022-05-30,4,3946.83,0.1,14208.59,Debit Card,Store
ORD109097,CUST102884,PROD1080,2024-07-27,1,760.03,0.18,623.22,Debit Card,Store
ORD109098,CUST102814,PROD1193,2022-02-19,2,4987.26,0.21,7879.87,Debit Card,Online
ORD109099,CUST108714,PROD1094,2022-12-06,3,2515.62,0.23,5811.08,Credit Card,Store
ORD109100,CUST104914,PROD1191,2023-09-28,3,598.34,0.12,1579.62,Credit Card,Store
ORD109101,CUST109848,PROD1071,2023-06-15,3,1115.14,0.27,2442.16,Debit Card,Online
ORD109102,CUST107915,PROD1144,2024-05-08,4,1220.66,0.28,3515.5,Credit Card,Store
ORD109103,CUST103064,PROD1037,2023-08-07,2,3402.6,0.06,6396.89,Net Banking,Store
ORD109104,CUST100589,PROD1170,2022-05-26,3,4925.25,0.27,10786.3,Net Banking,Online
ORD109105,CUST108826,PROD1039,2024-02-17,2,2735.18,0.21,4321.58,Net Banking,Store
ORD109106,CUST108399,PROD1172,2022-02-19,1,3051.89,0.27,2227.88,UPI,Store
ORD109107,CUST102233,PROD1167,2023-07-15,3,3946.83,0.13,10301.23,Cash on Delivery,Store
ORD109108,CUST109168,PROD1198,2024-07-25,1,1926.28,0.2,1541.02,Cash on Delivery,Store
ORD109109,CUST101313,PROD1119,2023-09-03,3,3955.63,0.07,11036.21,Cash on Delivery,Online
ORD109110,CUST108169,PROD1087,2023-02-03,4,3115.6,0.23,9596.05,Debit Card,Store
ORD109111,CUST100970,PROD1089,2023-01-11,3,1920.59,0.17,4782.27,Net Banking,Online
ORD109112,CUST104706,PROD1029,2022-01-23,3,935.53,0.14,2413.67,Net Banking,Store
ORD109113,CUST106589,PROD1162,2022-03-17,2,307.56,0.21,485.94,Credit Card,Online
ORD109114,CUST109671,PROD1193,2023-09-17,4,4987.26,0.17,16557.7,UPI,Store
ORD109115,CUST109362,PROD1171,2022-10-10,4,4945.55,0.23,15232.29,UPI,Online
ORD109116,CUST103185,PROD1131,2022-01-06,1,768.23,0.26,568.49,Net Banking,Store
ORD109117,CUST107264,PROD1191,2022-10-07,3,598.34,0.24,1364.22,Credit Card,Store
ORD109118,CUST109591,PROD1132,2023-08-21,3,1728.02,0.09,4717.49,Net Banking,Store
ORD109119,CUST107126,PROD1175,2023-01-28,2,2304.65,0.29,3272.6,Debit Card,Store
ORD109120,CUST102375,PROD1065,2024-08-27,3,1779.33,0.19,4323.77,Debit Card,Online
ORD109121,CUST104444,PROD1094,2023-03-22,2,2515.62,0.1,4528.12,Cash on Delivery,Store
ORD109122,CUST106450,PROD1026,2024-04-14,4,3182.76,0.01,12603.73,Cash on Delivery,Store
ORD109123,CUST100198,PROD1151,2022-03-11,3,4916.65,0.3,10324.96,Net Banking,Online
ORD109124,CUST103248,PROD1055,2023-04-19,1,2785.96,0.18,2284.49,Cash on Delivery,Online
ORD109125,CUST101147,PROD1044,2022-11-30,2,452.32,0.07,841.32,Net Banking,Store
ORD109126,CUST105276,PROD1067,2023-04-29,4,1221.16,0.15,4151.94,UPI,Store
ORD109127,CUST106750,PROD1155,2024-03-20,2,2625.54,0.12,4620.95,Debit Card,Store
ORD109128,CUST104706,PROD1004,2024-04-07,3,1760.0,0.29,3748.8,Credit Card,Store
ORD109129,CUST104035,PROD1107,2024-04-30,4,2161.29,0.15,7348.39,Credit Card,Online
ORD109130,CUST109917,PROD1046,2022-06-25,4,3362.42,0.15,11432.23,UPI,Store
ORD109131,CUST109509,PROD1132,2024-08-09,1,1728.02,0.24,1313.3,Net Banking,Store
ORD109132,CUST103968,PROD1004,2022-08-19,4,1760.0,0.12,6195.2,Debit Card,Online
ORD109133,CUST105054,PROD1175,2022-03-28,3,2304.65,0.06,6499.11,Net Banking,Online
ORD109134,CUST101426,PROD1120,2023-01-24,2,1608.36,0.23,2476.87,Net Banking,Store
ORD109135,CUST101841,PROD1072,2023-09-12,4,4258.76,0.27,12435.58,UPI,Store
ORD109136,CUST107287,PROD1046,2023-12-20,3,3362.42,0.01,9986.39,UPI,Online
ORD109137,CUST104863,PROD1189,2024-01-04,1,4197.72,0.26,3106.31,Cash on Delivery,Store
ORD109138,CUST106174,PROD1154,2024-01-07,2,1389.72,0.13,2418.11,UPI,Online
ORD109139,CUST102144,PROD1003,2022-07-01,1,1363.94,0.09,1241.19,Cash on Delivery,Store
ORD109140,CUST109685,PROD1176,2023-02-26,1,770.65,0.01,762.94,Credit Card,Online
ORD109141,CUST100704,PROD1090,2023-10-21,4,2110.16,0.06,7934.2,Cash on Delivery,Store
ORD109142,CUST109960,PROD1064,2023-03-29,2,4980.76,0.1,8965.37,Cash on Delivery,Online
ORD109143,CUST101069,PROD1095,2022-07-20,4,4205.79,0.02,16486.7,Credit Card,Online
ORD109144,CUST107728,PROD1079,2023-08-06,1,127.55,0.06,119.9,Debit Card,Store
ORD109145,CUST106480,PROD1086,2022-01-24,3,4422.95,0.22,10349.7,Net Banking,Store
ORD109146,CUST106817,PROD1060,2024-05-22,2,4998.52,0.21,7897.66,Net Banking,Store
ORD109147,CUST106428,PROD1147,2023-05-17,1,1570.61,0.23,1209.37,UPI,Online
ORD109148,CUST106277,PROD1099,2022-12-02,4,4731.44,0.05,17979.47,UPI,Online
ORD109149,CUST108960,PROD1118,2024-09-23,1,833.05,0.01,824.72,Debit Card,Online
ORD109150,CUST108451,PROD1108,2023-10-12,4,871.28,0.14,2997.2,UPI,Online
ORD109151,CUST106646,PROD1135,2023-04-14,3,3539.91,0.1,9557.76,Net Banking,Online
ORD109152,CUST106735,PROD1081,2022-05-29,3,473.74,0.23,1094.34,Cash on Delivery,Online
ORD109153,CUST102943,PROD1012,2024-06-29,4,1673.76,0.16,5623.83,Cash on Delivery,Store
ORD109154,CUST109779,PROD1164,2023-07-30,3,3496.96,0.28,7553.43,UPI,Store
ORD109155,CUST108275,PROD1042,2022-05-21,3,935.8,0.02,2751.25,Net Banking,Online
ORD109156,CUST104505,PROD1091,2024-01-24,4,1656.34,0.11,5896.57,Credit Card,Online
ORD109157,CUST105275,PROD1183,2022-09-04,4,927.52,0.12,3264.87,Credit Card,Online
ORD109158,CUST103561,PROD1177,2022-03-12,4,3377.85,0.04,12970.94,Cash on Delivery,Store
ORD109159,CUST106471,PROD1019,2024-07-24,1,1794.76,0.17,1489.65,Net Banking,Store
ORD109160,CUST109831,PROD1047,2023-01-27,1,3493.68,0.01,3458.74,Cash on Delivery,Online
ORD109161,CUST102393,PROD1099,2022-09-05,1,4731.44,0.21,3737.84,Net Banking,Online
ORD109162,CUST106240,PROD1018,2022-04-15,4,4703.75,0.01,18626.85,Credit Card,Store
ORD109163,CUST102684,PROD1068,2024-07-22,2,3161.5,0.26,4679.02,UPI,Online
ORD109164,CUST102230,PROD1016,2022-02-21,4,3052.07,0.02,11964.11,Debit Card,Online
ORD109165,CUST109005,PROD1155,2022-09-15,1,2625.54,0.14,2257.96,UPI,Store
ORD109166,CUST103747,PROD1035,2023-04-30,2,1309.41,0.05,2487.88,Net Banking,Online
ORD109167,CUST100895,PROD1165,2023-02-10,1,4146.73,0.04,3980.86,Cash on Delivery,Online
ORD109168,CUST108852,PROD1081,2023-09-23,3,473.74,0.22,1108.55,Cash on Delivery,Online
ORD109169,CUST105040,PROD1069,2024-06-04,1,3553.73,0.23,2736.37,Credit Card,Store
ORD109170,CUST101110,PROD1115,2022-01-04,2,3741.78,0.22,5837.18,Credit Card,Online
ORD109171,CUST103745,PROD1153,2023-07-18,3,656.81,0.12,1733.98,UPI,Store
ORD109172,CUST106823,PROD1000,2023-01-02,1,1986.03,0.3,1390.22,UPI,Online
ORD109173,CUST109350,PROD1080,2022-01-07,4,760.03,0.1,2736.11,Debit Card,Store
ORD109174,CUST102137,PROD1129,2022-01-01,2,1033.9,0.07,1923.05,Net Banking,Online
ORD109175,CUST101840,PROD1163,2022-12-05,4,1140.38,0.3,3193.06,UPI,Store
ORD109176,CUST101910,PROD1183,2023-11-29,4,927.52,0.29,2634.16,UPI,Store
ORD109177,CUST100742,PROD1034,2023-12-03,1,847.63,0.18,695.06,Credit Card,Online
ORD109178,CUST103160,PROD1126,2022-12-16,3,362.9,0.06,1023.38,Net Banking,Online
ORD109179,CUST101316,PROD1026,2023-09-18,2,3182.76,0.07,5919.93,Credit Card,Store
ORD109180,CUST104541,PROD1194,2023-12-07,3,270.22,0.16,680.95,Debit Card,Store
ORD109181,CUST107566,PROD1183,2022-02-24,2,927.52,0.23,1428.38,UPI,Online
ORD109182,CUST107681,PROD1045,2023-09-21,3,770.29,0.02,2264.65,UPI,Online
ORD109183,CUST107007,PROD1147,2024-02-20,2,1570.61,0.21,2481.56,UPI,Store
ORD109184,CUST103805,PROD1007,2024-03-06,2,4532.56,0.03,8793.17,Cash on Delivery,Online
ORD109185,CUST109232,PROD1092,2022-09-27,1,2248.29,0.25,1686.22,Net Banking,Online
ORD109186,CUST108108,PROD1071,2024-06-17,3,1115.14,0.16,2810.15,Credit Card,Store
ORD109187,CUST101731,PROD1113,2022-09-29,1,2996.04,0.3,2097.23,Credit Card,Store
ORD109188,CUST109847,PROD1090,2024-05-06,3,2110.16,0.23,4874.47,Credit Card,Online
ORD109189,CUST107409,PROD1025,2023-03-06,4,1799.14,0.15,6117.08,Debit Card,Online
ORD109190,CUST101567,PROD1102,2024-05-28,3,3752.53,0.04,10807.29,Cash on Delivery,Store
ORD109191,CUST101810,PROD1061,2023-01-12,1,1679.78,0.16,1411.02,Debit Card,Online
ORD109192,CUST107874,PROD1093,2023-01-22,2,3090.85,0.03,5996.25,Net Banking,Online
ORD109193,CUST105123,PROD1160,2023-09-02,3,2584.14,0.27,5659.27,Credit Card,Online
ORD109194,CUST109686,PROD1060,2023-01-22,2,4998.52,0.07,9297.25,Credit Card,Store
ORD109195,CUST108796,PROD1147,2022-06-18,3,1570.61,0.26,3486.75,Credit Card,Store
ORD109196,CUST108669,PROD1067,2022-06-06,1,1221.16,0.09,1111.26,UPI,Online
ORD109197,CUST107280,PROD1028,2023-02-28,4,4912.04,0.07,18272.79,UPI,Online
ORD109198,CUST105852,PROD1045,2024-02-26,4,770.29,0.09,2803.86,Credit Card,Store
ORD109199,CUST104705,PROD1164,2023-10-22,4,3496.96,0.21,11050.39,Credit Card,Online
ORD109200,CUST100141,PROD1100,2022-10-04,2,3701.69,0.16,6218.84,UPI,Store
ORD109201,CUST104655,PROD1089,2022-05-28,1,1920.59,0.03,1862.97,Debit Card,Store
ORD109202,CUST102098,PROD1180,2024-05-09,3,4036.27,0.04,11624.46,Cash on Delivery,Store
ORD109203,CUST105389,PROD1132,2024-03-25,1,1728.02,0.11,1537.94,Debit Card,Store
ORD109204,CUST101286,PROD1087,2022-04-01,3,3115.6,0.1,8412.12,Cash on Delivery,Online
ORD109205,CUST109401,PROD1126,2023-07-10,4,362.9,0.26,1074.18,UPI,Store
ORD109206,CUST100807,PROD1106,2024-01-20,2,822.51,0.17,1365.37,Credit Card,Store
ORD109207,CUST107388,PROD1065,2022-04-24,4,1779.33,0.06,6690.28,Credit Card,Store
ORD109208,CUST103805,PROD1142,2023-08-24,2,1570.45,0.01,3109.49,Credit Card,Online
ORD109209,CUST104504,PROD1045,2022-01-02,1,770.29,0.03,747.18,Debit Card,Store
ORD109210,CUST100973,PROD1184,2023-05-16,1,4915.01,0.21,3882.86,Credit Card,Online
ORD109211,CUST102938,PROD1007,2022-06-20,2,4532.56,0.25,6798.84,Cash on Delivery,Store
ORD109212,CUST100085,PROD1164,2023-03-17,1,3496.96,0.23,2692.66,Credit Card,Online
ORD109213,CUST107723,PROD1100,2023-08-23,4,3701.69,0.24,11253.14,UPI,Online
ORD109214,CUST109988,PROD1184,2022-08-13,1,4915.01,0.08,4521.81,Credit Card,Online
ORD109215,CUST109499,PROD1141,2022-05-27,2,1551.56,0.3,2172.18,Debit Card,Online
ORD109216,CUST108651,PROD1132,2023-08-25,3,1728.02,0.03,5028.54,Debit Card,Store
ORD109217,CUST102508,PROD1072,2023-03-24,1,4258.76,0.25,3194.07,UPI,Store
ORD109218,CUST101144,PROD1122,2023-03-06,1,2405.73,0.03,2333.56,Net Banking,Store
ORD109219,CUST107828,PROD1042,2023-11-12,4,935.8,0.08,3443.74,Debit Card,Store
ORD109220,CUST104664,PROD1176,2022-11-19,2,770.65,0.15,1310.1,Net Banking,Online
ORD109221,CUST104645,PROD1122,2022-04-01,4,2405.73,0.02,9430.46,UPI,Store
ORD109222,CUST105832,PROD1171,2022-01-14,3,4945.55,0.12,13056.25,Credit Card,Online
ORD109223,CUST109601,PROD1183,2022-05-28,3,927.52,0.11,2476.48,Net Banking,Store
ORD109224,CUST104266,PROD1047,2024-03-13,1,3493.68,0.19,2829.88,UPI,Online
ORD109225,CUST109545,PROD1157,2023-04-16,1,1005.94,0.22,784.63,Net Banking,Store
ORD109226,CUST104130,PROD1160,2023-02-13,3,2584.14,0.03,7519.85,Net Banking,Store
ORD109227,CUST109416,PROD1164,2023-01-19,1,3496.96,0.01,3461.99,Credit Card,Online
ORD109228,CUST101191,PROD1177,2023-01-23,3,3377.85,0.23,7802.83,Debit Card,Online
ORD109229,CUST109724,PROD1006,2022-02-26,4,2076.92,0.16,6978.45,Net Banking,Store
ORD109230,CUST109439,PROD1194,2023-05-29,4,270.22,0.16,907.94,Cash on Delivery,Online
ORD109231,CUST105921,PROD1170,2023-08-01,4,4925.25,0.29,13987.71,Credit Card,Store
ORD109232,CUST102025,PROD1039,2022-12-11,4,2735.18,0.13,9518.43,Cash on Delivery,Online
ORD109233,CUST103511,PROD1031,2024-05-28,1,3607.34,0.06,3390.9,Credit Card,Online
ORD109234,CUST105741,PROD1104,2022-03-28,1,431.37,0.2,345.1,Credit Card,Online
ORD109235,CUST108024,PROD1182,2023-02-09,2,572.67,0.24,870.46,Debit Card,Online
ORD109236,CUST107872,PROD1093,2022-09-02,3,3090.85,0.15,7881.67,Cash on Delivery,Online
ORD109237,CUST103692,PROD1110,2024-01-19,3,2932.67,0.21,6950.43,Net Banking,Online
ORD109238,CUST106499,PROD1088,2023-08-24,1,4002.67,0.15,3402.27,Credit Card,Online
ORD109239,CUST108159,PROD1076,2024-05-08,2,4330.45,0.12,7621.59,Cash on Delivery,Store
ORD109240,CUST104628,PROD1008,2022-02-21,4,1199.69,0.01,4750.77,Cash on Delivery,Store
ORD109241,CUST106516,PROD1136,2023-12-16,3,4779.14,0.05,13620.55,Debit Card,Store
ORD109242,CUST103483,PROD1063,2024-08-31,4,4377.63,0.14,15059.05,Cash on Delivery,Store
ORD109243,CUST101015,PROD1172,2022-07-28,1,3051.89,0.12,2685.66,Net Banking,Store
ORD109244,CUST106157,PROD1090,2024-06-04,1,2110.16,0.25,1582.62,Cash on Delivery,Online
ORD109245,CUST106358,PROD1188,2022-05-23,2,2539.12,0.03,4925.89,Debit Card,Online
ORD109246,CUST102583,PROD1094,2024-07-30,4,2515.62,0.02,9861.23,Credit Card,Online
ORD109247,CUST105139,PROD1197,2023-09-19,3,2029.94,0.03,5907.13,Cash on Delivery,Online
ORD109248,CUST100927,PROD1092,2024-03-09,3,2248.29,0.2,5395.9,Cash on Delivery,Online
ORD109249,CUST109703,PROD1093,2023-07-28,1,3090.85,0.18,2534.5,UPI,Online
ORD109250,CUST101737,PROD1165,2023-06-30,1,4146.73,0.19,3358.85,Net Banking,Online
ORD109251,CUST106579,PROD1173,2024-03-14,4,3575.41,0.05,13586.56,Net Banking,Online
ORD109252,CUST103038,PROD1123,2023-09-25,2,4620.97,0.15,7855.65,Net Banking,Online
ORD109253,CUST107219,PROD1069,2022-04-14,4,3553.73,0.23,10945.49,Cash on Delivery,Online
ORD109254,CUST106500,PROD1102,2022-02-13,4,3752.53,0.21,11857.99,Net Banking,Online
ORD109255,CUST101721,PROD1063,2023-12-04,3,4377.63,0.13,11425.61,Net Banking,Online
ORD109256,CUST102766,PROD1094,2022-11-29,3,2515.62,0.03,7320.45,UPI,Online
ORD109257,CUST102825,PROD1162,2022-09-04,2,307.56,0.26,455.19,Debit Card,Store
ORD109258,CUST106670,PROD1011,2023-06-14,3,1834.14,0.16,4622.03,Debit Card,Store
ORD109259,CUST108410,PROD1047,2023-04-10,2,3493.68,0.27,5100.77,Credit Card,Online
ORD109260,CUST108713,PROD1062,2022-10-28,3,4227.41,0.13,11033.54,UPI,Store
ORD109261,CUST100404,PROD1172,2023-09-12,2,3051.89,0.07,5676.52,Cash on Delivery,Online
ORD109262,CUST105138,PROD1005,2024-07-23,2,900.54,0.09,1638.98,Credit Card,Store
ORD109263,CUST108771,PROD1044,2024-09-14,1,452.32,0.13,393.52,Net Banking,Store
ORD109264,CUST106158,PROD1089,2023-06-22,4,1920.59,0.18,6299.54,Credit Card,Store
ORD109265,CUST104421,PROD1100,2023-01-03,4,3701.69,0.23,11401.21,Debit Card,Online
ORD109266,CUST103697,PROD1159,2022-07-25,4,464.94,0.07,1729.58,Credit Card,Online
ORD109267,CUST105066,PROD1195,2022-12-23,3,4224.79,0.06,11913.91,Credit Card,Store
ORD109268,CUST100157,PROD1103,2022-11-27,1,472.31,0.06,443.97,UPI,Online
ORD109269,CUST103175,PROD1130,2023-08-31,2,1651.44,0.28,2378.07,Net Banking,Online
ORD109270,CUST105911,PROD1126,2022-10-07,2,362.9,0.05,689.51,Cash on Delivery,Store
ORD109271,CUST109813,PROD1129,2024-06-03,2,1033.9,0.1,1861.02,Cash on Delivery,Store
ORD109272,CUST107043,PROD1019,2023-03-18,3,1794.76,0.15,4576.64,UPI,Store
ORD109273,CUST107921,PROD1038,2023-05-16,4,2162.08,0.17,7178.11,UPI,Store
ORD109274,CUST100805,PROD1139,2024-01-05,1,3501.6,0.26,2591.18,Cash on Delivery,Online
ORD109275,CUST109497,PROD1188,2024-01-14,2,2539.12,0.03,4925.89,Credit Card,Store
ORD109276,CUST108705,PROD1035,2024-05-22,3,1309.41,0.03,3810.38,Net Banking,Online
ORD109277,CUST107235,PROD1091,2023-03-10,2,1656.34,0.09,3014.54,Cash on Delivery,Store
ORD109278,CUST100503,PROD1008,2022-07-19,2,1199.69,0.12,2111.45,Credit Card,Online
ORD109279,CUST107236,PROD1043,2023-07-05,2,1864.75,0.11,3319.26,Credit Card,Online
ORD109280,CUST107726,PROD1074,2022-07-19,2,1160.21,0.12,2041.97,Debit Card,Online
ORD109281,CUST105986,PROD1052,2023-01-02,1,2302.12,0.26,1703.57,UPI,Online
ORD109282,CUST105183,PROD1029,2023-11-02,2,935.53,0.25,1403.3,Cash on Delivery,Online
ORD109283,CUST102639,PROD1114,2022-12-05,2,671.01,0.24,1019.94,Cash on Delivery,Store
ORD109284,CUST108957,PROD1065,2023-02-24,1,1779.33,0.23,1370.08,Net Banking,Online
ORD109285,CUST100236,PROD1037,2023-11-10,1,3402.6,0.01,3368.57,Cash on Delivery,Store
ORD109286,CUST104491,PROD1037,2024-01-06,2,3402.6,0.04,6532.99,Credit Card,Store
ORD109287,CUST105960,PROD1160,2022-10-04,1,2584.14,0.22,2015.63,Credit Card,Online
ORD109288,CUST101799,PROD1198,2024-03-01,4,1926.28,0.18,6318.2,Net Banking,Store
ORD109289,CUST103387,PROD1054,2022-02-23,1,584.36,0.2,467.49,Credit Card,Store
ORD109290,CUST103999,PROD1075,2022-06-13,4,2758.4,0.22,8606.21,Credit Card,Online
ORD109291,CUST101446,PROD1115,2023-10-17,1,3741.78,0.27,2731.5,Cash on Delivery,Store
ORD109292,CUST100131,PROD1084,2023-01-21,1,1758.62,0.19,1424.48,UPI,Store
ORD109293,CUST106369,PROD1022,2022-03-17,2,1744.61,0.08,3210.08,Cash on Delivery,Online
ORD109294,CUST105592,PROD1197,2024-01-12,3,2029.94,0.02,5968.02,Debit Card,Online
ORD109295,CUST104213,PROD1141,2024-04-17,3,1551.56,0.13,4049.57,Net Banking,Store
ORD109296,CUST106059,PROD1095,2023-02-26,2,4205.79,0.21,6645.15,Credit Card,Online
ORD109297,CUST101458,PROD1048,2023-07-31,3,3417.13,0.08,9431.28,Cash on Delivery,Online
ORD109298,CUST105298,PROD1112,2022-08-18,4,441.15,0.04,1694.02,Cash on Delivery,Online
ORD109299,CUST102022,PROD1113,2022-11-02,4,2996.04,0.3,8388.91,Credit Card,Store
ORD109300,CUST101948,PROD1044,2024-09-12,1,452.32,0.13,393.52,Net Banking,Store
ORD109301,CUST106605,PROD1154,2022-04-27,3,1389.72,0.06,3919.01,Cash on Delivery,Online
ORD109302,CUST109812,PROD1095,2022-08-28,2,4205.79,0.05,7991.0,UPI,Store
ORD109303,CUST106861,PROD1194,2024-05-04,4,270.22,0.26,799.85,Credit Card,Store
ORD109304,CUST107271,PROD1048,2023-05-21,3,3417.13,0.25,7688.54,Net Banking,Online
ORD109305,CUST107867,PROD1001,2024-02-08,2,2108.14,0.18,3457.35,Debit Card,Store
ORD109306,CUST109949,PROD1187,2023-06-17,3,4781.3,0.16,12048.88,Credit Card,Online
ORD109307,CUST104718,PROD1193,2022-02-26,1,4987.26,0.29,3540.95,Debit Card,Online
ORD109308,CUST104150,PROD1102,2023-10-21,1,3752.53,0.07,3489.85,Credit Card,Online
ORD109309,CUST100523,PROD1058,2022-01-29,1,1109.98,0.12,976.78,Cash on Delivery,Store
ORD109310,CUST102481,PROD1059,2023-03-10,4,4207.05,0.01,16659.92,Net Banking,Online
ORD109311,CUST104484,PROD1021,2022-08-06,3,1572.17,0.13,4103.36,UPI,Store
ORD109312,CUST106810,PROD1088,2023-06-30,4,4002.67,0.12,14089.4,Debit Card,Online
ORD109313,CUST107502,PROD1105,2024-04-28,4,850.29,0.28,2448.84,Debit Card,Online
ORD109314,CUST108537,PROD1173,2023-04-11,3,3575.41,0.11,9546.34,Credit Card,Store
ORD109315,CUST102312,PROD1052,2023-07-20,3,2302.12,0.25,5179.77,Debit Card,Store
ORD109316,CUST107015,PROD1018,2023-06-28,1,4703.75,0.23,3621.89,Credit Card,Online
ORD109317,CUST107271,PROD1048,2023-05-19,3,3417.13,0.04,9841.33,Credit Card,Store
ORD109318,CUST109890,PROD1016,2023-01-23,4,3052.07,0.29,8667.88,Debit Card,Store
ORD109319,CUST100140,PROD1126,2023-06-26,3,362.9,0.19,881.85,Debit Card,Store
ORD109320,CUST106892,PROD1154,2022-12-17,4,1389.72,0.18,4558.28,Cash on Delivery,Online
ORD109321,CUST107776,PROD1018,2024-07-02,2,4703.75,0.0,9407.5,Cash on Delivery,Online
ORD109322,CUST109313,PROD1029,2022-11-21,1,935.53,0.21,739.07,Cash on Delivery,Store
ORD109323,CUST102883,PROD1077,2024-09-18,3,4838.73,0.02,14225.87,Net Banking,Store
ORD109324,CUST107628,PROD1173,2023-06-25,4,3575.41,0.06,13443.54,UPI,Online
ORD109325,CUST109226,PROD1105,2023-01-31,4,850.29,0.03,3299.13,Cash on Delivery,Online
ORD109326,CUST107461,PROD1063,2024-02-22,2,4377.63,0.11,7792.18,Cash on Delivery,Online
ORD109327,CUST109174,PROD1031,2022-03-20,2,3607.34,0.24,5483.16,Credit Card,Store
ORD109328,CUST103460,PROD1180,2023-04-28,2,4036.27,0.21,6377.31,UPI,Store
ORD109329,CUST102584,PROD1150,2022-11-05,1,4820.06,0.03,4675.46,Debit Card,Store
ORD109330,CUST104733,PROD1035,2023-02-23,4,1309.41,0.24,3980.61,Net Banking,Online
ORD109331,CUST109348,PROD1009,2022-08-23,2,3453.81,0.14,5940.55,Debit Card,Store
ORD109332,CUST109769,PROD1058,2023-03-12,4,1109.98,0.01,4395.52,Credit Card,Online
ORD109333,CUST106547,PROD1101,2023-03-13,1,3236.62,0.07,3010.06,Net Banking,Store
ORD109334,CUST101307,PROD1117,2024-06-28,2,2765.48,0.24,4203.53,Cash on Delivery,Store
ORD109335,CUST102852,PROD1156,2024-05-20,3,4272.09,0.22,9996.69,UPI,Online
ORD109336,CUST102224,PROD1010,2022-05-26,4,794.74,0.06,2988.22,UPI,Online
ORD109337,CUST103444,PROD1165,2022-06-15,1,4146.73,0.01,4105.26,Cash on Delivery,Online
ORD109338,CUST101251,PROD1078,2023-08-21,1,3766.22,0.09,3427.26,Debit Card,Online
ORD109339,CUST109863,PROD1159,2022-06-15,3,464.94,0.24,1060.06,Debit Card,Online
ORD109340,CUST101395,PROD1090,2023-07-21,4,2110.16,0.28,6077.26,Cash on Delivery,Online
ORD109341,CUST109206,PROD1101,2023-01-30,2,3236.62,0.17,5372.79,Cash on Delivery,Store
ORD109342,CUST104741,PROD1179,2024-04-14,1,3516.31,0.03,3410.82,UPI,Online
ORD109343,CUST100756,PROD1128,2022-09-10,1,3522.95,0.15,2994.51,Debit Card,Online
ORD109344,CUST107304,PROD1013,2023-07-19,4,4691.44,0.3,13136.03,Net Banking,Store
ORD109345,CUST102620,PROD1130,2024-08-31,1,1651.44,0.28,1189.04,Net Banking,Online
ORD109346,CUST102429,PROD1029,2024-07-28,1,935.53,0.3,654.87,Credit Card,Store
ORD109347,CUST109423,PROD1158,2023-02-13,1,611.58,0.21,483.15,Credit Card,Online
ORD109348,CUST107805,PROD1128,2023-03-22,3,3522.95,0.13,9194.9,Credit Card,Online
ORD109349,CUST104024,PROD1173,2023-10-16,1,3575.41,0.27,2610.05,Debit Card,Store
ORD109350,CUST100034,PROD1141,2022-02-16,1,1551.56,0.27,1132.64,Net Banking,Store
ORD109351,CUST107433,PROD1163,2022-04-05,3,1140.38,0.04,3284.29,Debit Card,Store
ORD109352,CUST100020,PROD1173,2024-05-06,2,3575.41,0.23,5506.13,Cash on Delivery,Store
ORD109353,CUST102312,PROD1182,2024-08-08,1,572.67,0.28,412.32,UPI,Store
ORD109354,CUST100456,PROD1163,2023-05-04,3,1140.38,0.27,2497.43,Credit Card,Online
ORD109355,CUST107287,PROD1170,2023-12-24,3,4925.25,0.21,11672.84,Cash on Delivery,Online
ORD109356,CUST107900,PROD1104,2023-10-14,2,431.37,0.16,724.7,Cash on Delivery,Store
ORD109357,CUST104478,PROD1042,2022-09-20,4,935.8,0.23,2882.26,UPI,Store
ORD109358,CUST101062,PROD1142,2023-03-09,1,1570.45,0.15,1334.88,Net Banking,Online
ORD109359,CUST107920,PROD1037,2023-10-16,1,3402.6,0.1,3062.34,Net Banking,Store
ORD109360,CUST107127,PROD1088,2024-07-13,2,4002.67,0.08,7364.91,Cash on Delivery,Online
ORD109361,CUST107189,PROD1043,2024-07-31,3,1864.75,0.16,4699.17,UPI,Store
ORD109362,CUST109782,PROD1108,2023-10-16,4,871.28,0.14,2997.2,Net Banking,Online
ORD109363,CUST108094,PROD1054,2024-09-09,3,584.36,0.16,1472.59,Credit Card,Store
ORD109364,CUST108238,PROD1054,2023-11-22,3,584.36,0.08,1612.83,Debit Card,Online
ORD109365,CUST104841,PROD1077,2022-08-31,2,4838.73,0.18,7935.52,UPI,Online
ORD109366,CUST104634,PROD1185,2023-10-16,2,2516.6,0.2,4026.56,Cash on Delivery,Online
ORD109367,CUST107649,PROD1106,2024-05-04,4,822.51,0.24,2500.43,Debit Card,Store
ORD109368,CUST105167,PROD1056,2024-06-22,3,1642.96,0.18,4041.68,Net Banking,Online
ORD109369,CUST104774,PROD1183,2022-11-29,1,927.52,0.23,714.19,Net Banking,Online
ORD109370,CUST105079,PROD1129,2023-09-04,1,1033.9,0.05,982.2,UPI,Store
ORD109371,CUST107248,PROD1123,2022-04-18,3,4620.97,0.04,13308.39,Debit Card,Store
ORD109372,CUST101653,PROD1161,2022-11-17,1,4435.03,0.05,4213.28,Net Banking,Store
ORD109373,CUST100044,PROD1048,2024-03-15,3,3417.13,0.25,7688.54,UPI,Store
ORD109374,CUST104370,PROD1063,2023-04-19,3,4377.63,0.17,10900.3,Debit Card,Online
ORD109375,CUST103764,PROD1086,2023-12-09,4,4422.95,0.14,15214.95,Cash on Delivery,Online
ORD109376,CUST103032,PROD1135,2022-09-29,1,3539.91,0.23,2725.73,Cash on Delivery,Store
ORD109377,CUST104327,PROD1068,2023-04-18,4,3161.5,0.04,12140.16,Net Banking,Online
ORD109378,CUST100085,PROD1185,2023-04-12,1,2516.6,0.0,2516.6,UPI,Store
ORD109379,CUST101613,PROD1170,2023-02-08,2,4925.25,0.09,8963.96,Credit Card,Online
ORD109380,CUST106781,PROD1061,2024-09-12,4,1679.78,0.07,6248.78,Net Banking,Online
ORD109381,CUST107227,PROD1120,2024-01-25,1,1608.36,0.09,1463.61,Credit Card,Store
ORD109382,CUST103291,PROD1051,2022-08-12,1,2585.17,0.29,1835.47,Debit Card,Store
ORD109383,CUST108779,PROD1032,2024-08-20,1,940.88,0.17,780.93,UPI,Online
ORD109384,CUST108794,PROD1019,2022-04-22,1,1794.76,0.18,1471.7,Net Banking,Online
ORD109385,CUST106781,PROD1186,2023-03-31,3,158.9,0.2,381.36,Cash on Delivery,Store
ORD109386,CUST103516,PROD1187,2022-10-15,4,4781.3,0.12,16830.18,Debit Card,Store
ORD109387,CUST101256,PROD1190,2023-03-29,1,2787.44,0.29,1979.08,Debit Card,Online
ORD109388,CUST103035,PROD1111,2022-12-07,3,1904.48,0.29,4056.54,Debit Card,Online
ORD109389,CUST107516,PROD1183,2022-06-07,4,927.52,0.23,2856.76,Credit Card,Online
ORD109390,CUST105286,PROD1036,2023-10-22,3,924.34,0.06,2606.64,Credit Card,Online
ORD109391,CUST104955,PROD1187,2022-07-05,2,4781.3,0.26,7076.32,Debit Card,Store
ORD109392,CUST109001,PROD1105,2022-01-29,4,850.29,0.03,3299.13,Net Banking,Store
ORD109393,CUST100637,PROD1104,2023-02-12,3,431.37,0.19,1048.23,Credit Card,Online
ORD109394,CUST100152,PROD1050,2024-06-15,4,4767.36,0.14,16399.72,UPI,Store
ORD109395,CUST105909,PROD1028,2024-01-17,1,4912.04,0.01,4862.92,Cash on Delivery,Store
ORD109396,CUST102738,PROD1136,2024-09-11,2,4779.14,0.27,6977.54,Net Banking,Online
ORD109397,CUST100138,PROD1085,2022-01-27,2,657.06,0.29,933.03,UPI,Online
ORD109398,CUST106239,PROD1039,2024-09-11,2,2735.18,0.27,3993.36,Credit Card,Store
ORD109399,CUST100725,PROD1195,2024-02-02,3,4224.79,0.06,11913.91,Cash on Delivery,Store
ORD109400,CUST105700,PROD1170,2023-06-17,3,4925.25,0.1,13298.18,Debit Card,Store
ORD109401,CUST102365,PROD1099,2024-07-01,3,4731.44,0.29,10077.97,Cash on Delivery,Store
ORD109402,CUST100018,PROD1022,2022-04-02,2,1744.61,0.03,3384.54,Debit Card,Store
ORD109403,CUST109628,PROD1102,2024-07-16,4,3752.53,0.17,12458.4,UPI,Store
ORD109404,CUST101961,PROD1007,2022-06-21,4,4532.56,0.15,15410.7,UPI,Store
ORD109405,CUST101851,PROD1073,2022-04-24,3,2162.76,0.05,6163.87,Net Banking,Online
ORD109406,CUST107112,PROD1063,2022-04-08,4,4377.63,0.27,12782.68,UPI,Online
ORD109407,CUST105521,PROD1150,2022-09-12,3,4820.06,0.04,13881.77,Credit Card,Online
ORD109408,CUST109054,PROD1092,2022-01-22,4,2248.29,0.18,7374.39,Credit Card,Store
ORD109409,CUST100100,PROD1119,2023-07-08,4,3955.63,0.1,14240.27,Cash on Delivery,Online
ORD109410,CUST108784,PROD1108,2022-05-01,2,871.28,0.13,1516.03,Debit Card,Store
ORD109411,CUST106838,PROD1095,2022-07-30,4,4205.79,0.06,15813.77,Cash on Delivery,Online
ORD109412,CUST107135,PROD1183,2023-12-03,2,927.52,0.19,1502.58,Net Banking,Store
ORD109413,CUST106029,PROD1141,2024-03-26,1,1551.56,0.3,1086.09,Net Banking,Online
ORD109414,CUST102509,PROD1079,2023-10-10,4,127.55,0.25,382.65,Credit Card,Online
ORD109415,CUST101955,PROD1102,2023-01-21,4,3752.53,0.2,12008.1,Net Banking,Online
ORD109416,CUST109846,PROD1016,2024-06-19,2,3052.07,0.23,4700.19,Credit Card,Store
ORD109417,CUST107078,PROD1019,2022-10-11,2,1794.76,0.25,2692.14,Debit Card,Online
ORD109418,CUST107543,PROD1114,2024-06-18,2,671.01,0.14,1154.14,Cash on Delivery,Store
ORD109419,CUST104780,PROD1011,2022-02-22,1,1834.14,0.17,1522.34,Net Banking,Online
ORD109420,CUST109880,PROD1123,2024-05-17,1,4620.97,0.27,3373.31,Debit Card,Online
ORD109421,CUST100910,PROD1121,2023-10-03,1,1191.0,0.21,940.89,Net Banking,Online
ORD109422,CUST106163,PROD1071,2023-08-14,2,1115.14,0.04,2141.07,UPI,Online
ORD109423,CUST107993,PROD1168,2023-04-06,1,736.02,0.23,566.74,Net Banking,Online
ORD109424,CUST106715,PROD1084,2024-01-05,4,1758.62,0.01,6964.14,Debit Card,Online
ORD109425,CUST106142,PROD1159,2023-12-22,4,464.94,0.25,1394.82,Net Banking,Store
ORD109426,CUST106605,PROD1164,2024-06-20,2,3496.96,0.24,5315.38,UPI,Online
ORD109427,CUST101181,PROD1109,2024-05-05,3,4287.18,0.25,9646.16,Net Banking,Online
ORD109428,CUST107531,PROD1017,2024-08-08,4,791.05,0.01,3132.56,Debit Card,Online
ORD109429,CUST100604,PROD1028,2022-11-04,1,4912.04,0.29,3487.55,Credit Card,Online
ORD109430,CUST105849,PROD1134,2022-11-29,3,3708.05,0.18,9121.8,Debit Card,Online
ORD109431,CUST102370,PROD1039,2022-08-01,4,2735.18,0.24,8314.95,Credit Card,Store
ORD109432,CUST100202,PROD1100,2023-06-20,4,3701.69,0.17,12289.61,Credit Card,Online
ORD109433,CUST100242,PROD1119,2022-07-09,4,3955.63,0.1,14240.27,Cash on Delivery,Online
ORD109434,CUST109721,PROD1133,2022-07-03,2,1474.25,0.09,2683.14,Debit Card,Store
ORD109435,CUST106231,PROD1147,2022-08-02,3,1570.61,0.02,4617.59,Cash on Delivery,Store
ORD109436,CUST103740,PROD1054,2022-04-03,1,584.36,0.16,490.86,Credit Card,Online
ORD109437,CUST102721,PROD1183,2023-02-12,4,927.52,0.04,3561.68,Net Banking,Store
ORD109438,CUST106026,PROD1072,2023-09-12,1,4258.76,0.17,3534.77,Credit Card,Store
ORD109439,CUST108851,PROD1180,2023-12-17,2,4036.27,0.19,6538.76,Debit Card,Store
ORD109440,CUST108904,PROD1199,2022-10-03,1,4504.11,0.13,3918.58,Debit Card,Store
ORD109441,CUST109366,PROD1087,2022-02-03,3,3115.6,0.05,8879.46,Debit Card,Store
ORD109442,CUST105219,PROD1124,2024-02-22,3,1557.13,0.13,4064.11,Debit Card,Online
ORD109443,CUST108438,PROD1160,2024-03-29,1,2584.14,0.26,1912.26,Net Banking,Store
ORD109444,CUST100730,PROD1021,2022-09-02,1,1572.17,0.14,1352.07,Cash on Delivery,Online
ORD109445,CUST101560,PROD1049,2023-10-01,2,2805.47,0.1,5049.85,UPI,Store
ORD109446,CUST109176,PROD1026,2024-02-11,3,3182.76,0.19,7734.11,Cash on Delivery,Store
ORD109447,CUST108687,PROD1047,2022-11-05,4,3493.68,0.19,11319.52,Credit Card,Store
ORD109448,CUST105408,PROD1065,2023-10-16,1,1779.33,0.03,1725.95,Debit Card,Online
ORD109449,CUST106558,PROD1140,2023-12-06,3,4426.54,0.07,12350.05,Debit Card,Online
ORD109450,CUST102575,PROD1129,2023-02-21,2,1033.9,0.15,1757.63,UPI,Store
ORD109451,CUST107508,PROD1045,2023-01-15,4,770.29,0.11,2742.23,Cash on Delivery,Online
ORD109452,CUST101082,PROD1070,2022-02-19,3,3731.49,0.1,10075.02,Credit Card,Store
ORD109453,CUST102753,PROD1127,2022-08-27,2,509.27,0.13,886.13,Debit Card,Store
ORD109454,CUST102958,PROD1010,2022-08-23,4,794.74,0.09,2892.85,UPI,Store
ORD109455,CUST108735,PROD1025,2022-11-15,3,1799.14,0.1,4857.68,UPI,Store
ORD109456,CUST106833,PROD1190,2023-07-16,2,2787.44,0.23,4292.66,Credit Card,Online
ORD109457,CUST104314,PROD1048,2022-04-03,1,3417.13,0.15,2904.56,UPI,Online
ORD109458,CUST105090,PROD1062,2024-01-30,1,4227.41,0.26,3128.28,UPI,Store
ORD109459,CUST102150,PROD1020,2022-11-26,2,319.32,0.28,459.82,Cash on Delivery,Online
ORD109460,CUST106103,PROD1176,2023-02-24,4,770.65,0.28,2219.47,Debit Card,Store
ORD109461,CUST100883,PROD1078,2023-04-07,3,3766.22,0.08,10394.77,Cash on Delivery,Store
ORD109462,CUST102677,PROD1079,2022-12-08,4,127.55,0.14,438.77,UPI,Store
ORD109463,CUST105238,PROD1008,2022-08-30,3,1199.69,0.16,3023.22,Net Banking,Online
ORD109464,CUST103975,PROD1148,2023-09-01,3,3902.89,0.26,8664.42,Credit Card,Online
ORD109465,CUST100006,PROD1180,2023-04-21,4,4036.27,0.17,13400.42,UPI,Store
ORD109466,CUST107645,PROD1115,2024-08-24,1,3741.78,0.08,3442.44,UPI,Online
ORD109467,CUST109737,PROD1119,2023-09-04,1,3955.63,0.16,3322.73,Cash on Delivery,Store
ORD109468,CUST105400,PROD1054,2023-04-29,3,584.36,0.01,1735.55,Credit Card,Online
ORD109469,CUST102089,PROD1040,2024-08-03,1,331.95,0.25,248.96,Debit Card,Store
ORD109470,CUST104191,PROD1005,2023-03-01,1,900.54,0.17,747.45,Credit Card,Online
ORD109471,CUST105623,PROD1000,2024-05-15,1,1986.03,0.2,1588.82,UPI,Store
ORD109472,CUST102293,PROD1094,2024-09-23,4,2515.62,0.06,9458.73,Cash on Delivery,Store
ORD109473,CUST107391,PROD1191,2024-08-23,2,598.34,0.17,993.24,Net Banking,Store
ORD109474,CUST104209,PROD1132,2022-08-15,2,1728.02,0.16,2903.07,UPI,Store
ORD109475,CUST104425,PROD1025,2022-06-04,1,1799.14,0.19,1457.3,Credit Card,Online
ORD109476,CUST103224,PROD1000,2023-06-26,1,1986.03,0.25,1489.52,Credit Card,Store
ORD109477,CUST101240,PROD1000,2022-06-09,4,1986.03,0.23,6116.97,Net Banking,Store
ORD109478,CUST107517,PROD1092,2022-07-30,1,2248.29,0.16,1888.56,Credit Card,Online
ORD109479,CUST103493,PROD1037,2024-02-29,3,3402.6,0.27,7451.69,Credit Card,Online
ORD109480,CUST103590,PROD1040,2023-12-26,2,331.95,0.11,590.87,Cash on Delivery,Online
ORD109481,CUST108908,PROD1155,2023-08-04,3,2625.54,0.15,6695.13,Credit Card,Online
ORD109482,CUST108455,PROD1132,2023-10-23,4,1728.02,0.19,5598.78,Debit Card,Online
ORD109483,CUST106944,PROD1148,2023-05-04,1,3902.89,0.13,3395.51,Net Banking,Store
ORD109484,CUST100317,PROD1062,2022-09-13,4,4227.41,0.11,15049.58,UPI,Online
ORD109485,CUST102207,PROD1085,2022-02-25,4,657.06,0.03,2549.39,Net Banking,Store
ORD109486,CUST100640,PROD1083,2024-05-01,1,1976.87,0.19,1601.26,UPI,Online
ORD109487,CUST100858,PROD1139,2024-01-12,3,3501.6,0.06,9874.51,Cash on Delivery,Store
ORD109488,CUST104243,PROD1133,2022-06-08,4,1474.25,0.04,5661.12,Credit Card,Online
ORD109489,CUST109662,PROD1156,2024-05-18,1,4272.09,0.05,4058.49,UPI,Online
ORD109490,CUST109166,PROD1108,2024-08-12,2,871.28,0.21,1376.62,UPI,Online
ORD109491,CUST109477,PROD1103,2024-08-23,2,472.31,0.04,906.84,Cash on Delivery,Store
ORD109492,CUST108243,PROD1188,2022-04-05,1,2539.12,0.29,1802.78,Net Banking,Store
ORD109493,CUST101019,PROD1034,2022-08-27,2,847.63,0.23,1305.35,Net Banking,Store
ORD109494,CUST107900,PROD1074,2023-11-14,4,1160.21,0.12,4083.94,Net Banking,Online
ORD109495,CUST108479,PROD1124,2022-08-04,1,1557.13,0.18,1276.85,Credit Card,Store
ORD109496,CUST105373,PROD1051,2023-03-14,1,2585.17,0.0,2585.17,Cash on Delivery,Online
ORD109497,CUST106357,PROD1032,2024-01-28,4,940.88,0.25,2822.64,UPI,Online
ORD109498,CUST105211,PROD1152,2022-05-26,4,3367.3,0.08,12391.66,Net Banking,Online
ORD109499,CUST107772,PROD1013,2024-08-08,1,4691.44,0.02,4597.61,Net Banking,Online
ORD109500,CUST104738,PROD1052,2023-05-23,2,2302.12,0.23,3545.26,Net Banking,Store
ORD109501,CUST103901,PROD1060,2024-03-07,3,4998.52,0.1,13496.0,Debit Card,Online
ORD109502,CUST107902,PROD1012,2022-05-04,2,1673.76,0.17,2778.44,Credit Card,Online
ORD109503,CUST104933,PROD1014,2023-12-02,2,2197.11,0.25,3295.66,Net Banking,Store
ORD109504,CUST107670,PROD1054,2024-03-29,3,584.36,0.23,1349.87,Debit Card,Online
ORD109505,CUST101549,PROD1180,2022-11-28,4,4036.27,0.1,14530.57,Cash on Delivery,Online
ORD109506,CUST104934,PROD1199,2022-09-25,2,4504.11,0.26,6666.08,UPI,Online
ORD109507,CUST102666,PROD1046,2023-08-28,1,3362.42,0.12,2958.93,Net Banking,Online
ORD109508,CUST102453,PROD1172,2022-07-08,2,3051.89,0.15,5188.21,Credit Card,Store
ORD109509,CUST101567,PROD1096,2023-08-06,4,4510.68,0.18,14795.03,Net Banking,Store
ORD109510,CUST103752,PROD1074,2022-05-24,1,1160.21,0.02,1137.01,Credit Card,Online
ORD109511,CUST108479,PROD1191,2022-05-08,4,598.34,0.18,1962.56,Debit Card,Store
ORD109512,CUST102473,PROD1014,2023-06-08,1,2197.11,0.17,1823.6,Credit Card,Online
ORD109513,CUST100435,PROD1020,2024-04-09,4,319.32,0.26,945.19,Cash on Delivery,Online
ORD109514,CUST109181,PROD1035,2023-12-26,2,1309.41,0.11,2330.75,Credit Card,Online
ORD109515,CUST106224,PROD1197,2024-08-21,4,2029.94,0.07,7551.38,UPI,Store
ORD109516,CUST102405,PROD1152,2022-12-28,3,3367.3,0.14,8687.63,Debit Card,Online
ORD109517,CUST108446,PROD1043,2023-07-26,2,1864.75,0.21,2946.3,Credit Card,Online
ORD109518,CUST101834,PROD1128,2024-04-28,4,3522.95,0.17,11696.19,Net Banking,Online
ORD109519,CUST107042,PROD1041,2024-03-06,2,4320.12,0.04,8294.63,Cash on Delivery,Online
ORD109520,CUST108656,PROD1186,2024-04-11,4,158.9,0.1,572.04,UPI,Store
ORD109521,CUST104351,PROD1032,2023-08-30,4,940.88,0.02,3688.25,Credit Card,Store
ORD109522,CUST100422,PROD1102,2022-03-13,2,3752.53,0.22,5853.95,Credit Card,Online
ORD109523,CUST105933,PROD1159,2023-09-14,1,464.94,0.26,344.06,UPI,Online
ORD109524,CUST109480,PROD1193,2024-08-03,1,4987.26,0.01,4937.39,UPI,Online
ORD109525,CUST106072,PROD1152,2022-10-09,4,3367.3,0.16,11314.13,Credit Card,Store
ORD109526,CUST109540,PROD1039,2023-02-28,3,2735.18,0.17,6810.6,Net Banking,Online
ORD109527,CUST100554,PROD1185,2024-05-27,3,2516.6,0.13,6568.33,Net Banking,Online
ORD109528,CUST100006,PROD1096,2023-03-15,4,4510.68,0.15,15336.31,Net Banking,Online
ORD109529,CUST101765,PROD1114,2023-09-16,4,671.01,0.21,2120.39,Credit Card,Store
ORD109530,CUST102091,PROD1101,2022-06-08,2,3236.62,0.15,5502.25,Debit Card,Store
ORD109531,CUST104830,PROD1063,2023-12-24,3,4377.63,0.28,9455.68,Credit Card,Online
ORD109532,CUST101657,PROD1146,2024-06-12,2,2720.43,0.16,4570.32,Debit Card,Online
ORD109533,CUST109003,PROD1027,2022-09-08,1,133.03,0.02,130.37,Net Banking,Store
ORD109534,CUST106094,PROD1079,2022-11-23,2,127.55,0.29,181.12,Credit Card,Online
ORD109535,CUST107463,PROD1111,2023-09-17,4,1904.48,0.04,7313.2,Net Banking,Store
ORD109536,CUST109420,PROD1169,2023-06-01,2,2046.46,0.24,3110.62,Credit Card,Online
ORD109537,CUST101962,PROD1085,2023-10-15,2,657.06,0.16,1103.86,Net Banking,Online
ORD109538,CUST100490,PROD1177,2024-07-02,2,3377.85,0.22,5269.45,UPI,Store
ORD109539,CUST108509,PROD1105,2022-12-04,4,850.29,0.15,2890.99,Credit Card,Store
ORD109540,CUST108082,PROD1047,2024-01-25,4,3493.68,0.02,13695.23,Debit Card,Store
ORD109541,CUST102548,PROD1184,2023-09-23,3,4915.01,0.11,13123.08,Net Banking,Online
ORD109542,CUST109408,PROD1008,2024-03-28,2,1199.69,0.19,1943.5,Cash on Delivery,Online
ORD109543,CUST108524,PROD1157,2023-10-02,1,1005.94,0.19,814.81,Debit Card,Online
ORD109544,CUST101176,PROD1145,2022-03-25,2,4568.9,0.29,6487.84,Cash on Delivery,Online
ORD109545,CUST106099,PROD1172,2024-01-26,1,3051.89,0.18,2502.55,Net Banking,Online
ORD109546,CUST102600,PROD1109,2022-04-23,3,4287.18,0.09,11704.0,Credit Card,Online
ORD109547,CUST103094,PROD1082,2024-09-09,2,595.95,0.01,1179.98,Credit Card,Store
ORD109548,CUST102263,PROD1077,2023-11-07,1,4838.73,0.24,3677.43,Credit Card,Online
ORD109549,CUST101066,PROD1065,2023-01-04,2,1779.33,0.27,2597.82,Cash on Delivery,Online
ORD109550,CUST105744,PROD1138,2023-09-19,2,3504.61,0.18,5747.56,Net Banking,Store
ORD109551,CUST102790,PROD1089,2022-04-14,3,1920.59,0.14,4955.12,UPI,Online
ORD109552,CUST107079,PROD1071,2022-06-29,1,1115.14,0.26,825.2,Credit Card,Online
ORD109553,CUST101673,PROD1194,2022-10-16,1,270.22,0.07,251.3,Net Banking,Online
ORD109554,CUST102363,PROD1014,2023-03-24,4,2197.11,0.12,7733.83,UPI,Online
ORD109555,CUST103723,PROD1108,2024-08-24,1,871.28,0.15,740.59,UPI,Store
ORD109556,CUST103501,PROD1039,2022-08-20,2,2735.18,0.01,5415.66,Net Banking,Store
ORD109557,CUST102814,PROD1140,2022-11-21,3,4426.54,0.21,10490.9,Credit Card,Online
ORD109558,CUST106642,PROD1085,2022-12-18,4,657.06,0.06,2470.55,Credit Card,Store
ORD109559,CUST100348,PROD1032,2024-08-26,4,940.88,0.1,3387.17,Debit Card,Online
ORD109560,CUST102122,PROD1125,2023-11-01,2,4537.33,0.12,7985.7,Net Banking,Online
ORD109561,CUST104133,PROD1129,2023-08-31,3,1033.9,0.19,2512.38,UPI,Online
ORD109562,CUST100211,PROD1108,2022-08-19,4,871.28,0.02,3415.42,Cash on Delivery,Store
ORD109563,CUST103529,PROD1109,2022-11-20,3,4287.18,0.1,11575.39,Cash on Delivery,Online
ORD109564,CUST107737,PROD1161,2024-09-11,1,4435.03,0.08,4080.23,Credit Card,Store
ORD109565,CUST106349,PROD1015,2024-02-29,4,3483.28,0.0,13933.12,Debit Card,Online
ORD109566,CUST104100,PROD1013,2024-04-06,4,4691.44,0.21,14824.95,Cash on Delivery,Store
ORD109567,CUST109458,PROD1045,2022-09-21,3,770.29,0.07,2149.11,Credit Card,Store
ORD109568,CUST100147,PROD1049,2023-03-26,4,2805.47,0.05,10660.79,Debit Card,Online
ORD109569,CUST101709,PROD1112,2023-07-03,1,441.15,0.24,335.27,Cash on Delivery,Online
ORD109570,CUST103022,PROD1132,2023-09-03,4,1728.02,0.01,6842.96,UPI,Store
ORD109571,CUST103990,PROD1042,2024-01-11,2,935.8,0.27,1366.27,Cash on Delivery,Store
ORD109572,CUST107854,PROD1145,2022-11-08,4,4568.9,0.21,14437.72,Cash on Delivery,Store
ORD109573,CUST103836,PROD1047,2022-07-08,2,3493.68,0.05,6637.99,Cash on Delivery,Store
ORD109574,CUST108183,PROD1191,2023-08-21,4,598.34,0.11,2130.09,Cash on Delivery,Store
ORD109575,CUST104523,PROD1153,2022-03-06,4,656.81,0.28,1891.61,Credit Card,Store
ORD109576,CUST100368,PROD1197,2023-09-07,4,2029.94,0.19,6577.01,Net Banking,Store
ORD109577,CUST107144,PROD1141,2023-03-02,3,1551.56,0.18,3816.84,UPI,Online
ORD109578,CUST101470,PROD1193,2023-09-16,4,4987.26,0.2,15959.23,Net Banking,Store
ORD109579,CUST102597,PROD1188,2022-12-19,4,2539.12,0.14,8734.57,Credit Card,Store
ORD109580,CUST101302,PROD1020,2024-08-02,1,319.32,0.05,303.35,Cash on Delivery,Store
ORD109581,CUST101894,PROD1054,2023-08-03,1,584.36,0.05,555.14,Debit Card,Online
ORD109582,CUST102524,PROD1115,2022-05-17,2,3741.78,0.21,5912.01,Debit Card,Store
ORD109583,CUST101088,PROD1107,2022-05-16,3,2161.29,0.27,4733.23,Net Banking,Online
ORD109584,CUST105705,PROD1001,2022-11-10,1,2108.14,0.09,1918.41,Debit Card,Store
ORD109585,CUST101326,PROD1130,2023-12-27,1,1651.44,0.15,1403.72,Net Banking,Online
ORD109586,CUST107484,PROD1012,2023-05-12,3,1673.76,0.3,3514.9,UPI,Online
ORD109587,CUST104269,PROD1020,2024-05-23,2,319.32,0.08,587.55,Debit Card,Store
ORD109588,CUST107582,PROD1160,2024-01-23,4,2584.14,0.12,9096.17,Cash on Delivery,Online
ORD109589,CUST109475,PROD1147,2022-11-06,4,1570.61,0.11,5591.37,Credit Card,Store
ORD109590,CUST103356,PROD1124,2023-08-20,4,1557.13,0.01,6166.23,UPI,Online
ORD109591,CUST106216,PROD1145,2023-07-14,1,4568.9,0.15,3883.56,Debit Card,Store
ORD109592,CUST101102,PROD1037,2023-03-14,1,3402.6,0.06,3198.44,Debit Card,Online
ORD109593,CUST101067,PROD1024,2022-12-27,3,3137.89,0.04,9037.12,Net Banking,Online
ORD109594,CUST100744,PROD1165,2022-06-05,3,4146.73,0.21,9827.75,UPI,Online
ORD109595,CUST103074,PROD1142,2023-09-05,4,1570.45,0.23,4836.99,Credit Card,Store
ORD109596,CUST102490,PROD1156,2024-08-19,4,4272.09,0.27,12474.5,Credit Card,Online
ORD109597,CUST107544,PROD1096,2023-01-01,4,4510.68,0.28,12990.76,Net Banking,Store
ORD109598,CUST103764,PROD1191,2022-03-22,1,598.34,0.26,442.77,Net Banking,Online
ORD109599,CUST106021,PROD1031,2023-10-02,4,3607.34,0.04,13852.19,Net Banking,Store
ORD109600,CUST102862,PROD1199,2023-11-02,1,4504.11,0.07,4188.82,Debit Card,Store
ORD109601,CUST109074,PROD1042,2022-08-25,4,935.8,0.04,3593.47,UPI,Online
ORD109602,CUST105955,PROD1012,2023-02-01,3,1673.76,0.11,4468.94,Credit Card,Online
ORD109603,CUST106868,PROD1077,2022-02-28,3,4838.73,0.04,13935.54,Cash on Delivery,Store
ORD109604,CUST102560,PROD1024,2022-08-25,1,3137.89,0.2,2510.31,Credit Card,Store
ORD109605,CUST104791,PROD1048,2023-05-25,4,3417.13,0.22,10661.45,UPI,Store
ORD109606,CUST103834,PROD1087,2022-12-04,4,3115.6,0.05,11839.28,Net Banking,Online
ORD109607,CUST102774,PROD1119,2023-04-17,3,3955.63,0.19,9612.18,Debit Card,Store
ORD109608,CUST108268,PROD1135,2023-02-19,1,3539.91,0.01,3504.51,Credit Card,Store
ORD109609,CUST103114,PROD1155,2022-10-16,3,2625.54,0.13,6852.66,Cash on Delivery,Store
ORD109610,CUST105704,PROD1125,2023-01-09,1,4537.33,0.09,4128.97,Debit Card,Store
ORD109611,CUST101012,PROD1010,2022-11-05,1,794.74,0.3,556.32,Credit Card,Store
ORD109612,CUST104285,PROD1182,2023-08-30,3,572.67,0.28,1236.97,UPI,Online
ORD109613,CUST109066,PROD1009,2022-05-02,2,3453.81,0.04,6631.32,Credit Card,Online
ORD109614,CUST104357,PROD1058,2022-12-13,4,1109.98,0.28,3196.74,Cash on Delivery,Online
ORD109615,CUST103556,PROD1064,2023-09-25,1,4980.76,0.13,4333.26,Debit Card,Store
ORD109616,CUST102325,PROD1132,2022-02-05,4,1728.02,0.17,5737.03,Credit Card,Online
ORD109617,CUST106957,PROD1079,2023-12-26,4,127.55,0.16,428.57,Cash on Delivery,Online
ORD109618,CUST109917,PROD1147,2023-03-29,4,1570.61,0.22,4900.3,Credit Card,Online
ORD109619,CUST103988,PROD1091,2023-04-04,4,1656.34,0.1,5962.82,Credit Card,Online
ORD109620,CUST102354,PROD1132,2022-08-14,2,1728.02,0.02,3386.92,Net Banking,Store
ORD109621,CUST106693,PROD1111,2024-06-09,2,1904.48,0.13,3313.8,Cash on Delivery,Store
ORD109622,CUST102394,PROD1194,2024-03-12,4,270.22,0.16,907.94,Credit Card,Online
ORD109623,CUST105542,PROD1157,2023-01-12,3,1005.94,0.17,2504.79,Debit Card,Store
ORD109624,CUST104521,PROD1086,2023-07-27,4,4422.95,0.24,13445.77,UPI,Store
ORD109625,CUST100041,PROD1161,2022-07-07,1,4435.03,0.01,4390.68,Net Banking,Online
ORD109626,CUST101848,PROD1112,2024-01-22,4,441.15,0.3,1235.22,Net Banking,Store
ORD109627,CUST104191,PROD1117,2022-01-03,2,2765.48,0.3,3871.67,Net Banking,Store
ORD109628,CUST107430,PROD1091,2022-01-06,1,1656.34,0.03,1606.65,UPI,Store
ORD109629,CUST102866,PROD1000,2023-02-08,1,1986.03,0.1,1787.43,Cash on Delivery,Store
ORD109630,CUST109838,PROD1111,2024-02-11,2,1904.48,0.18,3123.35,Debit Card,Online
ORD109631,CUST106893,PROD1154,2023-09-05,2,1389.72,0.11,2473.7,UPI,Online
ORD109632,CUST108396,PROD1118,2022-11-05,1,833.05,0.15,708.09,Debit Card,Store
ORD109633,CUST103334,PROD1119,2022-12-25,2,3955.63,0.1,7120.13,Debit Card,Online
ORD109634,CUST103659,PROD1190,2024-04-18,2,2787.44,0.21,4404.16,Net Banking,Store
ORD109635,CUST107079,PROD1033,2024-08-15,4,647.39,0.11,2304.71,Credit Card,Online
ORD109636,CUST100654,PROD1094,2023-05-23,1,2515.62,0.13,2188.59,Debit Card,Store
ORD109637,CUST102362,PROD1031,2023-04-10,2,3607.34,0.17,5988.18,Debit Card,Online
ORD109638,CUST109584,PROD1115,2023-11-09,2,3741.78,0.29,5313.33,Debit Card,Online
ORD109639,CUST108075,PROD1198,2023-11-07,1,1926.28,0.19,1560.29,Debit Card,Online
ORD109640,CUST105371,PROD1173,2024-03-12,4,3575.41,0.03,13872.59,Net Banking,Store
ORD109641,CUST105452,PROD1195,2023-06-02,2,4224.79,0.1,7604.62,Debit Card,Store
ORD109642,CUST104839,PROD1184,2024-09-25,4,4915.01,0.13,17104.23,Credit Card,Store
ORD109643,CUST107593,PROD1021,2023-01-19,4,1572.17,0.22,4905.17,Cash on Delivery,Online
ORD109644,CUST100284,PROD1156,2024-08-19,4,4272.09,0.13,14866.87,Cash on Delivery,Store
ORD109645,CUST109532,PROD1097,2024-07-02,3,2401.45,0.2,5763.48,Debit Card,Store
ORD109646,CUST100511,PROD1044,2023-05-05,1,452.32,0.25,339.24,Net Banking,Store
ORD109647,CUST104124,PROD1172,2023-06-23,3,3051.89,0.03,8881.0,Credit Card,Online
ORD109648,CUST103078,PROD1066,2023-07-05,1,3804.6,0.23,2929.54,Credit Card,Online
ORD109649,CUST104637,PROD1020,2023-05-04,4,319.32,0.22,996.28,Debit Card,Store
ORD109650,CUST108406,PROD1148,2022-11-03,4,3902.89,0.25,11708.67,Net Banking,Online
ORD109651,CUST105119,PROD1187,2022-10-02,4,4781.3,0.29,13578.89,Cash on Delivery,Online
ORD109652,CUST103331,PROD1028,2023-08-31,4,4912.04,0.09,17879.83,UPI,Online
ORD109653,CUST102308,PROD1032,2024-05-05,4,940.88,0.13,3274.26,Debit Card,Store
ORD109654,CUST101837,PROD1166,2022-06-11,3,4056.26,0.08,11195.28,Debit Card,Store
ORD109655,CUST108010,PROD1189,2023-08-24,4,4197.72,0.1,15111.79,Debit Card,Store
ORD109656,CUST105119,PROD1089,2022-09-04,4,1920.59,0.1,6914.12,Net Banking,Online
ORD109657,CUST105736,PROD1125,2023-06-20,4,4537.33,0.26,13430.5,UPI,Online
ORD109658,CUST100565,PROD1198,2023-10-27,3,1926.28,0.02,5663.26,Net Banking,Online
ORD109659,CUST107639,PROD1044,2024-04-23,2,452.32,0.06,850.36,Debit Card,Online
ORD109660,CUST108992,PROD1185,2024-05-11,1,2516.6,0.18,2063.61,UPI,Store
ORD109661,CUST101278,PROD1072,2022-08-31,1,4258.76,0.23,3279.25,Credit Card,Store
ORD109662,CUST109493,PROD1081,2023-12-11,2,473.74,0.21,748.51,Credit Card,Store
ORD109663,CUST107191,PROD1128,2022-01-30,2,3522.95,0.01,6975.44,UPI,Online
ORD109664,CUST105084,PROD1010,2023-04-26,3,794.74,0.14,2050.43,Debit Card,Online
ORD109665,CUST103504,PROD1159,2023-12-20,1,464.94,0.06,437.04,Net Banking,Store
ORD109666,CUST109183,PROD1106,2022-08-09,2,822.51,0.3,1151.51,Debit Card,Online
ORD109667,CUST105613,PROD1176,2023-07-20,2,770.65,0.3,1078.91,UPI,Online
ORD109668,CUST106517,PROD1090,2023-01-06,3,2110.16,0.02,6203.87,Debit Card,Online
ORD109669,CUST106905,PROD1157,2022-03-19,3,1005.94,0.2,2414.26,Debit Card,Online
ORD109670,CUST100376,PROD1059,2022-04-30,4,4207.05,0.24,12789.43,Credit Card,Online
ORD109671,CUST108142,PROD1137,2024-03-03,2,3649.67,0.1,6569.41,Cash on Delivery,Online
ORD109672,CUST101104,PROD1101,2024-01-19,3,3236.62,0.21,7670.79,Net Banking,Online
ORD109673,CUST106746,PROD1148,2023-05-25,1,3902.89,0.06,3668.72,Debit Card,Online
ORD109674,CUST109805,PROD1005,2024-06-11,3,900.54,0.04,2593.56,Credit Card,Store
ORD109675,CUST105674,PROD1165,2024-02-12,1,4146.73,0.28,2985.65,Cash on Delivery,Online
ORD109676,CUST105242,PROD1124,2023-05-29,4,1557.13,0.19,5045.1,Credit Card,Store
ORD109677,CUST102847,PROD1115,2023-01-02,2,3741.78,0.25,5612.67,Debit Card,Online
ORD109678,CUST108214,PROD1185,2022-03-21,2,2516.6,0.16,4227.89,Net Banking,Store
ORD109679,CUST102703,PROD1007,2022-12-25,3,4532.56,0.05,12917.8,Cash on Delivery,Online
ORD109680,CUST104865,PROD1069,2022-07-10,4,3553.73,0.11,12651.28,Debit Card,Online
ORD109681,CUST106662,PROD1190,2023-09-28,2,2787.44,0.26,4125.41,UPI,Store
ORD109682,CUST103348,PROD1161,2023-11-25,3,4435.03,0.0,13305.09,Debit Card,Online
ORD109683,CUST109110,PROD1176,2024-07-22,3,770.65,0.06,2173.23,Credit Card,Online
ORD109684,CUST100376,PROD1039,2023-09-28,3,2735.18,0.08,7549.1,Debit Card,Store
ORD109685,CUST106434,PROD1085,2022-01-17,3,657.06,0.08,1813.49,UPI,Store
ORD109686,CUST109442,PROD1028,2022-01-31,1,4912.04,0.03,4764.68,UPI,Store
ORD109687,CUST109388,PROD1008,2024-06-15,4,1199.69,0.25,3599.07,Debit Card,Online
ORD109688,CUST109862,PROD1020,2022-05-14,1,319.32,0.05,303.35,UPI,Online
ORD109689,CUST107620,PROD1031,2022-08-11,2,3607.34,0.25,5411.01,Credit Card,Store
ORD109690,CUST106485,PROD1071,2022-03-11,4,1115.14,0.11,3969.9,UPI,Online
ORD109691,CUST101356,PROD1182,2024-03-14,3,572.67,0.14,1477.49,UPI,Online
ORD109692,CUST101766,PROD1170,2023-01-27,2,4925.25,0.14,8471.43,Net Banking,Online
ORD109693,CUST105505,PROD1009,2022-04-03,3,3453.81,0.21,8185.53,Credit Card,Store
ORD109694,CUST109557,PROD1176,2022-03-14,2,770.65,0.22,1202.21,UPI,Online
ORD109695,CUST105426,PROD1086,2024-09-08,4,4422.95,0.19,14330.36,Debit Card,Online
ORD109696,CUST103841,PROD1083,2022-05-18,4,1976.87,0.23,6088.76,UPI,Store
ORD109697,CUST103244,PROD1140,2022-01-24,1,4426.54,0.0,4426.54,Cash on Delivery,Store
ORD109698,CUST100543,PROD1085,2023-03-23,4,657.06,0.15,2234.0,Cash on Delivery,Store
ORD109699,CUST106047,PROD1040,2022-06-17,2,331.95,0.16,557.68,Credit Card,Online
ORD109700,CUST108967,PROD1030,2024-02-09,4,3330.72,0.07,12390.28,Cash on Delivery,Online
ORD109701,CUST101620,PROD1108,2022-10-03,4,871.28,0.17,2892.65,Cash on Delivery,Store
ORD109702,CUST104312,PROD1031,2024-09-03,4,3607.34,0.14,12409.25,UPI,Online
ORD109703,CUST108723,PROD1172,2022-10-16,3,3051.89,0.14,7873.88,Credit Card,Online
ORD109704,CUST107828,PROD1012,2022-01-14,3,1673.76,0.04,4820.43,Net Banking,Store
ORD109705,CUST100888,PROD1120,2023-04-25,4,1608.36,0.13,5597.09,UPI,Online
ORD109706,CUST100392,PROD1152,2023-03-14,2,3367.3,0.23,5185.64,Net Banking,Online
ORD109707,CUST109813,PROD1195,2022-02-24,4,4224.79,0.12,14871.26,Debit Card,Online
ORD109708,CUST103457,PROD1117,2022-10-20,2,2765.48,0.15,4701.32,Cash on Delivery,Online
ORD109709,CUST107668,PROD1105,2023-12-29,4,850.29,0.29,2414.82,UPI,Store
ORD109710,CUST102363,PROD1014,2022-12-27,3,2197.11,0.26,4877.58,Credit Card,Online
ORD109711,CUST107354,PROD1063,2022-03-25,2,4377.63,0.28,6303.79,Cash on Delivery,Online
ORD109712,CUST109540,PROD1187,2023-01-04,1,4781.3,0.02,4685.67,Debit Card,Store
ORD109713,CUST100317,PROD1116,2024-06-20,3,4033.51,0.19,9801.43,Cash on Delivery,Online
ORD109714,CUST106537,PROD1007,2022-06-10,3,4532.56,0.07,12645.84,Cash on Delivery,Online
ORD109715,CUST108896,PROD1144,2024-06-14,4,1220.66,0.12,4296.72,Net Banking,Online
ORD109716,CUST103771,PROD1004,2022-11-02,1,1760.0,0.2,1408.0,Debit Card,Store
ORD109717,CUST109233,PROD1140,2023-04-21,2,4426.54,0.17,7348.06,Credit Card,Online
ORD109718,CUST104244,PROD1020,2023-04-04,1,319.32,0.15,271.42,Cash on Delivery,Store
ORD109719,CUST104653,PROD1116,2024-01-10,4,4033.51,0.24,12261.87,Cash on Delivery,Online
ORD109720,CUST106885,PROD1123,2023-08-19,3,4620.97,0.2,11090.33,Credit Card,Online
ORD109721,CUST104006,PROD1114,2023-12-11,1,671.01,0.25,503.26,Credit Card,Store
ORD109722,CUST104642,PROD1043,2022-07-19,2,1864.75,0.28,2685.24,UPI,Store
ORD109723,CUST102127,PROD1052,2024-09-05,2,2302.12,0.21,3637.35,UPI,Online
ORD109724,CUST104613,PROD1155,2022-12-01,3,2625.54,0.12,6931.43,Cash on Delivery,Online
ORD109725,CUST102749,PROD1065,2022-12-08,4,1779.33,0.06,6690.28,UPI,Store
ORD109726,CUST108435,PROD1148,2022-06-28,3,3902.89,0.08,10771.98,Cash on Delivery,Online
ORD109727,CUST108200,PROD1104,2023-03-26,1,431.37,0.12,379.61,Credit Card,Store
ORD109728,CUST103654,PROD1125,2023-12-02,4,4537.33,0.22,14156.47,UPI,Online
ORD109729,CUST109515,PROD1119,2022-06-05,2,3955.63,0.01,7832.15,Debit Card,Online
ORD109730,CUST105439,PROD1056,2024-01-10,4,1642.96,0.24,4994.6,Debit Card,Online
ORD109731,CUST102370,PROD1054,2024-05-17,4,584.36,0.23,1799.83,Credit Card,Store
ORD109732,CUST102603,PROD1129,2022-06-21,1,1033.9,0.15,878.82,Cash on Delivery,Online
ORD109733,CUST105747,PROD1093,2024-09-04,3,3090.85,0.12,8159.84,Debit Card,Online
ORD109734,CUST103533,PROD1064,2023-01-31,1,4980.76,0.03,4831.34,UPI,Store
ORD109735,CUST107565,PROD1109,2022-07-30,2,4287.18,0.09,7802.67,Net Banking,Store
ORD109736,CUST108584,PROD1130,2023-07-23,3,1651.44,0.03,4805.69,Cash on Delivery,Online
ORD109737,CUST101251,PROD1186,2023-10-28,4,158.9,0.25,476.7,UPI,Online
ORD109738,CUST102966,PROD1190,2022-01-25,1,2787.44,0.15,2369.32,Cash on Delivery,Store
ORD109739,CUST109358,PROD1004,2023-04-21,4,1760.0,0.07,6547.2,UPI,Online
ORD109740,CUST107571,PROD1065,2024-02-22,1,1779.33,0.01,1761.54,Credit Card,Store
ORD109741,CUST103007,PROD1089,2022-07-21,2,1920.59,0.16,3226.59,Credit Card,Store
ORD109742,CUST107813,PROD1145,2024-05-20,2,4568.9,0.23,7036.11,Credit Card,Store
ORD109743,CUST107206,PROD1136,2023-09-02,1,4779.14,0.23,3679.94,Credit Card,Online
ORD109744,CUST108384,PROD1149,2023-08-12,2,1630.37,0.06,3065.1,UPI,Store
ORD109745,CUST108518,PROD1155,2023-04-09,4,2625.54,0.3,7351.51,Debit Card,Online
ORD109746,CUST104120,PROD1187,2023-03-13,3,4781.3,0.17,11905.44,UPI,Store
ORD109747,CUST104197,PROD1139,2024-05-21,1,3501.6,0.1,3151.44,UPI,Store
ORD109748,CUST108854,PROD1036,2023-04-24,4,924.34,0.12,3253.68,Net Banking,Store
ORD109749,CUST104837,PROD1118,2024-04-12,1,833.05,0.04,799.73,Net Banking,Store
ORD109750,CUST104025,PROD1097,2023-01-04,3,2401.45,0.15,6123.7,UPI,Online
ORD109751,CUST104257,PROD1169,2023-01-14,2,2046.46,0.23,3151.55,Credit Card,Online
ORD109752,CUST104773,PROD1053,2022-04-21,3,1312.97,0.12,3466.24,Net Banking,Store
ORD109753,CUST109077,PROD1169,2022-05-03,3,2046.46,0.26,4543.14,Net Banking,Store
ORD109754,CUST103953,PROD1121,2022-02-23,1,1191.0,0.14,1024.26,UPI,Online
ORD109755,CUST102294,PROD1066,2023-04-16,3,3804.6,0.27,8332.07,Cash on Delivery,Store
ORD109756,CUST106317,PROD1055,2022-07-25,2,2785.96,0.21,4401.82,Net Banking,Store
ORD109757,CUST103467,PROD1045,2022-06-16,1,770.29,0.02,754.88,Credit Card,Online
ORD109758,CUST101032,PROD1004,2024-09-16,2,1760.0,0.02,3449.6,UPI,Store
ORD109759,CUST101471,PROD1055,2023-03-11,3,2785.96,0.24,6351.99,Cash on Delivery,Online
ORD109760,CUST105113,PROD1150,2024-02-27,3,4820.06,0.11,12869.56,Debit Card,Online
ORD109761,CUST105690,PROD1061,2024-08-17,2,1679.78,0.06,3157.99,Credit Card,Online
ORD109762,CUST106805,PROD1140,2023-08-24,1,4426.54,0.26,3275.64,Credit Card,Online
ORD109763,CUST104071,PROD1058,2022-01-11,3,1109.98,0.29,2364.26,UPI,Store
ORD109764,CUST107739,PROD1027,2023-01-18,4,133.03,0.24,404.41,Debit Card,Online
ORD109765,CUST101148,PROD1005,2023-04-19,3,900.54,0.22,2107.26,Credit Card,Store
ORD109766,CUST108232,PROD1188,2023-05-24,3,2539.12,0.0,7617.36,Credit Card,Online
ORD109767,CUST106480,PROD1060,2023-07-18,4,4998.52,0.03,19394.26,UPI,Online
ORD109768,CUST103756,PROD1172,2023-12-26,1,3051.89,0.2,2441.51,Credit Card,Store
ORD109769,CUST107408,PROD1092,2022-02-23,1,2248.29,0.12,1978.5,Cash on Delivery,Store
ORD109770,CUST107261,PROD1011,2022-09-04,3,1834.14,0.01,5447.4,Debit Card,Online
ORD109771,CUST106663,PROD1162,2023-08-04,4,307.56,0.22,959.59,Net Banking,Online
ORD109772,CUST103796,PROD1061,2023-06-03,1,1679.78,0.13,1461.41,Net Banking,Online
ORD109773,CUST103447,PROD1111,2022-05-20,4,1904.48,0.2,6094.34,Debit Card,Online
ORD109774,CUST108276,PROD1004,2024-06-16,4,1760.0,0.14,6054.4,Cash on Delivery,Store
ORD109775,CUST107832,PROD1065,2024-05-20,4,1779.33,0.01,7046.15,UPI,Store
ORD109776,CUST104457,PROD1067,2023-02-09,4,1221.16,0.19,3956.56,UPI,Online
ORD109777,CUST105370,PROD1085,2023-05-21,2,657.06,0.24,998.73,Net Banking,Online
ORD109778,CUST102639,PROD1192,2022-08-12,3,3116.29,0.05,8881.43,Credit Card,Online
ORD109779,CUST109222,PROD1108,2023-08-04,2,871.28,0.27,1272.07,Debit Card,Store
ORD109780,CUST107687,PROD1113,2022-12-13,4,2996.04,0.05,11384.95,Cash on Delivery,Online
ORD109781,CUST100930,PROD1079,2024-05-12,1,127.55,0.13,110.97,UPI,Store
ORD109782,CUST101821,PROD1065,2023-01-09,1,1779.33,0.16,1494.64,Debit Card,Store
ORD109783,CUST105902,PROD1168,2022-07-23,2,736.02,0.09,1339.56,Credit Card,Store
ORD109784,CUST105827,PROD1154,2023-09-25,4,1389.72,0.15,4725.05,Net Banking,Store
ORD109785,CUST103809,PROD1075,2022-10-19,4,2758.4,0.22,8606.21,Credit Card,Store
ORD109786,CUST109785,PROD1004,2022-10-04,1,1760.0,0.21,1390.4,Cash on Delivery,Online
ORD109787,CUST105531,PROD1132,2022-11-05,3,1728.02,0.28,3732.52,Net Banking,Store
ORD109788,CUST109312,PROD1085,2022-09-11,2,657.06,0.26,972.45,Credit Card,Online
ORD109789,CUST109873,PROD1140,2023-10-21,2,4426.54,0.3,6197.16,Cash on Delivery,Online
ORD109790,CUST101924,PROD1079,2022-01-03,3,127.55,0.18,313.77,Cash on Delivery,Online
ORD109791,CUST102440,PROD1089,2022-07-07,4,1920.59,0.12,6760.48,Cash on Delivery,Store
ORD109792,CUST107013,PROD1136,2022-12-03,1,4779.14,0.07,4444.6,Debit Card,Online
ORD109793,CUST103442,PROD1175,2022-12-16,2,2304.65,0.07,4286.65,Cash on Delivery,Online
ORD109794,CUST101207,PROD1031,2022-04-10,2,3607.34,0.05,6853.95,UPI,Store
ORD109795,CUST109358,PROD1082,2023-04-02,4,595.95,0.22,1859.36,Cash on Delivery,Store
ORD109796,CUST105582,PROD1035,2023-02-22,3,1309.41,0.2,3142.58,Credit Card,Online
ORD109797,CUST108253,PROD1142,2022-06-06,1,1570.45,0.09,1429.11,UPI,Online
ORD109798,CUST108354,PROD1136,2022-07-21,4,4779.14,0.27,13955.09,Net Banking,Store
ORD109799,CUST104647,PROD1015,2024-06-02,2,3483.28,0.17,5782.24,UPI,Online
ORD109800,CUST107402,PROD1005,2023-11-28,1,900.54,0.02,882.53,Credit Card,Store
ORD109801,CUST109275,PROD1071,2022-11-25,4,1115.14,0.02,4371.35,Net Banking,Store
ORD109802,CUST100238,PROD1160,2022-02-09,2,2584.14,0.04,4961.55,Credit Card,Store
ORD109803,CUST103786,PROD1109,2022-11-02,1,4287.18,0.06,4029.95,Credit Card,Store
ORD109804,CUST108629,PROD1099,2023-12-16,4,4731.44,0.27,13815.8,Debit Card,Online
ORD109805,CUST108720,PROD1169,2022-05-27,2,2046.46,0.23,3151.55,Debit Card,Online
ORD109806,CUST108296,PROD1058,2024-07-06,1,1109.98,0.06,1043.38,Credit Card,Online
ORD109807,CUST107260,PROD1035,2022-08-30,1,1309.41,0.07,1217.75,Cash on Delivery,Online
ORD109808,CUST109430,PROD1033,2022-06-28,2,647.39,0.19,1048.77,Debit Card,Online
ORD109809,CUST106632,PROD1129,2022-02-18,1,1033.9,0.26,765.09,Credit Card,Online
ORD109810,CUST108342,PROD1012,2022-06-29,1,1673.76,0.1,1506.38,UPI,Online
ORD109811,CUST101793,PROD1170,2024-06-09,3,4925.25,0.16,12411.63,Credit Card,Store
ORD109812,CUST106956,PROD1056,2023-10-24,3,1642.96,0.27,3598.08,Credit Card,Store
ORD109813,CUST108822,PROD1006,2024-05-30,3,2076.92,0.23,4797.69,Net Banking,Online
ORD109814,CUST108107,PROD1186,2024-08-15,4,158.9,0.27,463.99,Debit Card,Online
ORD109815,CUST100206,PROD1058,2024-01-21,4,1109.98,0.08,4084.73,Net Banking,Online
ORD109816,CUST102822,PROD1110,2022-11-12,3,2932.67,0.21,6950.43,Cash on Delivery,Online
ORD109817,CUST109025,PROD1115,2023-12-21,1,3741.78,0.03,3629.53,Credit Card,Store
ORD109818,CUST101500,PROD1050,2022-07-28,2,4767.36,0.18,7818.47,Debit Card,Online
ORD109819,CUST106707,PROD1002,2023-05-03,4,1666.73,0.09,6066.9,Debit Card,Store
ORD109820,CUST104321,PROD1154,2022-09-04,2,1389.72,0.21,2195.76,Debit Card,Store
ORD109821,CUST108995,PROD1053,2023-06-03,3,1312.97,0.04,3781.35,Credit Card,Store
ORD109822,CUST106833,PROD1093,2023-09-23,2,3090.85,0.2,4945.36,Credit Card,Online
ORD109823,CUST106249,PROD1191,2023-03-13,2,598.34,0.21,945.38,UPI,Online
ORD109824,CUST103147,PROD1033,2023-06-27,1,647.39,0.26,479.07,Net Banking,Store
ORD109825,CUST104611,PROD1022,2024-06-18,1,1744.61,0.21,1378.24,Net Banking,Store
ORD109826,CUST101846,PROD1047,2022-12-15,2,3493.68,0.16,5869.38,Credit Card,Store
ORD109827,CUST108134,PROD1054,2023-06-03,1,584.36,0.24,444.11,Cash on Delivery,Online
ORD109828,CUST106418,PROD1016,2024-01-17,3,3052.07,0.09,8332.15,Debit Card,Online
ORD109829,CUST103719,PROD1078,2024-09-16,3,3766.22,0.2,9038.93,Credit Card,Online
ORD109830,CUST106094,PROD1061,2023-01-22,2,1679.78,0.22,2620.46,Credit Card,Online
ORD109831,CUST102065,PROD1124,2022-10-08,4,1557.13,0.12,5481.1,Credit Card,Online
ORD109832,CUST104380,PROD1060,2023-02-22,2,4998.52,0.3,6997.93,Debit Card,Store
ORD109833,CUST104745,PROD1188,2024-03-11,4,2539.12,0.11,9039.27,Debit Card,Online
ORD109834,CUST108185,PROD1043,2023-08-30,4,1864.75,0.03,7235.23,Credit Card,Online
ORD109835,CUST106400,PROD1070,2022-12-10,4,3731.49,0.09,13582.62,UPI,Online
ORD109836,CUST109434,PROD1124,2024-06-12,3,1557.13,0.03,4531.25,Net Banking,Online
ORD109837,CUST102404,PROD1127,2022-02-07,2,509.27,0.1,916.69,UPI,Online
ORD109838,CUST100255,PROD1002,2023-01-01,4,1666.73,0.04,6400.24,UPI,Online
ORD109839,CUST106477,PROD1066,2023-01-16,2,3804.6,0.13,6620.0,Credit Card,Store
ORD109840,CUST107535,PROD1111,2022-05-06,1,1904.48,0.23,1466.45,Debit Card,Store
ORD109841,CUST106140,PROD1098,2024-02-11,1,1274.77,0.02,1249.27,Net Banking,Store
ORD109842,CUST106158,PROD1135,2022-06-25,4,3539.91,0.17,11752.5,UPI,Online
ORD109843,CUST100178,PROD1153,2024-08-27,3,656.81,0.01,1950.73,Cash on Delivery,Store
ORD109844,CUST107612,PROD1119,2024-09-11,3,3955.63,0.27,8662.83,Debit Card,Online
ORD109845,CUST107939,PROD1142,2022-04-11,4,1570.45,0.28,4522.9,Debit Card,Store
ORD109846,CUST105522,PROD1132,2024-04-08,3,1728.02,0.15,4406.45,Net Banking,Online
ORD109847,CUST104183,PROD1140,2023-05-06,3,4426.54,0.23,10225.31,Net Banking,Online
ORD109848,CUST106237,PROD1102,2022-07-12,4,3752.53,0.18,12308.3,Net Banking,Online
ORD109849,CUST104940,PROD1139,2022-03-22,3,3501.6,0.1,9454.32,Credit Card,Online
ORD109850,CUST100027,PROD1062,2024-05-27,1,4227.41,0.07,3931.49,Debit Card,Store
ORD109851,CUST108245,PROD1135,2023-03-31,2,3539.91,0.23,5451.46,Credit Card,Online
ORD109852,CUST108512,PROD1033,2022-11-30,4,647.39,0.13,2252.92,Credit Card,Store
ORD109853,CUST103630,PROD1199,2023-07-27,3,4504.11,0.28,9728.88,Credit Card,Store
ORD109854,CUST106903,PROD1021,2022-05-09,3,1572.17,0.29,3348.72,Debit Card,Store
ORD109855,CUST106773,PROD1049,2022-01-06,4,2805.47,0.06,10548.57,Cash on Delivery,Online
ORD109856,CUST105921,PROD1139,2024-09-25,1,3501.6,0.17,2906.33,UPI,Online
ORD109857,CUST100331,PROD1149,2023-04-03,1,1630.37,0.16,1369.51,Debit Card,Store
ORD109858,CUST101717,PROD1090,2022-01-21,1,2110.16,0.26,1561.52,Debit Card,Online
ORD109859,CUST100316,PROD1185,2022-07-14,1,2516.6,0.21,1988.11,Net Banking,Store
ORD109860,CUST106244,PROD1081,2024-04-30,2,473.74,0.18,776.93,UPI,Store
ORD109861,CUST103551,PROD1018,2022-01-28,4,4703.75,0.2,15052.0,Net Banking,Store
ORD109862,CUST106098,PROD1122,2023-03-26,2,2405.73,0.12,4234.08,Cash on Delivery,Store
ORD109863,CUST102917,PROD1132,2024-07-11,1,1728.02,0.29,1226.89,Credit Card,Online
ORD109864,CUST107792,PROD1015,2023-05-07,1,3483.28,0.02,3413.61,Net Banking,Online
ORD109865,CUST109554,PROD1112,2024-07-16,4,441.15,0.01,1746.95,Cash on Delivery,Store
ORD109866,CUST108339,PROD1168,2023-10-14,3,736.02,0.12,1943.09,UPI,Store
ORD109867,CUST107463,PROD1018,2024-04-12,4,4703.75,0.05,17874.25,Credit Card,Store
ORD109868,CUST109924,PROD1107,2023-03-06,2,2161.29,0.16,3630.97,Cash on Delivery,Online
ORD109869,CUST107574,PROD1192,2022-08-23,3,3116.29,0.0,9348.87,Net Banking,Store
ORD109870,CUST102628,PROD1021,2023-02-28,1,1572.17,0.14,1352.07,Cash on Delivery,Online
ORD109871,CUST104573,PROD1144,2023-08-28,4,1220.66,0.09,4443.2,Cash on Delivery,Online
ORD109872,CUST108048,PROD1034,2022-05-17,3,847.63,0.06,2390.32,Credit Card,Store
ORD109873,CUST101209,PROD1166,2022-03-23,4,4056.26,0.13,14115.78,Debit Card,Online
ORD109874,CUST100169,PROD1072,2022-11-14,1,4258.76,0.26,3151.48,Cash on Delivery,Online
ORD109875,CUST109759,PROD1054,2022-12-31,2,584.36,0.2,934.98,Credit Card,Online
ORD109876,CUST104396,PROD1132,2024-02-04,3,1728.02,0.05,4924.86,Credit Card,Store
ORD109877,CUST103435,PROD1072,2024-01-10,3,4258.76,0.15,10859.84,UPI,Online
ORD109878,CUST101877,PROD1114,2023-02-04,3,671.01,0.28,1449.38,UPI,Store
ORD109879,CUST104052,PROD1010,2024-05-16,2,794.74,0.13,1382.85,Debit Card,Store
ORD109880,CUST103035,PROD1077,2022-12-22,2,4838.73,0.14,8322.62,Net Banking,Store
ORD109881,CUST103248,PROD1109,2023-03-28,3,4287.18,0.28,9260.31,Cash on Delivery,Online
ORD109882,CUST103873,PROD1167,2024-07-24,3,3946.83,0.04,11366.87,Cash on Delivery,Online
ORD109883,CUST108714,PROD1083,2022-08-23,3,1976.87,0.22,4625.88,Credit Card,Store
ORD109884,CUST103552,PROD1096,2022-02-04,1,4510.68,0.09,4104.72,Credit Card,Store
ORD109885,CUST105605,PROD1131,2023-10-01,4,768.23,0.26,2273.96,Credit Card,Store
ORD109886,CUST102706,PROD1126,2022-12-05,1,362.9,0.02,355.64,UPI,Online
ORD109887,CUST102532,PROD1079,2024-08-13,1,127.55,0.3,89.28,Credit Card,Online
ORD109888,CUST100821,PROD1185,2023-03-30,2,2516.6,0.23,3875.56,Debit Card,Store
ORD109889,CUST103508,PROD1192,2023-04-24,3,3116.29,0.09,8507.47,Credit Card,Online
ORD109890,CUST100194,PROD1114,2024-05-08,1,671.01,0.23,516.68,Net Banking,Store
ORD109891,CUST100465,PROD1063,2022-09-16,3,4377.63,0.28,9455.68,Credit Card,Store
ORD109892,CUST103025,PROD1066,2023-10-02,2,3804.6,0.03,7380.92,Cash on Delivery,Online
ORD109893,CUST108145,PROD1095,2022-02-22,1,4205.79,0.27,3070.23,Cash on Delivery,Store
ORD109894,CUST102537,PROD1033,2023-09-04,3,647.39,0.11,1728.53,Credit Card,Store
ORD109895,CUST100099,PROD1112,2023-03-19,2,441.15,0.0,882.3,Cash on Delivery,Store
ORD109896,CUST108307,PROD1088,2023-02-24,2,4002.67,0.03,7765.18,Credit Card,Store
ORD109897,CUST105714,PROD1185,2023-12-07,1,2516.6,0.27,1837.12,Credit Card,Online
ORD109898,CUST106275,PROD1194,2024-01-22,2,270.22,0.29,383.71,UPI,Online
ORD109899,CUST109463,PROD1134,2022-09-06,4,3708.05,0.27,10827.51,UPI,Store
ORD109900,CUST102690,PROD1162,2022-10-20,2,307.56,0.13,535.15,Cash on Delivery,Store
ORD109901,CUST101434,PROD1156,2022-07-26,1,4272.09,0.29,3033.18,Cash on Delivery,Online
ORD109902,CUST101902,PROD1024,2022-04-11,3,3137.89,0.12,8284.03,Debit Card,Online
ORD109903,CUST103023,PROD1027,2022-08-03,4,133.03,0.03,516.16,Debit Card,Store
ORD109904,CUST107057,PROD1068,2022-10-27,2,3161.5,0.1,5690.7,Credit Card,Store
ORD109905,CUST106813,PROD1154,2023-07-30,3,1389.72,0.3,2918.41,Debit Card,Store
ORD109906,CUST106062,PROD1075,2023-03-11,3,2758.4,0.19,6702.91,Net Banking,Store
ORD109907,CUST102593,PROD1081,2022-08-27,3,473.74,0.1,1279.1,UPI,Store
ORD109908,CUST106518,PROD1135,2022-05-04,1,3539.91,0.19,2867.33,Cash on Delivery,Online
ORD109909,CUST104939,PROD1165,2023-06-02,2,4146.73,0.13,7215.31,Debit Card,Online
ORD109910,CUST104393,PROD1118,2024-01-07,4,833.05,0.01,3298.88,Net Banking,Store
ORD109911,CUST107139,PROD1093,2024-04-16,1,3090.85,0.06,2905.4,Debit Card,Store
ORD109912,CUST107224,PROD1136,2022-05-29,3,4779.14,0.01,14194.05,Cash on Delivery,Store
ORD109913,CUST102926,PROD1111,2022-02-26,2,1904.48,0.08,3504.24,Debit Card,Store
ORD109914,CUST106862,PROD1042,2022-06-05,3,935.8,0.22,2189.77,UPI,Online
ORD109915,CUST106004,PROD1024,2023-08-20,4,3137.89,0.06,11798.47,Debit Card,Online
ORD109916,CUST101826,PROD1093,2023-06-20,3,3090.85,0.16,7788.94,Net Banking,Online
ORD109917,CUST106552,PROD1065,2022-04-25,1,1779.33,0.21,1405.67,Debit Card,Store
ORD109918,CUST101025,PROD1016,2023-08-27,1,3052.07,0.16,2563.74,Cash on Delivery,Online
ORD109919,CUST100785,PROD1108,2022-11-27,4,871.28,0.0,3485.12,Debit Card,Store
ORD109920,CUST101800,PROD1134,2022-07-10,4,3708.05,0.11,13200.66,Net Banking,Store
ORD109921,CUST105186,PROD1021,2023-06-18,2,1572.17,0.13,2735.58,Debit Card,Store
ORD109922,CUST107236,PROD1009,2023-01-01,2,3453.81,0.1,6216.86,Credit Card,Online
ORD109923,CUST108552,PROD1089,2023-05-09,3,1920.59,0.16,4839.89,Cash on Delivery,Online
ORD109924,CUST106601,PROD1140,2023-06-30,3,4426.54,0.15,11287.68,Credit Card,Online
ORD109925,CUST103397,PROD1041,2022-09-06,4,4320.12,0.06,16243.65,Credit Card,Online
ORD109926,CUST101226,PROD1027,2024-06-04,4,133.03,0.23,409.73,Cash on Delivery,Store
ORD109927,CUST102640,PROD1099,2022-02-06,4,4731.44,0.05,17979.47,Cash on Delivery,Store
ORD109928,CUST105050,PROD1186,2022-10-24,3,158.9,0.14,409.96,Net Banking,Online
ORD109929,CUST103649,PROD1010,2023-04-10,1,794.74,0.23,611.95,Net Banking,Online
ORD109930,CUST105911,PROD1136,2024-04-26,4,4779.14,0.21,15102.08,Net Banking,Online
ORD109931,CUST105637,PROD1080,2022-08-09,4,760.03,0.13,2644.9,Credit Card,Online
ORD109932,CUST103203,PROD1054,2024-01-08,2,584.36,0.24,888.23,Debit Card,Store
ORD109933,CUST109992,PROD1004,2024-05-22,1,1760.0,0.21,1390.4,UPI,Online
ORD109934,CUST107235,PROD1068,2024-03-21,1,3161.5,0.12,2782.12,Debit Card,Online
ORD109935,CUST107293,PROD1037,2024-02-29,3,3402.6,0.27,7451.69,UPI,Store
ORD109936,CUST109608,PROD1065,2024-05-08,4,1779.33,0.04,6832.63,UPI,Online
ORD109937,CUST107850,PROD1063,2023-05-01,3,4377.63,0.11,11688.27,UPI,Online
ORD109938,CUST108527,PROD1152,2023-02-03,3,3367.3,0.21,7980.5,UPI,Store
ORD109939,CUST107855,PROD1179,2023-06-17,1,3516.31,0.26,2602.07,Cash on Delivery,Store
ORD109940,CUST105938,PROD1165,2022-02-21,3,4146.73,0.1,11196.17,Net Banking,Online
ORD109941,CUST101961,PROD1076,2024-02-11,4,4330.45,0.17,14377.09,Cash on Delivery,Online
ORD109942,CUST106947,PROD1018,2023-03-07,1,4703.75,0.0,4703.75,Credit Card,Store
ORD109943,CUST100843,PROD1098,2024-07-02,1,1274.77,0.11,1134.55,Cash on Delivery,Store
ORD109944,CUST109832,PROD1024,2024-04-18,4,3137.89,0.1,11296.4,Net Banking,Store
ORD109945,CUST104140,PROD1047,2022-07-27,1,3493.68,0.25,2620.26,Debit Card,Online
ORD109946,CUST101124,PROD1072,2024-06-04,2,4258.76,0.02,8347.17,Net Banking,Store
ORD109947,CUST106562,PROD1188,2023-02-23,4,2539.12,0.02,9953.35,Debit Card,Online
ORD109948,CUST104711,PROD1034,2023-04-05,1,847.63,0.13,737.44,Credit Card,Online
ORD109949,CUST100764,PROD1178,2023-06-03,3,4804.5,0.12,12683.88,UPI,Store
ORD109950,CUST109892,PROD1142,2022-06-18,3,1570.45,0.05,4475.78,Cash on Delivery,Online
ORD109951,CUST105575,PROD1048,2023-10-12,4,3417.13,0.08,12575.04,UPI,Store
ORD109952,CUST107403,PROD1157,2023-12-03,4,1005.94,0.29,2856.87,Credit Card,Store
ORD109953,CUST104629,PROD1148,2024-08-18,4,3902.89,0.15,13269.83,Credit Card,Online
ORD109954,CUST109284,PROD1088,2022-05-20,2,4002.67,0.03,7765.18,Debit Card,Online
ORD109955,CUST101604,PROD1085,2022-12-13,3,657.06,0.01,1951.47,Debit Card,Store
ORD109956,CUST109461,PROD1168,2023-10-30,3,736.02,0.01,2185.98,Credit Card,Online
ORD109957,CUST106506,PROD1130,2022-02-27,4,1651.44,0.12,5813.07,Net Banking,Store
ORD109958,CUST100530,PROD1124,2023-11-27,3,1557.13,0.26,3456.83,UPI,Online
ORD109959,CUST102790,PROD1072,2024-02-05,2,4258.76,0.25,6388.14,Cash on Delivery,Online
ORD109960,CUST101252,PROD1151,2023-10-20,1,4916.65,0.11,4375.82,Credit Card,Online
ORD109961,CUST103941,PROD1110,2023-03-25,2,2932.67,0.23,4516.31,Cash on Delivery,Store
ORD109962,CUST105628,PROD1144,2022-07-04,4,1220.66,0.23,3759.63,Credit Card,Store
ORD109963,CUST108849,PROD1104,2022-06-27,2,431.37,0.14,741.96,Debit Card,Store
ORD109964,CUST105233,PROD1087,2024-09-09,3,3115.6,0.12,8225.18,Debit Card,Online
ORD109965,CUST106386,PROD1007,2023-05-02,3,4532.56,0.05,12917.8,Credit Card,Store
ORD109966,CUST109360,PROD1133,2023-04-10,2,1474.25,0.08,2712.62,Cash on Delivery,Online
ORD109967,CUST105792,PROD1008,2022-05-07,4,1199.69,0.1,4318.88,UPI,Online
ORD109968,CUST102486,PROD1014,2022-02-14,4,2197.11,0.24,6679.21,Credit Card,Store
ORD109969,CUST102843,PROD1063,2022-07-09,1,4377.63,0.17,3633.43,Credit Card,Online
ORD109970,CUST107789,PROD1177,2022-12-28,2,3377.85,0.06,6350.36,Net Banking,Online
ORD109971,CUST109922,PROD1123,2023-01-01,1,4620.97,0.03,4482.34,Credit Card,Online
ORD109972,CUST103238,PROD1010,2022-07-12,3,794.74,0.15,2026.59,Debit Card,Store
ORD109973,CUST107700,PROD1094,2023-07-21,2,2515.62,0.2,4024.99,Net Banking,Online
ORD109974,CUST105284,PROD1119,2022-10-21,1,3955.63,0.25,2966.72,Net Banking,Store
ORD109975,CUST102689,PROD1173,2024-02-11,2,3575.41,0.24,5434.62,Debit Card,Online
ORD109976,CUST103332,PROD1044,2023-06-11,2,452.32,0.25,678.48,Debit Card,Online
ORD109977,CUST101198,PROD1076,2022-05-29,3,4330.45,0.13,11302.47,Debit Card,Store
ORD109978,CUST106954,PROD1093,2022-05-29,1,3090.85,0.26,2287.23,Cash on Delivery,Online
ORD109979,CUST107263,PROD1058,2022-09-08,1,1109.98,0.13,965.68,Net Banking,Store
ORD109980,CUST109572,PROD1152,2023-03-11,1,3367.3,0.05,3198.94,UPI,Store
ORD109981,CUST107050,PROD1139,2024-02-05,1,3501.6,0.12,3081.41,UPI,Online
ORD109982,CUST105261,PROD1084,2022-08-02,1,1758.62,0.1,1582.76,Cash on Delivery,Store
ORD109983,CUST109382,PROD1025,2023-09-12,3,1799.14,0.12,4749.73,UPI,Online
ORD109984,CUST107870,PROD1113,2024-08-31,2,2996.04,0.2,4793.66,Net Banking,Store
ORD109985,CUST101342,PROD1036,2022-02-04,3,924.34,0.2,2218.42,Debit Card,Online
ORD109986,CUST101654,PROD1022,2023-01-16,2,1744.61,0.07,3244.97,Net Banking,Online
ORD109987,CUST104753,PROD1064,2024-02-11,1,4980.76,0.09,4532.49,Cash on Delivery,Store
ORD109988,CUST107136,PROD1044,2022-08-15,3,452.32,0.18,1112.71,Cash on Delivery,Store
ORD109989,CUST105981,PROD1073,2024-07-16,4,2162.76,0.03,8391.51,Credit Card,Store
ORD109990,CUST109180,PROD1162,2022-08-08,2,307.56,0.21,485.94,Cash on Delivery,Store
ORD109991,CUST101077,PROD1101,2022-05-20,2,3236.62,0.05,6149.58,Cash on Delivery,Online
ORD109992,CUST100121,PROD1175,2023-07-20,2,2304.65,0.26,3410.88,Net Banking,Store
ORD109993,CUST103195,PROD1027,2024-03-08,1,133.03,0.12,117.07,Net Banking,Store
ORD109994,CUST102214,PROD1128,2022-09-22,3,3522.95,0.07,9829.03,Cash on Delivery,Online
ORD109995,CUST102991,PROD1071,2024-02-26,2,1115.14,0.2,1784.22,Net Banking,Online
ORD109996,CUST109025,PROD1040,2022-12-02,1,331.95,0.17,275.52,Net Banking,Online
ORD109997,CUST109870,PROD1022,2024-07-14,3,1744.61,0.05,4972.14,Cash on Delivery,Online
ORD109998,CUST102069,PROD1159,2024-08-18,4,464.94,0.25,1394.82,Debit Card,Store
ORD109999,CUST105395,PROD1086,2023-09-14,2,4422.95,0.14,7607.47,Cash on Delivery,Store
